gene,sample_name,expression,gene_name,osd_id
AT1G01060,Atha_WS-0_Whole-Plant_FLT_Rep1,-0.5310971175734052,LHY,OSD-7
AT2G40080,Atha_WS-0_Whole-Plant_FLT_Rep1,1.099815585372172,ELF4,OSD-7
AT2G42830,Atha_WS-0_Whole-Plant_FLT_Rep1,0.2395245245997624,PRR9,OSD-7
AT2G46830,Atha_WS-0_Whole-Plant_FLT_Rep1,1.3252080504641608,CCA1,OSD-7
AT3G09600,Atha_WS-0_Whole-Plant_FLT_Rep1,1.5997492307260686,GI,OSD-7
AT3G09600,Atha_WS-0_Whole-Plant_FLT_Rep1,1.01363810244115,GI,OSD-7
AT3G26740,Atha_WS-0_Whole-Plant_FLT_Rep1,0.8492001043783175,ELF3,OSD-7
AT5G02810,Atha_WS-0_Whole-Plant_FLT_Rep1,1.5482712094164697,PRR7,OSD-7
AT5G24470,Atha_WS-0_Whole-Plant_FLT_Rep1,2.9545952927874857,PRR5,OSD-7
AT5G61380,Atha_WS-0_Whole-Plant_FLT_Rep1,-1.1006144716955226,TOC1,OSD-7
AT1G01060,Atha_WS-0_Whole-Plant_FLT_Rep2,0.44368954239589675,LHY,OSD-7
AT2G40080,Atha_WS-0_Whole-Plant_FLT_Rep2,1.289725377882426,ELF4,OSD-7
AT2G42830,Atha_WS-0_Whole-Plant_FLT_Rep2,1.2926145493576264,PRR9,OSD-7
AT2G46830,Atha_WS-0_Whole-Plant_FLT_Rep2,1.6605117820699298,CCA1,OSD-7
AT3G09600,Atha_WS-0_Whole-Plant_FLT_Rep2,2.468305174917971,GI,OSD-7
AT3G09600,Atha_WS-0_Whole-Plant_FLT_Rep2,-0.6914242903296408,GI,OSD-7
AT3G26740,Atha_WS-0_Whole-Plant_FLT_Rep2,0.4006482173947315,ELF3,OSD-7
AT5G02810,Atha_WS-0_Whole-Plant_FLT_Rep2,-0.17257838932682595,PRR7,OSD-7
AT5G24470,Atha_WS-0_Whole-Plant_FLT_Rep2,0.40378637501702236,PRR5,OSD-7
AT5G61380,Atha_WS-0_Whole-Plant_FLT_Rep2,0.7213189904317371,TOC1,OSD-7
AT1G01060,Atha_WS-0_Whole-Plant_FLT_Rep3,-0.6542935971353334,LHY,OSD-7
AT2G40080,Atha_WS-0_Whole-Plant_FLT_Rep3,1.8213408525657604,ELF4,OSD-7
AT2G42830,Atha_WS-0_Whole-Plant_FLT_Rep3,0.21028517396950397,PRR9,OSD-7
AT2G46830,Atha_WS-0_Whole-Plant_FLT_Rep3,1.4799407313124247,CCA1,OSD-7
AT3G09600,Atha_WS-0_Whole-Plant_FLT_Rep3,1.4922458194343364,GI,OSD-7
AT3G09600,Atha_WS-0_Whole-Plant_FLT_Rep3,-0.4407149125459126,GI,OSD-7
AT3G26740,Atha_WS-0_Whole-Plant_FLT_Rep3,0.5123054386394602,ELF3,OSD-7
AT5G02810,Atha_WS-0_Whole-Plant_FLT_Rep3,1.6265020222081386,PRR7,OSD-7
AT5G24470,Atha_WS-0_Whole-Plant_FLT_Rep3,1.8944351278925466,PRR5,OSD-7
AT5G61380,Atha_WS-0_Whole-Plant_FLT_Rep3,1.807259481986823,TOC1,OSD-7
AT1G01060,Atha_WS-0_Whole-Plant_GC_Rep1,1.6677877927563487,LHY,OSD-7
AT2G40080,Atha_WS-0_Whole-Plant_GC_Rep1,0.5762590970199416,ELF4,OSD-7
AT2G42830,Atha_WS-0_Whole-Plant_GC_Rep1,-0.6937255119276745,PRR9,OSD-7
AT2G46830,Atha_WS-0_Whole-Plant_GC_Rep1,2.661672086125,CCA1,OSD-7
AT3G09600,Atha_WS-0_Whole-Plant_GC_Rep1,2.986956733996231,GI,OSD-7
AT3G09600,Atha_WS-0_Whole-Plant_GC_Rep1,1.4693994484169768,GI,OSD-7
AT3G26740,Atha_WS-0_Whole-Plant_GC_Rep1,0.08560444029283469,ELF3,OSD-7
AT5G02810,Atha_WS-0_Whole-Plant_GC_Rep1,-0.1705511973691028,PRR7,OSD-7
AT5G24470,Atha_WS-0_Whole-Plant_GC_Rep1,0.48032293085442923,PRR5,OSD-7
AT5G61380,Atha_WS-0_Whole-Plant_GC_Rep1,0.23833724921536023,TOC1,OSD-7
AT1G01060,Atha_WS-0_Whole-Plant_GC_Rep2,1.0319782497752334,LHY,OSD-7
AT2G40080,Atha_WS-0_Whole-Plant_GC_Rep2,0.9761964803778531,ELF4,OSD-7
AT2G42830,Atha_WS-0_Whole-Plant_GC_Rep2,-0.5007220801945304,PRR9,OSD-7
AT2G46830,Atha_WS-0_Whole-Plant_GC_Rep2,2.21119417281099,CCA1,OSD-7
AT3G09600,Atha_WS-0_Whole-Plant_GC_Rep2,2.5038185687361834,GI,OSD-7
AT3G09600,Atha_WS-0_Whole-Plant_GC_Rep2,0.9857370775206972,GI,OSD-7
AT3G26740,Atha_WS-0_Whole-Plant_GC_Rep2,0.4820994008867978,ELF3,OSD-7
AT5G02810,Atha_WS-0_Whole-Plant_GC_Rep2,1.162750901196877,PRR7,OSD-7
AT5G24470,Atha_WS-0_Whole-Plant_GC_Rep2,2.087200155063786,PRR5,OSD-7
AT5G61380,Atha_WS-0_Whole-Plant_GC_Rep2,1.0342704969293641,TOC1,OSD-7
AT1G01060,Atha_WS-0_Whole-Plant_GC_Rep3,0.9691021242607643,LHY,OSD-7
AT2G40080,Atha_WS-0_Whole-Plant_GC_Rep3,1.3999619626520707,ELF4,OSD-7
AT2G42830,Atha_WS-0_Whole-Plant_GC_Rep3,-1.0662278913607717,PRR9,OSD-7
AT2G46830,Atha_WS-0_Whole-Plant_GC_Rep3,1.8682882171728818,CCA1,OSD-7
AT3G09600,Atha_WS-0_Whole-Plant_GC_Rep3,1.4868266118317788,GI,OSD-7
AT3G09600,Atha_WS-0_Whole-Plant_GC_Rep3,-0.3889431839609813,GI,OSD-7
AT3G26740,Atha_WS-0_Whole-Plant_GC_Rep3,0.31104297592320307,ELF3,OSD-7
AT5G02810,Atha_WS-0_Whole-Plant_GC_Rep3,0.6758873234332671,PRR7,OSD-7
AT5G24470,Atha_WS-0_Whole-Plant_GC_Rep3,1.7360752770698897,PRR5,OSD-7
AT5G61380,Atha_WS-0_Whole-Plant_GC_Rep3,1.0485217941799303,TOC1,OSD-7
AT1G01060,Atha_WS-0_Col-0_Shoot_FLT_Rep1,-0.0805960530976831,LHY,OSD-7
AT2G40080,Atha_WS-0_Col-0_Shoot_FLT_Rep1,-0.8962810271557254,ELF4,OSD-7
AT2G42830,Atha_WS-0_Col-0_Shoot_FLT_Rep1,0.1973117858683899,PRR9,OSD-7
AT2G46830,Atha_WS-0_Col-0_Shoot_FLT_Rep1,0.09505778908368158,CCA1,OSD-7
AT3G09600,Atha_WS-0_Col-0_Shoot_FLT_Rep1,-0.40191136993986265,GI,OSD-7
AT3G09600,Atha_WS-0_Col-0_Shoot_FLT_Rep1,0.985081370730395,GI,OSD-7
AT3G26740,Atha_WS-0_Col-0_Shoot_FLT_Rep1,1.3390689784884116,ELF3,OSD-7
AT5G02810,Atha_WS-0_Col-0_Shoot_FLT_Rep1,1.0424883608138527,PRR7,OSD-7
AT5G24470,Atha_WS-0_Col-0_Shoot_FLT_Rep1,1.3777033322376984,PRR5,OSD-7
AT5G61380,Atha_WS-0_Col-0_Shoot_FLT_Rep1,-1.572860213004994,TOC1,OSD-7
AT1G01060,Atha_WS-0_Col-0_Shoot_FLT_Rep2,1.273986048144891,LHY,OSD-7
AT2G40080,Atha_WS-0_Col-0_Shoot_FLT_Rep2,-1.4425566643231502,ELF4,OSD-7
AT2G42830,Atha_WS-0_Col-0_Shoot_FLT_Rep2,0.03934678093767056,PRR9,OSD-7
AT2G46830,Atha_WS-0_Col-0_Shoot_FLT_Rep2,0.5375595261260188,CCA1,OSD-7
AT3G09600,Atha_WS-0_Col-0_Shoot_FLT_Rep2,-0.30639375359998045,GI,OSD-7
AT3G09600,Atha_WS-0_Col-0_Shoot_FLT_Rep2,1.0287150968124363,GI,OSD-7
AT3G26740,Atha_WS-0_Col-0_Shoot_FLT_Rep2,1.0529941588173324,ELF3,OSD-7
AT5G02810,Atha_WS-0_Col-0_Shoot_FLT_Rep2,0.07328888534265596,PRR7,OSD-7
AT5G24470,Atha_WS-0_Col-0_Shoot_FLT_Rep2,-1.2156817790508665,PRR5,OSD-7
AT5G61380,Atha_WS-0_Col-0_Shoot_FLT_Rep2,-2.3571611613628742,TOC1,OSD-7
AT1G01060,Atha_WS-0_Col-0_Shoot_FLT_Rep3,0.5362374051710108,LHY,OSD-7
AT2G40080,Atha_WS-0_Col-0_Shoot_FLT_Rep3,-0.6157867485814442,ELF4,OSD-7
AT2G42830,Atha_WS-0_Col-0_Shoot_FLT_Rep3,0.7476237635546545,PRR9,OSD-7
AT2G46830,Atha_WS-0_Col-0_Shoot_FLT_Rep3,0.4662877733791562,CCA1,OSD-7
AT3G09600,Atha_WS-0_Col-0_Shoot_FLT_Rep3,0.03835898195823577,GI,OSD-7
AT3G09600,Atha_WS-0_Col-0_Shoot_FLT_Rep3,0.02531345079190755,GI,OSD-7
AT3G26740,Atha_WS-0_Col-0_Shoot_FLT_Rep3,1.3155597747393315,ELF3,OSD-7
AT5G02810,Atha_WS-0_Col-0_Shoot_FLT_Rep3,1.3092842495712815,PRR7,OSD-7
AT5G24470,Atha_WS-0_Col-0_Shoot_FLT_Rep3,0.6695408339995664,PRR5,OSD-7
AT5G61380,Atha_WS-0_Col-0_Shoot_FLT_Rep3,-0.09590503614797691,TOC1,OSD-7
AT1G01060,Atha_WS-0_Col-0_Shoot_FLT_Rep4,1.255924415199845,LHY,OSD-7
AT2G40080,Atha_WS-0_Col-0_Shoot_FLT_Rep4,-1.3691637449645682,ELF4,OSD-7
AT2G42830,Atha_WS-0_Col-0_Shoot_FLT_Rep4,1.3071555243374813,PRR9,OSD-7
AT2G46830,Atha_WS-0_Col-0_Shoot_FLT_Rep4,0.3520338169116829,CCA1,OSD-7
AT3G09600,Atha_WS-0_Col-0_Shoot_FLT_Rep4,-0.3803435346079247,GI,OSD-7
AT3G09600,Atha_WS-0_Col-0_Shoot_FLT_Rep4,1.4917114951963637,GI,OSD-7
AT3G26740,Atha_WS-0_Col-0_Shoot_FLT_Rep4,1.2189838005956741,ELF3,OSD-7
AT5G02810,Atha_WS-0_Col-0_Shoot_FLT_Rep4,0.7509158758282523,PRR7,OSD-7
AT5G24470,Atha_WS-0_Col-0_Shoot_FLT_Rep4,-0.4032559304530876,PRR5,OSD-7
AT5G61380,Atha_WS-0_Col-0_Shoot_FLT_Rep4,-1.6540656421587492,TOC1,OSD-7
AT1G01060,Atha_WS-0_Col-0_Shoot_FLT_Rep5,0.07551243217286904,LHY,OSD-7
AT2G40080,Atha_WS-0_Col-0_Shoot_FLT_Rep5,-1.0020293383483032,ELF4,OSD-7
AT2G42830,Atha_WS-0_Col-0_Shoot_FLT_Rep5,0.2973667476781445,PRR9,OSD-7
AT2G46830,Atha_WS-0_Col-0_Shoot_FLT_Rep5,0.22886811668078516,CCA1,OSD-7
AT3G09600,Atha_WS-0_Col-0_Shoot_FLT_Rep5,-0.02168940104018404,GI,OSD-7
AT3G09600,Atha_WS-0_Col-0_Shoot_FLT_Rep5,-0.06157425654151048,GI,OSD-7
AT3G26740,Atha_WS-0_Col-0_Shoot_FLT_Rep5,1.1820318025625212,ELF3,OSD-7
AT5G02810,Atha_WS-0_Col-0_Shoot_FLT_Rep5,1.2436171626516832,PRR7,OSD-7
AT5G24470,Atha_WS-0_Col-0_Shoot_FLT_Rep5,0.503399188424655,PRR5,OSD-7
AT5G61380,Atha_WS-0_Col-0_Shoot_FLT_Rep5,0.6358553988399691,TOC1,OSD-7
AT1G01060,Atha_WS-0_Col-0_Shoot_GC_Rep1,0.9068833402798436,LHY,OSD-7
AT2G40080,Atha_WS-0_Col-0_Shoot_GC_Rep1,-1.4927900508080951,ELF4,OSD-7
AT2G42830,Atha_WS-0_Col-0_Shoot_GC_Rep1,3.931654469653805,PRR9,OSD-7
AT2G46830,Atha_WS-0_Col-0_Shoot_GC_Rep1,-0.3217784629285324,CCA1,OSD-7
AT3G09600,Atha_WS-0_Col-0_Shoot_GC_Rep1,-0.7252746432481827,GI,OSD-7
AT3G09600,Atha_WS-0_Col-0_Shoot_GC_Rep1,-1.2511743257795553,GI,OSD-7
AT3G26740,Atha_WS-0_Col-0_Shoot_GC_Rep1,1.2359452887668994,ELF3,OSD-7
AT5G02810,Atha_WS-0_Col-0_Shoot_GC_Rep1,0.287439982333526,PRR7,OSD-7
AT5G24470,Atha_WS-0_Col-0_Shoot_GC_Rep1,-0.594768304930324,PRR5,OSD-7
AT5G61380,Atha_WS-0_Col-0_Shoot_GC_Rep1,-2.093974087469951,TOC1,OSD-7
AT1G01060,Atha_WS-0_Col-0_Shoot_GC_Rep2,1.6953387743800141,LHY,OSD-7
AT2G40080,Atha_WS-0_Col-0_Shoot_GC_Rep2,-1.052239952330864,ELF4,OSD-7
AT2G42830,Atha_WS-0_Col-0_Shoot_GC_Rep2,0.794401837933585,PRR9,OSD-7
AT2G46830,Atha_WS-0_Col-0_Shoot_GC_Rep2,0.4313128755507991,CCA1,OSD-7
AT3G09600,Atha_WS-0_Col-0_Shoot_GC_Rep2,-0.2167974391251179,GI,OSD-7
AT3G09600,Atha_WS-0_Col-0_Shoot_GC_Rep2,1.198455057282733,GI,OSD-7
AT3G26740,Atha_WS-0_Col-0_Shoot_GC_Rep2,1.0543042402542235,ELF3,OSD-7
AT5G02810,Atha_WS-0_Col-0_Shoot_GC_Rep2,0.21378632054658833,PRR7,OSD-7
AT5G24470,Atha_WS-0_Col-0_Shoot_GC_Rep2,-0.37509980176764446,PRR5,OSD-7
AT5G61380,Atha_WS-0_Col-0_Shoot_GC_Rep2,-1.3587910489704127,TOC1,OSD-7
AT1G01060,Atha_WS-0_Col-0_Shoot_GC_Rep3,0.2262716244070571,LHY,OSD-7
AT2G40080,Atha_WS-0_Col-0_Shoot_GC_Rep3,-1.3831648358081354,ELF4,OSD-7
AT2G42830,Atha_WS-0_Col-0_Shoot_GC_Rep3,-0.5759458297002437,PRR9,OSD-7
AT2G46830,Atha_WS-0_Col-0_Shoot_GC_Rep3,0.3197232495933176,CCA1,OSD-7
AT3G09600,Atha_WS-0_Col-0_Shoot_GC_Rep3,-0.17476618797185464,GI,OSD-7
AT3G09600,Atha_WS-0_Col-0_Shoot_GC_Rep3,0.0037672456656611063,GI,OSD-7
AT3G26740,Atha_WS-0_Col-0_Shoot_GC_Rep3,1.2193773567309896,ELF3,OSD-7
AT5G02810,Atha_WS-0_Col-0_Shoot_GC_Rep3,0.5585897770194728,PRR7,OSD-7
AT5G24470,Atha_WS-0_Col-0_Shoot_GC_Rep3,0.6162938940717236,PRR5,OSD-7
AT5G61380,Atha_WS-0_Col-0_Shoot_GC_Rep3,-1.1108441725883116,TOC1,OSD-7
AT1G01060,Atha_WS-0_Col-0_Shoot_GC_Rep4,1.2120230696878997,LHY,OSD-7
AT2G40080,Atha_WS-0_Col-0_Shoot_GC_Rep4,-1.0640704509639158,ELF4,OSD-7
AT2G42830,Atha_WS-0_Col-0_Shoot_GC_Rep4,-0.4670799617308284,PRR9,OSD-7
AT2G46830,Atha_WS-0_Col-0_Shoot_GC_Rep4,0.21283322948422348,CCA1,OSD-7
AT3G09600,Atha_WS-0_Col-0_Shoot_GC_Rep4,-0.10086477801337489,GI,OSD-7
AT3G09600,Atha_WS-0_Col-0_Shoot_GC_Rep4,-0.19330347845445675,GI,OSD-7
AT3G26740,Atha_WS-0_Col-0_Shoot_GC_Rep4,1.0936678403602453,ELF3,OSD-7
AT5G02810,Atha_WS-0_Col-0_Shoot_GC_Rep4,0.18579506385751354,PRR7,OSD-7
AT5G24470,Atha_WS-0_Col-0_Shoot_GC_Rep4,-0.5674684868678028,PRR5,OSD-7
AT5G61380,Atha_WS-0_Col-0_Shoot_GC_Rep4,-1.0341007470314258,TOC1,OSD-7
AT1G01060,Atha_WS-0_Col-0_Shoot_GC_Rep5,-0.29834433729380616,LHY,OSD-7
AT2G40080,Atha_WS-0_Col-0_Shoot_GC_Rep5,-0.8523719841718236,ELF4,OSD-7
AT2G42830,Atha_WS-0_Col-0_Shoot_GC_Rep5,1.4913766916343534,PRR9,OSD-7
AT2G46830,Atha_WS-0_Col-0_Shoot_GC_Rep5,-0.05271740164760317,CCA1,OSD-7
AT3G09600,Atha_WS-0_Col-0_Shoot_GC_Rep5,-0.19722472506312255,GI,OSD-7
AT3G09600,Atha_WS-0_Col-0_Shoot_GC_Rep5,1.1607628953263145,GI,OSD-7
AT3G26740,Atha_WS-0_Col-0_Shoot_GC_Rep5,1.3152421036467894,ELF3,OSD-7
AT5G02810,Atha_WS-0_Col-0_Shoot_GC_Rep5,1.2376080992729865,PRR7,OSD-7
AT5G24470,Atha_WS-0_Col-0_Shoot_GC_Rep5,0.5710156911120629,PRR5,OSD-7
AT5G61380,Atha_WS-0_Col-0_Shoot_GC_Rep5,-0.6176750504140209,TOC1,OSD-7
AT1G01060,Atha_WS-0_Col-0_Hypocotyl_FLT_Rep1,0.20988749144817676,LHY,OSD-7
AT2G40080,Atha_WS-0_Col-0_Hypocotyl_FLT_Rep1,-0.637598502034834,ELF4,OSD-7
AT2G42830,Atha_WS-0_Col-0_Hypocotyl_FLT_Rep1,-1.2124471828383556,PRR9,OSD-7
AT2G46830,Atha_WS-0_Col-0_Hypocotyl_FLT_Rep1,-0.6328870722906778,CCA1,OSD-7
AT3G09600,Atha_WS-0_Col-0_Hypocotyl_FLT_Rep1,-0.43458327095087446,GI,OSD-7
AT3G09600,Atha_WS-0_Col-0_Hypocotyl_FLT_Rep1,0.6176536738644182,GI,OSD-7
AT3G26740,Atha_WS-0_Col-0_Hypocotyl_FLT_Rep1,0.24806113324781115,ELF3,OSD-7
AT5G02810,Atha_WS-0_Col-0_Hypocotyl_FLT_Rep1,0.6788881786061224,PRR7,OSD-7
AT5G24470,Atha_WS-0_Col-0_Hypocotyl_FLT_Rep1,-0.07941586626831305,PRR5,OSD-7
AT5G61380,Atha_WS-0_Col-0_Hypocotyl_FLT_Rep1,0.26685777489163653,TOC1,OSD-7
AT1G01060,Atha_WS-0_Col-0_Hypocotyl_FLT_Rep2,-0.1372904787033602,LHY,OSD-7
AT2G40080,Atha_WS-0_Col-0_Hypocotyl_FLT_Rep2,-0.5547363883367631,ELF4,OSD-7
AT2G42830,Atha_WS-0_Col-0_Hypocotyl_FLT_Rep2,-0.548528792109711,PRR9,OSD-7
AT2G46830,Atha_WS-0_Col-0_Hypocotyl_FLT_Rep2,-0.7641309891693778,CCA1,OSD-7
AT3G09600,Atha_WS-0_Col-0_Hypocotyl_FLT_Rep2,-0.47869896489753944,GI,OSD-7
AT3G09600,Atha_WS-0_Col-0_Hypocotyl_FLT_Rep2,-1.2857762692405001,GI,OSD-7
AT3G26740,Atha_WS-0_Col-0_Hypocotyl_FLT_Rep2,-0.4229810740936237,ELF3,OSD-7
AT5G02810,Atha_WS-0_Col-0_Hypocotyl_FLT_Rep2,-1.2828022884913088,PRR7,OSD-7
AT5G24470,Atha_WS-0_Col-0_Hypocotyl_FLT_Rep2,-0.9307151230108193,PRR5,OSD-7
AT5G61380,Atha_WS-0_Col-0_Hypocotyl_FLT_Rep2,0.5673323665301545,TOC1,OSD-7
AT1G01060,Atha_WS-0_Col-0_Hypocotyl_FLT_Rep3,0.09616071876150172,LHY,OSD-7
AT2G40080,Atha_WS-0_Col-0_Hypocotyl_FLT_Rep3,-0.8870619079143005,ELF4,OSD-7
AT2G42830,Atha_WS-0_Col-0_Hypocotyl_FLT_Rep3,-1.1060133455171317,PRR9,OSD-7
AT2G46830,Atha_WS-0_Col-0_Hypocotyl_FLT_Rep3,-0.46020282143108776,CCA1,OSD-7
AT3G09600,Atha_WS-0_Col-0_Hypocotyl_FLT_Rep3,-0.1038782438255239,GI,OSD-7
AT3G09600,Atha_WS-0_Col-0_Hypocotyl_FLT_Rep3,0.3426903649527204,GI,OSD-7
AT3G26740,Atha_WS-0_Col-0_Hypocotyl_FLT_Rep3,0.11060632142539749,ELF3,OSD-7
AT5G02810,Atha_WS-0_Col-0_Hypocotyl_FLT_Rep3,0.8980397198351574,PRR7,OSD-7
AT5G24470,Atha_WS-0_Col-0_Hypocotyl_FLT_Rep3,-0.6634199076388354,PRR5,OSD-7
AT5G61380,Atha_WS-0_Col-0_Hypocotyl_FLT_Rep3,0.4791589569344305,TOC1,OSD-7
AT1G01060,Atha_WS-0_Col-0_Hypocotyl_FLT_Rep4,0.2457314881190213,LHY,OSD-7
AT2G40080,Atha_WS-0_Col-0_Hypocotyl_FLT_Rep4,0.37594900943988935,ELF4,OSD-7
AT2G42830,Atha_WS-0_Col-0_Hypocotyl_FLT_Rep4,-0.49741443121805046,PRR9,OSD-7
AT2G46830,Atha_WS-0_Col-0_Hypocotyl_FLT_Rep4,-0.9610344115219203,CCA1,OSD-7
AT3G09600,Atha_WS-0_Col-0_Hypocotyl_FLT_Rep4,-0.5767097766674831,GI,OSD-7
AT3G09600,Atha_WS-0_Col-0_Hypocotyl_FLT_Rep4,-1.9106022758195909,GI,OSD-7
AT3G26740,Atha_WS-0_Col-0_Hypocotyl_FLT_Rep4,-0.0676424606996883,ELF3,OSD-7
AT5G02810,Atha_WS-0_Col-0_Hypocotyl_FLT_Rep4,-0.7198451017424335,PRR7,OSD-7
AT5G24470,Atha_WS-0_Col-0_Hypocotyl_FLT_Rep4,-0.7163920946468029,PRR5,OSD-7
AT5G61380,Atha_WS-0_Col-0_Hypocotyl_FLT_Rep4,1.3249015861440163,TOC1,OSD-7
AT1G01060,Atha_WS-0_Col-0_Hypocotyl_FLT_Rep5,0.1584399139618245,LHY,OSD-7
AT2G40080,Atha_WS-0_Col-0_Hypocotyl_FLT_Rep5,-1.191249275980772,ELF4,OSD-7
AT2G42830,Atha_WS-0_Col-0_Hypocotyl_FLT_Rep5,-1.4777453857269853,PRR9,OSD-7
AT2G46830,Atha_WS-0_Col-0_Hypocotyl_FLT_Rep5,-0.320379705358308,CCA1,OSD-7
AT3G09600,Atha_WS-0_Col-0_Hypocotyl_FLT_Rep5,-0.3354738674789302,GI,OSD-7
AT3G09600,Atha_WS-0_Col-0_Hypocotyl_FLT_Rep5,-2.7571379925115638,GI,OSD-7
AT3G26740,Atha_WS-0_Col-0_Hypocotyl_FLT_Rep5,0.0669072637715535,ELF3,OSD-7
AT5G02810,Atha_WS-0_Col-0_Hypocotyl_FLT_Rep5,0.9306594878676033,PRR7,OSD-7
AT5G24470,Atha_WS-0_Col-0_Hypocotyl_FLT_Rep5,-0.5526446806450785,PRR5,OSD-7
AT5G61380,Atha_WS-0_Col-0_Hypocotyl_FLT_Rep5,0.14659429212201658,TOC1,OSD-7
AT1G01060,Atha_WS-0_Col-0_Hypocotyl_GC_Rep1,0.22734166211131349,LHY,OSD-7
AT2G40080,Atha_WS-0_Col-0_Hypocotyl_GC_Rep1,-0.2109417377276199,ELF4,OSD-7
AT2G42830,Atha_WS-0_Col-0_Hypocotyl_GC_Rep1,-1.1985056803988026,PRR9,OSD-7
AT2G46830,Atha_WS-0_Col-0_Hypocotyl_GC_Rep1,-0.2587176934866152,CCA1,OSD-7
AT3G09600,Atha_WS-0_Col-0_Hypocotyl_GC_Rep1,-0.40137439734967867,GI,OSD-7
AT3G09600,Atha_WS-0_Col-0_Hypocotyl_GC_Rep1,-0.7759400623685435,GI,OSD-7
AT3G26740,Atha_WS-0_Col-0_Hypocotyl_GC_Rep1,-0.19037969825877224,ELF3,OSD-7
AT5G02810,Atha_WS-0_Col-0_Hypocotyl_GC_Rep1,0.06847208026969673,PRR7,OSD-7
AT5G24470,Atha_WS-0_Col-0_Hypocotyl_GC_Rep1,-0.4592655630915523,PRR5,OSD-7
AT5G61380,Atha_WS-0_Col-0_Hypocotyl_GC_Rep1,0.052314937158476536,TOC1,OSD-7
AT1G01060,Atha_WS-0_Col-0_Hypocotyl_GC_Rep2,0.611843995177652,LHY,OSD-7
AT2G40080,Atha_WS-0_Col-0_Hypocotyl_GC_Rep2,-0.08256078882259371,ELF4,OSD-7
AT2G42830,Atha_WS-0_Col-0_Hypocotyl_GC_Rep2,-0.1653671276270418,PRR9,OSD-7
AT2G46830,Atha_WS-0_Col-0_Hypocotyl_GC_Rep2,-0.1773022732140669,CCA1,OSD-7
AT3G09600,Atha_WS-0_Col-0_Hypocotyl_GC_Rep2,-0.4482408346589372,GI,OSD-7
AT3G09600,Atha_WS-0_Col-0_Hypocotyl_GC_Rep2,-0.0986847365544687,GI,OSD-7
AT3G26740,Atha_WS-0_Col-0_Hypocotyl_GC_Rep2,-0.4246448889972928,ELF3,OSD-7
AT5G02810,Atha_WS-0_Col-0_Hypocotyl_GC_Rep2,-0.00992650105911745,PRR7,OSD-7
AT5G24470,Atha_WS-0_Col-0_Hypocotyl_GC_Rep2,-0.24096820832281587,PRR5,OSD-7
AT5G61380,Atha_WS-0_Col-0_Hypocotyl_GC_Rep2,0.6699347840372916,TOC1,OSD-7
AT1G01060,Atha_WS-0_Col-0_Hypocotyl_GC_Rep3,0.759354309711343,LHY,OSD-7
AT2G40080,Atha_WS-0_Col-0_Hypocotyl_GC_Rep3,-0.5245492702231286,ELF4,OSD-7
AT2G42830,Atha_WS-0_Col-0_Hypocotyl_GC_Rep3,-0.6194418408214311,PRR9,OSD-7
AT2G46830,Atha_WS-0_Col-0_Hypocotyl_GC_Rep3,-0.3234176511373714,CCA1,OSD-7
AT3G09600,Atha_WS-0_Col-0_Hypocotyl_GC_Rep3,-0.3279756324321168,GI,OSD-7
AT3G09600,Atha_WS-0_Col-0_Hypocotyl_GC_Rep3,1.3655473205837643,GI,OSD-7
AT3G26740,Atha_WS-0_Col-0_Hypocotyl_GC_Rep3,0.05735566073838633,ELF3,OSD-7
AT5G02810,Atha_WS-0_Col-0_Hypocotyl_GC_Rep3,0.14295313617767974,PRR7,OSD-7
AT5G24470,Atha_WS-0_Col-0_Hypocotyl_GC_Rep3,-0.2296234907637669,PRR5,OSD-7
AT5G61380,Atha_WS-0_Col-0_Hypocotyl_GC_Rep3,0.434769615454035,TOC1,OSD-7
AT1G01060,Atha_WS-0_Col-0_Hypocotyl_GC_Rep4,0.3783434851817143,LHY,OSD-7
AT2G40080,Atha_WS-0_Col-0_Hypocotyl_GC_Rep4,-0.20144455786786647,ELF4,OSD-7
AT2G42830,Atha_WS-0_Col-0_Hypocotyl_GC_Rep4,-0.3623558016642017,PRR9,OSD-7
AT2G46830,Atha_WS-0_Col-0_Hypocotyl_GC_Rep4,0.0026027977735888614,CCA1,OSD-7
AT3G09600,Atha_WS-0_Col-0_Hypocotyl_GC_Rep4,-0.41336782735211275,GI,OSD-7
AT3G09600,Atha_WS-0_Col-0_Hypocotyl_GC_Rep4,0.4203810324515417,GI,OSD-7
AT3G26740,Atha_WS-0_Col-0_Hypocotyl_GC_Rep4,-0.6514407541276441,ELF3,OSD-7
AT5G02810,Atha_WS-0_Col-0_Hypocotyl_GC_Rep4,-0.27300500201019706,PRR7,OSD-7
AT5G24470,Atha_WS-0_Col-0_Hypocotyl_GC_Rep4,-0.4740521197066605,PRR5,OSD-7
AT5G61380,Atha_WS-0_Col-0_Hypocotyl_GC_Rep4,0.6401391289736642,TOC1,OSD-7
AT1G01060,Atha_WS-0_Col-0_Hypocotyl_GC_Rep5,0.362148845119792,LHY,OSD-7
AT2G40080,Atha_WS-0_Col-0_Hypocotyl_GC_Rep5,-0.8979108202872952,ELF4,OSD-7
AT2G42830,Atha_WS-0_Col-0_Hypocotyl_GC_Rep5,-0.011608949158860864,PRR9,OSD-7
AT2G46830,Atha_WS-0_Col-0_Hypocotyl_GC_Rep5,-0.2199863751529259,CCA1,OSD-7
AT3G09600,Atha_WS-0_Col-0_Hypocotyl_GC_Rep5,-0.19459365682784466,GI,OSD-7
AT3G09600,Atha_WS-0_Col-0_Hypocotyl_GC_Rep5,-0.2875139421829344,GI,OSD-7
AT3G26740,Atha_WS-0_Col-0_Hypocotyl_GC_Rep5,-0.10644846124684039,ELF3,OSD-7
AT5G02810,Atha_WS-0_Col-0_Hypocotyl_GC_Rep5,0.389887287590908,PRR7,OSD-7
AT5G24470,Atha_WS-0_Col-0_Hypocotyl_GC_Rep5,-0.23168124104947366,PRR5,OSD-7
AT5G61380,Atha_WS-0_Col-0_Hypocotyl_GC_Rep5,0.8817093717327087,TOC1,OSD-7
AT1G01060,Atha_WS-0_Col-0_Root_FLT_Rep1,-0.7283813467761223,LHY,OSD-7
AT2G40080,Atha_WS-0_Col-0_Root_FLT_Rep1,0.8808150382544596,ELF4,OSD-7
AT2G42830,Atha_WS-0_Col-0_Root_FLT_Rep1,0.44525349365333644,PRR9,OSD-7
AT2G46830,Atha_WS-0_Col-0_Root_FLT_Rep1,-0.46742626842934315,CCA1,OSD-7
AT3G09600,Atha_WS-0_Col-0_Root_FLT_Rep1,-0.7506204136209504,GI,OSD-7
AT3G09600,Atha_WS-0_Col-0_Root_FLT_Rep1,-1.3717681464279528,GI,OSD-7
AT3G26740,Atha_WS-0_Col-0_Root_FLT_Rep1,-0.846516734817067,ELF3,OSD-7
AT5G02810,Atha_WS-0_Col-0_Root_FLT_Rep1,-0.4205785352146622,PRR7,OSD-7
AT5G24470,Atha_WS-0_Col-0_Root_FLT_Rep1,-0.9309122773659347,PRR5,OSD-7
AT5G61380,Atha_WS-0_Col-0_Root_FLT_Rep1,0.8744156016755494,TOC1,OSD-7
AT1G01060,Atha_WS-0_Col-0_Root_FLT_Rep2,-0.9717555409705141,LHY,OSD-7
AT2G40080,Atha_WS-0_Col-0_Root_FLT_Rep2,0.7221294363257436,ELF4,OSD-7
AT2G42830,Atha_WS-0_Col-0_Root_FLT_Rep2,0.013751105791736867,PRR9,OSD-7
AT2G46830,Atha_WS-0_Col-0_Root_FLT_Rep2,-1.171106858370011,CCA1,OSD-7
AT3G09600,Atha_WS-0_Col-0_Root_FLT_Rep2,-0.6983251067808238,GI,OSD-7
AT3G09600,Atha_WS-0_Col-0_Root_FLT_Rep2,-0.08201535900757048,GI,OSD-7
AT3G26740,Atha_WS-0_Col-0_Root_FLT_Rep2,-1.316858451066616,ELF3,OSD-7
AT5G02810,Atha_WS-0_Col-0_Root_FLT_Rep2,-1.571745686566592,PRR7,OSD-7
AT5G24470,Atha_WS-0_Col-0_Root_FLT_Rep2,-1.439784725468322,PRR5,OSD-7
AT5G61380,Atha_WS-0_Col-0_Root_FLT_Rep2,-0.33449924749230137,TOC1,OSD-7
AT1G01060,Atha_WS-0_Col-0_Root_FLT_Rep3,-2.2422062446618924,LHY,OSD-7
AT2G40080,Atha_WS-0_Col-0_Root_FLT_Rep3,0.693261225384708,ELF4,OSD-7
AT2G42830,Atha_WS-0_Col-0_Root_FLT_Rep3,-0.6031576341325562,PRR9,OSD-7
AT2G46830,Atha_WS-0_Col-0_Root_FLT_Rep3,-0.9447547377086735,CCA1,OSD-7
AT3G09600,Atha_WS-0_Col-0_Root_FLT_Rep3,-0.5536023490881963,GI,OSD-7
AT3G09600,Atha_WS-0_Col-0_Root_FLT_Rep3,-0.6774043843927283,GI,OSD-7
AT3G26740,Atha_WS-0_Col-0_Root_FLT_Rep3,-1.2344892721228165,ELF3,OSD-7
AT5G02810,Atha_WS-0_Col-0_Root_FLT_Rep3,-1.3810644164373767,PRR7,OSD-7
AT5G24470,Atha_WS-0_Col-0_Root_FLT_Rep3,-0.5901370786178957,PRR5,OSD-7
AT5G61380,Atha_WS-0_Col-0_Root_FLT_Rep3,1.1308142938916534,TOC1,OSD-7
AT1G01060,Atha_WS-0_Col-0_Root_FLT_Rep4,-0.566474051685335,LHY,OSD-7
AT2G40080,Atha_WS-0_Col-0_Root_FLT_Rep4,1.1417583972823673,ELF4,OSD-7
AT2G42830,Atha_WS-0_Col-0_Root_FLT_Rep4,-0.09787323358557687,PRR9,OSD-7
AT2G46830,Atha_WS-0_Col-0_Root_FLT_Rep4,-0.8869295145096404,CCA1,OSD-7
AT3G09600,Atha_WS-0_Col-0_Root_FLT_Rep4,-0.5134774295501364,GI,OSD-7
AT3G09600,Atha_WS-0_Col-0_Root_FLT_Rep4,-1.2227771483199836,GI,OSD-7
AT3G26740,Atha_WS-0_Col-0_Root_FLT_Rep4,-1.576271012115781,ELF3,OSD-7
AT5G02810,Atha_WS-0_Col-0_Root_FLT_Rep4,-1.7050034459239294,PRR7,OSD-7
AT5G24470,Atha_WS-0_Col-0_Root_FLT_Rep4,-1.3772345790757217,PRR5,OSD-7
AT5G61380,Atha_WS-0_Col-0_Root_FLT_Rep4,0.13719032875812268,TOC1,OSD-7
AT1G01060,Atha_WS-0_Col-0_Root_FLT_Rep5,-2.2397110894064993,LHY,OSD-7
AT2G40080,Atha_WS-0_Col-0_Root_FLT_Rep5,0.7167469621406598,ELF4,OSD-7
AT2G42830,Atha_WS-0_Col-0_Root_FLT_Rep5,-0.07113452288162828,PRR9,OSD-7
AT2G46830,Atha_WS-0_Col-0_Root_FLT_Rep5,-1.2702220339471975,CCA1,OSD-7
AT3G09600,Atha_WS-0_Col-0_Root_FLT_Rep5,-0.5948359748550105,GI,OSD-7
AT3G09600,Atha_WS-0_Col-0_Root_FLT_Rep5,0.985081370730395,GI,OSD-7
AT3G26740,Atha_WS-0_Col-0_Root_FLT_Rep5,-1.379478388479315,ELF3,OSD-7
AT5G02810,Atha_WS-0_Col-0_Root_FLT_Rep5,-0.9673784157363037,PRR7,OSD-7
AT5G24470,Atha_WS-0_Col-0_Root_FLT_Rep5,-0.6189105308077713,PRR5,OSD-7
AT5G61380,Atha_WS-0_Col-0_Root_FLT_Rep5,0.23769921840018735,TOC1,OSD-7
AT1G01060,Atha_WS-0_Col-0_Root_GC_Rep1,-1.0738592560192337,LHY,OSD-7
AT2G40080,Atha_WS-0_Col-0_Root_GC_Rep1,1.0048344483115077,ELF4,OSD-7
AT2G42830,Atha_WS-0_Col-0_Root_GC_Rep1,-0.7749288272055344,PRR9,OSD-7
AT2G46830,Atha_WS-0_Col-0_Root_GC_Rep1,-0.722824066971249,CCA1,OSD-7
AT3G09600,Atha_WS-0_Col-0_Root_GC_Rep1,-0.7722805387053414,GI,OSD-7
AT3G09600,Atha_WS-0_Col-0_Root_GC_Rep1,-0.06816137055400785,GI,OSD-7
AT3G26740,Atha_WS-0_Col-0_Root_GC_Rep1,-1.4471073635775389,ELF3,OSD-7
AT5G02810,Atha_WS-0_Col-0_Root_GC_Rep1,-1.243003375061294,PRR7,OSD-7
AT5G24470,Atha_WS-0_Col-0_Root_GC_Rep1,-0.22805742914112892,PRR5,OSD-7
AT5G61380,Atha_WS-0_Col-0_Root_GC_Rep1,0.25029675921511824,TOC1,OSD-7
AT1G01060,Atha_WS-0_Col-0_Root_GC_Rep2,-0.9370422349803267,LHY,OSD-7
AT2G40080,Atha_WS-0_Col-0_Root_GC_Rep2,0.8530645741837845,ELF4,OSD-7
AT2G42830,Atha_WS-0_Col-0_Root_GC_Rep2,-0.056810902092711994,PRR9,OSD-7
AT2G46830,Atha_WS-0_Col-0_Root_GC_Rep2,-1.0886339480113545,CCA1,OSD-7
AT3G09600,Atha_WS-0_Col-0_Root_GC_Rep2,-0.4845677600998376,GI,OSD-7
AT3G09600,Atha_WS-0_Col-0_Root_GC_Rep2,-0.059722772717603796,GI,OSD-7
AT3G26740,Atha_WS-0_Col-0_Root_GC_Rep2,-1.3443346280242667,ELF3,OSD-7
AT5G02810,Atha_WS-0_Col-0_Root_GC_Rep2,-0.9962111299475511,PRR7,OSD-7
AT5G24470,Atha_WS-0_Col-0_Root_GC_Rep2,0.558898139213,PRR5,OSD-7
AT5G61380,Atha_WS-0_Col-0_Root_GC_Rep2,0.5477994334164176,TOC1,OSD-7
AT1G01060,Atha_WS-0_Col-0_Root_GC_Rep3,-1.2110123781806927,LHY,OSD-7
AT2G40080,Atha_WS-0_Col-0_Root_GC_Rep3,1.1960428960487068,ELF4,OSD-7
AT2G42830,Atha_WS-0_Col-0_Root_GC_Rep3,0.2218431415165434,PRR9,OSD-7
AT2G46830,Atha_WS-0_Col-0_Root_GC_Rep3,-0.961949368348679,CCA1,OSD-7
AT3G09600,Atha_WS-0_Col-0_Root_GC_Rep3,-0.5907902342562795,GI,OSD-7
AT3G09600,Atha_WS-0_Col-0_Root_GC_Rep3,-0.16359321045002087,GI,OSD-7
AT3G26740,Atha_WS-0_Col-0_Root_GC_Rep3,-1.4750615346419464,ELF3,OSD-7
AT5G02810,Atha_WS-0_Col-0_Root_GC_Rep3,-1.2082566957670737,PRR7,OSD-7
AT5G24470,Atha_WS-0_Col-0_Root_GC_Rep3,-0.44392299494486026,PRR5,OSD-7
AT5G61380,Atha_WS-0_Col-0_Root_GC_Rep3,-0.603789897052235,TOC1,OSD-7
AT1G01060,Atha_WS-0_Col-0_Root_GC_Rep4,-1.0532204526173272,LHY,OSD-7
AT2G40080,Atha_WS-0_Col-0_Root_GC_Rep4,0.7052220878774039,ELF4,OSD-7
AT2G42830,Atha_WS-0_Col-0_Root_GC_Rep4,1.173634203787183,PRR9,OSD-7
AT2G46830,Atha_WS-0_Col-0_Root_GC_Rep4,-0.8697275170621265,CCA1,OSD-7
AT3G09600,Atha_WS-0_Col-0_Root_GC_Rep4,-0.7546788099602154,GI,OSD-7
AT3G09600,Atha_WS-0_Col-0_Root_GC_Rep4,0.07864957988127388,GI,OSD-7
AT3G26740,Atha_WS-0_Col-0_Root_GC_Rep4,-1.4707782105861371,ELF3,OSD-7
AT5G02810,Atha_WS-0_Col-0_Root_GC_Rep4,-1.3875208628149838,PRR7,OSD-7
AT5G24470,Atha_WS-0_Col-0_Root_GC_Rep4,0.05024728726467497,PRR5,OSD-7
AT5G61380,Atha_WS-0_Col-0_Root_GC_Rep4,0.3917554201295071,TOC1,OSD-7
AT1G01060,Atha_WS-0_Col-0_Root_GC_Rep5,-1.618702549122474,LHY,OSD-7
AT2G40080,Atha_WS-0_Col-0_Root_GC_Rep5,0.9053846155317097,ELF4,OSD-7
AT2G42830,Atha_WS-0_Col-0_Root_GC_Rep5,-0.2961088623812341,PRR9,OSD-7
AT2G46830,Atha_WS-0_Col-0_Root_GC_Rep5,-0.9769650438418817,CCA1,OSD-7
AT3G09600,Atha_WS-0_Col-0_Root_GC_Rep5,-0.6229201996333626,GI,OSD-7
AT3G09600,Atha_WS-0_Col-0_Root_GC_Rep5,0.6156475355107767,GI,OSD-7
AT3G26740,Atha_WS-0_Col-0_Root_GC_Rep5,-1.1965733688055553,ELF3,OSD-7
AT5G02810,Atha_WS-0_Col-0_Root_GC_Rep5,-1.5156540803709349,PRR7,OSD-7
AT5G24470,Atha_WS-0_Col-0_Root_GC_Rep5,-0.5401013113730941,PRR5,OSD-7
AT5G61380,Atha_WS-0_Col-0_Root_GC_Rep5,-0.5849665056594034,TOC1,OSD-7
AT1G01060,Atha_Col-0_sl_FLT_BA1,0.8672888681755817,LHY,OSD-17
AT2G40080,Atha_Col-0_sl_FLT_BA1,-0.3245336188664178,ELF4,OSD-17
AT2G42830,Atha_Col-0_sl_FLT_BA1,0.8788617504691216,PRR9,OSD-17
AT2G46830,Atha_Col-0_sl_FLT_BA1,-0.7830354510024952,CCA1,OSD-17
AT3G09600,Atha_Col-0_sl_FLT_BA1,-0.5264630867331911,GI,OSD-17
AT3G09600,Atha_Col-0_sl_FLT_BA1,0.0829227516718929,GI,OSD-17
AT3G26740,Atha_Col-0_sl_FLT_BA1,-1.0946283307618152,ELF3,OSD-17
AT5G02810,Atha_Col-0_sl_FLT_BA1,1.4123301818352858,PRR7,OSD-17
AT5G24470,Atha_Col-0_sl_FLT_BA1,0.6612332188404728,PRR5,OSD-17
AT5G61380,Atha_Col-0_sl_FLT_BA1,-1.8687392997886005,TOC1,OSD-17
AT1G01060,Atha_Col-0_sl_FLT_BA2,-0.09247558497024931,LHY,OSD-17
AT2G40080,Atha_Col-0_sl_FLT_BA2,0.09188553539778646,ELF4,OSD-17
AT2G42830,Atha_Col-0_sl_FLT_BA2,0.057839610295973606,PRR9,OSD-17
AT2G46830,Atha_Col-0_sl_FLT_BA2,-0.6078959864998351,CCA1,OSD-17
AT3G09600,Atha_Col-0_sl_FLT_BA2,0.19190905227581084,GI,OSD-17
AT3G09600,Atha_Col-0_sl_FLT_BA2,0.5435030672173853,GI,OSD-17
AT3G26740,Atha_Col-0_sl_FLT_BA2,-0.38862416305057906,ELF3,OSD-17
AT5G02810,Atha_Col-0_sl_FLT_BA2,-0.08051890145351079,PRR7,OSD-17
AT5G24470,Atha_Col-0_sl_FLT_BA2,1.111651419493772,PRR5,OSD-17
AT5G61380,Atha_Col-0_sl_FLT_BA2,-0.6439402272541694,TOC1,OSD-17
AT1G01060,Atha_Col-0_sl_FLT_BA3,-0.19590711419001838,LHY,OSD-17
AT2G40080,Atha_Col-0_sl_FLT_BA3,2.9829550033412673,ELF4,OSD-17
AT2G42830,Atha_Col-0_sl_FLT_BA3,1.6638122617145632,PRR9,OSD-17
AT2G46830,Atha_Col-0_sl_FLT_BA3,-0.8307740028572609,CCA1,OSD-17
AT3G09600,Atha_Col-0_sl_FLT_BA3,0.18478956211137165,GI,OSD-17
AT3G09600,Atha_Col-0_sl_FLT_BA3,0.39627865045326877,GI,OSD-17
AT3G26740,Atha_Col-0_sl_FLT_BA3,-0.5956067769567616,ELF3,OSD-17
AT5G02810,Atha_Col-0_sl_FLT_BA3,-0.5866569364462896,PRR7,OSD-17
AT5G24470,Atha_Col-0_sl_FLT_BA3,0.142674937194324,PRR5,OSD-17
AT5G61380,Atha_Col-0_sl_FLT_BA3,-1.4349829011723425,TOC1,OSD-17
AT1G01060,Atha_Col-0_sl_FLT_BA4,0.01950668824032138,LHY,OSD-17
AT2G40080,Atha_Col-0_sl_FLT_BA4,0.4092638005559544,ELF4,OSD-17
AT2G42830,Atha_Col-0_sl_FLT_BA4,-0.4193198078008037,PRR9,OSD-17
AT2G46830,Atha_Col-0_sl_FLT_BA4,1.0587761798183317,CCA1,OSD-17
AT3G09600,Atha_Col-0_sl_FLT_BA4,-1.2385694098580737,GI,OSD-17
AT3G09600,Atha_Col-0_sl_FLT_BA4,0.6183760777678177,GI,OSD-17
AT3G26740,Atha_Col-0_sl_FLT_BA4,0.05296984227968514,ELF3,OSD-17
AT5G02810,Atha_Col-0_sl_FLT_BA4,2.1049895668009992,PRR7,OSD-17
AT5G24470,Atha_Col-0_sl_FLT_BA4,1.8664121438643737,PRR5,OSD-17
AT5G61380,Atha_Col-0_sl_FLT_BA4,0.027610374668022505,TOC1,OSD-17
AT1G01060,Atha_Col-0_sl_FLT_BA5,0.3927316481126531,LHY,OSD-17
AT2G40080,Atha_Col-0_sl_FLT_BA5,-1.062644719890382,ELF4,OSD-17
AT2G42830,Atha_Col-0_sl_FLT_BA5,1.3606395777213898,PRR9,OSD-17
AT2G46830,Atha_Col-0_sl_FLT_BA5,-0.9393546807844676,CCA1,OSD-17
AT3G09600,Atha_Col-0_sl_FLT_BA5,1.6105811359778828,GI,OSD-17
AT3G09600,Atha_Col-0_sl_FLT_BA5,-1.1600914852849307,GI,OSD-17
AT3G26740,Atha_Col-0_sl_FLT_BA5,2.388019812733831,ELF3,OSD-17
AT5G02810,Atha_Col-0_sl_FLT_BA5,-0.7464544959170523,PRR7,OSD-17
AT5G24470,Atha_Col-0_sl_FLT_BA5,2.0307133503444827,PRR5,OSD-17
AT5G61380,Atha_Col-0_sl_FLT_BA5,0.1958882944211189,TOC1,OSD-17
AT1G01060,Atha_Col-0_sl_FLT_BG1,0.36145161866348025,LHY,OSD-17
AT2G40080,Atha_Col-0_sl_FLT_BG1,0.5552483513527302,ELF4,OSD-17
AT2G42830,Atha_Col-0_sl_FLT_BG1,0.00680359610012189,PRR9,OSD-17
AT2G46830,Atha_Col-0_sl_FLT_BG1,-0.5578824767419713,CCA1,OSD-17
AT3G09600,Atha_Col-0_sl_FLT_BG1,-0.6084962912974959,GI,OSD-17
AT3G09600,Atha_Col-0_sl_FLT_BG1,-0.014749722627413994,GI,OSD-17
AT3G26740,Atha_Col-0_sl_FLT_BG1,-0.2679785006408242,ELF3,OSD-17
AT5G02810,Atha_Col-0_sl_FLT_BG1,-0.5495546097500196,PRR7,OSD-17
AT5G24470,Atha_Col-0_sl_FLT_BG1,-0.6560477970697006,PRR5,OSD-17
AT5G61380,Atha_Col-0_sl_FLT_BG1,-1.1216528323451551,TOC1,OSD-17
AT1G01060,Atha_Col-0_sl_GC_BA1,3.0331438321038893,LHY,OSD-17
AT2G40080,Atha_Col-0_sl_GC_BA1,1.0714893651731718,ELF4,OSD-17
AT2G42830,Atha_Col-0_sl_GC_BA1,-0.32286186043176124,PRR9,OSD-17
AT2G46830,Atha_Col-0_sl_GC_BA1,-0.28064463344180407,CCA1,OSD-17
AT3G09600,Atha_Col-0_sl_GC_BA1,-0.7054501918611715,GI,OSD-17
AT3G09600,Atha_Col-0_sl_GC_BA1,1.7825715618315003,GI,OSD-17
AT3G26740,Atha_Col-0_sl_GC_BA1,-1.096651824288823,ELF3,OSD-17
AT5G02810,Atha_Col-0_sl_GC_BA1,-1.1330993102914046,PRR7,OSD-17
AT5G24470,Atha_Col-0_sl_GC_BA1,-0.21130036862394141,PRR5,OSD-17
AT5G61380,Atha_Col-0_sl_GC_BA1,-1.1081747943254838,TOC1,OSD-17
AT1G01060,Atha_Col-0_sl_GC_BA2,-1.1977418175120238,LHY,OSD-17
AT2G40080,Atha_Col-0_sl_GC_BA2,0.5964350954334362,ELF4,OSD-17
AT2G42830,Atha_Col-0_sl_GC_BA2,0.23475413545254253,PRR9,OSD-17
AT2G46830,Atha_Col-0_sl_GC_BA2,-1.2105008566643012,CCA1,OSD-17
AT3G09600,Atha_Col-0_sl_GC_BA2,-0.4111728143402609,GI,OSD-17
AT3G09600,Atha_Col-0_sl_GC_BA2,-0.7885357829403362,GI,OSD-17
AT3G26740,Atha_Col-0_sl_GC_BA2,-1.0511732104592595,ELF3,OSD-17
AT5G02810,Atha_Col-0_sl_GC_BA2,-0.8755401110423884,PRR7,OSD-17
AT5G24470,Atha_Col-0_sl_GC_BA2,-1.2850628061169058,PRR5,OSD-17
AT5G61380,Atha_Col-0_sl_GC_BA2,-0.4482842464042379,TOC1,OSD-17
AT1G01060,Atha_Col-0_sl_GC_BA3,-0.7779718797061024,LHY,OSD-17
AT2G40080,Atha_Col-0_sl_GC_BA3,0.26249896031796466,ELF4,OSD-17
AT2G42830,Atha_Col-0_sl_GC_BA3,3.298685597489991,PRR9,OSD-17
AT2G46830,Atha_Col-0_sl_GC_BA3,3.3653763780964696,CCA1,OSD-17
AT3G09600,Atha_Col-0_sl_GC_BA3,-0.5849078196507745,GI,OSD-17
AT3G09600,Atha_Col-0_sl_GC_BA3,0.309631086709095,GI,OSD-17
AT3G26740,Atha_Col-0_sl_GC_BA3,-0.986663052246433,ELF3,OSD-17
AT5G02810,Atha_Col-0_sl_GC_BA3,-0.5715933151049736,PRR7,OSD-17
AT5G24470,Atha_Col-0_sl_GC_BA3,0.6276231626259586,PRR5,OSD-17
AT5G61380,Atha_Col-0_sl_GC_BA3,-1.2820595322263577,TOC1,OSD-17
AT1G01060,Atha_Col-0_sl_GC_BA4,-0.7053027548910963,LHY,OSD-17
AT2G40080,Atha_Col-0_sl_GC_BA4,0.34212672943617506,ELF4,OSD-17
AT2G42830,Atha_Col-0_sl_GC_BA4,-0.31830250975784796,PRR9,OSD-17
AT2G46830,Atha_Col-0_sl_GC_BA4,0.16330490056537975,CCA1,OSD-17
AT3G09600,Atha_Col-0_sl_GC_BA4,-0.17484256515683616,GI,OSD-17
AT3G09600,Atha_Col-0_sl_GC_BA4,2.6002061015756595,GI,OSD-17
AT3G26740,Atha_Col-0_sl_GC_BA4,-1.2218287957964296,ELF3,OSD-17
AT5G02810,Atha_Col-0_sl_GC_BA4,-0.6559083165438834,PRR7,OSD-17
AT5G24470,Atha_Col-0_sl_GC_BA4,-0.9868370842016674,PRR5,OSD-17
AT5G61380,Atha_Col-0_sl_GC_BA4,0.15261601672453065,TOC1,OSD-17
AT1G01060,Atha_Col-0_sl_GC_BA5,0.11833559403413683,LHY,OSD-17
AT2G40080,Atha_Col-0_sl_GC_BA5,0.13249387577173063,ELF4,OSD-17
AT2G42830,Atha_Col-0_sl_GC_BA5,0.7241281747301361,PRR9,OSD-17
AT2G46830,Atha_Col-0_sl_GC_BA5,-1.2504816981158293,CCA1,OSD-17
AT3G09600,Atha_Col-0_sl_GC_BA5,-0.282740745539659,GI,OSD-17
AT3G09600,Atha_Col-0_sl_GC_BA5,-0.7871089182168345,GI,OSD-17
AT3G26740,Atha_Col-0_sl_GC_BA5,1.1532531265427108,ELF3,OSD-17
AT5G02810,Atha_Col-0_sl_GC_BA5,-0.6165622456799796,PRR7,OSD-17
AT5G24470,Atha_Col-0_sl_GC_BA5,1.4982714409379276,PRR5,OSD-17
AT5G61380,Atha_Col-0_sl_GC_BA5,-0.9509318091551158,TOC1,OSD-17
AT1G01060,Atha_Col-0_sl_GC_BG1,-0.8897039183581705,LHY,OSD-17
AT2G40080,Atha_Col-0_sl_GC_BG1,-0.8508060602037384,ELF4,OSD-17
AT2G42830,Atha_Col-0_sl_GC_BG1,-0.021158698252054516,PRR9,OSD-17
AT2G46830,Atha_Col-0_sl_GC_BG1,-0.6165742261411576,CCA1,OSD-17
AT3G09600,Atha_Col-0_sl_GC_BG1,-2.524885385418209,GI,OSD-17
AT3G09600,Atha_Col-0_sl_GC_BG1,-0.04276953235465706,GI,OSD-17
AT3G26740,Atha_Col-0_sl_GC_BG1,-0.6143714547997392,ELF3,OSD-17
AT5G02810,Atha_Col-0_sl_GC_BG1,-0.29906520522950586,PRR7,OSD-17
AT5G24470,Atha_Col-0_sl_GC_BG1,-0.6479453767121103,PRR5,OSD-17
AT5G61380,Atha_Col-0_sl_GC_BG1,-1.140659220622727,TOC1,OSD-17
AT1G01060,Atha_Col-0_UdCC_FLT_BB2,-0.9891415163477868,LHY,OSD-17
AT2G40080,Atha_Col-0_UdCC_FLT_BB2,-0.8356205548226954,ELF4,OSD-17
AT2G42830,Atha_Col-0_UdCC_FLT_BB2,-0.5077124498107964,PRR9,OSD-17
AT2G46830,Atha_Col-0_UdCC_FLT_BB2,0.12115193703908003,CCA1,OSD-17
AT3G09600,Atha_Col-0_UdCC_FLT_BB2,0.01252322074293833,GI,OSD-17
AT3G09600,Atha_Col-0_UdCC_FLT_BB2,-1.2882033319120505,GI,OSD-17
AT3G26740,Atha_Col-0_UdCC_FLT_BB2,1.363073527395958,ELF3,OSD-17
AT5G02810,Atha_Col-0_UdCC_FLT_BB2,-0.274766760789462,PRR7,OSD-17
AT5G24470,Atha_Col-0_UdCC_FLT_BB2,-0.6728185129638582,PRR5,OSD-17
AT5G61380,Atha_Col-0_UdCC_FLT_BB2,0.9226243760818977,TOC1,OSD-17
AT1G01060,Atha_Col-0_UdCC_FLT_BB3,-0.15319687840799553,LHY,OSD-17
AT2G40080,Atha_Col-0_UdCC_FLT_BB3,-0.7797725428696851,ELF4,OSD-17
AT2G42830,Atha_Col-0_UdCC_FLT_BB3,-0.9036182088215928,PRR9,OSD-17
AT2G46830,Atha_Col-0_UdCC_FLT_BB3,0.6094054280483604,CCA1,OSD-17
AT3G09600,Atha_Col-0_UdCC_FLT_BB3,-0.2455846675263433,GI,OSD-17
AT3G09600,Atha_Col-0_UdCC_FLT_BB3,-0.6878453211504246,GI,OSD-17
AT3G26740,Atha_Col-0_UdCC_FLT_BB3,1.2119825662868924,ELF3,OSD-17
AT5G02810,Atha_Col-0_UdCC_FLT_BB3,0.11985137442818625,PRR7,OSD-17
AT5G24470,Atha_Col-0_UdCC_FLT_BB3,-0.5215325926854952,PRR5,OSD-17
AT5G61380,Atha_Col-0_UdCC_FLT_BB3,0.6288717123493535,TOC1,OSD-17
AT1G01060,Atha_Col-0_UdCC_FLT_BB4,-0.7074374187967531,LHY,OSD-17
AT2G40080,Atha_Col-0_UdCC_FLT_BB4,1.2402550846026832,ELF4,OSD-17
AT2G42830,Atha_Col-0_UdCC_FLT_BB4,-0.6915259196857235,PRR9,OSD-17
AT2G46830,Atha_Col-0_UdCC_FLT_BB4,-0.3825244223576173,CCA1,OSD-17
AT3G09600,Atha_Col-0_UdCC_FLT_BB4,0.36377666723938157,GI,OSD-17
AT3G09600,Atha_Col-0_UdCC_FLT_BB4,0.9154851965815236,GI,OSD-17
AT3G26740,Atha_Col-0_UdCC_FLT_BB4,-0.6681157318814418,ELF3,OSD-17
AT5G02810,Atha_Col-0_UdCC_FLT_BB4,-0.4592066525798794,PRR7,OSD-17
AT5G24470,Atha_Col-0_UdCC_FLT_BB4,-1.0269938433036945,PRR5,OSD-17
AT5G61380,Atha_Col-0_UdCC_FLT_BB4,1.276496584766618,TOC1,OSD-17
AT1G01060,Atha_Col-0_UdCC_FLT_BB5,0.9430193880904028,LHY,OSD-17
AT2G40080,Atha_Col-0_UdCC_FLT_BB5,-0.7411786580300277,ELF4,OSD-17
AT2G42830,Atha_Col-0_UdCC_FLT_BB5,-0.22013184957917561,PRR9,OSD-17
AT2G46830,Atha_Col-0_UdCC_FLT_BB5,-0.11654949936758115,CCA1,OSD-17
AT3G09600,Atha_Col-0_UdCC_FLT_BB5,-0.3235488168447813,GI,OSD-17
AT3G09600,Atha_Col-0_UdCC_FLT_BB5,-0.5012421746296865,GI,OSD-17
AT3G26740,Atha_Col-0_UdCC_FLT_BB5,1.0935165704508227,ELF3,OSD-17
AT5G02810,Atha_Col-0_UdCC_FLT_BB5,0.03609795594076284,PRR7,OSD-17
AT5G24470,Atha_Col-0_UdCC_FLT_BB5,-0.6757648576224917,PRR5,OSD-17
AT5G61380,Atha_Col-0_UdCC_FLT_BB5,1.3202487401766083,TOC1,OSD-17
AT1G01060,Atha_Col-0_UdCC_FLT_BG2,-0.2977317911551362,LHY,OSD-17
AT2G40080,Atha_Col-0_UdCC_FLT_BG2,-0.26834187550073413,ELF4,OSD-17
AT2G42830,Atha_Col-0_UdCC_FLT_BG2,-0.917150710691753,PRR9,OSD-17
AT2G46830,Atha_Col-0_UdCC_FLT_BG2,-0.1904588441430507,CCA1,OSD-17
AT3G09600,Atha_Col-0_UdCC_FLT_BG2,-0.46763656778468254,GI,OSD-17
AT3G09600,Atha_Col-0_UdCC_FLT_BG2,-0.04523156394057546,GI,OSD-17
AT3G26740,Atha_Col-0_UdCC_FLT_BG2,1.0322029660580996,ELF3,OSD-17
AT5G02810,Atha_Col-0_UdCC_FLT_BG2,0.3917650664467738,PRR7,OSD-17
AT5G24470,Atha_Col-0_UdCC_FLT_BG2,-0.23142405823123788,PRR5,OSD-17
AT5G61380,Atha_Col-0_UdCC_FLT_BG2,1.1029466105517096,TOC1,OSD-17
AT1G01060,Atha_Col-0_UdCC_FLT_BG3,0.379020966478301,LHY,OSD-17
AT2G40080,Atha_Col-0_UdCC_FLT_BG3,-2.2599845023908136,ELF4,OSD-17
AT2G42830,Atha_Col-0_UdCC_FLT_BG3,-1.0428557149368602,PRR9,OSD-17
AT2G46830,Atha_Col-0_UdCC_FLT_BG3,0.9442593852721012,CCA1,OSD-17
AT3G09600,Atha_Col-0_UdCC_FLT_BG3,-0.1441103213351397,GI,OSD-17
AT3G09600,Atha_Col-0_UdCC_FLT_BG3,-0.8721506672458368,GI,OSD-17
AT3G26740,Atha_Col-0_UdCC_FLT_BG3,0.10323142040753988,ELF3,OSD-17
AT5G02810,Atha_Col-0_UdCC_FLT_BG3,0.34917272668308835,PRR7,OSD-17
AT5G24470,Atha_Col-0_UdCC_FLT_BG3,-0.41434192390576546,PRR5,OSD-17
AT5G61380,Atha_Col-0_UdCC_FLT_BG3,0.6427227291220307,TOC1,OSD-17
AT1G01060,Atha_Col-0_UdCC_GC_BB2,-0.9253379264270353,LHY,OSD-17
AT2G40080,Atha_Col-0_UdCC_GC_BB2,-0.025307463460018415,ELF4,OSD-17
AT2G42830,Atha_Col-0_UdCC_GC_BB2,-0.1576370177502016,PRR9,OSD-17
AT2G46830,Atha_Col-0_UdCC_GC_BB2,-0.046176727305382886,CCA1,OSD-17
AT3G09600,Atha_Col-0_UdCC_GC_BB2,0.8656645440912224,GI,OSD-17
AT3G09600,Atha_Col-0_UdCC_GC_BB2,1.0261853944757253,GI,OSD-17
AT3G26740,Atha_Col-0_UdCC_GC_BB2,-0.8335918802203759,ELF3,OSD-17
AT5G02810,Atha_Col-0_UdCC_GC_BB2,3.2926975502753733,PRR7,OSD-17
AT5G24470,Atha_Col-0_UdCC_GC_BB2,1.9236472403241338,PRR5,OSD-17
AT5G61380,Atha_Col-0_UdCC_GC_BB2,1.4218872330888854,TOC1,OSD-17
AT1G01060,Atha_Col-0_UdCC_GC_BB3,-0.28339874292801165,LHY,OSD-17
AT2G40080,Atha_Col-0_UdCC_GC_BB3,0.5216892752062307,ELF4,OSD-17
AT2G42830,Atha_Col-0_UdCC_GC_BB3,-0.5381038067586811,PRR9,OSD-17
AT2G46830,Atha_Col-0_UdCC_GC_BB3,0.6287740778128745,CCA1,OSD-17
AT3G09600,Atha_Col-0_UdCC_GC_BB3,0.9921690371110785,GI,OSD-17
AT3G09600,Atha_Col-0_UdCC_GC_BB3,-0.3518048004227251,GI,OSD-17
AT3G26740,Atha_Col-0_UdCC_GC_BB3,-0.8013800488663076,ELF3,OSD-17
AT5G02810,Atha_Col-0_UdCC_GC_BB3,0.02892086913442462,PRR7,OSD-17
AT5G24470,Atha_Col-0_UdCC_GC_BB3,-0.27726577754542936,PRR5,OSD-17
AT5G61380,Atha_Col-0_UdCC_GC_BB3,0.7918569409401625,TOC1,OSD-17
AT1G01060,Atha_Col-0_UdCC_GC_BB4,-0.672378653039893,LHY,OSD-17
AT2G40080,Atha_Col-0_UdCC_GC_BB4,-0.7481344250096126,ELF4,OSD-17
AT2G42830,Atha_Col-0_UdCC_GC_BB4,0.17390575883460874,PRR9,OSD-17
AT2G46830,Atha_Col-0_UdCC_GC_BB4,-0.35433394104278354,CCA1,OSD-17
AT3G09600,Atha_Col-0_UdCC_GC_BB4,2.605444076162047,GI,OSD-17
AT3G09600,Atha_Col-0_UdCC_GC_BB4,-1.1590158544403277,GI,OSD-17
AT3G26740,Atha_Col-0_UdCC_GC_BB4,-0.04614555103140849,ELF3,OSD-17
AT5G02810,Atha_Col-0_UdCC_GC_BB4,-0.301563256050016,PRR7,OSD-17
AT5G24470,Atha_Col-0_UdCC_GC_BB4,-0.4301616057116227,PRR5,OSD-17
AT5G61380,Atha_Col-0_UdCC_GC_BB4,-0.42859697474546865,TOC1,OSD-17
AT1G01060,Atha_Col-0_UdCC_GC_BB5,-0.48683737977137553,LHY,OSD-17
AT2G40080,Atha_Col-0_UdCC_GC_BB5,0.18869469751023982,ELF4,OSD-17
AT2G42830,Atha_Col-0_UdCC_GC_BB5,-0.9534107464158802,PRR9,OSD-17
AT2G46830,Atha_Col-0_UdCC_GC_BB5,0.7836588318606389,CCA1,OSD-17
AT3G09600,Atha_Col-0_UdCC_GC_BB5,1.1116691311755371,GI,OSD-17
AT3G09600,Atha_Col-0_UdCC_GC_BB5,0.7920552977343925,GI,OSD-17
AT3G26740,Atha_Col-0_UdCC_GC_BB5,0.3471112676724759,ELF3,OSD-17
AT5G02810,Atha_Col-0_UdCC_GC_BB5,-0.4420696549481851,PRR7,OSD-17
AT5G24470,Atha_Col-0_UdCC_GC_BB5,-0.6588086061363428,PRR5,OSD-17
AT5G61380,Atha_Col-0_UdCC_GC_BB5,0.851436094457638,TOC1,OSD-17
AT1G01060,Atha_Col-0_UdCC_GC_BG2,2.2634470033116436,LHY,OSD-17
AT2G40080,Atha_Col-0_UdCC_GC_BG2,0.19002261612146656,ELF4,OSD-17
AT2G42830,Atha_Col-0_UdCC_GC_BG2,-0.596255445787069,PRR9,OSD-17
AT2G46830,Atha_Col-0_UdCC_GC_BG2,1.0947222412815276,CCA1,OSD-17
AT3G09600,Atha_Col-0_UdCC_GC_BG2,-0.24964877431649954,GI,OSD-17
AT3G09600,Atha_Col-0_UdCC_GC_BG2,0.17195596669602403,GI,OSD-17
AT3G26740,Atha_Col-0_UdCC_GC_BG2,1.2050156995954637,ELF3,OSD-17
AT5G02810,Atha_Col-0_UdCC_GC_BG2,-0.5021681934858976,PRR7,OSD-17
AT5G24470,Atha_Col-0_UdCC_GC_BG2,-0.6227824645824013,PRR5,OSD-17
AT5G61380,Atha_Col-0_UdCC_GC_BG2,0.4198710507577235,TOC1,OSD-17
AT1G01060,Atha_Col-0_UdCC_GC_BG3,-0.0033822307087502668,LHY,OSD-17
AT2G40080,Atha_Col-0_UdCC_GC_BG3,-0.6887339691767314,ELF4,OSD-17
AT2G42830,Atha_Col-0_UdCC_GC_BG3,-0.7893857163282454,PRR9,OSD-17
AT2G46830,Atha_Col-0_UdCC_GC_BG3,-0.602241913329235,CCA1,OSD-17
AT3G09600,Atha_Col-0_UdCC_GC_BG3,0.5495310307758525,GI,OSD-17
AT3G09600,Atha_Col-0_UdCC_GC_BG3,-1.5404219975484965,GI,OSD-17
AT3G26740,Atha_Col-0_UdCC_GC_BG3,-0.28361747842328183,ELF3,OSD-17
AT5G02810,Atha_Col-0_UdCC_GC_BG3,0.3589026737675541,PRR7,OSD-17
AT5G24470,Atha_Col-0_UdCC_GC_BG3,-0.5431392382127825,PRR5,OSD-17
AT5G61380,Atha_Col-0_UdCC_GC_BG3,0.672945079933358,TOC1,OSD-17
AT1G01060,Atha_Ws-2_sl-pool_FLT_Rep1_R1-FL-C1,1.4067305232229879,LHY,OSD-37
AT1G75530,Atha_Ws-2_sl-pool_FLT_Rep1_R1-FL-C1,-0.023707904408350935,LUX,OSD-37
AT2G40080,Atha_Ws-2_sl-pool_FLT_Rep1_R1-FL-C1,-0.048889354729807724,ELF4,OSD-37
AT2G42830,Atha_Ws-2_sl-pool_FLT_Rep1_R1-FL-C1,-0.8020332958521557,PRR9,OSD-37
AT2G46830,Atha_Ws-2_sl-pool_FLT_Rep1_R1-FL-C1,0.9259218033975156,CCA1,OSD-37
AT3G09600,Atha_Ws-2_sl-pool_FLT_Rep1_R1-FL-C1,-0.07158061291822485,GI,OSD-37
AT3G26740,Atha_Ws-2_sl-pool_FLT_Rep1_R1-FL-C1,0.7864097683360345,ELF3,OSD-37
AT3G46640,Atha_Ws-2_sl-pool_FLT_Rep1_R1-FL-C1,0.5420969780457812,TIC,OSD-37
AT5G02810,Atha_Ws-2_sl-pool_FLT_Rep1_R1-FL-C1,-0.3853128188699913,PRR7,OSD-37
AT5G24470,Atha_Ws-2_sl-pool_FLT_Rep1_R1-FL-C1,0.2987911466903656,PRR5,OSD-37
AT5G61380,Atha_Ws-2_sl-pool_FLT_Rep1_R1-FL-C1,-0.21040962242630443,TOC1,OSD-37
AT1G01060,Atha_Ler-0_sl-pool_FLT_Rep1_R1-FL-C2,-0.9218833351170628,LHY,OSD-37
AT1G75530,Atha_Ler-0_sl-pool_FLT_Rep1_R1-FL-C2,-0.5389072310335424,LUX,OSD-37
AT2G40080,Atha_Ler-0_sl-pool_FLT_Rep1_R1-FL-C2,0.8274611394459305,ELF4,OSD-37
AT2G42830,Atha_Ler-0_sl-pool_FLT_Rep1_R1-FL-C2,0.8491263920255643,PRR9,OSD-37
AT2G46830,Atha_Ler-0_sl-pool_FLT_Rep1_R1-FL-C2,-0.4781667886989221,CCA1,OSD-37
AT3G09600,Atha_Ler-0_sl-pool_FLT_Rep1_R1-FL-C2,1.4915391317050721,GI,OSD-37
AT3G26740,Atha_Ler-0_sl-pool_FLT_Rep1_R1-FL-C2,-0.22209374113278574,ELF3,OSD-37
AT3G46640,Atha_Ler-0_sl-pool_FLT_Rep1_R1-FL-C2,0.5730770124019584,TIC,OSD-37
AT5G02810,Atha_Ler-0_sl-pool_FLT_Rep1_R1-FL-C2,0.9209528333240435,PRR7,OSD-37
AT5G24470,Atha_Ler-0_sl-pool_FLT_Rep1_R1-FL-C2,-0.2499972490939447,PRR5,OSD-37
AT5G61380,Atha_Ler-0_sl-pool_FLT_Rep1_R1-FL-C2,-0.9627593252026974,TOC1,OSD-37
AT1G01060,Atha_Cvi-0_sl-pool_FLT_Rep1_R1-FL-C3,1.0335782228217412,LHY,OSD-37
AT1G75530,Atha_Cvi-0_sl-pool_FLT_Rep1_R1-FL-C3,2.845812707069845,LUX,OSD-37
AT2G40080,Atha_Cvi-0_sl-pool_FLT_Rep1_R1-FL-C3,-0.12535678764857056,ELF4,OSD-37
AT2G42830,Atha_Cvi-0_sl-pool_FLT_Rep1_R1-FL-C3,0.3179156628268878,PRR9,OSD-37
AT2G46830,Atha_Cvi-0_sl-pool_FLT_Rep1_R1-FL-C3,0.03990114810372822,CCA1,OSD-37
AT3G09600,Atha_Cvi-0_sl-pool_FLT_Rep1_R1-FL-C3,0.10213725307890704,GI,OSD-37
AT3G26740,Atha_Cvi-0_sl-pool_FLT_Rep1_R1-FL-C3,-0.04019707669261633,ELF3,OSD-37
AT3G46640,Atha_Cvi-0_sl-pool_FLT_Rep1_R1-FL-C3,0.2929306402712544,TIC,OSD-37
AT5G02810,Atha_Cvi-0_sl-pool_FLT_Rep1_R1-FL-C3,-0.7631904332697822,PRR7,OSD-37
AT5G24470,Atha_Cvi-0_sl-pool_FLT_Rep1_R1-FL-C3,-0.1649787380089298,PRR5,OSD-37
AT5G61380,Atha_Cvi-0_sl-pool_FLT_Rep1_R1-FL-C3,-0.5887372189801484,TOC1,OSD-37
AT1G01060,Atha_Ws-2_sl-pool_FLT_Rep2_R1-FL-C4,-0.28803073217964653,LHY,OSD-37
AT1G75530,Atha_Ws-2_sl-pool_FLT_Rep2_R1-FL-C4,-0.6990069910494591,LUX,OSD-37
AT2G40080,Atha_Ws-2_sl-pool_FLT_Rep2_R1-FL-C4,-0.8743146251280185,ELF4,OSD-37
AT2G42830,Atha_Ws-2_sl-pool_FLT_Rep2_R1-FL-C4,-0.8020332958521557,PRR9,OSD-37
AT2G46830,Atha_Ws-2_sl-pool_FLT_Rep2_R1-FL-C4,0.7757690932909311,CCA1,OSD-37
AT3G09600,Atha_Ws-2_sl-pool_FLT_Rep2_R1-FL-C4,-1.0284731390640436,GI,OSD-37
AT3G26740,Atha_Ws-2_sl-pool_FLT_Rep2_R1-FL-C4,-0.12992741413556996,ELF3,OSD-37
AT3G46640,Atha_Ws-2_sl-pool_FLT_Rep2_R1-FL-C4,0.4410754467456528,TIC,OSD-37
AT5G02810,Atha_Ws-2_sl-pool_FLT_Rep2_R1-FL-C4,0.014884416181323716,PRR7,OSD-37
AT5G24470,Atha_Ws-2_sl-pool_FLT_Rep2_R1-FL-C4,0.5416144731348194,PRR5,OSD-37
AT5G61380,Atha_Ws-2_sl-pool_FLT_Rep2_R1-FL-C4,-0.7946457928360988,TOC1,OSD-37
AT1G01060,Atha_Ler-0_sl-pool_FLT_Rep2_R1-FL-C5,0.32938525678761843,LHY,OSD-37
AT1G75530,Atha_Ler-0_sl-pool_FLT_Rep2_R1-FL-C5,0.9601491715260099,LUX,OSD-37
AT2G40080,Atha_Ler-0_sl-pool_FLT_Rep2_R1-FL-C5,0.7803426712771007,ELF4,OSD-37
AT2G42830,Atha_Ler-0_sl-pool_FLT_Rep2_R1-FL-C5,-0.8020332958521557,PRR9,OSD-37
AT2G46830,Atha_Ler-0_sl-pool_FLT_Rep2_R1-FL-C5,0.21618084490979747,CCA1,OSD-37
AT3G09600,Atha_Ler-0_sl-pool_FLT_Rep2_R1-FL-C5,1.2477040197426246,GI,OSD-37
AT3G26740,Atha_Ler-0_sl-pool_FLT_Rep2_R1-FL-C5,-0.35620526118475415,ELF3,OSD-37
AT3G46640,Atha_Ler-0_sl-pool_FLT_Rep2_R1-FL-C5,0.8757666294458104,TIC,OSD-37
AT5G02810,Atha_Ler-0_sl-pool_FLT_Rep2_R1-FL-C5,0.9779421755991573,PRR7,OSD-37
AT5G24470,Atha_Ler-0_sl-pool_FLT_Rep2_R1-FL-C5,-0.37474161314484244,PRR5,OSD-37
AT5G61380,Atha_Ler-0_sl-pool_FLT_Rep2_R1-FL-C5,-0.8232966902951835,TOC1,OSD-37
AT1G01060,Atha_Ws-2_sl-pool_FLT_Rep3_R1-FL-D1,-0.4346451772264148,LHY,OSD-37
AT1G75530,Atha_Ws-2_sl-pool_FLT_Rep3_R1-FL-D1,-0.6990069910494591,LUX,OSD-37
AT2G40080,Atha_Ws-2_sl-pool_FLT_Rep3_R1-FL-D1,0.12848299777376262,ELF4,OSD-37
AT2G42830,Atha_Ws-2_sl-pool_FLT_Rep3_R1-FL-D1,-0.8020332958521557,PRR9,OSD-37
AT2G46830,Atha_Ws-2_sl-pool_FLT_Rep3_R1-FL-D1,0.12258473578311375,CCA1,OSD-37
AT3G09600,Atha_Ws-2_sl-pool_FLT_Rep3_R1-FL-D1,-0.7945130257878782,GI,OSD-37
AT3G26740,Atha_Ws-2_sl-pool_FLT_Rep3_R1-FL-D1,-0.5011335425150674,ELF3,OSD-37
AT3G46640,Atha_Ws-2_sl-pool_FLT_Rep3_R1-FL-D1,0.6958062367202081,TIC,OSD-37
AT5G02810,Atha_Ws-2_sl-pool_FLT_Rep3_R1-FL-D1,0.20208954129797746,PRR7,OSD-37
AT5G24470,Atha_Ws-2_sl-pool_FLT_Rep3_R1-FL-D1,-0.14379210717890983,PRR5,OSD-37
AT5G61380,Atha_Ws-2_sl-pool_FLT_Rep3_R1-FL-D1,0.39843426683851163,TOC1,OSD-37
AT1G01060,Atha_Cvi-0_sl-pool_FLT_Rep2_R1-FL-D2,2.6646800791188374,LHY,OSD-37
AT1G75530,Atha_Cvi-0_sl-pool_FLT_Rep2_R1-FL-D2,2.5058751018263763,LUX,OSD-37
AT2G40080,Atha_Cvi-0_sl-pool_FLT_Rep2_R1-FL-D2,-0.3955705105447821,ELF4,OSD-37
AT2G42830,Atha_Cvi-0_sl-pool_FLT_Rep2_R1-FL-D2,1.8294699287193348,PRR9,OSD-37
AT2G46830,Atha_Cvi-0_sl-pool_FLT_Rep2_R1-FL-D2,-0.6491426237508433,CCA1,OSD-37
AT3G09600,Atha_Cvi-0_sl-pool_FLT_Rep2_R1-FL-D2,0.16410044648223615,GI,OSD-37
AT3G26740,Atha_Cvi-0_sl-pool_FLT_Rep2_R1-FL-D2,0.07305006306893926,ELF3,OSD-37
AT3G46640,Atha_Cvi-0_sl-pool_FLT_Rep2_R1-FL-D2,-0.23051584813895415,TIC,OSD-37
AT5G02810,Atha_Cvi-0_sl-pool_FLT_Rep2_R1-FL-D2,-0.7922015457064574,PRR7,OSD-37
AT5G24470,Atha_Cvi-0_sl-pool_FLT_Rep2_R1-FL-D2,-1.2596649895170113,PRR5,OSD-37
AT5G61380,Atha_Cvi-0_sl-pool_FLT_Rep2_R1-FL-D2,-0.7586658548268927,TOC1,OSD-37
AT1G01060,Atha_Ler-0_sl-pool_FLT_Rep3_R1-FL-D3,0.4249966255043765,LHY,OSD-37
AT1G75530,Atha_Ler-0_sl-pool_FLT_Rep3_R1-FL-D3,0.032604498887681674,LUX,OSD-37
AT2G40080,Atha_Ler-0_sl-pool_FLT_Rep3_R1-FL-D3,1.4124854166752088,ELF4,OSD-37
AT2G42830,Atha_Ler-0_sl-pool_FLT_Rep3_R1-FL-D3,-0.44191134186841685,PRR9,OSD-37
AT2G46830,Atha_Ler-0_sl-pool_FLT_Rep3_R1-FL-D3,1.6830873450336161,CCA1,OSD-37
AT3G09600,Atha_Ler-0_sl-pool_FLT_Rep3_R1-FL-D3,-0.039656216716037376,GI,OSD-37
AT3G26740,Atha_Ler-0_sl-pool_FLT_Rep3_R1-FL-D3,0.5549123096210417,ELF3,OSD-37
AT3G46640,Atha_Ler-0_sl-pool_FLT_Rep3_R1-FL-D3,0.9408015166015024,TIC,OSD-37
AT5G02810,Atha_Ler-0_sl-pool_FLT_Rep3_R1-FL-D3,1.3887302777081685,PRR7,OSD-37
AT5G24470,Atha_Ler-0_sl-pool_FLT_Rep3_R1-FL-D3,1.8984627502747722,PRR5,OSD-37
AT5G61380,Atha_Ler-0_sl-pool_FLT_Rep3_R1-FL-D3,0.6371718900979104,TOC1,OSD-37
AT1G01060,Atha_Ws-2_sl-pool_FLT_Rep4_R1-FL-D4,0.8414197809132381,LHY,OSD-37
AT1G75530,Atha_Ws-2_sl-pool_FLT_Rep4_R1-FL-D4,-0.6990069910494591,LUX,OSD-37
AT2G40080,Atha_Ws-2_sl-pool_FLT_Rep4_R1-FL-D4,0.6740723519239786,ELF4,OSD-37
AT2G42830,Atha_Ws-2_sl-pool_FLT_Rep4_R1-FL-D4,-0.20197199423969978,PRR9,OSD-37
AT2G46830,Atha_Ws-2_sl-pool_FLT_Rep4_R1-FL-D4,0.6475204031533889,CCA1,OSD-37
AT3G09600,Atha_Ws-2_sl-pool_FLT_Rep4_R1-FL-D4,0.4224282919637233,GI,OSD-37
AT3G26740,Atha_Ws-2_sl-pool_FLT_Rep4_R1-FL-D4,-0.06516930644090879,ELF3,OSD-37
AT3G46640,Atha_Ws-2_sl-pool_FLT_Rep4_R1-FL-D4,1.2698198597534058,TIC,OSD-37
AT5G02810,Atha_Ws-2_sl-pool_FLT_Rep4_R1-FL-D4,-0.210850221074735,PRR7,OSD-37
AT5G24470,Atha_Ws-2_sl-pool_FLT_Rep4_R1-FL-D4,-0.20196794727130074,PRR5,OSD-37
AT5G61380,Atha_Ws-2_sl-pool_FLT_Rep4_R1-FL-D4,-0.27038740761848495,TOC1,OSD-37
AT1G01060,Atha_Cvi-0_sl-pool_FLT_Rep3_R1-FL-D5,0.13676497632156956,LHY,OSD-37
AT1G75530,Atha_Cvi-0_sl-pool_FLT_Rep3_R1-FL-D5,0.0973250316038006,LUX,OSD-37
AT2G40080,Atha_Cvi-0_sl-pool_FLT_Rep3_R1-FL-D5,0.9235569851404762,ELF4,OSD-37
AT2G42830,Atha_Cvi-0_sl-pool_FLT_Rep3_R1-FL-D5,1.5503925697882874,PRR9,OSD-37
AT2G46830,Atha_Cvi-0_sl-pool_FLT_Rep3_R1-FL-D5,-0.54852744077721,CCA1,OSD-37
AT3G09600,Atha_Cvi-0_sl-pool_FLT_Rep3_R1-FL-D5,0.09196212461809766,GI,OSD-37
AT3G26740,Atha_Cvi-0_sl-pool_FLT_Rep3_R1-FL-D5,-0.20643538464585875,ELF3,OSD-37
AT3G46640,Atha_Cvi-0_sl-pool_FLT_Rep3_R1-FL-D5,-0.10268947635777272,TIC,OSD-37
AT5G02810,Atha_Cvi-0_sl-pool_FLT_Rep3_R1-FL-D5,-0.6450538207649066,PRR7,OSD-37
AT5G24470,Atha_Cvi-0_sl-pool_FLT_Rep3_R1-FL-D5,-0.18977760689091727,PRR5,OSD-37
AT5G61380,Atha_Cvi-0_sl-pool_FLT_Rep3_R1-FL-D5,-0.9215572205454052,TOC1,OSD-37
AT1G01060,Atha_Ws-2_sl-pool_GC_Rep1_R1-GC-C1,0.12931492825281324,LHY,OSD-37
AT1G75530,Atha_Ws-2_sl-pool_GC_Rep1_R1-GC-C1,-0.6990069910494591,LUX,OSD-37
AT2G40080,Atha_Ws-2_sl-pool_GC_Rep1_R1-GC-C1,-0.34312084428340756,ELF4,OSD-37
AT2G42830,Atha_Ws-2_sl-pool_GC_Rep1_R1-GC-C1,-0.8020332958521557,PRR9,OSD-37
AT2G46830,Atha_Ws-2_sl-pool_GC_Rep1_R1-GC-C1,-0.3913156974068911,CCA1,OSD-37
AT3G09600,Atha_Ws-2_sl-pool_GC_Rep1_R1-GC-C1,-0.643275965825225,GI,OSD-37
AT3G26740,Atha_Ws-2_sl-pool_GC_Rep1_R1-GC-C1,-0.844753137742437,ELF3,OSD-37
AT3G46640,Atha_Ws-2_sl-pool_GC_Rep1_R1-GC-C1,0.4698446641926221,TIC,OSD-37
AT5G02810,Atha_Ws-2_sl-pool_GC_Rep1_R1-GC-C1,-0.2934848965087324,PRR7,OSD-37
AT5G24470,Atha_Ws-2_sl-pool_GC_Rep1_R1-GC-C1,-0.7397702448462664,PRR5,OSD-37
AT5G61380,Atha_Ws-2_sl-pool_GC_Rep1_R1-GC-C1,0.2545837637009835,TOC1,OSD-37
AT1G01060,Atha_Ler-0_sl-pool_GC_Rep1_R1-GC-C2,-0.9722000928139836,LHY,OSD-37
AT1G75530,Atha_Ler-0_sl-pool_GC_Rep1_R1-GC-C2,-0.3041194092203735,LUX,OSD-37
AT2G40080,Atha_Ler-0_sl-pool_GC_Rep1_R1-GC-C2,-0.41667147011003314,ELF4,OSD-37
AT2G42830,Atha_Ler-0_sl-pool_GC_Rep1_R1-GC-C2,-0.5449350155120859,PRR9,OSD-37
AT2G46830,Atha_Ler-0_sl-pool_GC_Rep1_R1-GC-C2,-0.640406018298441,CCA1,OSD-37
AT3G09600,Atha_Ler-0_sl-pool_GC_Rep1_R1-GC-C2,-0.36515481357136065,GI,OSD-37
AT3G26740,Atha_Ler-0_sl-pool_GC_Rep1_R1-GC-C2,-0.33230161067890485,ELF3,OSD-37
AT3G46640,Atha_Ler-0_sl-pool_GC_Rep1_R1-GC-C2,0.3187037216395741,TIC,OSD-37
AT5G02810,Atha_Ler-0_sl-pool_GC_Rep1_R1-GC-C2,-1.1708418722583673,PRR7,OSD-37
AT5G24470,Atha_Ler-0_sl-pool_GC_Rep1_R1-GC-C2,-0.7595035225640171,PRR5,OSD-37
AT5G61380,Atha_Ler-0_sl-pool_GC_Rep1_R1-GC-C2,0.479415070738042,TOC1,OSD-37
AT1G01060,Atha_Cvi-0_sl-pool_GC_Rep1_R1-GC-C3,-0.9663475010395172,LHY,OSD-37
AT1G75530,Atha_Cvi-0_sl-pool_GC_Rep1_R1-GC-C3,-0.3201819568960034,LUX,OSD-37
AT2G40080,Atha_Cvi-0_sl-pool_GC_Rep1_R1-GC-C3,-0.40430154777873323,ELF4,OSD-37
AT2G42830,Atha_Cvi-0_sl-pool_GC_Rep1_R1-GC-C3,2.8327143205830714,PRR9,OSD-37
AT2G46830,Atha_Cvi-0_sl-pool_GC_Rep1_R1-GC-C3,-1.1967562233922842,CCA1,OSD-37
AT3G09600,Atha_Cvi-0_sl-pool_GC_Rep1_R1-GC-C3,-0.4216981367440786,GI,OSD-37
AT3G26740,Atha_Cvi-0_sl-pool_GC_Rep1_R1-GC-C3,-0.7399951510674221,ELF3,OSD-37
AT3G46640,Atha_Cvi-0_sl-pool_GC_Rep1_R1-GC-C3,0.22832184474822162,TIC,OSD-37
AT5G02810,Atha_Cvi-0_sl-pool_GC_Rep1_R1-GC-C3,0.7964281580317143,PRR7,OSD-37
AT5G24470,Atha_Cvi-0_sl-pool_GC_Rep1_R1-GC-C3,-0.23384423079367386,PRR5,OSD-37
AT5G61380,Atha_Cvi-0_sl-pool_GC_Rep1_R1-GC-C3,0.9236529717924371,TOC1,OSD-37
AT1G01060,Atha_Ws-2_sl-pool_GC_Rep2_R1-GC-C4,-0.13806838745299174,LHY,OSD-37
AT1G75530,Atha_Ws-2_sl-pool_GC_Rep2_R1-GC-C4,-0.45787854289836283,LUX,OSD-37
AT2G40080,Atha_Ws-2_sl-pool_GC_Rep2_R1-GC-C4,-0.7545353553083343,ELF4,OSD-37
AT2G42830,Atha_Ws-2_sl-pool_GC_Rep2_R1-GC-C4,-0.8020332958521557,PRR9,OSD-37
AT2G46830,Atha_Ws-2_sl-pool_GC_Rep2_R1-GC-C4,-0.5688946157164473,CCA1,OSD-37
AT3G09600,Atha_Ws-2_sl-pool_GC_Rep2_R1-GC-C4,0.49748109431098014,GI,OSD-37
AT3G26740,Atha_Ws-2_sl-pool_GC_Rep2_R1-GC-C4,-0.5184358777009058,ELF3,OSD-37
AT3G46640,Atha_Ws-2_sl-pool_GC_Rep2_R1-GC-C4,0.04355025407646886,TIC,OSD-37
AT5G02810,Atha_Ws-2_sl-pool_GC_Rep2_R1-GC-C4,-0.3365587185308409,PRR7,OSD-37
AT5G24470,Atha_Ws-2_sl-pool_GC_Rep2_R1-GC-C4,-0.7345847512101323,PRR5,OSD-37
AT5G61380,Atha_Ws-2_sl-pool_GC_Rep2_R1-GC-C4,-1.038872671154448,TOC1,OSD-37
AT1G01060,Atha_Ler-0_sl-pool_GC_Rep2_R1-GC-C5,-1.9003317026132085,LHY,OSD-37
AT1G75530,Atha_Ler-0_sl-pool_GC_Rep2_R1-GC-C5,-0.006061408061954438,LUX,OSD-37
AT2G40080,Atha_Ler-0_sl-pool_GC_Rep2_R1-GC-C5,0.49837903360120783,ELF4,OSD-37
AT2G42830,Atha_Ler-0_sl-pool_GC_Rep2_R1-GC-C5,0.220184801109575,PRR9,OSD-37
AT2G46830,Atha_Ler-0_sl-pool_GC_Rep2_R1-GC-C5,-1.4358179903252382,CCA1,OSD-37
AT3G09600,Atha_Ler-0_sl-pool_GC_Rep2_R1-GC-C5,0.056213728414992385,GI,OSD-37
AT3G26740,Atha_Ler-0_sl-pool_GC_Rep2_R1-GC-C5,-1.3386527599148332,ELF3,OSD-37
AT3G46640,Atha_Ler-0_sl-pool_GC_Rep2_R1-GC-C5,0.8908324544522855,TIC,OSD-37
AT5G02810,Atha_Ler-0_sl-pool_GC_Rep2_R1-GC-C5,0.20813991460853254,PRR7,OSD-37
AT5G24470,Atha_Ler-0_sl-pool_GC_Rep2_R1-GC-C5,-0.612860237608625,PRR5,OSD-37
AT5G61380,Atha_Ler-0_sl-pool_GC_Rep2_R1-GC-C5,-0.2882611297705852,TOC1,OSD-37
AT1G01060,Atha_Ws-2_sl-pool_GC_Rep3_R1-GC-D1,0.9868030287914686,LHY,OSD-37
AT1G75530,Atha_Ws-2_sl-pool_GC_Rep3_R1-GC-D1,-0.265780168788064,LUX,OSD-37
AT2G40080,Atha_Ws-2_sl-pool_GC_Rep3_R1-GC-D1,-0.7473455867899755,ELF4,OSD-37
AT2G42830,Atha_Ws-2_sl-pool_GC_Rep3_R1-GC-D1,-0.8020332958521557,PRR9,OSD-37
AT2G46830,Atha_Ws-2_sl-pool_GC_Rep3_R1-GC-D1,-0.48689930056217245,CCA1,OSD-37
AT3G09600,Atha_Ws-2_sl-pool_GC_Rep3_R1-GC-D1,0.6806527581379002,GI,OSD-37
AT3G26740,Atha_Ws-2_sl-pool_GC_Rep3_R1-GC-D1,-0.6907908987815191,ELF3,OSD-37
AT3G46640,Atha_Ws-2_sl-pool_GC_Rep3_R1-GC-D1,-0.43480321832274327,TIC,OSD-37
AT5G02810,Atha_Ws-2_sl-pool_GC_Rep3_R1-GC-D1,-0.8181305620609042,PRR7,OSD-37
AT5G24470,Atha_Ws-2_sl-pool_GC_Rep3_R1-GC-D1,-0.5980939220646103,PRR5,OSD-37
AT5G61380,Atha_Ws-2_sl-pool_GC_Rep3_R1-GC-D1,-0.9893994049366535,TOC1,OSD-37
AT1G01060,Atha_Cvi-0_sl-pool_GC_Rep2_R1-GC-D2,-0.9234148979589827,LHY,OSD-37
AT1G75530,Atha_Cvi-0_sl-pool_GC_Rep2_R1-GC-D2,0.11143311304086406,LUX,OSD-37
AT2G40080,Atha_Cvi-0_sl-pool_GC_Rep2_R1-GC-D2,-0.2745770488993919,ELF4,OSD-37
AT2G42830,Atha_Cvi-0_sl-pool_GC_Rep2_R1-GC-D2,1.0515718125609825,PRR9,OSD-37
AT2G46830,Atha_Cvi-0_sl-pool_GC_Rep2_R1-GC-D2,-1.4148546228436794,CCA1,OSD-37
AT3G09600,Atha_Cvi-0_sl-pool_GC_Rep2_R1-GC-D2,0.050173426949710845,GI,OSD-37
AT3G26740,Atha_Cvi-0_sl-pool_GC_Rep2_R1-GC-D2,-0.4040636507916471,ELF3,OSD-37
AT3G46640,Atha_Cvi-0_sl-pool_GC_Rep2_R1-GC-D2,0.30736910758901653,TIC,OSD-37
AT5G02810,Atha_Cvi-0_sl-pool_GC_Rep2_R1-GC-D2,0.18701901398375104,PRR7,OSD-37
AT5G24470,Atha_Cvi-0_sl-pool_GC_Rep2_R1-GC-D2,-0.3313877352542961,PRR5,OSD-37
AT5G61380,Atha_Cvi-0_sl-pool_GC_Rep2_R1-GC-D2,-0.5423693060328891,TOC1,OSD-37
AT1G01060,Atha_Ler-0_sl-pool_GC_Rep3_R1-GC-D3,-0.743538265639439,LHY,OSD-37
AT1G75530,Atha_Ler-0_sl-pool_GC_Rep3_R1-GC-D3,0.7470442394846732,LUX,OSD-37
AT2G40080,Atha_Ler-0_sl-pool_GC_Rep3_R1-GC-D3,0.08946286865463168,ELF4,OSD-37
AT2G42830,Atha_Ler-0_sl-pool_GC_Rep3_R1-GC-D3,-0.8020332958521557,PRR9,OSD-37
AT2G46830,Atha_Ler-0_sl-pool_GC_Rep3_R1-GC-D3,-1.2133895516257864,CCA1,OSD-37
AT3G09600,Atha_Ler-0_sl-pool_GC_Rep3_R1-GC-D3,0.8063625351000404,GI,OSD-37
AT3G26740,Atha_Ler-0_sl-pool_GC_Rep3_R1-GC-D3,-0.8426548363709103,ELF3,OSD-37
AT3G46640,Atha_Ler-0_sl-pool_GC_Rep3_R1-GC-D3,0.01491024389432828,TIC,OSD-37
AT5G02810,Atha_Ler-0_sl-pool_GC_Rep3_R1-GC-D3,0.538604631701634,PRR7,OSD-37
AT5G24470,Atha_Ler-0_sl-pool_GC_Rep3_R1-GC-D3,-0.6032122460501385,PRR5,OSD-37
AT5G61380,Atha_Ler-0_sl-pool_GC_Rep3_R1-GC-D3,-1.0159724440059195,TOC1,OSD-37
AT1G01060,Atha_Ws-2_sl-pool_GC_Rep4_R1-GC-D4,-0.09545809824366726,LHY,OSD-37
AT1G75530,Atha_Ws-2_sl-pool_GC_Rep4_R1-GC-D4,-0.6990069910494591,LUX,OSD-37
AT2G40080,Atha_Ws-2_sl-pool_GC_Rep4_R1-GC-D4,-0.3355223653208461,ELF4,OSD-37
AT2G42830,Atha_Ws-2_sl-pool_GC_Rep4_R1-GC-D4,-0.8020332958521557,PRR9,OSD-37
AT2G46830,Atha_Ws-2_sl-pool_GC_Rep4_R1-GC-D4,-0.31110578243901954,CCA1,OSD-37
AT3G09600,Atha_Ws-2_sl-pool_GC_Rep4_R1-GC-D4,-0.8853071345730165,GI,OSD-37
AT3G26740,Atha_Ws-2_sl-pool_GC_Rep4_R1-GC-D4,0.3357284154555868,ELF3,OSD-37
AT3G46640,Atha_Ws-2_sl-pool_GC_Rep4_R1-GC-D4,0.5319326518146711,TIC,OSD-37
AT5G02810,Atha_Ws-2_sl-pool_GC_Rep4_R1-GC-D4,-0.574834435245784,PRR7,OSD-37
AT5G24470,Atha_Ws-2_sl-pool_GC_Rep4_R1-GC-D4,0.03865241435203605,PRR5,OSD-37
AT5G61380,Atha_Ws-2_sl-pool_GC_Rep4_R1-GC-D4,0.3465861508520717,TOC1,OSD-37
AT1G01060,Atha_Cvi-0_sl-pool_GC_Rep3_R1-GC-D5,-1.314805938348027,LHY,OSD-37
AT1G75530,Atha_Cvi-0_sl-pool_GC_Rep3_R1-GC-D5,-0.46969209468926976,LUX,OSD-37
AT2G40080,Atha_Cvi-0_sl-pool_GC_Rep3_R1-GC-D5,-0.6231769344696438,ELF4,OSD-37
AT2G42830,Atha_Cvi-0_sl-pool_GC_Rep3_R1-GC-D5,0.6874765173880649,PRR9,OSD-37
AT2G46830,Atha_Cvi-0_sl-pool_GC_Rep3_R1-GC-D5,-1.3501591074946222,CCA1,OSD-37
AT3G09600,Atha_Cvi-0_sl-pool_GC_Rep3_R1-GC-D5,-0.35690505072132317,GI,OSD-37
AT3G26740,Atha_Cvi-0_sl-pool_GC_Rep3_R1-GC-D5,-0.8946344126314149,ELF3,OSD-37
AT3G46640,Atha_Cvi-0_sl-pool_GC_Rep3_R1-GC-D5,-0.14847342998616786,TIC,OSD-37
AT5G02810,Atha_Cvi-0_sl-pool_GC_Rep3_R1-GC-D5,0.601292324535392,PRR7,OSD-37
AT5G24470,Atha_Cvi-0_sl-pool_GC_Rep3_R1-GC-D5,-0.47663697454478293,PRR5,OSD-37
AT5G61380,Atha_Cvi-0_sl-pool_GC_Rep3_R1-GC-D5,-0.007697031810723852,TOC1,OSD-37
AT1G01060,Atha_Ws-2_sl-pool_FLT_Rep5_R2-FL-C1,1.2001973909305539,LHY,OSD-37
AT1G75530,Atha_Ws-2_sl-pool_FLT_Rep5_R2-FL-C1,1.0917933666357391,LUX,OSD-37
AT2G40080,Atha_Ws-2_sl-pool_FLT_Rep5_R2-FL-C1,-0.840232955793067,ELF4,OSD-37
AT2G42830,Atha_Ws-2_sl-pool_FLT_Rep5_R2-FL-C1,-0.8020332958521557,PRR9,OSD-37
AT2G46830,Atha_Ws-2_sl-pool_FLT_Rep5_R2-FL-C1,1.4976329831020392,CCA1,OSD-37
AT3G09600,Atha_Ws-2_sl-pool_FLT_Rep5_R2-FL-C1,-1.0338811679069444,GI,OSD-37
AT3G26740,Atha_Ws-2_sl-pool_FLT_Rep5_R2-FL-C1,0.7350944690241091,ELF3,OSD-37
AT3G46640,Atha_Ws-2_sl-pool_FLT_Rep5_R2-FL-C1,-1.658629570881297,TIC,OSD-37
AT5G02810,Atha_Ws-2_sl-pool_FLT_Rep5_R2-FL-C1,-1.8165537929454734,PRR7,OSD-37
AT5G24470,Atha_Ws-2_sl-pool_FLT_Rep5_R2-FL-C1,-0.6516373079123061,PRR5,OSD-37
AT5G61380,Atha_Ws-2_sl-pool_FLT_Rep5_R2-FL-C1,-0.6854382250327093,TOC1,OSD-37
AT1G01060,Atha_Ler-0_sl-pool_FLT_Rep4_R2-FL-C2,-0.961028492604219,LHY,OSD-37
AT1G75530,Atha_Ler-0_sl-pool_FLT_Rep4_R2-FL-C2,0.15540263849977903,LUX,OSD-37
AT2G40080,Atha_Ler-0_sl-pool_FLT_Rep4_R2-FL-C2,-1.554623370665269,ELF4,OSD-37
AT2G42830,Atha_Ler-0_sl-pool_FLT_Rep4_R2-FL-C2,0.4503723957451492,PRR9,OSD-37
AT2G46830,Atha_Ler-0_sl-pool_FLT_Rep4_R2-FL-C2,0.2735158582788227,CCA1,OSD-37
AT3G09600,Atha_Ler-0_sl-pool_FLT_Rep4_R2-FL-C2,-0.7258179875545525,GI,OSD-37
AT3G26740,Atha_Ler-0_sl-pool_FLT_Rep4_R2-FL-C2,-0.7710654819503574,ELF3,OSD-37
AT3G46640,Atha_Ler-0_sl-pool_FLT_Rep4_R2-FL-C2,0.3373394147261851,TIC,OSD-37
AT5G02810,Atha_Ler-0_sl-pool_FLT_Rep4_R2-FL-C2,-0.0025209047639987167,PRR7,OSD-37
AT5G24470,Atha_Ler-0_sl-pool_FLT_Rep4_R2-FL-C2,-0.8611364362255629,PRR5,OSD-37
AT5G61380,Atha_Ler-0_sl-pool_FLT_Rep4_R2-FL-C2,-1.7442140794561911,TOC1,OSD-37
AT1G01060,Atha_Cvi-0_sl-pool_FLT_Rep4_R2-FL-C3,0.6197342892653168,LHY,OSD-37
AT1G75530,Atha_Cvi-0_sl-pool_FLT_Rep4_R2-FL-C3,1.451088591211875,LUX,OSD-37
AT2G40080,Atha_Cvi-0_sl-pool_FLT_Rep4_R2-FL-C3,-0.3154436991245394,ELF4,OSD-37
AT2G42830,Atha_Cvi-0_sl-pool_FLT_Rep4_R2-FL-C3,1.5892701588876526,PRR9,OSD-37
AT2G46830,Atha_Cvi-0_sl-pool_FLT_Rep4_R2-FL-C3,0.051306231211387485,CCA1,OSD-37
AT3G09600,Atha_Cvi-0_sl-pool_FLT_Rep4_R2-FL-C3,-0.19632901881870796,GI,OSD-37
AT3G26740,Atha_Cvi-0_sl-pool_FLT_Rep4_R2-FL-C3,-0.20716352624374032,ELF3,OSD-37
AT3G46640,Atha_Cvi-0_sl-pool_FLT_Rep4_R2-FL-C3,-0.1909882318128752,TIC,OSD-37
AT5G02810,Atha_Cvi-0_sl-pool_FLT_Rep4_R2-FL-C3,-0.8024871480115128,PRR7,OSD-37
AT5G24470,Atha_Cvi-0_sl-pool_FLT_Rep4_R2-FL-C3,-0.5930205839020498,PRR5,OSD-37
AT5G61380,Atha_Cvi-0_sl-pool_FLT_Rep4_R2-FL-C3,-0.5527643631499707,TOC1,OSD-37
AT1G01060,Atha_Ws-2_sl-pool_FLT_Rep6_R2-FL-C4,1.136651108232768,LHY,OSD-37
AT1G75530,Atha_Ws-2_sl-pool_FLT_Rep6_R2-FL-C4,-0.6990069910494591,LUX,OSD-37
AT2G40080,Atha_Ws-2_sl-pool_FLT_Rep6_R2-FL-C4,1.8147263337970216,ELF4,OSD-37
AT2G42830,Atha_Ws-2_sl-pool_FLT_Rep6_R2-FL-C4,-0.8020332958521557,PRR9,OSD-37
AT2G46830,Atha_Ws-2_sl-pool_FLT_Rep6_R2-FL-C4,1.4285014058623886,CCA1,OSD-37
AT3G09600,Atha_Ws-2_sl-pool_FLT_Rep6_R2-FL-C4,-1.831386705542101,GI,OSD-37
AT3G26740,Atha_Ws-2_sl-pool_FLT_Rep6_R2-FL-C4,-0.6448049712160301,ELF3,OSD-37
AT3G46640,Atha_Ws-2_sl-pool_FLT_Rep6_R2-FL-C4,-1.8145734349095295,TIC,OSD-37
AT5G02810,Atha_Ws-2_sl-pool_FLT_Rep6_R2-FL-C4,-0.5137282194233801,PRR7,OSD-37
AT5G24470,Atha_Ws-2_sl-pool_FLT_Rep6_R2-FL-C4,1.4651588645545814,PRR5,OSD-37
AT5G61380,Atha_Ws-2_sl-pool_FLT_Rep6_R2-FL-C4,0.20875482401179585,TOC1,OSD-37
AT1G01060,Atha_Ler-0_sl-pool_FLT_Rep5_R2-FL-C5,-0.09171315816670418,LHY,OSD-37
AT1G75530,Atha_Ler-0_sl-pool_FLT_Rep5_R2-FL-C5,0.8893909274165042,LUX,OSD-37
AT2G40080,Atha_Ler-0_sl-pool_FLT_Rep5_R2-FL-C5,-0.13892606291886161,ELF4,OSD-37
AT2G42830,Atha_Ler-0_sl-pool_FLT_Rep5_R2-FL-C5,0.9460066113303512,PRR9,OSD-37
AT2G46830,Atha_Ler-0_sl-pool_FLT_Rep5_R2-FL-C5,0.7421733978271325,CCA1,OSD-37
AT3G09600,Atha_Ler-0_sl-pool_FLT_Rep5_R2-FL-C5,-0.26290583879707025,GI,OSD-37
AT3G26740,Atha_Ler-0_sl-pool_FLT_Rep5_R2-FL-C5,-0.396783395330189,ELF3,OSD-37
AT3G46640,Atha_Ler-0_sl-pool_FLT_Rep5_R2-FL-C5,0.81699906633127,TIC,OSD-37
AT5G02810,Atha_Ler-0_sl-pool_FLT_Rep5_R2-FL-C5,0.20510180139607065,PRR7,OSD-37
AT5G24470,Atha_Ler-0_sl-pool_FLT_Rep5_R2-FL-C5,-0.6395781744655454,PRR5,OSD-37
AT5G61380,Atha_Ler-0_sl-pool_FLT_Rep5_R2-FL-C5,-0.4669155367031282,TOC1,OSD-37
AT1G01060,Atha_Ws-2_sl-pool_FLT_Rep7_R2-FL-D1,0.7082814853811874,LHY,OSD-37
AT1G75530,Atha_Ws-2_sl-pool_FLT_Rep7_R2-FL-D1,1.224014436693135,LUX,OSD-37
AT2G40080,Atha_Ws-2_sl-pool_FLT_Rep7_R2-FL-D1,-0.7931704154727128,ELF4,OSD-37
AT2G42830,Atha_Ws-2_sl-pool_FLT_Rep7_R2-FL-D1,-0.8020332958521557,PRR9,OSD-37
AT2G46830,Atha_Ws-2_sl-pool_FLT_Rep7_R2-FL-D1,1.256400081921415,CCA1,OSD-37
AT3G09600,Atha_Ws-2_sl-pool_FLT_Rep7_R2-FL-D1,-1.8387492656711726,GI,OSD-37
AT3G26740,Atha_Ws-2_sl-pool_FLT_Rep7_R2-FL-D1,-0.8119815581558069,ELF3,OSD-37
AT3G46640,Atha_Ws-2_sl-pool_FLT_Rep7_R2-FL-D1,-1.7571543896508746,TIC,OSD-37
AT5G02810,Atha_Ws-2_sl-pool_FLT_Rep7_R2-FL-D1,-1.8730860555392568,PRR7,OSD-37
AT5G24470,Atha_Ws-2_sl-pool_FLT_Rep7_R2-FL-D1,-0.3971737236034032,PRR5,OSD-37
AT5G61380,Atha_Ws-2_sl-pool_FLT_Rep7_R2-FL-D1,1.0050800756453149,TOC1,OSD-37
AT1G01060,Atha_Cvi-0_sl-pool_FLT_Rep5_R2-FL-D2,2.3727414445391655,LHY,OSD-37
AT1G75530,Atha_Cvi-0_sl-pool_FLT_Rep5_R2-FL-D2,3.11127475231379,LUX,OSD-37
AT2G40080,Atha_Cvi-0_sl-pool_FLT_Rep5_R2-FL-D2,-0.9403117839996248,ELF4,OSD-37
AT2G42830,Atha_Cvi-0_sl-pool_FLT_Rep5_R2-FL-D2,2.0066212260247904,PRR9,OSD-37
AT2G46830,Atha_Cvi-0_sl-pool_FLT_Rep5_R2-FL-D2,-0.5086050400939202,CCA1,OSD-37
AT3G09600,Atha_Cvi-0_sl-pool_FLT_Rep5_R2-FL-D2,-0.3146245789801811,GI,OSD-37
AT3G26740,Atha_Cvi-0_sl-pool_FLT_Rep5_R2-FL-D2,-0.0985353365447764,ELF3,OSD-37
AT3G46640,Atha_Cvi-0_sl-pool_FLT_Rep5_R2-FL-D2,-0.2704790864923661,TIC,OSD-37
AT5G02810,Atha_Cvi-0_sl-pool_FLT_Rep5_R2-FL-D2,-1.4550987714172223,PRR7,OSD-37
AT5G24470,Atha_Cvi-0_sl-pool_FLT_Rep5_R2-FL-D2,-0.8263480964125441,PRR5,OSD-37
AT5G61380,Atha_Cvi-0_sl-pool_FLT_Rep5_R2-FL-D2,-1.177802668884434,TOC1,OSD-37
AT1G01060,Atha_Ler-0_sl-pool_FLT_Rep6_R2-FL-D3,1.2667740457729186,LHY,OSD-37
AT1G75530,Atha_Ler-0_sl-pool_FLT_Rep6_R2-FL-D3,0.536730980374589,LUX,OSD-37
AT2G40080,Atha_Ler-0_sl-pool_FLT_Rep6_R2-FL-D3,1.280438003761192,ELF4,OSD-37
AT2G42830,Atha_Ler-0_sl-pool_FLT_Rep6_R2-FL-D3,-0.8020332958521557,PRR9,OSD-37
AT2G46830,Atha_Ler-0_sl-pool_FLT_Rep6_R2-FL-D3,2.233085407492828,CCA1,OSD-37
AT3G09600,Atha_Ler-0_sl-pool_FLT_Rep6_R2-FL-D3,-0.5995963772970943,GI,OSD-37
AT3G26740,Atha_Ler-0_sl-pool_FLT_Rep6_R2-FL-D3,-0.13944259435007142,ELF3,OSD-37
AT3G46640,Atha_Ler-0_sl-pool_FLT_Rep6_R2-FL-D3,0.565600103346314,TIC,OSD-37
AT5G02810,Atha_Ler-0_sl-pool_FLT_Rep6_R2-FL-D3,0.3904600852002892,PRR7,OSD-37
AT5G24470,Atha_Ler-0_sl-pool_FLT_Rep6_R2-FL-D3,3.2493492075569854,PRR5,OSD-37
AT5G61380,Atha_Ler-0_sl-pool_FLT_Rep6_R2-FL-D3,0.8957820228134279,TOC1,OSD-37
AT1G01060,Atha_Ws-2_sl-pool_FLT_Rep8_R2-FL-D4,1.5074850320726423,LHY,OSD-37
AT1G75530,Atha_Ws-2_sl-pool_FLT_Rep8_R2-FL-D4,-0.6990069910494591,LUX,OSD-37
AT2G40080,Atha_Ws-2_sl-pool_FLT_Rep8_R2-FL-D4,-1.554623370665269,ELF4,OSD-37
AT2G42830,Atha_Ws-2_sl-pool_FLT_Rep8_R2-FL-D4,-0.8020332958521557,PRR9,OSD-37
AT2G46830,Atha_Ws-2_sl-pool_FLT_Rep8_R2-FL-D4,3.5027411054638913,CCA1,OSD-37
AT3G09600,Atha_Ws-2_sl-pool_FLT_Rep8_R2-FL-D4,3.806998523295219,GI,OSD-37
AT3G26740,Atha_Ws-2_sl-pool_FLT_Rep8_R2-FL-D4,-0.44094709064028115,ELF3,OSD-37
AT3G46640,Atha_Ws-2_sl-pool_FLT_Rep8_R2-FL-D4,-1.7467658494858023,TIC,OSD-37
AT5G02810,Atha_Ws-2_sl-pool_FLT_Rep8_R2-FL-D4,0.9862296840806148,PRR7,OSD-37
AT5G24470,Atha_Ws-2_sl-pool_FLT_Rep8_R2-FL-D4,-1.7819429940588467,PRR5,OSD-37
AT5G61380,Atha_Ws-2_sl-pool_FLT_Rep8_R2-FL-D4,-2.06312139986027,TOC1,OSD-37
AT1G01060,Atha_Cvi-0_sl-pool_FLT_Rep6_R2-FL-D5,-0.08084754902198676,LHY,OSD-37
AT1G75530,Atha_Cvi-0_sl-pool_FLT_Rep6_R2-FL-D5,2.168435603325241,LUX,OSD-37
AT2G40080,Atha_Cvi-0_sl-pool_FLT_Rep6_R2-FL-D5,1.058702199640024,ELF4,OSD-37
AT2G42830,Atha_Cvi-0_sl-pool_FLT_Rep6_R2-FL-D5,-0.3812444153296591,PRR9,OSD-37
AT2G46830,Atha_Cvi-0_sl-pool_FLT_Rep6_R2-FL-D5,-0.10007685039880865,CCA1,OSD-37
AT3G09600,Atha_Cvi-0_sl-pool_FLT_Rep6_R2-FL-D5,-1.1613861612134015,GI,OSD-37
AT3G26740,Atha_Cvi-0_sl-pool_FLT_Rep6_R2-FL-D5,-0.9260774932837629,ELF3,OSD-37
AT3G46640,Atha_Cvi-0_sl-pool_FLT_Rep6_R2-FL-D5,0.8824124603373905,TIC,OSD-37
AT5G02810,Atha_Cvi-0_sl-pool_FLT_Rep6_R2-FL-D5,-1.7495001415452407,PRR7,OSD-37
AT5G24470,Atha_Cvi-0_sl-pool_FLT_Rep6_R2-FL-D5,1.284526048051789,PRR5,OSD-37
AT5G61380,Atha_Cvi-0_sl-pool_FLT_Rep6_R2-FL-D5,-0.9468326997530544,TOC1,OSD-37
AT1G01060,Atha_Ws-2_sl-pool_GC_Rep5_R2-GC-C1,-0.0018244592806197176,LHY,OSD-37
AT1G75530,Atha_Ws-2_sl-pool_GC_Rep5_R2-GC-C1,-0.6990069910494591,LUX,OSD-37
AT2G40080,Atha_Ws-2_sl-pool_GC_Rep5_R2-GC-C1,-0.6818235663992899,ELF4,OSD-37
AT2G42830,Atha_Ws-2_sl-pool_GC_Rep5_R2-GC-C1,-0.8020332958521557,PRR9,OSD-37
AT2G46830,Atha_Ws-2_sl-pool_GC_Rep5_R2-GC-C1,-0.4021101986670766,CCA1,OSD-37
AT3G09600,Atha_Ws-2_sl-pool_GC_Rep5_R2-GC-C1,-1.4899339307205628,GI,OSD-37
AT3G26740,Atha_Ws-2_sl-pool_GC_Rep5_R2-GC-C1,-0.82314733264875,ELF3,OSD-37
AT3G46640,Atha_Ws-2_sl-pool_GC_Rep5_R2-GC-C1,-0.5172231678091224,TIC,OSD-37
AT5G02810,Atha_Ws-2_sl-pool_GC_Rep5_R2-GC-C1,-1.4090467282024817,PRR7,OSD-37
AT5G24470,Atha_Ws-2_sl-pool_GC_Rep5_R2-GC-C1,-0.36400464988236103,PRR5,OSD-37
AT5G61380,Atha_Ws-2_sl-pool_GC_Rep5_R2-GC-C1,-0.30920222401834924,TOC1,OSD-37
AT1G01060,Atha_Ler-0_sl-pool_GC_Rep4_R2-GC-C2,0.10679383934238934,LHY,OSD-37
AT1G75530,Atha_Ler-0_sl-pool_GC_Rep4_R2-GC-C2,0.0759521544499199,LUX,OSD-37
AT2G40080,Atha_Ler-0_sl-pool_GC_Rep4_R2-GC-C2,-1.2481778247246162,ELF4,OSD-37
AT2G42830,Atha_Ler-0_sl-pool_GC_Rep4_R2-GC-C2,-0.8020332958521557,PRR9,OSD-37
AT2G46830,Atha_Ler-0_sl-pool_GC_Rep4_R2-GC-C2,0.04883442857844975,CCA1,OSD-37
AT3G09600,Atha_Ler-0_sl-pool_GC_Rep4_R2-GC-C2,-0.63768543582113,GI,OSD-37
AT3G26740,Atha_Ler-0_sl-pool_GC_Rep4_R2-GC-C2,-0.9036849888842631,ELF3,OSD-37
AT3G46640,Atha_Ler-0_sl-pool_GC_Rep4_R2-GC-C2,-0.309742154560769,TIC,OSD-37
AT5G02810,Atha_Ler-0_sl-pool_GC_Rep4_R2-GC-C2,-1.135568830601951,PRR7,OSD-37
AT5G24470,Atha_Ler-0_sl-pool_GC_Rep4_R2-GC-C2,-0.17807316256736822,PRR5,OSD-37
AT5G61380,Atha_Ler-0_sl-pool_GC_Rep4_R2-GC-C2,1.4221734949119744,TOC1,OSD-37
AT1G01060,Atha_Cvi-0_sl-pool_GC_Rep4_R2-GC-C3,-0.9282653620656027,LHY,OSD-37
AT1G75530,Atha_Cvi-0_sl-pool_GC_Rep4_R2-GC-C3,-0.6990069910494591,LUX,OSD-37
AT2G40080,Atha_Cvi-0_sl-pool_GC_Rep4_R2-GC-C3,-0.13872580005337637,ELF4,OSD-37
AT2G42830,Atha_Cvi-0_sl-pool_GC_Rep4_R2-GC-C3,1.0291156821962923,PRR9,OSD-37
AT2G46830,Atha_Cvi-0_sl-pool_GC_Rep4_R2-GC-C3,-1.0655990187762188,CCA1,OSD-37
AT3G09600,Atha_Cvi-0_sl-pool_GC_Rep4_R2-GC-C3,-0.22120739951154123,GI,OSD-37
AT3G26740,Atha_Cvi-0_sl-pool_GC_Rep4_R2-GC-C3,-0.8024050069834379,ELF3,OSD-37
AT3G46640,Atha_Cvi-0_sl-pool_GC_Rep4_R2-GC-C3,0.3773543813637219,TIC,OSD-37
AT5G02810,Atha_Cvi-0_sl-pool_GC_Rep4_R2-GC-C3,-0.2314914114127215,PRR7,OSD-37
AT5G24470,Atha_Cvi-0_sl-pool_GC_Rep4_R2-GC-C3,-1.154675924259495,PRR5,OSD-37
AT5G61380,Atha_Cvi-0_sl-pool_GC_Rep4_R2-GC-C3,0.6281344912366509,TOC1,OSD-37
AT1G01060,Atha_Ws-2_sl-pool_GC_Rep6_R2-GC-C4,-0.6587489761995989,LHY,OSD-37
AT1G75530,Atha_Ws-2_sl-pool_GC_Rep6_R2-GC-C4,2.2397143057568805,LUX,OSD-37
AT2G40080,Atha_Ws-2_sl-pool_GC_Rep6_R2-GC-C4,-1.554623370665269,ELF4,OSD-37
AT2G42830,Atha_Ws-2_sl-pool_GC_Rep6_R2-GC-C4,1.7861618752745818,PRR9,OSD-37
AT2G46830,Atha_Ws-2_sl-pool_GC_Rep6_R2-GC-C4,-0.06496182439908194,CCA1,OSD-37
AT3G09600,Atha_Ws-2_sl-pool_GC_Rep6_R2-GC-C4,-0.46746461158266284,GI,OSD-37
AT3G26740,Atha_Ws-2_sl-pool_GC_Rep6_R2-GC-C4,-0.6991972175976023,ELF3,OSD-37
AT3G46640,Atha_Ws-2_sl-pool_GC_Rep6_R2-GC-C4,-1.9727192239562634,TIC,OSD-37
AT5G02810,Atha_Ws-2_sl-pool_GC_Rep6_R2-GC-C4,-0.5147419441534942,PRR7,OSD-37
AT5G24470,Atha_Ws-2_sl-pool_GC_Rep6_R2-GC-C4,-0.1501514996553,PRR5,OSD-37
AT5G61380,Atha_Ws-2_sl-pool_GC_Rep6_R2-GC-C4,-0.9833973546025734,TOC1,OSD-37
AT1G01060,Atha_Ler-0_sl-pool_GC_Rep5_R2-GC-C5,-1.9193468135656788,LHY,OSD-37
AT1G75530,Atha_Ler-0_sl-pool_GC_Rep5_R2-GC-C5,-0.6990069910494591,LUX,OSD-37
AT2G40080,Atha_Ler-0_sl-pool_GC_Rep5_R2-GC-C5,-1.1877136734609839,ELF4,OSD-37
AT2G42830,Atha_Ler-0_sl-pool_GC_Rep5_R2-GC-C5,-0.009336754677176535,PRR9,OSD-37
AT2G46830,Atha_Ler-0_sl-pool_GC_Rep5_R2-GC-C5,-1.1850364908910942,CCA1,OSD-37
AT3G09600,Atha_Ler-0_sl-pool_GC_Rep5_R2-GC-C5,0.35494967401104566,GI,OSD-37
AT3G26740,Atha_Ler-0_sl-pool_GC_Rep5_R2-GC-C5,-1.3426945959460954,ELF3,OSD-37
AT3G46640,Atha_Ler-0_sl-pool_GC_Rep5_R2-GC-C5,-0.10522708928470942,TIC,OSD-37
AT5G02810,Atha_Ler-0_sl-pool_GC_Rep5_R2-GC-C5,-0.1037550622080337,PRR7,OSD-37
AT5G24470,Atha_Ler-0_sl-pool_GC_Rep5_R2-GC-C5,-1.2058399926931067,PRR5,OSD-37
AT5G61380,Atha_Ler-0_sl-pool_GC_Rep5_R2-GC-C5,-0.5768302914450131,TOC1,OSD-37
AT1G01060,Atha_Ws-2_sl-pool_GC_Rep7_R2-GC-D1,1.1461853332743952,LHY,OSD-37
AT1G75530,Atha_Ws-2_sl-pool_GC_Rep7_R2-GC-D1,-0.6990069910494591,LUX,OSD-37
AT2G40080,Atha_Ws-2_sl-pool_GC_Rep7_R2-GC-D1,-1.2579195718647163,ELF4,OSD-37
AT2G42830,Atha_Ws-2_sl-pool_GC_Rep7_R2-GC-D1,-0.8020332958521557,PRR9,OSD-37
AT2G46830,Atha_Ws-2_sl-pool_GC_Rep7_R2-GC-D1,-0.316140025776301,CCA1,OSD-37
AT3G09600,Atha_Ws-2_sl-pool_GC_Rep7_R2-GC-D1,0.08452998318945265,GI,OSD-37
AT3G26740,Atha_Ws-2_sl-pool_GC_Rep7_R2-GC-D1,-1.0185980933057563,ELF3,OSD-37
AT3G46640,Atha_Ws-2_sl-pool_GC_Rep7_R2-GC-D1,-0.7046393625474822,TIC,OSD-37
AT5G02810,Atha_Ws-2_sl-pool_GC_Rep7_R2-GC-D1,0.1544219950983925,PRR7,OSD-37
AT5G24470,Atha_Ws-2_sl-pool_GC_Rep7_R2-GC-D1,0.26240600447290247,PRR5,OSD-37
AT5G61380,Atha_Ws-2_sl-pool_GC_Rep7_R2-GC-D1,0.39891318202660775,TOC1,OSD-37
AT1G01060,Atha_Cvi-0_sl-pool_GC_Rep5_R2-GC-D2,-0.8151568103047183,LHY,OSD-37
AT1G75530,Atha_Cvi-0_sl-pool_GC_Rep5_R2-GC-D2,-0.6990069910494591,LUX,OSD-37
AT2G40080,Atha_Cvi-0_sl-pool_GC_Rep5_R2-GC-D2,-1.3156804384292196,ELF4,OSD-37
AT2G42830,Atha_Cvi-0_sl-pool_GC_Rep5_R2-GC-D2,2.1330592498449144,PRR9,OSD-37
AT2G46830,Atha_Cvi-0_sl-pool_GC_Rep5_R2-GC-D2,-1.3134308852235255,CCA1,OSD-37
AT3G09600,Atha_Cvi-0_sl-pool_GC_Rep5_R2-GC-D2,-0.608009394510369,GI,OSD-37
AT3G26740,Atha_Cvi-0_sl-pool_GC_Rep5_R2-GC-D2,-0.6054688910004544,ELF3,OSD-37
AT3G46640,Atha_Cvi-0_sl-pool_GC_Rep5_R2-GC-D2,-0.656048394293248,TIC,OSD-37
AT5G02810,Atha_Cvi-0_sl-pool_GC_Rep5_R2-GC-D2,-0.3189598896341825,PRR7,OSD-37
AT5G24470,Atha_Cvi-0_sl-pool_GC_Rep5_R2-GC-D2,-0.8367415847083417,PRR5,OSD-37
AT5G61380,Atha_Cvi-0_sl-pool_GC_Rep5_R2-GC-D2,0.09882117467716396,TOC1,OSD-37
AT1G01060,Atha_Ler-0_sl-pool_GC_Rep6_R2-GC-D3,-0.9166497296926055,LHY,OSD-37
AT1G75530,Atha_Ler-0_sl-pool_GC_Rep6_R2-GC-D3,-0.030958902933013,LUX,OSD-37
AT2G40080,Atha_Ler-0_sl-pool_GC_Rep6_R2-GC-D3,-1.2913782148975572,ELF4,OSD-37
AT2G42830,Atha_Ler-0_sl-pool_GC_Rep6_R2-GC-D3,-0.8020332958521557,PRR9,OSD-37
AT2G46830,Atha_Ler-0_sl-pool_GC_Rep6_R2-GC-D3,-1.2270491741479896,CCA1,OSD-37
AT3G09600,Atha_Ler-0_sl-pool_GC_Rep6_R2-GC-D3,-1.3697376887132444,GI,OSD-37
AT3G26740,Atha_Ler-0_sl-pool_GC_Rep6_R2-GC-D3,-1.0552460799254966,ELF3,OSD-37
AT3G46640,Atha_Ler-0_sl-pool_GC_Rep6_R2-GC-D3,-1.0604908921271587,TIC,OSD-37
AT5G02810,Atha_Ler-0_sl-pool_GC_Rep6_R2-GC-D3,-1.2530370552793644,PRR7,OSD-37
AT5G24470,Atha_Ler-0_sl-pool_GC_Rep6_R2-GC-D3,-1.273434393922781,PRR5,OSD-37
AT5G61380,Atha_Ler-0_sl-pool_GC_Rep6_R2-GC-D3,-1.931732428706398,TOC1,OSD-37
AT1G01060,Atha_Ws-2_sl-pool_GC_Rep8_R2-GC-D4,0.9203274298019001,LHY,OSD-37
AT1G75530,Atha_Ws-2_sl-pool_GC_Rep8_R2-GC-D4,-0.6990069910494591,LUX,OSD-37
AT2G40080,Atha_Ws-2_sl-pool_GC_Rep8_R2-GC-D4,-1.1878729408697764,ELF4,OSD-37
AT2G42830,Atha_Ws-2_sl-pool_GC_Rep8_R2-GC-D4,-0.8020332958521557,PRR9,OSD-37
AT2G46830,Atha_Ws-2_sl-pool_GC_Rep8_R2-GC-D4,0.3960536116586112,CCA1,OSD-37
AT3G09600,Atha_Ws-2_sl-pool_GC_Rep8_R2-GC-D4,-0.33868118790481855,GI,OSD-37
AT3G26740,Atha_Ws-2_sl-pool_GC_Rep8_R2-GC-D4,0.6973856873284711,ELF3,OSD-37
AT3G46640,Atha_Ws-2_sl-pool_GC_Rep8_R2-GC-D4,-2.0043121599002176,TIC,OSD-37
AT5G02810,Atha_Ws-2_sl-pool_GC_Rep8_R2-GC-D4,-0.37435152853111264,PRR7,OSD-37
AT5G24470,Atha_Ws-2_sl-pool_GC_Rep8_R2-GC-D4,1.0068534390476074,PRR5,OSD-37
AT5G61380,Atha_Ws-2_sl-pool_GC_Rep8_R2-GC-D4,1.3316141647830353,TOC1,OSD-37
AT1G01060,Atha_Cvi-0_sl-pool_GC_Rep6_R2-GC-D5,-1.5051527681918824,LHY,OSD-37
AT1G75530,Atha_Cvi-0_sl-pool_GC_Rep6_R2-GC-D5,0.0982474961188799,LUX,OSD-37
AT2G40080,Atha_Cvi-0_sl-pool_GC_Rep6_R2-GC-D5,-0.9252447059193571,ELF4,OSD-37
AT2G42830,Atha_Cvi-0_sl-pool_GC_Rep6_R2-GC-D5,-0.8020332958521557,PRR9,OSD-37
AT2G46830,Atha_Cvi-0_sl-pool_GC_Rep6_R2-GC-D5,-1.3226605630566777,CCA1,OSD-37
AT3G09600,Atha_Cvi-0_sl-pool_GC_Rep6_R2-GC-D5,-1.5686504111551955,GI,OSD-37
AT3G26740,Atha_Cvi-0_sl-pool_GC_Rep6_R2-GC-D5,-0.9389045374023977,ELF3,OSD-37
AT3G46640,Atha_Cvi-0_sl-pool_GC_Rep6_R2-GC-D5,-0.2589504955928365,TIC,OSD-37
AT5G02810,Atha_Cvi-0_sl-pool_GC_Rep6_R2-GC-D5,-1.0571281386821247,PRR7,OSD-37
AT5G24470,Atha_Cvi-0_sl-pool_GC_Rep6_R2-GC-D5,-1.266505732801103,PRR5,OSD-37
AT5G61380,Atha_Cvi-0_sl-pool_GC_Rep6_R2-GC-D5,-0.2983220257133371,TOC1,OSD-37
AT1G01060,Atha_Col-0_sl-pool_FLT_Rep1_R1-FL-A1,-0.923376673717686,LHY,OSD-37
AT1G75530,Atha_Col-0_sl-pool_FLT_Rep1_R1-FL-A1,-0.49637343576425047,LUX,OSD-37
AT2G40080,Atha_Col-0_sl-pool_FLT_Rep1_R1-FL-A1,0.9585366360716747,ELF4,OSD-37
AT2G42830,Atha_Col-0_sl-pool_FLT_Rep1_R1-FL-A1,-0.8020332958521557,PRR9,OSD-37
AT2G46830,Atha_Col-0_sl-pool_FLT_Rep1_R1-FL-A1,0.7405750156504166,CCA1,OSD-37
AT3G09600,Atha_Col-0_sl-pool_FLT_Rep1_R1-FL-A1,1.3240035042494753,GI,OSD-37
AT3G26740,Atha_Col-0_sl-pool_FLT_Rep1_R1-FL-A1,0.3421638612929418,ELF3,OSD-37
AT3G46640,Atha_Col-0_sl-pool_FLT_Rep1_R1-FL-A1,1.5394145502023642,TIC,OSD-37
AT5G02810,Atha_Col-0_sl-pool_FLT_Rep1_R1-FL-A1,3.061753444852059,PRR7,OSD-37
AT5G24470,Atha_Col-0_sl-pool_FLT_Rep1_R1-FL-A1,0.9596819295265998,PRR5,OSD-37
AT5G61380,Atha_Col-0_sl-pool_FLT_Rep1_R1-FL-A1,0.6033031885506283,TOC1,OSD-37
AT1G01060,Atha_Col-0_sl-pool_FLT_Rep2_R1-FL-A4,-0.8188194581322567,LHY,OSD-37
AT1G75530,Atha_Col-0_sl-pool_FLT_Rep2_R1-FL-A4,-0.4001072932949243,LUX,OSD-37
AT2G40080,Atha_Col-0_sl-pool_FLT_Rep2_R1-FL-A4,1.563653830139181,ELF4,OSD-37
AT2G42830,Atha_Col-0_sl-pool_FLT_Rep2_R1-FL-A4,-0.8020332958521557,PRR9,OSD-37
AT2G46830,Atha_Col-0_sl-pool_FLT_Rep2_R1-FL-A4,-0.019318937152240673,CCA1,OSD-37
AT3G09600,Atha_Col-0_sl-pool_FLT_Rep2_R1-FL-A4,1.0974830589267728,GI,OSD-37
AT3G26740,Atha_Col-0_sl-pool_FLT_Rep2_R1-FL-A4,0.841827868806618,ELF3,OSD-37
AT3G46640,Atha_Col-0_sl-pool_FLT_Rep2_R1-FL-A4,1.6081061649084196,TIC,OSD-37
AT5G02810,Atha_Col-0_sl-pool_FLT_Rep2_R1-FL-A4,1.4522250074572929,PRR7,OSD-37
AT5G24470,Atha_Col-0_sl-pool_FLT_Rep2_R1-FL-A4,1.0908465089184856,PRR5,OSD-37
AT5G61380,Atha_Col-0_sl-pool_FLT_Rep2_R1-FL-A4,0.8981650043049829,TOC1,OSD-37
AT1G01060,Atha_Col-0_sl-pool_FLT_Rep3_R1-FL-B1,0.16869819622091237,LHY,OSD-37
AT1G75530,Atha_Col-0_sl-pool_FLT_Rep3_R1-FL-B1,-0.6990069910494591,LUX,OSD-37
AT2G40080,Atha_Col-0_sl-pool_FLT_Rep3_R1-FL-B1,1.459881441801669,ELF4,OSD-37
AT2G42830,Atha_Col-0_sl-pool_FLT_Rep3_R1-FL-B1,0.2833105935746271,PRR9,OSD-37
AT2G46830,Atha_Col-0_sl-pool_FLT_Rep3_R1-FL-B1,0.8845346408685907,CCA1,OSD-37
AT3G09600,Atha_Col-0_sl-pool_FLT_Rep3_R1-FL-B1,1.1237632249098892,GI,OSD-37
AT3G26740,Atha_Col-0_sl-pool_FLT_Rep3_R1-FL-B1,2.3138374241836615,ELF3,OSD-37
AT3G46640,Atha_Col-0_sl-pool_FLT_Rep3_R1-FL-B1,1.64504244066136,TIC,OSD-37
AT5G02810,Atha_Col-0_sl-pool_FLT_Rep3_R1-FL-B1,1.5643182613875648,PRR7,OSD-37
AT5G24470,Atha_Col-0_sl-pool_FLT_Rep3_R1-FL-B1,1.7946925956040394,PRR5,OSD-37
AT5G61380,Atha_Col-0_sl-pool_FLT_Rep3_R1-FL-B1,0.6554354336276915,TOC1,OSD-37
AT1G01060,Atha_Col-0_sl-pool_FLT_Rep4_R1-FL-B4,-0.830020598685309,LHY,OSD-37
AT1G75530,Atha_Col-0_sl-pool_FLT_Rep4_R1-FL-B4,-0.6990069910494591,LUX,OSD-37
AT2G40080,Atha_Col-0_sl-pool_FLT_Rep4_R1-FL-B4,1.4434806421917614,ELF4,OSD-37
AT2G42830,Atha_Col-0_sl-pool_FLT_Rep4_R1-FL-B4,-0.3795415030059312,PRR9,OSD-37
AT2G46830,Atha_Col-0_sl-pool_FLT_Rep4_R1-FL-B4,0.24545977102490804,CCA1,OSD-37
AT3G09600,Atha_Col-0_sl-pool_FLT_Rep4_R1-FL-B4,1.4761545260695035,GI,OSD-37
AT3G26740,Atha_Col-0_sl-pool_FLT_Rep4_R1-FL-B4,-0.06100362829108732,ELF3,OSD-37
AT3G46640,Atha_Col-0_sl-pool_FLT_Rep4_R1-FL-B4,1.5854589790038591,TIC,OSD-37
AT5G02810,Atha_Col-0_sl-pool_FLT_Rep4_R1-FL-B4,2.0194254778342566,PRR7,OSD-37
AT5G24470,Atha_Col-0_sl-pool_FLT_Rep4_R1-FL-B4,1.433478436104288,PRR5,OSD-37
AT5G61380,Atha_Col-0_sl-pool_FLT_Rep4_R1-FL-B4,0.8054948455676944,TOC1,OSD-37
AT1G01060,Atha_Col-0_sl-pool_GC_Rep1_R1-GC-A1,-0.3819308052280881,LHY,OSD-37
AT1G75530,Atha_Col-0_sl-pool_GC_Rep1_R1-GC-A1,-0.6990069910494591,LUX,OSD-37
AT2G40080,Atha_Col-0_sl-pool_GC_Rep1_R1-GC-A1,-1.0700928587429042,ELF4,OSD-37
AT2G42830,Atha_Col-0_sl-pool_GC_Rep1_R1-GC-A1,-0.22096136148563839,PRR9,OSD-37
AT2G46830,Atha_Col-0_sl-pool_GC_Rep1_R1-GC-A1,-0.934379310041612,CCA1,OSD-37
AT3G09600,Atha_Col-0_sl-pool_GC_Rep1_R1-GC-A1,0.08978983274209203,GI,OSD-37
AT3G26740,Atha_Col-0_sl-pool_GC_Rep1_R1-GC-A1,1.7118454887934054,ELF3,OSD-37
AT3G46640,Atha_Col-0_sl-pool_GC_Rep1_R1-GC-A1,-0.04840565916807924,TIC,OSD-37
AT5G02810,Atha_Col-0_sl-pool_GC_Rep1_R1-GC-A1,-0.04643060659425643,PRR7,OSD-37
AT5G24470,Atha_Col-0_sl-pool_GC_Rep1_R1-GC-A1,0.32249376797917506,PRR5,OSD-37
AT5G61380,Atha_Col-0_sl-pool_GC_Rep1_R1-GC-A1,0.32904547318868166,TOC1,OSD-37
AT1G01060,Atha_Col-0_sl-pool_GC_Rep2_R1-GC-A4,0.0758148746269936,LHY,OSD-37
AT1G75530,Atha_Col-0_sl-pool_GC_Rep2_R1-GC-A4,-0.6990069910494591,LUX,OSD-37
AT2G40080,Atha_Col-0_sl-pool_GC_Rep2_R1-GC-A4,1.3570194966827662,ELF4,OSD-37
AT2G42830,Atha_Col-0_sl-pool_GC_Rep2_R1-GC-A4,0.13943724275941236,PRR9,OSD-37
AT2G46830,Atha_Col-0_sl-pool_GC_Rep2_R1-GC-A4,-0.1824464121112619,CCA1,OSD-37
AT3G09600,Atha_Col-0_sl-pool_GC_Rep2_R1-GC-A4,0.3498298185040256,GI,OSD-37
AT3G26740,Atha_Col-0_sl-pool_GC_Rep2_R1-GC-A4,1.867565331701388,ELF3,OSD-37
AT3G46640,Atha_Col-0_sl-pool_GC_Rep2_R1-GC-A4,0.6773672363128598,TIC,OSD-37
AT5G02810,Atha_Col-0_sl-pool_GC_Rep2_R1-GC-A4,0.8732668781176237,PRR7,OSD-37
AT5G24470,Atha_Col-0_sl-pool_GC_Rep2_R1-GC-A4,0.7361660141631223,PRR5,OSD-37
AT5G61380,Atha_Col-0_sl-pool_GC_Rep2_R1-GC-A4,2.4768250884709944,TOC1,OSD-37
AT1G01060,Atha_Col-0_sl-pool_GC_Rep3_R1-GC-B1,-0.6578980235712607,LHY,OSD-37
AT1G75530,Atha_Col-0_sl-pool_GC_Rep3_R1-GC-B1,-0.46228744007989475,LUX,OSD-37
AT2G40080,Atha_Col-0_sl-pool_GC_Rep3_R1-GC-B1,0.3594097350278833,ELF4,OSD-37
AT2G42830,Atha_Col-0_sl-pool_GC_Rep3_R1-GC-B1,-0.10349844415726543,PRR9,OSD-37
AT2G46830,Atha_Col-0_sl-pool_GC_Rep3_R1-GC-B1,-0.6648664433074568,CCA1,OSD-37
AT3G09600,Atha_Col-0_sl-pool_GC_Rep3_R1-GC-B1,0.7241876148689258,GI,OSD-37
AT3G26740,Atha_Col-0_sl-pool_GC_Rep3_R1-GC-B1,2.504748608426731,ELF3,OSD-37
AT3G46640,Atha_Col-0_sl-pool_GC_Rep3_R1-GC-B1,0.13407257399011913,TIC,OSD-37
AT5G02810,Atha_Col-0_sl-pool_GC_Rep3_R1-GC-B1,0.1651767988572544,PRR7,OSD-37
AT5G24470,Atha_Col-0_sl-pool_GC_Rep3_R1-GC-B1,0.5429097847791604,PRR5,OSD-37
AT5G61380,Atha_Col-0_sl-pool_GC_Rep3_R1-GC-B1,1.570561086674949,TOC1,OSD-37
AT1G01060,Atha_Col-0_sl-pool_GC_Rep4_R1-GC-B4,-0.18371967676132958,LHY,OSD-37
AT1G75530,Atha_Col-0_sl-pool_GC_Rep4_R1-GC-B4,-0.6990069910494591,LUX,OSD-37
AT2G40080,Atha_Col-0_sl-pool_GC_Rep4_R1-GC-B4,1.1210114755379108,ELF4,OSD-37
AT2G42830,Atha_Col-0_sl-pool_GC_Rep4_R1-GC-B4,0.3737324877638546,PRR9,OSD-37
AT2G46830,Atha_Col-0_sl-pool_GC_Rep4_R1-GC-B4,-0.3192358610920222,CCA1,OSD-37
AT3G09600,Atha_Col-0_sl-pool_GC_Rep4_R1-GC-B4,0.47985259586950807,GI,OSD-37
AT3G26740,Atha_Col-0_sl-pool_GC_Rep4_R1-GC-B4,0.7419494605346176,ELF3,OSD-37
AT3G46640,Atha_Col-0_sl-pool_GC_Rep4_R1-GC-B4,0.324323646459223,TIC,OSD-37
AT5G02810,Atha_Col-0_sl-pool_GC_Rep4_R1-GC-B4,0.8439042505544639,PRR7,OSD-37
AT5G24470,Atha_Col-0_sl-pool_GC_Rep4_R1-GC-B4,0.06335110679097856,PRR5,OSD-37
AT5G61380,Atha_Col-0_sl-pool_GC_Rep4_R1-GC-B4,0.7654209308068317,TOC1,OSD-37
AT1G01060,Atha_Col-0_sl-pool_FLT_Rep5_R2-FL-A1,-0.566681976599898,LHY,OSD-37
AT1G75530,Atha_Col-0_sl-pool_FLT_Rep5_R2-FL-A1,-0.6990069910494591,LUX,OSD-37
AT2G40080,Atha_Col-0_sl-pool_FLT_Rep5_R2-FL-A1,1.1894864927838904,ELF4,OSD-37
AT2G42830,Atha_Col-0_sl-pool_FLT_Rep5_R2-FL-A1,-0.8020332958521557,PRR9,OSD-37
AT2G46830,Atha_Col-0_sl-pool_FLT_Rep5_R2-FL-A1,1.0748086011435949,CCA1,OSD-37
AT3G09600,Atha_Col-0_sl-pool_FLT_Rep5_R2-FL-A1,1.1978019287966941,GI,OSD-37
AT3G26740,Atha_Col-0_sl-pool_FLT_Rep5_R2-FL-A1,-0.12975352067412582,ELF3,OSD-37
AT3G46640,Atha_Col-0_sl-pool_FLT_Rep5_R2-FL-A1,1.6525459040253085,TIC,OSD-37
AT5G02810,Atha_Col-0_sl-pool_FLT_Rep5_R2-FL-A1,1.93615432035023,PRR7,OSD-37
AT5G24470,Atha_Col-0_sl-pool_FLT_Rep5_R2-FL-A1,0.8883420864908979,PRR5,OSD-37
AT5G61380,Atha_Col-0_sl-pool_FLT_Rep5_R2-FL-A1,0.9470490700690555,TOC1,OSD-37
AT1G01060,Atha_Col-0_sl-pool_FLT_Rep6_R2-FL-A4,0.2679122978695984,LHY,OSD-37
AT1G75530,Atha_Col-0_sl-pool_FLT_Rep6_R2-FL-A4,-0.6990069910494591,LUX,OSD-37
AT2G40080,Atha_Col-0_sl-pool_FLT_Rep6_R2-FL-A4,0.1545529270270023,ELF4,OSD-37
AT2G42830,Atha_Col-0_sl-pool_FLT_Rep6_R2-FL-A4,-0.4705836063676309,PRR9,OSD-37
AT2G46830,Atha_Col-0_sl-pool_FLT_Rep6_R2-FL-A4,0.3162477379079725,CCA1,OSD-37
AT3G09600,Atha_Col-0_sl-pool_FLT_Rep6_R2-FL-A4,1.6080728101018387,GI,OSD-37
AT3G26740,Atha_Col-0_sl-pool_FLT_Rep6_R2-FL-A4,2.605822721564648,ELF3,OSD-37
AT3G46640,Atha_Col-0_sl-pool_FLT_Rep6_R2-FL-A4,0.8330427690900155,TIC,OSD-37
AT5G02810,Atha_Col-0_sl-pool_FLT_Rep6_R2-FL-A4,0.23243434017657777,PRR7,OSD-37
AT5G24470,Atha_Col-0_sl-pool_FLT_Rep6_R2-FL-A4,0.3528512410177606,PRR5,OSD-37
AT5G61380,Atha_Col-0_sl-pool_FLT_Rep6_R2-FL-A4,0.980108289058401,TOC1,OSD-37
AT1G01060,Atha_Col-0_sl-pool_FLT_Rep7_R2-FL-B1,-0.3677751143815546,LHY,OSD-37
AT1G75530,Atha_Col-0_sl-pool_FLT_Rep7_R2-FL-B1,-0.6990069910494591,LUX,OSD-37
AT2G40080,Atha_Col-0_sl-pool_FLT_Rep7_R2-FL-B1,0.5051170617324346,ELF4,OSD-37
AT2G42830,Atha_Col-0_sl-pool_FLT_Rep7_R2-FL-B1,-0.8020332958521557,PRR9,OSD-37
AT2G46830,Atha_Col-0_sl-pool_FLT_Rep7_R2-FL-B1,1.3849705163193515,CCA1,OSD-37
AT3G09600,Atha_Col-0_sl-pool_FLT_Rep7_R2-FL-B1,-1.0888307067230127,GI,OSD-37
AT3G26740,Atha_Col-0_sl-pool_FLT_Rep7_R2-FL-B1,0.08898873025677827,ELF3,OSD-37
AT3G46640,Atha_Col-0_sl-pool_FLT_Rep7_R2-FL-B1,-0.8463796377323222,TIC,OSD-37
AT5G02810,Atha_Col-0_sl-pool_FLT_Rep7_R2-FL-B1,0.04923659150905155,PRR7,OSD-37
AT5G24470,Atha_Col-0_sl-pool_FLT_Rep7_R2-FL-B1,1.748622979554003,PRR5,OSD-37
AT5G61380,Atha_Col-0_sl-pool_FLT_Rep7_R2-FL-B1,0.39306591705721977,TOC1,OSD-37
AT1G01060,Atha_Col-0_sl-pool_FLT_Rep8_R2-FL-B4,-0.22848369163085497,LHY,OSD-37
AT1G75530,Atha_Col-0_sl-pool_FLT_Rep8_R2-FL-B4,0.5789131983311683,LUX,OSD-37
AT2G40080,Atha_Col-0_sl-pool_FLT_Rep8_R2-FL-B4,1.0929639112706815,ELF4,OSD-37
AT2G42830,Atha_Col-0_sl-pool_FLT_Rep8_R2-FL-B4,1.0711793366314994,PRR9,OSD-37
AT2G46830,Atha_Col-0_sl-pool_FLT_Rep8_R2-FL-B4,0.7212733495205702,CCA1,OSD-37
AT3G09600,Atha_Col-0_sl-pool_FLT_Rep8_R2-FL-B4,-0.2692769380927683,GI,OSD-37
AT3G26740,Atha_Col-0_sl-pool_FLT_Rep8_R2-FL-B4,-0.11421866603425156,ELF3,OSD-37
AT3G46640,Atha_Col-0_sl-pool_FLT_Rep8_R2-FL-B4,-0.17472092781516288,TIC,OSD-37
AT5G02810,Atha_Col-0_sl-pool_FLT_Rep8_R2-FL-B4,0.22501096198367246,PRR7,OSD-37
AT5G24470,Atha_Col-0_sl-pool_FLT_Rep8_R2-FL-B4,0.9288019641711157,PRR5,OSD-37
AT5G61380,Atha_Col-0_sl-pool_FLT_Rep8_R2-FL-B4,-0.19424306120936552,TOC1,OSD-37
AT1G01060,Atha_Col-0_sl-pool_GC_Rep5_R2-GC-A1,0.40501037603482126,LHY,OSD-37
AT1G75530,Atha_Col-0_sl-pool_GC_Rep5_R2-GC-A1,-0.6990069910494591,LUX,OSD-37
AT2G40080,Atha_Col-0_sl-pool_GC_Rep5_R2-GC-A1,2.2598049319151716,ELF4,OSD-37
AT2G42830,Atha_Col-0_sl-pool_GC_Rep5_R2-GC-A1,-0.8020332958521557,PRR9,OSD-37
AT2G46830,Atha_Col-0_sl-pool_GC_Rep5_R2-GC-A1,-0.14520224037372076,CCA1,OSD-37
AT3G09600,Atha_Col-0_sl-pool_GC_Rep5_R2-GC-A1,-0.19825306671829104,GI,OSD-37
AT3G26740,Atha_Col-0_sl-pool_GC_Rep5_R2-GC-A1,0.9657259503619305,ELF3,OSD-37
AT3G46640,Atha_Col-0_sl-pool_GC_Rep5_R2-GC-A1,-0.8172131063554556,TIC,OSD-37
AT5G02810,Atha_Col-0_sl-pool_GC_Rep5_R2-GC-A1,0.5759946707322822,PRR7,OSD-37
AT5G24470,Atha_Col-0_sl-pool_GC_Rep5_R2-GC-A1,-1.7272643428560324,PRR5,OSD-37
AT5G61380,Atha_Col-0_sl-pool_GC_Rep5_R2-GC-A1,-0.7991979109079959,TOC1,OSD-37
AT1G01060,Atha_Col-0_sl-pool_GC_Rep6_R2-GC-A4,0.2471709218818023,LHY,OSD-37
AT1G75530,Atha_Col-0_sl-pool_GC_Rep6_R2-GC-A4,-0.3689787413117354,LUX,OSD-37
AT2G40080,Atha_Col-0_sl-pool_GC_Rep6_R2-GC-A4,-0.2387058873415332,ELF4,OSD-37
AT2G42830,Atha_Col-0_sl-pool_GC_Rep6_R2-GC-A4,-0.8020332958521557,PRR9,OSD-37
AT2G46830,Atha_Col-0_sl-pool_GC_Rep6_R2-GC-A4,0.28708272692425935,CCA1,OSD-37
AT3G09600,Atha_Col-0_sl-pool_GC_Rep6_R2-GC-A4,0.04875455359207862,GI,OSD-37
AT3G26740,Atha_Col-0_sl-pool_GC_Rep6_R2-GC-A4,2.887091531312748,ELF3,OSD-37
AT3G46640,Atha_Col-0_sl-pool_GC_Rep6_R2-GC-A4,-1.7135916108485296,TIC,OSD-37
AT5G02810,Atha_Col-0_sl-pool_GC_Rep6_R2-GC-A4,-0.8220202103949842,PRR7,OSD-37
AT5G24470,Atha_Col-0_sl-pool_GC_Rep6_R2-GC-A4,0.5219168259123059,PRR5,OSD-37
AT5G61380,Atha_Col-0_sl-pool_GC_Rep6_R2-GC-A4,3.0207359538705,TOC1,OSD-37
AT1G01060,Atha_Col-0_sl-pool_GC_Rep7_R2-GC-B1,-0.5865864285874927,LHY,OSD-37
AT1G75530,Atha_Col-0_sl-pool_GC_Rep7_R2-GC-B1,-0.6990069910494591,LUX,OSD-37
AT2G40080,Atha_Col-0_sl-pool_GC_Rep7_R2-GC-B1,0.808232189744441,ELF4,OSD-37
AT2G42830,Atha_Col-0_sl-pool_GC_Rep7_R2-GC-B1,1.021963561116638,PRR9,OSD-37
AT2G46830,Atha_Col-0_sl-pool_GC_Rep7_R2-GC-B1,-0.7684526313860436,CCA1,OSD-37
AT3G09600,Atha_Col-0_sl-pool_GC_Rep7_R2-GC-B1,0.5688142059649379,GI,OSD-37
AT3G26740,Atha_Col-0_sl-pool_GC_Rep7_R2-GC-B1,0.6545893129545605,ELF3,OSD-37
AT3G46640,Atha_Col-0_sl-pool_GC_Rep7_R2-GC-B1,0.3916769642742733,TIC,OSD-37
AT5G02810,Atha_Col-0_sl-pool_GC_Rep7_R2-GC-B1,0.2575309612572569,PRR7,OSD-37
AT5G24470,Atha_Col-0_sl-pool_GC_Rep7_R2-GC-B1,0.860903426847413,PRR5,OSD-37
AT5G61380,Atha_Col-0_sl-pool_GC_Rep7_R2-GC-B1,-0.45056568480556014,TOC1,OSD-37
AT1G01060,Atha_Col-0_sl-pool_GC_Rep8_R2-GC-B4,2.019299208040274,LHY,OSD-37
AT1G75530,Atha_Col-0_sl-pool_GC_Rep8_R2-GC-B4,-0.6990069910494591,LUX,OSD-37
AT2G40080,Atha_Col-0_sl-pool_GC_Rep8_R2-GC-B4,-0.1825878305975311,ELF4,OSD-37
AT2G42830,Atha_Col-0_sl-pool_GC_Rep8_R2-GC-B4,1.4377677026480218,PRR9,OSD-37
AT2G46830,Atha_Col-0_sl-pool_GC_Rep8_R2-GC-B4,-0.27115457420212236,CCA1,OSD-37
AT3G09600,Atha_Col-0_sl-pool_GC_Rep8_R2-GC-B4,0.883231303560286,GI,OSD-37
AT3G26740,Atha_Col-0_sl-pool_GC_Rep8_R2-GC-B4,0.34983106581207585,ELF3,OSD-37
AT3G46640,Atha_Col-0_sl-pool_GC_Rep8_R2-GC-B4,-2.262859499395719,TIC,OSD-37
AT5G02810,Atha_Col-0_sl-pool_GC_Rep8_R2-GC-B4,0.6412369458146128,PRR7,OSD-37
AT5G24470,Atha_Col-0_sl-pool_GC_Rep8_R2-GC-B4,-0.7085303000266504,PRR5,OSD-37
AT5G61380,Atha_Col-0_sl-pool_GC_Rep8_R2-GC-B4,-0.08071675068275902,TOC1,OSD-37
AT1G01060,Atha_WT-Col-0_sl_FLT_Rep1_G1S1,1.377692486487243,LHY,OSD-38
AT1G75530,Atha_WT-Col-0_sl_FLT_Rep1_G1S1,1.2974610272048663,LUX,OSD-38
AT2G40080,Atha_WT-Col-0_sl_FLT_Rep1_G1S1,-0.8230861860162086,ELF4,OSD-38
AT2G42830,Atha_WT-Col-0_sl_FLT_Rep1_G1S1,-1.6172657881309789,PRR9,OSD-38
AT2G46830,Atha_WT-Col-0_sl_FLT_Rep1_G1S1,-0.6350358043971316,CCA1,OSD-38
AT3G09600,Atha_WT-Col-0_sl_FLT_Rep1_G1S1,-0.7419913756246997,GI,OSD-38
AT3G26740,Atha_WT-Col-0_sl_FLT_Rep1_G1S1,-1.0042426348760338,ELF3,OSD-38
AT3G46640,Atha_WT-Col-0_sl_FLT_Rep1_G1S1,-0.7546565567306538,TIC,OSD-38
AT5G02810,Atha_WT-Col-0_sl_FLT_Rep1_G1S1,-1.089295174314139,PRR7,OSD-38
AT5G24470,Atha_WT-Col-0_sl_FLT_Rep1_G1S1,-0.7354606961750582,PRR5,OSD-38
AT5G61380,Atha_WT-Col-0_sl_FLT_Rep1_G1S1,-0.6629913063772294,TOC1,OSD-38
AT1G01060,Atha_WT-Col-0_sl_FLT_Rep2_G1S2,1.6779030476211607,LHY,OSD-38
AT1G75530,Atha_WT-Col-0_sl_FLT_Rep2_G1S2,-0.21819724176788352,LUX,OSD-38
AT2G40080,Atha_WT-Col-0_sl_FLT_Rep2_G1S2,0.0067275515932892025,ELF4,OSD-38
AT2G42830,Atha_WT-Col-0_sl_FLT_Rep2_G1S2,-1.2476431882506283,PRR9,OSD-38
AT2G46830,Atha_WT-Col-0_sl_FLT_Rep2_G1S2,0.3348285017152119,CCA1,OSD-38
AT3G09600,Atha_WT-Col-0_sl_FLT_Rep2_G1S2,-1.1757130484688754,GI,OSD-38
AT3G26740,Atha_WT-Col-0_sl_FLT_Rep2_G1S2,-0.6815912356965597,ELF3,OSD-38
AT3G46640,Atha_WT-Col-0_sl_FLT_Rep2_G1S2,-0.6901051641174836,TIC,OSD-38
AT5G02810,Atha_WT-Col-0_sl_FLT_Rep2_G1S2,-1.6201118385278697,PRR7,OSD-38
AT5G24470,Atha_WT-Col-0_sl_FLT_Rep2_G1S2,-0.8146432459446334,PRR5,OSD-38
AT5G61380,Atha_WT-Col-0_sl_FLT_Rep2_G1S2,-1.0710908530526584,TOC1,OSD-38
AT1G01060,Atha_WT-Col-0_sl_FLT_Rep3_G1S3,1.3958459524292781,LHY,OSD-38
AT1G75530,Atha_WT-Col-0_sl_FLT_Rep3_G1S3,0.5430603723915642,LUX,OSD-38
AT2G40080,Atha_WT-Col-0_sl_FLT_Rep3_G1S3,1.163970325675202,ELF4,OSD-38
AT2G42830,Atha_WT-Col-0_sl_FLT_Rep3_G1S3,0.7909345166615775,PRR9,OSD-38
AT2G46830,Atha_WT-Col-0_sl_FLT_Rep3_G1S3,0.07808747809291784,CCA1,OSD-38
AT3G09600,Atha_WT-Col-0_sl_FLT_Rep3_G1S3,-1.2986682024547471,GI,OSD-38
AT3G26740,Atha_WT-Col-0_sl_FLT_Rep3_G1S3,-0.5934767324106284,ELF3,OSD-38
AT3G46640,Atha_WT-Col-0_sl_FLT_Rep3_G1S3,-0.6555288205386522,TIC,OSD-38
AT5G02810,Atha_WT-Col-0_sl_FLT_Rep3_G1S3,-1.427324386647409,PRR7,OSD-38
AT5G24470,Atha_WT-Col-0_sl_FLT_Rep3_G1S3,-0.49746378299696514,PRR5,OSD-38
AT5G61380,Atha_WT-Col-0_sl_FLT_Rep3_G1S3,-1.0391949094685757,TOC1,OSD-38
AT1G01060,Atha_WT-Col-0_sl_GC_Rep1_G2S1,-0.40341555849920535,LHY,OSD-38
AT1G75530,Atha_WT-Col-0_sl_GC_Rep1_G2S1,2.0160692259520028,LUX,OSD-38
AT2G40080,Atha_WT-Col-0_sl_GC_Rep1_G2S1,2.07157509815462,ELF4,OSD-38
AT2G42830,Atha_WT-Col-0_sl_GC_Rep1_G2S1,1.1262844242016816,PRR9,OSD-38
AT2G46830,Atha_WT-Col-0_sl_GC_Rep1_G2S1,0.44048319116609136,CCA1,OSD-38
AT3G09600,Atha_WT-Col-0_sl_GC_Rep1_G2S1,-1.2508262618971313,GI,OSD-38
AT3G26740,Atha_WT-Col-0_sl_GC_Rep1_G2S1,-0.5994007205999428,ELF3,OSD-38
AT3G46640,Atha_WT-Col-0_sl_GC_Rep1_G2S1,2.910219839841079,TIC,OSD-38
AT5G02810,Atha_WT-Col-0_sl_GC_Rep1_G2S1,0.9231640192273467,PRR7,OSD-38
AT5G24470,Atha_WT-Col-0_sl_GC_Rep1_G2S1,1.1597914100214888,PRR5,OSD-38
AT5G61380,Atha_WT-Col-0_sl_GC_Rep1_G2S1,2.354318842084117,TOC1,OSD-38
AT1G01060,Atha_WT-Col-0_sl_GC_Rep2_G2S2,0.19644633634890263,LHY,OSD-38
AT1G75530,Atha_WT-Col-0_sl_GC_Rep2_G2S2,0.20059332075525613,LUX,OSD-38
AT2G40080,Atha_WT-Col-0_sl_GC_Rep2_G2S2,-0.5179768352328672,ELF4,OSD-38
AT2G42830,Atha_WT-Col-0_sl_GC_Rep2_G2S2,0.2397017491794347,PRR9,OSD-38
AT2G46830,Atha_WT-Col-0_sl_GC_Rep2_G2S2,0.39784466487582126,CCA1,OSD-38
AT3G09600,Atha_WT-Col-0_sl_GC_Rep2_G2S2,-0.07076487517583858,GI,OSD-38
AT3G26740,Atha_WT-Col-0_sl_GC_Rep2_G2S2,-0.020636204928422462,ELF3,OSD-38
AT3G46640,Atha_WT-Col-0_sl_GC_Rep2_G2S2,-0.3977523943155165,TIC,OSD-38
AT5G02810,Atha_WT-Col-0_sl_GC_Rep2_G2S2,-0.19102878029989953,PRR7,OSD-38
AT5G24470,Atha_WT-Col-0_sl_GC_Rep2_G2S2,-0.5423782863804025,PRR5,OSD-38
AT5G61380,Atha_WT-Col-0_sl_GC_Rep2_G2S2,-0.6367086719689775,TOC1,OSD-38
AT1G01060,Atha_WT-Col-0_sl_GC_Rep3_G2S3,-0.2003416763063019,LHY,OSD-38
AT1G75530,Atha_WT-Col-0_sl_GC_Rep3_G2S3,-0.6042016910948003,LUX,OSD-38
AT2G40080,Atha_WT-Col-0_sl_GC_Rep3_G2S3,-0.050818168896574395,ELF4,OSD-38
AT2G42830,Atha_WT-Col-0_sl_GC_Rep3_G2S3,-0.6524848062707613,PRR9,OSD-38
AT2G46830,Atha_WT-Col-0_sl_GC_Rep3_G2S3,0.6713794589228992,CCA1,OSD-38
AT3G09600,Atha_WT-Col-0_sl_GC_Rep3_G2S3,0.1533700416236582,GI,OSD-38
AT3G26740,Atha_WT-Col-0_sl_GC_Rep3_G2S3,-0.1399330740399473,ELF3,OSD-38
AT3G46640,Atha_WT-Col-0_sl_GC_Rep3_G2S3,0.5442000933649995,TIC,OSD-38
AT5G02810,Atha_WT-Col-0_sl_GC_Rep3_G2S3,0.5023851322816342,PRR7,OSD-38
AT5G24470,Atha_WT-Col-0_sl_GC_Rep3_G2S3,0.15882530232151473,PRR5,OSD-38
AT5G61380,Atha_WT-Col-0_sl_GC_Rep3_G2S3,0.6099634696650924,TOC1,OSD-38
AT1G01060,Atha_WT-Col-0_sl_LN2_Rep1_n2-1,-0.5604659180421946,LHY,OSD-38
AT1G75530,Atha_WT-Col-0_sl_LN2_Rep1_n2-1,-1.9509262057482029,LUX,OSD-38
AT2G40080,Atha_WT-Col-0_sl_LN2_Rep1_n2-1,-1.4026587044121528,ELF4,OSD-38
AT2G42830,Atha_WT-Col-0_sl_LN2_Rep1_n2-1,-0.46355666286679764,PRR9,OSD-38
AT2G46830,Atha_WT-Col-0_sl_LN2_Rep1_n2-1,-1.4021986793052699,CCA1,OSD-38
AT3G09600,Atha_WT-Col-0_sl_LN2_Rep1_n2-1,0.7090369139605032,GI,OSD-38
AT3G26740,Atha_WT-Col-0_sl_LN2_Rep1_n2-1,-0.5068047206218156,ELF3,OSD-38
AT3G46640,Atha_WT-Col-0_sl_LN2_Rep1_n2-1,-0.5349565367117685,TIC,OSD-38
AT5G02810,Atha_WT-Col-0_sl_LN2_Rep1_n2-1,-0.6004184051404805,PRR7,OSD-38
AT5G24470,Atha_WT-Col-0_sl_LN2_Rep1_n2-1,-1.1376987614434442,PRR5,OSD-38
AT5G61380,Atha_WT-Col-0_sl_LN2_Rep1_n2-1,-0.15774058280588046,TOC1,OSD-38
AT1G01060,Atha_WT-Col-0_sl_LN2_Rep2_n2-2,-0.9147692644180215,LHY,OSD-38
AT1G75530,Atha_WT-Col-0_sl_LN2_Rep2_n2-2,-0.38560781308669373,LUX,OSD-38
AT2G40080,Atha_WT-Col-0_sl_LN2_Rep2_n2-2,-1.1700249837522916,ELF4,OSD-38
AT2G42830,Atha_WT-Col-0_sl_LN2_Rep2_n2-2,-0.5524443697949544,PRR9,OSD-38
AT2G46830,Atha_WT-Col-0_sl_LN2_Rep2_n2-2,-0.9895177356290196,CCA1,OSD-38
AT3G09600,Atha_WT-Col-0_sl_LN2_Rep2_n2-2,0.841592798032318,GI,OSD-38
AT3G26740,Atha_WT-Col-0_sl_LN2_Rep2_n2-2,-0.5766450629799732,ELF3,OSD-38
AT3G46640,Atha_WT-Col-0_sl_LN2_Rep2_n2-2,-0.3481984430767444,TIC,OSD-38
AT5G02810,Atha_WT-Col-0_sl_LN2_Rep2_n2-2,0.033679085874994553,PRR7,OSD-38
AT5G24470,Atha_WT-Col-0_sl_LN2_Rep2_n2-2,-0.32900951526361594,PRR5,OSD-38
AT5G61380,Atha_WT-Col-0_sl_LN2_Rep2_n2-2,-0.9222546157824139,TOC1,OSD-38
AT1G01060,Atha_WT-Col-0_sl_LN2_Rep3_n2-3,-0.3289893289932522,LHY,OSD-38
AT1G75530,Atha_WT-Col-0_sl_LN2_Rep3_n2-3,-0.5380601813537056,LUX,OSD-38
AT2G40080,Atha_WT-Col-0_sl_LN2_Rep3_n2-3,-0.49511464407853484,ELF4,OSD-38
AT2G42830,Atha_WT-Col-0_sl_LN2_Rep3_n2-3,0.023701084911994096,PRR9,OSD-38
AT2G46830,Atha_WT-Col-0_sl_LN2_Rep3_n2-3,-0.9561596564357574,CCA1,OSD-38
AT3G09600,Atha_WT-Col-0_sl_LN2_Rep3_n2-3,-0.24759925503209898,GI,OSD-38
AT3G26740,Atha_WT-Col-0_sl_LN2_Rep3_n2-3,-0.14479435410684238,ELF3,OSD-38
AT3G46640,Atha_WT-Col-0_sl_LN2_Rep3_n2-3,-0.31067240525075995,TIC,OSD-38
AT5G02810,Atha_WT-Col-0_sl_LN2_Rep3_n2-3,0.5763789575937039,PRR7,OSD-38
AT5G24470,Atha_WT-Col-0_sl_LN2_Rep3_n2-3,-0.9401155025820592,PRR5,OSD-38
AT5G61380,Atha_WT-Col-0_sl_LN2_Rep3_n2-3,-0.049301055307461504,TOC1,OSD-38
AT1G01060,Atha_WT-Col-0_sl_RNAlat_Rep1_rl1,-0.2684823488990943,LHY,OSD-38
AT1G75530,Atha_WT-Col-0_sl_RNAlat_Rep1_rl1,-0.4234497717142907,LUX,OSD-38
AT2G40080,Atha_WT-Col-0_sl_RNAlat_Rep1_rl1,0.46665979505991934,ELF4,OSD-38
AT2G42830,Atha_WT-Col-0_sl_RNAlat_Rep1_rl1,1.9399084071622532,PRR9,OSD-38
AT2G46830,Atha_WT-Col-0_sl_RNAlat_Rep1_rl1,0.09149344090764312,CCA1,OSD-38
AT3G09600,Atha_WT-Col-0_sl_RNAlat_Rep1_rl1,0.5069014512075759,GI,OSD-38
AT3G26740,Atha_WT-Col-0_sl_RNAlat_Rep1_rl1,1.1173680639757482,ELF3,OSD-38
AT3G46640,Atha_WT-Col-0_sl_RNAlat_Rep1_rl1,-0.03751014345288594,TIC,OSD-38
AT5G02810,Atha_WT-Col-0_sl_RNAlat_Rep1_rl1,0.6623121412625558,PRR7,OSD-38
AT5G24470,Atha_WT-Col-0_sl_RNAlat_Rep1_rl1,0.5086244180272578,PRR5,OSD-38
AT5G61380,Atha_WT-Col-0_sl_RNAlat_Rep1_rl1,0.11619796054341382,TOC1,OSD-38
AT1G01060,Atha_WT-Col-0_sl_RNAlat_Rep2_rl2,-1.6269019408225658,LHY,OSD-38
AT1G75530,Atha_WT-Col-0_sl_RNAlat_Rep2_rl2,0.22988692448645204,LUX,OSD-38
AT2G40080,Atha_WT-Col-0_sl_RNAlat_Rep2_rl2,-0.02725607803791462,ELF4,OSD-38
AT2G42830,Atha_WT-Col-0_sl_RNAlat_Rep2_rl2,0.40821926717934665,PRR9,OSD-38
AT2G46830,Atha_WT-Col-0_sl_RNAlat_Rep2_rl2,-0.4065498723310902,CCA1,OSD-38
AT3G09600,Atha_WT-Col-0_sl_RNAlat_Rep2_rl2,0.6003796101581443,GI,OSD-38
AT3G26740,Atha_WT-Col-0_sl_RNAlat_Rep2_rl2,2.5687674878109377,ELF3,OSD-38
AT3G46640,Atha_WT-Col-0_sl_RNAlat_Rep2_rl2,-0.03228933028138483,TIC,OSD-38
AT5G02810,Atha_WT-Col-0_sl_RNAlat_Rep2_rl2,0.6731062362402627,PRR7,OSD-38
AT5G24470,Atha_WT-Col-0_sl_RNAlat_Rep2_rl2,1.1876558566524638,PRR5,OSD-38
AT5G61380,Atha_WT-Col-0_sl_RNAlat_Rep2_rl2,0.8990929562260683,TOC1,OSD-38
AT1G01060,Atha_WT-Col-0_sl_RNAlat_Rep3_rl3,-0.34452178690594276,LHY,OSD-38
AT1G75530,Atha_WT-Col-0_sl_RNAlat_Rep3_rl3,-0.1666279660245643,LUX,OSD-38
AT2G40080,Atha_WT-Col-0_sl_RNAlat_Rep3_rl3,0.7780028299435112,ELF4,OSD-38
AT2G42830,Atha_WT-Col-0_sl_RNAlat_Rep3_rl3,0.004645366017832972,PRR9,OSD-38
AT2G46830,Atha_WT-Col-0_sl_RNAlat_Rep3_rl3,2.375345012417687,CCA1,OSD-38
AT3G09600,Atha_WT-Col-0_sl_RNAlat_Rep3_rl3,1.9742822036711876,GI,OSD-38
AT3G26740,Atha_WT-Col-0_sl_RNAlat_Rep3_rl3,0.5813891884734823,ELF3,OSD-38
AT3G46640,Atha_WT-Col-0_sl_RNAlat_Rep3_rl3,0.307249861269773,TIC,OSD-38
AT5G02810,Atha_WT-Col-0_sl_RNAlat_Rep3_rl3,1.5571530124493032,PRR7,OSD-38
AT5G24470,Atha_WT-Col-0_sl_RNAlat_Rep3_rl3,1.9818728037634545,PRR5,OSD-38
AT5G61380,Atha_WT-Col-0_sl_RNAlat_Rep3_rl3,0.5597087662445114,TOC1,OSD-38
AT1G01060,Atha_Col-0_wo_WT_GC_Rep1,0.371945989490465,LHY,OSD-44
AT2G40080,Atha_Col-0_wo_WT_GC_Rep1,0.07306995576908071,ELF4,OSD-44
AT2G42830,Atha_Col-0_wo_WT_GC_Rep1,-1.708433911548395,PRR9,OSD-44
AT2G46830,Atha_Col-0_wo_WT_GC_Rep1,0.651655892273743,CCA1,OSD-44
AT3G09600,Atha_Col-0_wo_WT_GC_Rep1,0.9016744733107366,GI,OSD-44
AT3G09600,Atha_Col-0_wo_WT_GC_Rep1,0.10658894875307588,GI,OSD-44
AT3G26740,Atha_Col-0_wo_WT_GC_Rep1,-1.169614023224031,ELF3,OSD-44
AT5G02810,Atha_Col-0_wo_WT_GC_Rep1,0.011215488210243787,PRR7,OSD-44
AT5G24470,Atha_Col-0_wo_WT_GC_Rep1,-0.07020866474906619,PRR5,OSD-44
AT5G61380,Atha_Col-0_wo_WT_GC_Rep1,2.0288110357253064,TOC1,OSD-44
AT1G01060,Atha_Col-0_wo_WT_GC_Rep2,1.0153912412824284,LHY,OSD-44
AT2G40080,Atha_Col-0_wo_WT_GC_Rep2,0.001945203787882574,ELF4,OSD-44
AT2G42830,Atha_Col-0_wo_WT_GC_Rep2,-0.7523413170804512,PRR9,OSD-44
AT2G46830,Atha_Col-0_wo_WT_GC_Rep2,-0.014485477594787705,CCA1,OSD-44
AT3G09600,Atha_Col-0_wo_WT_GC_Rep2,0.8382715655182267,GI,OSD-44
AT3G09600,Atha_Col-0_wo_WT_GC_Rep2,0.36524406747139176,GI,OSD-44
AT3G26740,Atha_Col-0_wo_WT_GC_Rep2,-0.7057086808089885,ELF3,OSD-44
AT5G02810,Atha_Col-0_wo_WT_GC_Rep2,-1.8583922781735038,PRR7,OSD-44
AT5G24470,Atha_Col-0_wo_WT_GC_Rep2,0.07879898888494896,PRR5,OSD-44
AT5G61380,Atha_Col-0_wo_WT_GC_Rep2,0.0996816478291915,TOC1,OSD-44
AT1G01060,Atha_Col-0_wo_WT_GC_Rep3,0.2646899395143137,LHY,OSD-44
AT2G40080,Atha_Col-0_wo_WT_GC_Rep3,1.1021965704518597,ELF4,OSD-44
AT2G42830,Atha_Col-0_wo_WT_GC_Rep3,-1.5841081009495712,PRR9,OSD-44
AT2G46830,Atha_Col-0_wo_WT_GC_Rep3,0.8362455883904133,CCA1,OSD-44
AT3G09600,Atha_Col-0_wo_WT_GC_Rep3,1.3033668417249276,GI,OSD-44
AT3G09600,Atha_Col-0_wo_WT_GC_Rep3,1.6638455842220785,GI,OSD-44
AT3G26740,Atha_Col-0_wo_WT_GC_Rep3,-0.8286214310970444,ELF3,OSD-44
AT5G02810,Atha_Col-0_wo_WT_GC_Rep3,-0.02526987609491572,PRR7,OSD-44
AT5G24470,Atha_Col-0_wo_WT_GC_Rep3,1.000582703472403,PRR5,OSD-44
AT5G61380,Atha_Col-0_wo_WT_GC_Rep3,0.6253843211889694,TOC1,OSD-44
AT1G01060,Atha_Col-0_wo_WT_FLT_Rep1,-0.5289113790084347,LHY,OSD-44
AT2G40080,Atha_Col-0_wo_WT_FLT_Rep1,-0.05689022630781275,ELF4,OSD-44
AT2G42830,Atha_Col-0_wo_WT_FLT_Rep1,1.6098624934307464,PRR9,OSD-44
AT2G46830,Atha_Col-0_wo_WT_FLT_Rep1,-0.6456095985477397,CCA1,OSD-44
AT3G09600,Atha_Col-0_wo_WT_FLT_Rep1,-0.26187648821371196,GI,OSD-44
AT3G09600,Atha_Col-0_wo_WT_FLT_Rep1,-0.7392009817822394,GI,OSD-44
AT3G26740,Atha_Col-0_wo_WT_FLT_Rep1,1.8845788161986956,ELF3,OSD-44
AT5G02810,Atha_Col-0_wo_WT_FLT_Rep1,-0.5765560779060844,PRR7,OSD-44
AT5G24470,Atha_Col-0_wo_WT_FLT_Rep1,-2.2930809239243133,PRR5,OSD-44
AT5G61380,Atha_Col-0_wo_WT_FLT_Rep1,-0.28814693044385414,TOC1,OSD-44
AT1G01060,Atha_Col-0_wo_WT_FLT_Rep2,-1.0108184103115905,LHY,OSD-44
AT2G40080,Atha_Col-0_wo_WT_FLT_Rep2,-0.037809703085415036,ELF4,OSD-44
AT2G42830,Atha_Col-0_wo_WT_FLT_Rep2,0.4339878169553179,PRR9,OSD-44
AT2G46830,Atha_Col-0_wo_WT_FLT_Rep2,-1.1383467868668364,CCA1,OSD-44
AT3G09600,Atha_Col-0_wo_WT_FLT_Rep2,-0.8070960677443717,GI,OSD-44
AT3G09600,Atha_Col-0_wo_WT_FLT_Rep2,-1.0731408278111416,GI,OSD-44
AT3G26740,Atha_Col-0_wo_WT_FLT_Rep2,1.240394662473776,ELF3,OSD-44
AT5G02810,Atha_Col-0_wo_WT_FLT_Rep2,1.3466224803879352,PRR7,OSD-44
AT5G24470,Atha_Col-0_wo_WT_FLT_Rep2,-0.19047114164772547,PRR5,OSD-44
AT5G61380,Atha_Col-0_wo_WT_FLT_Rep2,0.216609563738191,TOC1,OSD-44
AT1G01060,Atha_Col-0_wo_WT_FLT_Rep3,-0.9877627003117692,LHY,OSD-44
AT2G40080,Atha_Col-0_wo_WT_FLT_Rep3,-2.093134743967496,ELF4,OSD-44
AT2G42830,Atha_Col-0_wo_WT_FLT_Rep3,0.30940596615580945,PRR9,OSD-44
AT2G46830,Atha_Col-0_wo_WT_FLT_Rep3,-0.04226346487655538,CCA1,OSD-44
AT3G09600,Atha_Col-0_wo_WT_FLT_Rep3,-1.3030305687541588,GI,OSD-44
AT3G09600,Atha_Col-0_wo_WT_FLT_Rep3,-1.10099846061069,GI,OSD-44
AT3G26740,Atha_Col-0_wo_WT_FLT_Rep3,-0.09121347371531545,ELF3,OSD-44
AT5G02810,Atha_Col-0_wo_WT_FLT_Rep3,-0.5900238142918516,PRR7,OSD-44
AT5G24470,Atha_Col-0_wo_WT_FLT_Rep3,-1.1690749298256784,PRR5,OSD-44
AT5G61380,Atha_Col-0_wo_WT_FLT_Rep3,0.0859558506979651,TOC1,OSD-44
AT1G01060,Atha_Col-0_wo_act2-3_GC_Rep1,1.5568374381035268,LHY,OSD-44
AT2G40080,Atha_Col-0_wo_act2-3_GC_Rep1,-1.2995019800834515,ELF4,OSD-44
AT2G42830,Atha_Col-0_wo_act2-3_GC_Rep1,0.19397905466021867,PRR9,OSD-44
AT2G46830,Atha_Col-0_wo_act2-3_GC_Rep1,0.12801674299220184,CCA1,OSD-44
AT3G09600,Atha_Col-0_wo_act2-3_GC_Rep1,1.1866359061387923,GI,OSD-44
AT3G09600,Atha_Col-0_wo_act2-3_GC_Rep1,1.8419292024123772,GI,OSD-44
AT3G26740,Atha_Col-0_wo_act2-3_GC_Rep1,-0.3547568910806371,ELF3,OSD-44
AT5G02810,Atha_Col-0_wo_act2-3_GC_Rep1,1.7881802142232337,PRR7,OSD-44
AT5G24470,Atha_Col-0_wo_act2-3_GC_Rep1,0.15181652325161196,PRR5,OSD-44
AT5G61380,Atha_Col-0_wo_act2-3_GC_Rep1,1.072020410905733,TOC1,OSD-44
AT1G01060,Atha_Col-0_wo_act2-3_GC_Rep2,1.464621946660702,LHY,OSD-44
AT2G40080,Atha_Col-0_wo_act2-3_GC_Rep2,1.7241192986702079,ELF4,OSD-44
AT2G42830,Atha_Col-0_wo_act2-3_GC_Rep2,-0.7313199698656141,PRR9,OSD-44
AT2G46830,Atha_Col-0_wo_act2-3_GC_Rep2,1.6850682787779436,CCA1,OSD-44
AT3G09600,Atha_Col-0_wo_act2-3_GC_Rep2,0.752133007010914,GI,OSD-44
AT3G09600,Atha_Col-0_wo_act2-3_GC_Rep2,-0.11909196149849138,GI,OSD-44
AT3G26740,Atha_Col-0_wo_act2-3_GC_Rep2,-0.6009729077678382,ELF3,OSD-44
AT5G02810,Atha_Col-0_wo_act2-3_GC_Rep2,0.6583300933564212,PRR7,OSD-44
AT5G24470,Atha_Col-0_wo_act2-3_GC_Rep2,1.0058677579405064,PRR5,OSD-44
AT5G61380,Atha_Col-0_wo_act2-3_GC_Rep2,-0.5419896605548737,TOC1,OSD-44
AT1G01060,Atha_Col-0_wo_act2-3_GC_Rep3,0.35446739953301165,LHY,OSD-44
AT2G40080,Atha_Col-0_wo_act2-3_GC_Rep3,0.7148099482586635,ELF4,OSD-44
AT2G42830,Atha_Col-0_wo_act2-3_GC_Rep3,0.5133361595342778,PRR9,OSD-44
AT2G46830,Atha_Col-0_wo_act2-3_GC_Rep3,1.470020740412672,CCA1,OSD-44
AT3G09600,Atha_Col-0_wo_act2-3_GC_Rep3,0.4564865431550946,GI,OSD-44
AT3G09600,Atha_Col-0_wo_act2-3_GC_Rep3,0.5887629300022521,GI,OSD-44
AT3G26740,Atha_Col-0_wo_act2-3_GC_Rep3,-0.746320868408785,ELF3,OSD-44
AT5G02810,Atha_Col-0_wo_act2-3_GC_Rep3,0.20394019529537638,PRR7,OSD-44
AT5G24470,Atha_Col-0_wo_act2-3_GC_Rep3,0.7046397359440673,PRR5,OSD-44
AT5G61380,Atha_Col-0_wo_act2-3_GC_Rep3,0.3447346846630613,TOC1,OSD-44
AT1G01060,Atha_Col-0_wo_act2-3_FLT_Rep1,-0.6332295343994208,LHY,OSD-44
AT2G40080,Atha_Col-0_wo_act2-3_FLT_Rep1,0.08955732180328897,ELF4,OSD-44
AT2G42830,Atha_Col-0_wo_act2-3_FLT_Rep1,0.6726594942182816,PRR9,OSD-44
AT2G46830,Atha_Col-0_wo_act2-3_FLT_Rep1,-0.8833126806566594,CCA1,OSD-44
AT3G09600,Atha_Col-0_wo_act2-3_FLT_Rep1,-1.1870714519564536,GI,OSD-44
AT3G09600,Atha_Col-0_wo_act2-3_FLT_Rep1,0.05707302895922426,GI,OSD-44
AT3G26740,Atha_Col-0_wo_act2-3_FLT_Rep1,0.6847618005289229,ELF3,OSD-44
AT5G02810,Atha_Col-0_wo_act2-3_FLT_Rep1,-1.131466796882315,PRR7,OSD-44
AT5G24470,Atha_Col-0_wo_act2-3_FLT_Rep1,0.253203753412837,PRR5,OSD-44
AT5G61380,Atha_Col-0_wo_act2-3_FLT_Rep1,-1.3953265259669398,TOC1,OSD-44
AT1G01060,Atha_Col-0_wo_act2-3_FLT_Rep2,-0.36588574359342296,LHY,OSD-44
AT2G40080,Atha_Col-0_wo_act2-3_FLT_Rep2,0.1989045206863026,ELF4,OSD-44
AT2G42830,Atha_Col-0_wo_act2-3_FLT_Rep2,0.1356327473444188,PRR9,OSD-44
AT2G46830,Atha_Col-0_wo_act2-3_FLT_Rep2,-0.6565691470839303,CCA1,OSD-44
AT3G09600,Atha_Col-0_wo_act2-3_FLT_Rep2,-1.0107079763332534,GI,OSD-44
AT3G09600,Atha_Col-0_wo_act2-3_FLT_Rep2,-0.517870702306657,GI,OSD-44
AT3G26740,Atha_Col-0_wo_act2-3_FLT_Rep2,1.2380531864949982,ELF3,OSD-44
AT5G02810,Atha_Col-0_wo_act2-3_FLT_Rep2,-0.11803801401808034,PRR7,OSD-44
AT5G24470,Atha_Col-0_wo_act2-3_FLT_Rep2,1.156056033511838,PRR5,OSD-44
AT5G61380,Atha_Col-0_wo_act2-3_FLT_Rep2,-1.5179695995492286,TOC1,OSD-44
AT1G01060,Atha_Col-0_wo_act2-3_FLT_Rep3,-1.5013461869598526,LHY,OSD-44
AT2G40080,Atha_Col-0_wo_act2-3_FLT_Rep3,-0.41726616598307253,ELF4,OSD-44
AT2G42830,Atha_Col-0_wo_act2-3_FLT_Rep3,0.9073395671449723,PRR9,OSD-44
AT2G46830,Atha_Col-0_wo_act2-3_FLT_Rep3,-1.3904200872204602,CCA1,OSD-44
AT3G09600,Atha_Col-0_wo_act2-3_FLT_Rep3,-0.8687857838567533,GI,OSD-44
AT3G09600,Atha_Col-0_wo_act2-3_FLT_Rep3,-1.0731408278111416,GI,OSD-44
AT3G26740,Atha_Col-0_wo_act2-3_FLT_Rep3,-0.5505801895937529,ELF3,OSD-44
AT5G02810,Atha_Col-0_wo_act2-3_FLT_Rep3,0.29145838589349493,PRR7,OSD-44
AT5G24470,Atha_Col-0_wo_act2-3_FLT_Rep3,-0.6281298362714249,PRR5,OSD-44
AT5G61380,Atha_Col-0_wo_act2-3_FLT_Rep3,-0.7297647982334902,TOC1,OSD-44
AT1G01060,GSM1506014_1,1.1404419827841954,LHY,OSD-46
AT2G40080,GSM1506014_1,-0.7223763577499842,ELF4,OSD-46
AT2G42830,GSM1506014_1,-0.884324528104397,PRR9,OSD-46
AT2G46830,GSM1506014_1,0.9628387626370466,CCA1,OSD-46
AT3G09600,GSM1506014_1,0.9006738918692645,GI,OSD-46
AT3G09600,GSM1506014_1,1.0291948127819879,GI,OSD-46
AT3G26740,GSM1506014_1,-1.8341943148107362,ELF3,OSD-46
AT5G02810,GSM1506014_1,-0.8939291311683573,PRR7,OSD-46
AT5G24470,GSM1506014_1,-1.4031228046328543,PRR5,OSD-46
AT5G61380,GSM1506014_1,-0.9528112122288549,TOC1,OSD-46
AT1G01060,GSM1506015_1,1.2049570501072069,LHY,OSD-46
AT2G40080,GSM1506015_1,-0.6432232998815843,ELF4,OSD-46
AT2G42830,GSM1506015_1,2.0034728297516198,PRR9,OSD-46
AT2G46830,GSM1506015_1,1.045455824676438,CCA1,OSD-46
AT3G09600,GSM1506015_1,1.160441079849856,GI,OSD-46
AT3G09600,GSM1506015_1,0.5494321170308794,GI,OSD-46
AT3G26740,GSM1506015_1,-1.7062665816747435,ELF3,OSD-46
AT5G02810,GSM1506015_1,-1.024918486864387,PRR7,OSD-46
AT5G24470,GSM1506015_1,-0.6593211263006035,PRR5,OSD-46
AT5G61380,GSM1506015_1,-0.9060836110010457,TOC1,OSD-46
AT1G01060,GSM1506016_1,0.7916005696432923,LHY,OSD-46
AT2G40080,GSM1506016_1,-0.8123245049829666,ELF4,OSD-46
AT2G42830,GSM1506016_1,-1.3936996404318276,PRR9,OSD-46
AT2G46830,GSM1506016_1,0.6060755003132294,CCA1,OSD-46
AT3G09600,GSM1506016_1,0.6731492819041155,GI,OSD-46
AT3G09600,GSM1506016_1,0.45620596850341844,GI,OSD-46
AT3G26740,GSM1506016_1,-0.9878491779352925,ELF3,OSD-46
AT5G02810,GSM1506016_1,-0.4391454939807231,PRR7,OSD-46
AT5G24470,GSM1506016_1,-0.7958228176455733,PRR5,OSD-46
AT5G61380,GSM1506016_1,-1.3939101573630417,TOC1,OSD-46
AT1G01060,GSM1506017_1,0.766871434950859,LHY,OSD-46
AT2G40080,GSM1506017_1,-0.48841954693854744,ELF4,OSD-46
AT2G42830,GSM1506017_1,-0.01308989261759304,PRR9,OSD-46
AT2G46830,GSM1506017_1,0.653828929615737,CCA1,OSD-46
AT3G09600,GSM1506017_1,0.674051883337696,GI,OSD-46
AT3G09600,GSM1506017_1,1.1497217151097554,GI,OSD-46
AT3G26740,GSM1506017_1,-1.0381047359005005,ELF3,OSD-46
AT5G02810,GSM1506017_1,-0.3928064670333979,PRR7,OSD-46
AT5G24470,GSM1506017_1,-0.6671576134983064,PRR5,OSD-46
AT5G61380,GSM1506017_1,-1.1123767077834095,TOC1,OSD-46
AT1G01060,GSM1506018_1,-0.2286128415857198,LHY,OSD-46
AT2G40080,GSM1506018_1,-0.05092154874279882,ELF4,OSD-46
AT2G42830,GSM1506018_1,1.526201378343462,PRR9,OSD-46
AT2G46830,GSM1506018_1,0.09338115444292237,CCA1,OSD-46
AT3G09600,GSM1506018_1,-0.49050664389798443,GI,OSD-46
AT3G09600,GSM1506018_1,-0.4225590378490787,GI,OSD-46
AT3G26740,GSM1506018_1,0.33580921757957244,ELF3,OSD-46
AT5G02810,GSM1506018_1,0.8256730120199324,PRR7,OSD-46
AT5G24470,GSM1506018_1,0.3435530449306882,PRR5,OSD-46
AT5G61380,GSM1506018_1,-0.3947664322268684,TOC1,OSD-46
AT1G01060,GSM1506019_1,-0.24897701678579617,LHY,OSD-46
AT2G40080,GSM1506019_1,0.16465752692341581,ELF4,OSD-46
AT2G42830,GSM1506019_1,-0.1783936892134919,PRR9,OSD-46
AT2G46830,GSM1506019_1,0.09226262295386552,CCA1,OSD-46
AT3G09600,GSM1506019_1,-0.5227193430821185,GI,OSD-46
AT3G09600,GSM1506019_1,-0.6544786856734989,GI,OSD-46
AT3G26740,GSM1506019_1,0.38195608466306874,ELF3,OSD-46
AT5G02810,GSM1506019_1,0.8419892893242145,PRR7,OSD-46
AT5G24470,GSM1506019_1,0.5483825232436165,PRR5,OSD-46
AT5G61380,GSM1506019_1,-0.1931982391240578,TOC1,OSD-46
AT1G01060,GSM1506020_1,-1.3872808225184692,LHY,OSD-46
AT2G40080,GSM1506020_1,1.8471911019222602,ELF4,OSD-46
AT2G42830,GSM1506020_1,1.661987901719411,PRR9,OSD-46
AT2G46830,GSM1506020_1,-1.7912722174325508,CCA1,OSD-46
AT3G09600,GSM1506020_1,-1.4339043933037487,GI,OSD-46
AT3G09600,GSM1506020_1,-1.1031858232859784,GI,OSD-46
AT3G26740,GSM1506020_1,0.9192980693583519,ELF3,OSD-46
AT5G02810,GSM1506020_1,0.5432471444800677,PRR7,OSD-46
AT5G24470,GSM1506020_1,1.391628157538789,PRR5,OSD-46
AT5G61380,GSM1506020_1,1.86373814428175,TOC1,OSD-46
AT1G01060,GSM1506021_1,-1.367001103172153,LHY,OSD-46
AT2G40080,GSM1506021_1,1.9004629918142124,ELF4,OSD-46
AT2G42830,GSM1506021_1,0.005717989983837526,PRR9,OSD-46
AT2G46830,GSM1506021_1,-1.6762825624435325,CCA1,OSD-46
AT3G09600,GSM1506021_1,-1.4282174595778336,GI,OSD-46
AT3G09600,GSM1506021_1,-1.1506275904242134,GI,OSD-46
AT3G26740,GSM1506021_1,0.894117816475956,ELF3,OSD-46
AT5G02810,GSM1506021_1,0.563024478086252,PRR7,OSD-46
AT5G24470,GSM1506021_1,1.241765727358602,PRR5,OSD-46
AT5G61380,GSM1506021_1,1.867435660408964,TOC1,OSD-46
AT1G01060,GSM1506022_1,1.1015609917691842,LHY,OSD-46
AT2G40080,GSM1506022_1,-0.656938260085745,ELF4,OSD-46
AT2G42830,GSM1506022_1,0.9513689312994723,PRR9,OSD-46
AT2G46830,GSM1506022_1,0.8839705592310719,CCA1,OSD-46
AT3G09600,GSM1506022_1,0.8903861750762097,GI,OSD-46
AT3G09600,GSM1506022_1,0.5841927982393209,GI,OSD-46
AT3G26740,GSM1506022_1,-1.7503145154016972,ELF3,OSD-46
AT5G02810,GSM1506022_1,-1.250964702380777,PRR7,OSD-46
AT5G24470,GSM1506022_1,-0.9972620204157582,PRR5,OSD-46
AT5G61380,GSM1506022_1,-0.5830306753052074,TOC1,OSD-46
AT1G01060,GSM1506023_1,1.1355294124786606,LHY,OSD-46
AT2G40080,GSM1506023_1,-0.5592803224098837,ELF4,OSD-46
AT2G42830,GSM1506023_1,-0.87301131418934,PRR9,OSD-46
AT2G46830,GSM1506023_1,0.8885764144771185,CCA1,OSD-46
AT3G09600,GSM1506023_1,1.001303858783507,GI,OSD-46
AT3G09600,GSM1506023_1,1.9458642617163273,GI,OSD-46
AT3G26740,GSM1506023_1,-1.6521806556750136,ELF3,OSD-46
AT5G02810,GSM1506023_1,-1.4534922752129684,PRR7,OSD-46
AT5G24470,GSM1506023_1,-1.063671313789991,PRR5,OSD-46
AT5G61380,GSM1506023_1,-0.8657780015511082,TOC1,OSD-46
AT1G01060,GSM1506024_1,-0.09988056557755447,LHY,OSD-46
AT2G40080,GSM1506024_1,-0.6570622233604387,ELF4,OSD-46
AT2G42830,GSM1506024_1,0.3504988042980531,PRR9,OSD-46
AT2G46830,GSM1506024_1,0.3316330984997394,CCA1,OSD-46
AT3G09600,GSM1506024_1,0.21535076027107058,GI,OSD-46
AT3G09600,GSM1506024_1,-0.32878110130803,GI,OSD-46
AT3G26740,GSM1506024_1,0.8840156757149031,ELF3,OSD-46
AT5G02810,GSM1506024_1,1.3312954822615006,PRR7,OSD-46
AT5G24470,GSM1506024_1,0.39191830590192883,PRR5,OSD-46
AT5G61380,GSM1506024_1,0.07608164865729808,TOC1,OSD-46
AT1G01060,GSM1506025_1,-0.03387027464799386,LHY,OSD-46
AT2G40080,GSM1506025_1,-0.6974192477528436,ELF4,OSD-46
AT2G42830,GSM1506025_1,-0.204893570389058,PRR9,OSD-46
AT2G46830,GSM1506025_1,0.36905004560628574,CCA1,OSD-46
AT3G09600,GSM1506025_1,0.16704775325876317,GI,OSD-46
AT3G09600,GSM1506025_1,-0.4381493098763363,GI,OSD-46
AT3G26740,GSM1506025_1,0.876114524152763,ELF3,OSD-46
AT5G02810,GSM1506025_1,1.4320253403570171,PRR7,OSD-46
AT5G24470,GSM1506025_1,0.5921262482998606,PRR5,OSD-46
AT5G61380,GSM1506025_1,0.05549140335021138,TOC1,OSD-46
AT1G01060,GSM1506026_1,-0.5775653109295797,LHY,OSD-46
AT2G40080,GSM1506026_1,-0.23327195770039183,ELF4,OSD-46
AT2G42830,GSM1506026_1,-0.025727032960165052,PRR9,OSD-46
AT2G46830,GSM1506026_1,-0.15751824812976556,CCA1,OSD-46
AT3G09600,GSM1506026_1,-0.4851894830751101,GI,OSD-46
AT3G09600,GSM1506026_1,-0.5847575839491356,GI,OSD-46
AT3G26740,GSM1506026_1,1.1949351451359356,ELF3,OSD-46
AT5G02810,GSM1506026_1,1.7056899713723785,PRR7,OSD-46
AT5G24470,GSM1506026_1,1.2806296792238987,PRR5,OSD-46
AT5G61380,GSM1506026_1,0.8572941110961844,TOC1,OSD-46
AT1G01060,GSM1506027_1,-0.5937154545304189,LHY,OSD-46
AT2G40080,GSM1506027_1,-0.18582318014031798,ELF4,OSD-46
AT2G42830,GSM1506027_1,-0.08778847751640463,PRR9,OSD-46
AT2G46830,GSM1506027_1,-0.16020871506278397,CCA1,OSD-46
AT3G09600,GSM1506027_1,-0.586916601335883,GI,OSD-46
AT3G09600,GSM1506027_1,-0.7614361762740482,GI,OSD-46
AT3G26740,GSM1506027_1,1.1323531825607651,ELF3,OSD-46
AT5G02810,GSM1506027_1,1.790513727343315,PRR7,OSD-46
AT5G24470,GSM1506027_1,1.4288590679687088,PRR5,OSD-46
AT5G61380,GSM1506027_1,0.9870384531893807,TOC1,OSD-46
AT1G01060,GSM1506028_1,-1.3717682023565292,LHY,OSD-46
AT2G40080,GSM1506028_1,1.4933758863704611,ELF4,OSD-46
AT2G42830,GSM1506028_1,-0.7847942750509957,PRR9,OSD-46
AT2G46830,GSM1506028_1,-1.2887465210459796,CCA1,OSD-46
AT3G09600,GSM1506028_1,-1.5410005339395592,GI,OSD-46
AT3G09600,GSM1506028_1,-1.0753880453609188,GI,OSD-46
AT3G26740,GSM1506028_1,0.9344613381297917,ELF3,OSD-46
AT5G02810,GSM1506028_1,1.0413565892670436,PRR7,OSD-46
AT5G24470,GSM1506028_1,1.628167739748377,PRR5,OSD-46
AT5G61380,GSM1506028_1,1.318044254845352,TOC1,OSD-46
AT1G01060,GSM1506029_1,-1.2332099943963692,LHY,OSD-46
AT2G40080,GSM1506029_1,1.5581340090102425,ELF4,OSD-46
AT2G42830,GSM1506029_1,-1.2590632658593284,PRR9,OSD-46
AT2G46830,GSM1506029_1,-1.2248325905985307,CCA1,OSD-46
AT3G09600,GSM1506029_1,-1.3887227080604938,GI,OSD-46
AT3G09600,GSM1506029_1,-1.0552762179328314,GI,OSD-46
AT3G26740,GSM1506029_1,1.012269881374457,ELF3,OSD-46
AT5G02810,GSM1506029_1,0.9791544386826074,PRR7,OSD-46
AT5G24470,GSM1506029_1,1.9808984526355884,PRR5,OSD-46
AT5G61380,GSM1506029_1,1.2281980909565062,TOC1,OSD-46
AT1G01060,GSM1506030_1,-1.4198661507899766,LHY,OSD-46
AT2G40080,GSM1506030_1,1.064603438213334,ELF4,OSD-46
AT2G42830,GSM1506030_1,-0.1238654881140075,PRR9,OSD-46
AT2G46830,GSM1506030_1,-1.6726232466407964,CCA1,OSD-46
AT3G09600,GSM1506030_1,-1.4541930597536101,GI,OSD-46
AT3G09600,GSM1506030_1,-0.8844050711662017,GI,OSD-46
AT3G26740,GSM1506030_1,0.9498755689507845,ELF3,OSD-46
AT5G02810,GSM1506030_1,-1.4709319581422775,PRR7,OSD-46
AT5G24470,GSM1506030_1,-0.17664355180815827,PRR5,OSD-46
AT5G61380,GSM1506030_1,1.181386277659087,TOC1,OSD-46
AT1G01060,GSM1506031_1,-1.4927976859709193,LHY,OSD-46
AT2G40080,GSM1506031_1,0.9564817788540011,ELF4,OSD-46
AT2G42830,GSM1506031_1,-0.7624291463053215,PRR9,OSD-46
AT2G46830,GSM1506031_1,-1.7090614015721515,CCA1,OSD-46
AT3G09600,GSM1506031_1,-1.3545106014570767,GI,OSD-46
AT3G09600,GSM1506031_1,-1.0015853882121963,GI,OSD-46
AT3G26740,GSM1506031_1,0.8843719870020856,ELF3,OSD-46
AT5G02810,GSM1506031_1,-1.6302158028547329,PRR7,OSD-46
AT5G24470,GSM1506031_1,-0.6532445597897742,PRR5,OSD-46
AT5G61380,GSM1506031_1,1.1063730911790433,TOC1,OSD-46
AT1G01060,GSM1506032_1,0.6356063074628392,LHY,OSD-46
AT2G40080,GSM1506032_1,-0.6203219887719306,ELF4,OSD-46
AT2G42830,GSM1506032_1,-0.6777532006693727,PRR9,OSD-46
AT2G46830,GSM1506032_1,0.4559412439221752,CCA1,OSD-46
AT3G09600,GSM1506032_1,0.6356794251091014,GI,OSD-46
AT3G09600,GSM1506032_1,0.15745209600021629,GI,OSD-46
AT3G26740,GSM1506032_1,-0.08438497559659078,ELF3,OSD-46
AT5G02810,GSM1506032_1,-0.02039383666968379,PRR7,OSD-46
AT5G24470,GSM1506032_1,-0.4917447049148609,PRR5,OSD-46
AT5G61380,GSM1506032_1,-0.5139848596999368,TOC1,OSD-46
AT1G01060,GSM1506033_1,0.7408487394524186,LHY,OSD-46
AT2G40080,GSM1506033_1,-0.6521137413433493,ELF4,OSD-46
AT2G42830,GSM1506033_1,1.652910661065612,PRR9,OSD-46
AT2G46830,GSM1506033_1,0.566977163096174,CCA1,OSD-46
AT3G09600,GSM1506033_1,0.7058856972837262,GI,OSD-46
AT3G09600,GSM1506033_1,-0.2417933348102808,GI,OSD-46
AT3G26740,GSM1506033_1,-0.10813435149467694,ELF3,OSD-46
AT5G02810,GSM1506033_1,0.09810558441022504,PRR7,OSD-46
AT5G24470,GSM1506033_1,-1.025405019753392,PRR5,OSD-46
AT5G61380,GSM1506033_1,-0.537739484342515,TOC1,OSD-46
AT1G01060,GSM1506034_1,0.9253950814697149,LHY,OSD-46
AT2G40080,GSM1506034_1,-0.6900387428617254,ELF4,OSD-46
AT2G42830,GSM1506034_1,0.8465893494452627,PRR9,OSD-46
AT2G46830,GSM1506034_1,0.8253233617643924,CCA1,OSD-46
AT3G09600,GSM1506034_1,0.7675121228285591,GI,OSD-46
AT3G09600,GSM1506034_1,0.5773358493724827,GI,OSD-46
AT3G26740,GSM1506034_1,-1.2947827452894987,ELF3,OSD-46
AT5G02810,GSM1506034_1,-0.7879645959558952,PRR7,OSD-46
AT5G24470,GSM1506034_1,-0.7470208012989334,PRR5,OSD-46
AT5G61380,GSM1506034_1,-1.2522493789579912,TOC1,OSD-46
AT1G01060,GSM1506035_1,0.8745295395516428,LHY,OSD-46
AT2G40080,GSM1506035_1,-0.5011873454732911,ELF4,OSD-46
AT2G42830,GSM1506035_1,-0.8923446059693599,PRR9,OSD-46
AT2G46830,GSM1506035_1,0.8572756533635292,CCA1,OSD-46
AT3G09600,GSM1506035_1,1.03485926407811,GI,OSD-46
AT3G09600,GSM1506035_1,1.7243592044814324,GI,OSD-46
AT3G26740,GSM1506035_1,-1.3159443405764482,ELF3,OSD-46
AT5G02810,GSM1506035_1,-0.769728364976034,PRR7,OSD-46
AT5G24470,GSM1506035_1,-0.9993186254125431,PRR5,OSD-46
AT5G61380,GSM1506035_1,-1.05756330227213,TOC1,OSD-46
AT1G01060,GSM1506036_1,-0.5429569172696803,LHY,OSD-46
AT2G40080,GSM1506036_1,-0.11198499975617753,ELF4,OSD-46
AT2G42830,GSM1506036_1,1.1346127186447534,PRR9,OSD-46
AT2G46830,GSM1506036_1,-0.227052664084787,CCA1,OSD-46
AT3G09600,GSM1506036_1,-0.7139072268697214,GI,OSD-46
AT3G09600,GSM1506036_1,-0.8928661102383765,GI,OSD-46
AT3G26740,GSM1506036_1,0.4176079947609894,ELF3,OSD-46
AT5G02810,GSM1506036_1,1.0182780057099616,PRR7,OSD-46
AT5G24470,GSM1506036_1,1.3203269998304716,PRR5,OSD-46
AT5G61380,GSM1506036_1,-0.18254924385546614,TOC1,OSD-46
AT1G01060,GSM1506037_1,-0.43244682231804404,LHY,OSD-46
AT2G40080,GSM1506037_1,-0.06265148154879652,ELF4,OSD-46
AT2G42830,GSM1506037_1,0.9011679310771346,PRR9,OSD-46
AT2G46830,GSM1506037_1,-0.252645245931492,CCA1,OSD-46
AT3G09600,GSM1506037_1,-0.7650835705824351,GI,OSD-46
AT3G09600,GSM1506037_1,-0.7258275455463349,GI,OSD-46
AT3G26740,GSM1506037_1,0.45395482669025755,ELF3,OSD-46
AT5G02810,GSM1506037_1,0.9315639509042691,PRR7,OSD-46
AT5G24470,GSM1506037_1,1.0559438434195956,PRR5,OSD-46
AT5G61380,GSM1506037_1,-0.30613895851748,TOC1,OSD-46
AT1G01060,GSM1506038_1,-1.364222378830538,LHY,OSD-46
AT2G40080,GSM1506038_1,1.8550200663324097,ELF4,OSD-46
AT2G42830,GSM1506038_1,-1.042926662261461,PRR9,OSD-46
AT2G46830,GSM1506038_1,-1.7937336742379535,CCA1,OSD-46
AT3G09600,GSM1506038_1,-1.4429344070942909,GI,OSD-46
AT3G09600,GSM1506038_1,-1.0044349563135286,GI,OSD-46
AT3G26740,GSM1506038_1,0.9788424510333419,ELF3,OSD-46
AT5G02810,GSM1506038_1,0.24487621498221174,PRR7,OSD-46
AT5G24470,GSM1506038_1,1.1816458783623482,PRR5,OSD-46
AT5G61380,GSM1506038_1,1.6485335755065333,TOC1,OSD-46
AT1G01060,GSM1506039_1,-1.462599567479078,LHY,OSD-46
AT2G40080,GSM1506039_1,2.0414937801717405,ELF4,OSD-46
AT2G42830,GSM1506039_1,-1.864204185195318,PRR9,OSD-46
AT2G46830,GSM1506039_1,-1.5657744086581011,CCA1,OSD-46
AT3G09600,GSM1506039_1,-1.2989120416874582,GI,OSD-46
AT3G09600,GSM1506039_1,-1.1490655074290679,GI,OSD-46
AT3G26740,GSM1506039_1,1.080303036643093,ELF3,OSD-46
AT5G02810,GSM1506039_1,0.46966812339992825,PRR7,OSD-46
AT5G24470,GSM1506039_1,1.3143148018984359,PRR5,OSD-46
AT5G61380,GSM1506039_1,1.8353266685353826,TOC1,OSD-46
AT1G01060,GSM1506040_1,1.297983881685986,LHY,OSD-46
AT2G40080,GSM1506040_1,-0.858701159016818,ELF4,OSD-46
AT2G42830,GSM1506040_1,0.4016173280245117,PRR9,OSD-46
AT2G46830,GSM1506040_1,0.9616827229098963,CCA1,OSD-46
AT3G09600,GSM1506040_1,1.1326406134049574,GI,OSD-46
AT3G09600,GSM1506040_1,2.1707545887876005,GI,OSD-46
AT3G26740,GSM1506040_1,-1.3018665154510902,ELF3,OSD-46
AT5G02810,GSM1506040_1,-1.1911580866170461,PRR7,OSD-46
AT5G24470,GSM1506040_1,-1.0880352223142136,PRR5,OSD-46
AT5G61380,GSM1506040_1,-0.8098134484596281,TOC1,OSD-46
AT1G01060,GSM1506041_1,1.2566728288112214,LHY,OSD-46
AT2G40080,GSM1506041_1,-0.7723974535701591,ELF4,OSD-46
AT2G42830,GSM1506041_1,0.15682556251131613,PRR9,OSD-46
AT2G46830,GSM1506041_1,0.9871500552608254,CCA1,OSD-46
AT3G09600,GSM1506041_1,1.1030089620699763,GI,OSD-46
AT3G09600,GSM1506041_1,2.449703602451157,GI,OSD-46
AT3G26740,GSM1506041_1,-1.4443516891373616,ELF3,OSD-46
AT5G02810,GSM1506041_1,-1.491779090747701,PRR7,OSD-46
AT5G24470,GSM1506041_1,-1.058881271974907,PRR5,OSD-46
AT5G61380,GSM1506041_1,-0.8580334176037442,TOC1,OSD-46
AT1G01060,GSM1506042_1,-0.1598107173295151,LHY,OSD-46
AT2G40080,GSM1506042_1,-0.6331045786406982,ELF4,OSD-46
AT2G42830,GSM1506042_1,-1.7526942436645485,PRR9,OSD-46
AT2G46830,GSM1506042_1,0.35046866326078735,CCA1,OSD-46
AT3G09600,GSM1506042_1,0.09791905486074123,GI,OSD-46
AT3G09600,GSM1506042_1,-0.5786847057148662,GI,OSD-46
AT3G26740,GSM1506042_1,1.0245603021483418,ELF3,OSD-46
AT5G02810,GSM1506042_1,1.4723991790382427,PRR7,OSD-46
AT5G24470,GSM1506042_1,0.7902553735275928,PRR5,OSD-46
AT5G61380,GSM1506042_1,0.4146557688446607,TOC1,OSD-46
AT1G01060,GSM1506043_1,-0.027730144583959407,LHY,OSD-46
AT2G40080,GSM1506043_1,-0.9789805365884099,ELF4,OSD-46
AT2G42830,GSM1506043_1,0.12896926367244485,PRR9,OSD-46
AT2G46830,GSM1506043_1,0.38455693004432734,CCA1,OSD-46
AT3G09600,GSM1506043_1,0.3250194101518485,GI,OSD-46
AT3G09600,GSM1506043_1,-0.3908411543024882,GI,OSD-46
AT3G26740,GSM1506043_1,0.9750346121355692,ELF3,OSD-46
AT5G02810,GSM1506043_1,1.3019315235964466,PRR7,OSD-46
AT5G24470,GSM1506043_1,0.7627974513361269,PRR5,OSD-46
AT5G61380,GSM1506043_1,0.3681369672440396,TOC1,OSD-46
AT1G01060,GSM1506044_1,-1.349470205913883,LHY,OSD-46
AT2G40080,GSM1506044_1,1.7055356268327277,ELF4,OSD-46
AT2G42830,GSM1506044_1,-1.468635665588653,PRR9,OSD-46
AT2G46830,GSM1506044_1,-0.776410169968381,CCA1,OSD-46
AT3G09600,GSM1506044_1,-1.3787424145438174,GI,OSD-46
AT3G09600,GSM1506044_1,-0.7935369551563232,GI,OSD-46
AT3G26740,GSM1506044_1,0.8448200159413158,ELF3,OSD-46
AT5G02810,GSM1506044_1,1.0135394644235192,PRR7,OSD-46
AT5G24470,GSM1506044_1,1.6121857157047017,PRR5,OSD-46
AT5G61380,GSM1506044_1,1.050217197263366,TOC1,OSD-46
AT1G01060,GSM1506045_1,-1.2343387325652433,LHY,OSD-46
AT2G40080,GSM1506045_1,1.507438963347431,ELF4,OSD-46
AT2G42830,GSM1506045_1,-0.3507403673920547,PRR9,OSD-46
AT2G46830,GSM1506045_1,-1.0182225584870106,CCA1,OSD-46
AT3G09600,GSM1506045_1,-1.073023130668587,GI,OSD-46
AT3G09600,GSM1506045_1,-1.258485092191913,GI,OSD-46
AT3G26740,GSM1506045_1,0.8209116633497814,ELF3,OSD-46
AT5G02810,GSM1506045_1,0.790232430065434,PRR7,OSD-46
AT5G24470,GSM1506045_1,0.9994228476941902,PRR5,OSD-46
AT5G61380,GSM1506045_1,1.135895621736111,TOC1,OSD-46
AT1G01060,GSM1506046_1,-1.505852908544103,LHY,OSD-46
AT2G40080,GSM1506046_1,1.401649180481578,ELF4,OSD-46
AT2G42830,GSM1506046_1,-0.33133351827145163,PRR9,OSD-46
AT2G46830,GSM1506046_1,-1.7181221625329985,CCA1,OSD-46
AT3G09600,GSM1506046_1,-1.3593278182956476,GI,OSD-46
AT3G09600,GSM1506046_1,-0.9195144348810619,GI,OSD-46
AT3G26740,GSM1506046_1,0.9358757322537974,ELF3,OSD-46
AT5G02810,GSM1506046_1,-1.4250257705841296,PRR7,OSD-46
AT5G24470,GSM1506046_1,-0.16360080272617986,PRR5,OSD-46
AT5G61380,GSM1506046_1,1.1506533631143105,TOC1,OSD-46
AT1G01060,GSM1506047_1,-1.5061906313857478,LHY,OSD-46
AT2G40080,GSM1506047_1,1.2147913644743606,ELF4,OSD-46
AT2G42830,GSM1506047_1,-0.6198259986424376,PRR9,OSD-46
AT2G46830,GSM1506047_1,-1.7879654723079341,CCA1,OSD-46
AT3G09600,GSM1506047_1,-1.4401465446389727,GI,OSD-46
AT3G09600,GSM1506047_1,-1.1052317532734737,GI,OSD-46
AT3G26740,GSM1506047_1,0.90773149449083,ELF3,OSD-46
AT5G02810,GSM1506047_1,-1.3329611757276798,PRR7,OSD-46
AT5G24470,GSM1506047_1,-0.1583867378049585,PRR5,OSD-46
AT5G61380,GSM1506047_1,1.2397262822994284,TOC1,OSD-46
AT1G01060,GSM1506048_1,0.8205628072891441,LHY,OSD-46
AT2G40080,GSM1506048_1,-0.7618550108343098,ELF4,OSD-46
AT2G42830,GSM1506048_1,-0.9052340385796138,PRR9,OSD-46
AT2G46830,GSM1506048_1,0.681676353294229,CCA1,OSD-46
AT3G09600,GSM1506048_1,0.9644065407404488,GI,OSD-46
AT3G09600,GSM1506048_1,1.2739060800680773,GI,OSD-46
AT3G26740,GSM1506048_1,0.21293418900243852,ELF3,OSD-46
AT5G02810,GSM1506048_1,0.033544595431447916,PRR7,OSD-46
AT5G24470,GSM1506048_1,-0.8943088792591332,PRR5,OSD-46
AT5G61380,GSM1506048_1,-0.7876624664362474,TOC1,OSD-46
AT1G01060,GSM1506049_1,0.8482347151089752,LHY,OSD-46
AT2G40080,GSM1506049_1,-0.7234737327919234,ELF4,OSD-46
AT2G42830,GSM1506049_1,0.6572729123222296,PRR9,OSD-46
AT2G46830,GSM1506049_1,0.7371649396285657,CCA1,OSD-46
AT3G09600,GSM1506049_1,0.9028321810691602,GI,OSD-46
AT3G09600,GSM1506049_1,0.8493189423429993,GI,OSD-46
AT3G26740,GSM1506049_1,0.08401213123056403,ELF3,OSD-46
AT5G02810,GSM1506049_1,-0.04374969097416462,PRR7,OSD-46
AT5G24470,GSM1506049_1,-0.5436493271310993,PRR5,OSD-46
AT5G61380,GSM1506049_1,-0.6256460778341715,TOC1,OSD-46
AT1G01060,GSM1506050_1,0.7490449600849033,LHY,OSD-46
AT2G40080,GSM1506050_1,-0.6024327418863179,ELF4,OSD-46
AT2G42830,GSM1506050_1,0.8266510080815925,PRR9,OSD-46
AT2G46830,GSM1506050_1,0.9161570985747293,CCA1,OSD-46
AT3G09600,GSM1506050_1,0.7399552193082614,GI,OSD-46
AT3G09600,GSM1506050_1,-0.1466691095896991,GI,OSD-46
AT3G26740,GSM1506050_1,-1.0705496833598478,ELF3,OSD-46
AT5G02810,GSM1506050_1,-0.6480019693481155,PRR7,OSD-46
AT5G24470,GSM1506050_1,-0.5270850036705016,PRR5,OSD-46
AT5G61380,GSM1506050_1,-0.5975646739961851,TOC1,OSD-46
AT1G01060,GSM1506051_1,0.7529867288557256,LHY,OSD-46
AT2G40080,GSM1506051_1,-0.6815316813261661,ELF4,OSD-46
AT2G42830,GSM1506051_1,0.7207321951117498,PRR9,OSD-46
AT2G46830,GSM1506051_1,0.8949534558527964,CCA1,OSD-46
AT3G09600,GSM1506051_1,0.8656418746698484,GI,OSD-46
AT3G09600,GSM1506051_1,0.3619215187196725,GI,OSD-46
AT3G26740,GSM1506051_1,-0.9767953500222133,ELF3,OSD-46
AT5G02810,GSM1506051_1,-0.6491715581544983,PRR7,OSD-46
AT5G24470,GSM1506051_1,-0.6703773000946848,PRR5,OSD-46
AT5G61380,GSM1506051_1,-0.8102514937049671,TOC1,OSD-46
AT1G01060,GSM1506052_1,0.7592234788786665,LHY,OSD-46
AT2G40080,GSM1506052_1,-0.8034370548418291,ELF4,OSD-46
AT2G42830,GSM1506052_1,0.32469013153471227,PRR9,OSD-46
AT2G46830,GSM1506052_1,0.6577379703096486,CCA1,OSD-46
AT3G09600,GSM1506052_1,0.8416357640443969,GI,OSD-46
AT3G09600,GSM1506052_1,0.9856424445632781,GI,OSD-46
AT3G26740,GSM1506052_1,-0.2778900743011373,ELF3,OSD-46
AT5G02810,GSM1506052_1,-0.019211755337339348,PRR7,OSD-46
AT5G24470,GSM1506052_1,-0.9265141348299779,PRR5,OSD-46
AT5G61380,GSM1506052_1,-0.8078297426097385,TOC1,OSD-46
AT1G01060,GSM1506053_1,0.7919538159576063,LHY,OSD-46
AT2G40080,GSM1506053_1,-0.5750310800828653,ELF4,OSD-46
AT2G42830,GSM1506053_1,1.6541435207905066,PRR9,OSD-46
AT2G46830,GSM1506053_1,0.6508825511120837,CCA1,OSD-46
AT3G09600,GSM1506053_1,0.9861299483109742,GI,OSD-46
AT3G09600,GSM1506053_1,0.9267611261946289,GI,OSD-46
AT3G26740,GSM1506053_1,-0.2244957494046312,ELF3,OSD-46
AT5G02810,GSM1506053_1,-0.09739445466280598,PRR7,OSD-46
AT5G24470,GSM1506053_1,-0.6143670882757936,PRR5,OSD-46
AT5G61380,GSM1506053_1,-0.7160614149317991,TOC1,OSD-46
AT1G01060,GSM1506054_1,0.7179538507416393,LHY,OSD-46
AT2G40080,GSM1506054_1,-0.5935217738386838,ELF4,OSD-46
AT2G42830,GSM1506054_1,-0.30715281977510134,PRR9,OSD-46
AT2G46830,GSM1506054_1,0.7644857938889161,CCA1,OSD-46
AT3G09600,GSM1506054_1,0.7389241134708908,GI,OSD-46
AT3G09600,GSM1506054_1,0.033356304881699494,GI,OSD-46
AT3G26740,GSM1506054_1,-1.0066294151376602,ELF3,OSD-46
AT5G02810,GSM1506054_1,-0.7948251490635435,PRR7,OSD-46
AT5G24470,GSM1506054_1,-0.8741933236632936,PRR5,OSD-46
AT5G61380,GSM1506054_1,-0.9858537987035865,TOC1,OSD-46
AT1G01060,GSM1506055_1,0.7594313415211119,LHY,OSD-46
AT2G40080,GSM1506055_1,-0.9288566328767659,ELF4,OSD-46
AT2G42830,GSM1506055_1,0.08046576396691267,PRR9,OSD-46
AT2G46830,GSM1506055_1,0.7818995050300946,CCA1,OSD-46
AT3G09600,GSM1506055_1,0.8100073173984621,GI,OSD-46
AT3G09600,GSM1506055_1,0.43677411524385173,GI,OSD-46
AT3G26740,GSM1506055_1,-1.0180523012616376,ELF3,OSD-46
AT5G02810,GSM1506055_1,-0.6671766845478412,PRR7,OSD-46
AT5G24470,GSM1506055_1,-1.1336541293492632,PRR5,OSD-46
AT5G61380,GSM1506055_1,-1.0064977959647485,TOC1,OSD-46
AT1G01060,GSM1506056_1,0.7415669811955422,LHY,OSD-46
AT2G40080,GSM1506056_1,-0.7428421431457854,ELF4,OSD-46
AT2G42830,GSM1506056_1,-0.8858664837501425,PRR9,OSD-46
AT2G46830,GSM1506056_1,0.6528283522499073,CCA1,OSD-46
AT3G09600,GSM1506056_1,1.0112460829263257,GI,OSD-46
AT3G09600,GSM1506056_1,0.5614459711196624,GI,OSD-46
AT3G26740,GSM1506056_1,-0.005928302867485182,ELF3,OSD-46
AT5G02810,GSM1506056_1,0.10993763547806205,PRR7,OSD-46
AT5G24470,GSM1506056_1,-0.7938545938213807,PRR5,OSD-46
AT5G61380,GSM1506056_1,-0.7159413815262736,TOC1,OSD-46
AT1G01060,GSM1506057_1,0.827207949680707,LHY,OSD-46
AT2G40080,GSM1506057_1,-0.7093113858066364,ELF4,OSD-46
AT2G42830,GSM1506057_1,1.7038959288667335,PRR9,OSD-46
AT2G46830,GSM1506057_1,0.7662371331182619,CCA1,OSD-46
AT3G09600,GSM1506057_1,0.8122497057880905,GI,OSD-46
AT3G09600,GSM1506057_1,0.44423717315144606,GI,OSD-46
AT3G26740,GSM1506057_1,-0.03745146548050579,ELF3,OSD-46
AT5G02810,GSM1506057_1,-0.04309967962995369,PRR7,OSD-46
AT5G24470,GSM1506057_1,-0.7381790844474144,PRR5,OSD-46
AT5G61380,GSM1506057_1,-0.4108906041673635,TOC1,OSD-46
AT1G01060,Atha_Col-0_root_GC_Alight_Rep1_GSM2493759_Day13,1.8637548320423596,LHY,OSD-120
AT1G75530,Atha_Col-0_root_GC_Alight_Rep1_GSM2493759_Day13,-0.34928872065159783,LUX,OSD-120
AT2G40080,Atha_Col-0_root_GC_Alight_Rep1_GSM2493759_Day13,-0.010570187573133546,ELF4,OSD-120
AT2G42830,Atha_Col-0_root_GC_Alight_Rep1_GSM2493759_Day13,0.4147075968175522,PRR9,OSD-120
AT2G46830,Atha_Col-0_root_GC_Alight_Rep1_GSM2493759_Day13,1.2129237303630478,CCA1,OSD-120
AT3G09600,Atha_Col-0_root_GC_Alight_Rep1_GSM2493759_Day13,1.4800153699599856,GI,OSD-120
AT3G26740,Atha_Col-0_root_GC_Alight_Rep1_GSM2493759_Day13,-0.4043468905812209,ELF3,OSD-120
AT3G46640,Atha_Col-0_root_GC_Alight_Rep1_GSM2493759_Day13,-0.5362625968693158,TIC,OSD-120
AT5G02810,Atha_Col-0_root_GC_Alight_Rep1_GSM2493759_Day13,0.7919717745671567,PRR7,OSD-120
AT5G24470,Atha_Col-0_root_GC_Alight_Rep1_GSM2493759_Day13,-0.36028893417329794,PRR5,OSD-120
AT5G61380,Atha_Col-0_root_GC_Alight_Rep1_GSM2493759_Day13,0.1477946007749285,TOC1,OSD-120
AT1G01060,Atha_Col-0_root_GC_Alight_Rep2_GSM2493760_Day13,2.257492436714858,LHY,OSD-120
AT1G75530,Atha_Col-0_root_GC_Alight_Rep2_GSM2493760_Day13,-0.34928872065159783,LUX,OSD-120
AT2G40080,Atha_Col-0_root_GC_Alight_Rep2_GSM2493760_Day13,0.5807035546695063,ELF4,OSD-120
AT2G42830,Atha_Col-0_root_GC_Alight_Rep2_GSM2493760_Day13,-0.688351313492178,PRR9,OSD-120
AT2G46830,Atha_Col-0_root_GC_Alight_Rep2_GSM2493760_Day13,1.4398363727718388,CCA1,OSD-120
AT3G09600,Atha_Col-0_root_GC_Alight_Rep2_GSM2493760_Day13,2.02476227184751,GI,OSD-120
AT3G26740,Atha_Col-0_root_GC_Alight_Rep2_GSM2493760_Day13,-0.3565343876627751,ELF3,OSD-120
AT3G46640,Atha_Col-0_root_GC_Alight_Rep2_GSM2493760_Day13,-0.7120438852314397,TIC,OSD-120
AT5G02810,Atha_Col-0_root_GC_Alight_Rep2_GSM2493760_Day13,-0.5730510384151788,PRR7,OSD-120
AT5G24470,Atha_Col-0_root_GC_Alight_Rep2_GSM2493760_Day13,-0.3103714765780427,PRR5,OSD-120
AT5G61380,Atha_Col-0_root_GC_Alight_Rep2_GSM2493760_Day13,-1.142034023198192,TOC1,OSD-120
AT1G01060,Atha_Ws_root_GC_Alight_Rep1_GSM2493762_Day13,1.9413347421112586,LHY,OSD-120
AT1G75530,Atha_Ws_root_GC_Alight_Rep1_GSM2493762_Day13,-0.34928872065159783,LUX,OSD-120
AT2G40080,Atha_Ws_root_GC_Alight_Rep1_GSM2493762_Day13,0.3603032009354353,ELF4,OSD-120
AT2G42830,Atha_Ws_root_GC_Alight_Rep1_GSM2493762_Day13,-0.08531554279031886,PRR9,OSD-120
AT2G46830,Atha_Ws_root_GC_Alight_Rep1_GSM2493762_Day13,2.2958093827503427,CCA1,OSD-120
AT3G09600,Atha_Ws_root_GC_Alight_Rep1_GSM2493762_Day13,1.1735617784789258,GI,OSD-120
AT3G26740,Atha_Ws_root_GC_Alight_Rep1_GSM2493762_Day13,-0.8220024482126954,ELF3,OSD-120
AT3G46640,Atha_Ws_root_GC_Alight_Rep1_GSM2493762_Day13,-1.771796724311693,TIC,OSD-120
AT5G02810,Atha_Ws_root_GC_Alight_Rep1_GSM2493762_Day13,-0.2682540068230154,PRR7,OSD-120
AT5G24470,Atha_Ws_root_GC_Alight_Rep1_GSM2493762_Day13,0.09465892740733982,PRR5,OSD-120
AT5G61380,Atha_Ws_root_GC_Alight_Rep1_GSM2493762_Day13,-0.6697403213736649,TOC1,OSD-120
AT1G01060,Atha_Ws_root_GC_Alight_Rep2_GSM2493763_Day13,0.8988691555500206,LHY,OSD-120
AT1G75530,Atha_Ws_root_GC_Alight_Rep2_GSM2493763_Day13,-0.34928872065159783,LUX,OSD-120
AT2G40080,Atha_Ws_root_GC_Alight_Rep2_GSM2493763_Day13,2.3817101871276596,ELF4,OSD-120
AT2G42830,Atha_Ws_root_GC_Alight_Rep2_GSM2493763_Day13,-0.4253574845288372,PRR9,OSD-120
AT2G46830,Atha_Ws_root_GC_Alight_Rep2_GSM2493763_Day13,1.180766611888088,CCA1,OSD-120
AT3G09600,Atha_Ws_root_GC_Alight_Rep2_GSM2493763_Day13,0.5706563142549315,GI,OSD-120
AT3G26740,Atha_Ws_root_GC_Alight_Rep2_GSM2493763_Day13,2.1489439613240844,ELF3,OSD-120
AT3G46640,Atha_Ws_root_GC_Alight_Rep2_GSM2493763_Day13,-0.7630728832186485,TIC,OSD-120
AT5G02810,Atha_Ws_root_GC_Alight_Rep2_GSM2493763_Day13,-0.718027913452235,PRR7,OSD-120
AT5G24470,Atha_Ws_root_GC_Alight_Rep2_GSM2493763_Day13,0.07529610866827209,PRR5,OSD-120
AT5G61380,Atha_Ws_root_GC_Alight_Rep2_GSM2493763_Day13,-0.7628071459312382,TOC1,OSD-120
AT1G01060,Atha_Ws_root_GC_Alight_Rep3_GSM2493764_Day13,1.8417800444592702,LHY,OSD-120
AT1G75530,Atha_Ws_root_GC_Alight_Rep3_GSM2493764_Day13,1.5370438618534552,LUX,OSD-120
AT2G40080,Atha_Ws_root_GC_Alight_Rep3_GSM2493764_Day13,0.9868688079757623,ELF4,OSD-120
AT2G42830,Atha_Ws_root_GC_Alight_Rep3_GSM2493764_Day13,0.612728626635002,PRR9,OSD-120
AT2G46830,Atha_Ws_root_GC_Alight_Rep3_GSM2493764_Day13,2.048179331307381,CCA1,OSD-120
AT3G09600,Atha_Ws_root_GC_Alight_Rep3_GSM2493764_Day13,1.3098790580411523,GI,OSD-120
AT3G26740,Atha_Ws_root_GC_Alight_Rep3_GSM2493764_Day13,-0.4543530042711019,ELF3,OSD-120
AT3G46640,Atha_Ws_root_GC_Alight_Rep3_GSM2493764_Day13,-0.7691497414754056,TIC,OSD-120
AT5G02810,Atha_Ws_root_GC_Alight_Rep3_GSM2493764_Day13,-0.5103751034057178,PRR7,OSD-120
AT5G24470,Atha_Ws_root_GC_Alight_Rep3_GSM2493764_Day13,0.9941339823600082,PRR5,OSD-120
AT5G61380,Atha_Ws_root_GC_Alight_Rep3_GSM2493764_Day13,0.8495476933943643,TOC1,OSD-120
AT1G01060,Atha_Col-0-PhyD_root_GC_Alight_Rep1_GSM2493765_Day13,-0.31405518767312535,LHY,OSD-120
AT1G75530,Atha_Col-0-PhyD_root_GC_Alight_Rep1_GSM2493765_Day13,-0.34928872065159783,LUX,OSD-120
AT2G40080,Atha_Col-0-PhyD_root_GC_Alight_Rep1_GSM2493765_Day13,-0.8909178670368065,ELF4,OSD-120
AT2G42830,Atha_Col-0-PhyD_root_GC_Alight_Rep1_GSM2493765_Day13,1.4175706565450867,PRR9,OSD-120
AT2G46830,Atha_Col-0-PhyD_root_GC_Alight_Rep1_GSM2493765_Day13,-0.33840175309748666,CCA1,OSD-120
AT3G09600,Atha_Col-0-PhyD_root_GC_Alight_Rep1_GSM2493765_Day13,1.0366967769034978,GI,OSD-120
AT3G26740,Atha_Col-0-PhyD_root_GC_Alight_Rep1_GSM2493765_Day13,-0.750505914742673,ELF3,OSD-120
AT3G46640,Atha_Col-0-PhyD_root_GC_Alight_Rep1_GSM2493765_Day13,-0.053919892453533326,TIC,OSD-120
AT5G02810,Atha_Col-0-PhyD_root_GC_Alight_Rep1_GSM2493765_Day13,-0.6061396693416833,PRR7,OSD-120
AT5G24470,Atha_Col-0-PhyD_root_GC_Alight_Rep1_GSM2493765_Day13,-0.6269261409225967,PRR5,OSD-120
AT5G61380,Atha_Col-0-PhyD_root_GC_Alight_Rep1_GSM2493765_Day13,0.9024247818461149,TOC1,OSD-120
AT1G01060,Atha_Col-0-PhyD_root_GC_Alight_Rep2_GSM2493766_Day13,1.0538291087651215,LHY,OSD-120
AT1G75530,Atha_Col-0-PhyD_root_GC_Alight_Rep2_GSM2493766_Day13,-0.34928872065159783,LUX,OSD-120
AT2G40080,Atha_Col-0-PhyD_root_GC_Alight_Rep2_GSM2493766_Day13,1.2682450804479886,ELF4,OSD-120
AT2G42830,Atha_Col-0-PhyD_root_GC_Alight_Rep2_GSM2493766_Day13,0.3990632899738009,PRR9,OSD-120
AT2G46830,Atha_Col-0-PhyD_root_GC_Alight_Rep2_GSM2493766_Day13,1.0984706076097,CCA1,OSD-120
AT3G09600,Atha_Col-0-PhyD_root_GC_Alight_Rep2_GSM2493766_Day13,1.6841873190464896,GI,OSD-120
AT3G26740,Atha_Col-0-PhyD_root_GC_Alight_Rep2_GSM2493766_Day13,1.3540250040047974,ELF3,OSD-120
AT3G46640,Atha_Col-0-PhyD_root_GC_Alight_Rep2_GSM2493766_Day13,0.8921304755874553,TIC,OSD-120
AT5G02810,Atha_Col-0-PhyD_root_GC_Alight_Rep2_GSM2493766_Day13,1.6121016647652207,PRR7,OSD-120
AT5G24470,Atha_Col-0-PhyD_root_GC_Alight_Rep2_GSM2493766_Day13,-0.5131727277846622,PRR5,OSD-120
AT5G61380,Atha_Col-0-PhyD_root_GC_Alight_Rep2_GSM2493766_Day13,-0.4149311710588619,TOC1,OSD-120
AT1G01060,Atha_Col-0-PhyD_root_GC_Alight_Rep3_GSM2493767_Day13,1.7304075191008068,LHY,OSD-120
AT1G75530,Atha_Col-0-PhyD_root_GC_Alight_Rep3_GSM2493767_Day13,-0.34928872065159783,LUX,OSD-120
AT2G40080,Atha_Col-0-PhyD_root_GC_Alight_Rep3_GSM2493767_Day13,1.6226285404861838,ELF4,OSD-120
AT2G42830,Atha_Col-0-PhyD_root_GC_Alight_Rep3_GSM2493767_Day13,2.5122828941274267,PRR9,OSD-120
AT2G46830,Atha_Col-0-PhyD_root_GC_Alight_Rep3_GSM2493767_Day13,2.585586648340752,CCA1,OSD-120
AT3G09600,Atha_Col-0-PhyD_root_GC_Alight_Rep3_GSM2493767_Day13,2.704815421092638,GI,OSD-120
AT3G26740,Atha_Col-0-PhyD_root_GC_Alight_Rep3_GSM2493767_Day13,0.9418723626915745,ELF3,OSD-120
AT3G46640,Atha_Col-0-PhyD_root_GC_Alight_Rep3_GSM2493767_Day13,-1.0188301652526215,TIC,OSD-120
AT5G02810,Atha_Col-0-PhyD_root_GC_Alight_Rep3_GSM2493767_Day13,0.16510984089702116,PRR7,OSD-120
AT5G24470,Atha_Col-0-PhyD_root_GC_Alight_Rep3_GSM2493767_Day13,0.2637328178144364,PRR5,OSD-120
AT5G61380,Atha_Col-0-PhyD_root_GC_Alight_Rep3_GSM2493767_Day13,-0.29102098384381614,TOC1,OSD-120
AT1G01060,Atha_Col-0_root_GC_dark_Rep1_GSM2493768_Day13,-0.34340909289378624,LHY,OSD-120
AT1G75530,Atha_Col-0_root_GC_dark_Rep1_GSM2493768_Day13,-0.34928872065159783,LUX,OSD-120
AT2G40080,Atha_Col-0_root_GC_dark_Rep1_GSM2493768_Day13,-1.032609027098619,ELF4,OSD-120
AT2G42830,Atha_Col-0_root_GC_dark_Rep1_GSM2493768_Day13,0.6395493004848879,PRR9,OSD-120
AT2G46830,Atha_Col-0_root_GC_dark_Rep1_GSM2493768_Day13,-0.2611627955316517,CCA1,OSD-120
AT3G09600,Atha_Col-0_root_GC_dark_Rep1_GSM2493768_Day13,-0.2552142611388046,GI,OSD-120
AT3G26740,Atha_Col-0_root_GC_dark_Rep1_GSM2493768_Day13,-0.7977577844950409,ELF3,OSD-120
AT3G46640,Atha_Col-0_root_GC_dark_Rep1_GSM2493768_Day13,-0.1051921525498623,TIC,OSD-120
AT5G02810,Atha_Col-0_root_GC_dark_Rep1_GSM2493768_Day13,-0.7534965951266976,PRR7,OSD-120
AT5G24470,Atha_Col-0_root_GC_dark_Rep1_GSM2493768_Day13,-1.0421999924565843,PRR5,OSD-120
AT5G61380,Atha_Col-0_root_GC_dark_Rep1_GSM2493768_Day13,-0.5272784866684075,TOC1,OSD-120
AT1G01060,Atha_Col-0_root_GC_dark_Rep2_GSM2493769_Day13,-0.18697187767078624,LHY,OSD-120
AT1G75530,Atha_Col-0_root_GC_dark_Rep2_GSM2493769_Day13,1.5327404435589917,LUX,OSD-120
AT2G40080,Atha_Col-0_root_GC_dark_Rep2_GSM2493769_Day13,-1.0974927534434182,ELF4,OSD-120
AT2G42830,Atha_Col-0_root_GC_dark_Rep2_GSM2493769_Day13,-0.8127099431261975,PRR9,OSD-120
AT2G46830,Atha_Col-0_root_GC_dark_Rep2_GSM2493769_Day13,-0.3387510048303099,CCA1,OSD-120
AT3G09600,Atha_Col-0_root_GC_dark_Rep2_GSM2493769_Day13,-0.4717855649714027,GI,OSD-120
AT3G26740,Atha_Col-0_root_GC_dark_Rep2_GSM2493769_Day13,-0.8041984516273123,ELF3,OSD-120
AT3G46640,Atha_Col-0_root_GC_dark_Rep2_GSM2493769_Day13,-1.157113721938201,TIC,OSD-120
AT5G02810,Atha_Col-0_root_GC_dark_Rep2_GSM2493769_Day13,-1.1732212630582375,PRR7,OSD-120
AT5G24470,Atha_Col-0_root_GC_dark_Rep2_GSM2493769_Day13,-0.9332106987005068,PRR5,OSD-120
AT5G61380,Atha_Col-0_root_GC_dark_Rep2_GSM2493769_Day13,1.0497968300022102,TOC1,OSD-120
AT1G01060,Atha_Col-0_root_GC_dark_Rep3_GSM2493770_Day13,1.150665938183827,LHY,OSD-120
AT1G75530,Atha_Col-0_root_GC_dark_Rep3_GSM2493770_Day13,-0.34928872065159783,LUX,OSD-120
AT2G40080,Atha_Col-0_root_GC_dark_Rep3_GSM2493770_Day13,-1.0020451526923444,ELF4,OSD-120
AT2G42830,Atha_Col-0_root_GC_dark_Rep3_GSM2493770_Day13,3.2020528634350542,PRR9,OSD-120
AT2G46830,Atha_Col-0_root_GC_dark_Rep3_GSM2493770_Day13,1.4050710016425911,CCA1,OSD-120
AT3G09600,Atha_Col-0_root_GC_dark_Rep3_GSM2493770_Day13,0.4025931419889108,GI,OSD-120
AT3G26740,Atha_Col-0_root_GC_dark_Rep3_GSM2493770_Day13,-0.65817312579214,ELF3,OSD-120
AT3G46640,Atha_Col-0_root_GC_dark_Rep3_GSM2493770_Day13,-0.8514341937885789,TIC,OSD-120
AT5G02810,Atha_Col-0_root_GC_dark_Rep3_GSM2493770_Day13,-0.796069629493979,PRR7,OSD-120
AT5G24470,Atha_Col-0_root_GC_dark_Rep3_GSM2493770_Day13,-1.0624155506036665,PRR5,OSD-120
AT5G61380,Atha_Col-0_root_GC_dark_Rep3_GSM2493770_Day13,-0.38573425611640955,TOC1,OSD-120
AT1G01060,Atha_Ws_root_GC_dark_Rep1_GSM2493771_Day13,-0.43884815439078667,LHY,OSD-120
AT1G75530,Atha_Ws_root_GC_dark_Rep1_GSM2493771_Day13,-0.34928872065159783,LUX,OSD-120
AT2G40080,Atha_Ws_root_GC_dark_Rep1_GSM2493771_Day13,-0.9566556849519062,ELF4,OSD-120
AT2G42830,Atha_Ws_root_GC_dark_Rep1_GSM2493771_Day13,-0.8127099431261975,PRR9,OSD-120
AT2G46830,Atha_Ws_root_GC_dark_Rep1_GSM2493771_Day13,-0.5967090138291237,CCA1,OSD-120
AT3G09600,Atha_Ws_root_GC_dark_Rep1_GSM2493771_Day13,-0.9263932082461875,GI,OSD-120
AT3G26740,Atha_Ws_root_GC_dark_Rep1_GSM2493771_Day13,-0.8220024482126954,ELF3,OSD-120
AT3G46640,Atha_Ws_root_GC_dark_Rep1_GSM2493771_Day13,-1.7404258155529344,TIC,OSD-120
AT5G02810,Atha_Ws_root_GC_dark_Rep1_GSM2493771_Day13,-1.2966777030653074,PRR7,OSD-120
AT5G24470,Atha_Ws_root_GC_dark_Rep1_GSM2493771_Day13,-0.9561678932877615,PRR5,OSD-120
AT5G61380,Atha_Ws_root_GC_dark_Rep1_GSM2493771_Day13,-1.1748315292998515,TOC1,OSD-120
AT1G01060,Atha_Ws_root_GC_dark_Rep2_GSM2493772_Day13,-0.44343165739176205,LHY,OSD-120
AT1G75530,Atha_Ws_root_GC_dark_Rep2_GSM2493772_Day13,-0.34928872065159783,LUX,OSD-120
AT2G40080,Atha_Ws_root_GC_dark_Rep2_GSM2493772_Day13,-1.0427240539194753,ELF4,OSD-120
AT2G42830,Atha_Ws_root_GC_dark_Rep2_GSM2493772_Day13,-0.8127099431261975,PRR9,OSD-120
AT2G46830,Atha_Ws_root_GC_dark_Rep2_GSM2493772_Day13,-0.549715994956144,CCA1,OSD-120
AT3G09600,Atha_Ws_root_GC_dark_Rep2_GSM2493772_Day13,-0.866115478793403,GI,OSD-120
AT3G26740,Atha_Ws_root_GC_dark_Rep2_GSM2493772_Day13,-0.8220024482126954,ELF3,OSD-120
AT3G46640,Atha_Ws_root_GC_dark_Rep2_GSM2493772_Day13,-0.8715824100078523,TIC,OSD-120
AT5G02810,Atha_Ws_root_GC_dark_Rep2_GSM2493772_Day13,-1.0493910660220596,PRR7,OSD-120
AT5G24470,Atha_Ws_root_GC_dark_Rep2_GSM2493772_Day13,-0.7887837148939628,PRR5,OSD-120
AT5G61380,Atha_Ws_root_GC_dark_Rep2_GSM2493772_Day13,-0.1310100441761408,TOC1,OSD-120
AT1G01060,Atha_Ws_root_GC_dark_Rep3_GSM2493773_Day13,-0.44418695426615645,LHY,OSD-120
AT1G75530,Atha_Ws_root_GC_dark_Rep3_GSM2493773_Day13,-0.34928872065159783,LUX,OSD-120
AT2G40080,Atha_Ws_root_GC_dark_Rep3_GSM2493773_Day13,-1.1505928243815464,ELF4,OSD-120
AT2G42830,Atha_Ws_root_GC_dark_Rep3_GSM2493773_Day13,0.9686962460757769,PRR9,OSD-120
AT2G46830,Atha_Ws_root_GC_dark_Rep3_GSM2493773_Day13,-0.122039799026136,CCA1,OSD-120
AT3G09600,Atha_Ws_root_GC_dark_Rep3_GSM2493773_Day13,-0.6276119131103682,GI,OSD-120
AT3G26740,Atha_Ws_root_GC_dark_Rep3_GSM2493773_Day13,-0.7596577427633692,ELF3,OSD-120
AT3G46640,Atha_Ws_root_GC_dark_Rep3_GSM2493773_Day13,-0.8804494836629331,TIC,OSD-120
AT5G02810,Atha_Ws_root_GC_dark_Rep3_GSM2493773_Day13,-0.8195103728978187,PRR7,OSD-120
AT5G24470,Atha_Ws_root_GC_dark_Rep3_GSM2493773_Day13,-0.9862152641397419,PRR5,OSD-120
AT5G61380,Atha_Ws_root_GC_dark_Rep3_GSM2493773_Day13,-0.8699380814451996,TOC1,OSD-120
AT1G01060,Atha_Col-0-PhyD_root_GC_dark_Rep1_GSM2493774_Day13,0.03252872672679171,LHY,OSD-120
AT1G75530,Atha_Col-0-PhyD_root_GC_dark_Rep1_GSM2493774_Day13,-0.34928872065159783,LUX,OSD-120
AT2G40080,Atha_Col-0-PhyD_root_GC_dark_Rep1_GSM2493774_Day13,-0.9644904963611414,ELF4,OSD-120
AT2G42830,Atha_Col-0-PhyD_root_GC_dark_Rep1_GSM2493774_Day13,-0.06107437213165807,PRR9,OSD-120
AT2G46830,Atha_Col-0-PhyD_root_GC_dark_Rep1_GSM2493774_Day13,-0.06145338643820871,CCA1,OSD-120
AT3G09600,Atha_Col-0-PhyD_root_GC_dark_Rep1_GSM2493774_Day13,0.13058130621639985,GI,OSD-120
AT3G26740,Atha_Col-0-PhyD_root_GC_dark_Rep1_GSM2493774_Day13,-0.6966267120615537,ELF3,OSD-120
AT3G46640,Atha_Col-0-PhyD_root_GC_dark_Rep1_GSM2493774_Day13,-0.07974957691074215,TIC,OSD-120
AT5G02810,Atha_Col-0-PhyD_root_GC_dark_Rep1_GSM2493774_Day13,-0.2775829188196141,PRR7,OSD-120
AT5G24470,Atha_Col-0-PhyD_root_GC_dark_Rep1_GSM2493774_Day13,-0.7858966542698127,PRR5,OSD-120
AT5G61380,Atha_Col-0-PhyD_root_GC_dark_Rep1_GSM2493774_Day13,0.20104458115986068,TOC1,OSD-120
AT1G01060,Atha_Col-0-PhyD_root_GC_dark_Rep2_GSM2493775_Day13,-0.597430193849395,LHY,OSD-120
AT1G75530,Atha_Col-0-PhyD_root_GC_dark_Rep2_GSM2493775_Day13,-0.34928872065159783,LUX,OSD-120
AT2G40080,Atha_Col-0-PhyD_root_GC_dark_Rep2_GSM2493775_Day13,-0.8124862805509871,ELF4,OSD-120
AT2G42830,Atha_Col-0-PhyD_root_GC_dark_Rep2_GSM2493775_Day13,-0.2694707970943266,PRR9,OSD-120
AT2G46830,Atha_Col-0-PhyD_root_GC_dark_Rep2_GSM2493775_Day13,-0.4656769011944628,CCA1,OSD-120
AT3G09600,Atha_Col-0-PhyD_root_GC_dark_Rep2_GSM2493775_Day13,-0.42709335336585347,GI,OSD-120
AT3G26740,Atha_Col-0-PhyD_root_GC_dark_Rep2_GSM2493775_Day13,-0.7453612447089866,ELF3,OSD-120
AT3G46640,Atha_Col-0-PhyD_root_GC_dark_Rep2_GSM2493775_Day13,-0.20528515590262703,TIC,OSD-120
AT5G02810,Atha_Col-0-PhyD_root_GC_dark_Rep2_GSM2493775_Day13,-1.198149067512307,PRR7,OSD-120
AT5G24470,Atha_Col-0-PhyD_root_GC_dark_Rep2_GSM2493775_Day13,-0.6332696719808376,PRR5,OSD-120
AT5G61380,Atha_Col-0-PhyD_root_GC_dark_Rep2_GSM2493775_Day13,-1.5013493374430473,TOC1,OSD-120
AT1G01060,Atha_Col-0-PhyD_root_GC_dark_Rep3_GSM2493776_Day13,-0.3744903495844763,LHY,OSD-120
AT1G75530,Atha_Col-0-PhyD_root_GC_dark_Rep3_GSM2493776_Day13,1.4052936252578585,LUX,OSD-120
AT2G40080,Atha_Col-0-PhyD_root_GC_dark_Rep3_GSM2493776_Day13,-0.922120145146507,ELF4,OSD-120
AT2G42830,Atha_Col-0-PhyD_root_GC_dark_Rep3_GSM2493776_Day13,-0.3249460107420726,PRR9,OSD-120
AT2G46830,Atha_Col-0-PhyD_root_GC_dark_Rep3_GSM2493776_Day13,-0.5650225448186691,CCA1,OSD-120
AT3G09600,Atha_Col-0-PhyD_root_GC_dark_Rep3_GSM2493776_Day13,-0.26131303574193865,GI,OSD-120
AT3G26740,Atha_Col-0-PhyD_root_GC_dark_Rep3_GSM2493776_Day13,-0.7802547653909955,ELF3,OSD-120
AT3G46640,Atha_Col-0-PhyD_root_GC_dark_Rep3_GSM2493776_Day13,-0.029916276616302053,TIC,OSD-120
AT5G02810,Atha_Col-0-PhyD_root_GC_dark_Rep3_GSM2493776_Day13,-0.9192706947993281,PRR7,OSD-120
AT5G24470,Atha_Col-0-PhyD_root_GC_dark_Rep3_GSM2493776_Day13,-0.5292380955599899,PRR5,OSD-120
AT5G61380,Atha_Col-0-PhyD_root_GC_dark_Rep3_GSM2493776_Day13,-0.4877980577470382,TOC1,OSD-120
AT1G01060,Atha_Col-0_root_FLT_Alight_Rep1_GSM2493777_Day13,-0.869401373954247,LHY,OSD-120
AT1G75530,Atha_Col-0_root_FLT_Alight_Rep1_GSM2493777_Day13,0.5378783030975018,LUX,OSD-120
AT2G40080,Atha_Col-0_root_FLT_Alight_Rep1_GSM2493777_Day13,-0.08801823157624507,ELF4,OSD-120
AT2G42830,Atha_Col-0_root_FLT_Alight_Rep1_GSM2493777_Day13,-0.6487850335937126,PRR9,OSD-120
AT2G46830,Atha_Col-0_root_FLT_Alight_Rep1_GSM2493777_Day13,-0.7985814229145438,CCA1,OSD-120
AT3G09600,Atha_Col-0_root_FLT_Alight_Rep1_GSM2493777_Day13,-0.7433148174339759,GI,OSD-120
AT3G26740,Atha_Col-0_root_FLT_Alight_Rep1_GSM2493777_Day13,0.3389054777731658,ELF3,OSD-120
AT3G46640,Atha_Col-0_root_FLT_Alight_Rep1_GSM2493777_Day13,1.066703518656113,TIC,OSD-120
AT5G02810,Atha_Col-0_root_FLT_Alight_Rep1_GSM2493777_Day13,0.7316874754927374,PRR7,OSD-120
AT5G24470,Atha_Col-0_root_FLT_Alight_Rep1_GSM2493777_Day13,1.637382339829196,PRR5,OSD-120
AT5G61380,Atha_Col-0_root_FLT_Alight_Rep1_GSM2493777_Day13,-0.175715004842472,TOC1,OSD-120
AT1G01060,Atha_Col-0_root_FLT_Alight_Rep2_GSM2493778_Day13,-0.8603283726646798,LHY,OSD-120
AT1G75530,Atha_Col-0_root_FLT_Alight_Rep2_GSM2493778_Day13,-0.34928872065159783,LUX,OSD-120
AT2G40080,Atha_Col-0_root_FLT_Alight_Rep2_GSM2493778_Day13,-0.1562386146534379,ELF4,OSD-120
AT2G42830,Atha_Col-0_root_FLT_Alight_Rep2_GSM2493778_Day13,-0.17832907319366134,PRR9,OSD-120
AT2G46830,Atha_Col-0_root_FLT_Alight_Rep2_GSM2493778_Day13,-0.8410696307772901,CCA1,OSD-120
AT3G09600,Atha_Col-0_root_FLT_Alight_Rep2_GSM2493778_Day13,-0.6977695444595515,GI,OSD-120
AT3G26740,Atha_Col-0_root_FLT_Alight_Rep2_GSM2493778_Day13,0.6093285597399294,ELF3,OSD-120
AT3G46640,Atha_Col-0_root_FLT_Alight_Rep2_GSM2493778_Day13,0.9755619688555424,TIC,OSD-120
AT5G02810,Atha_Col-0_root_FLT_Alight_Rep2_GSM2493778_Day13,1.3615469457354668,PRR7,OSD-120
AT5G24470,Atha_Col-0_root_FLT_Alight_Rep2_GSM2493778_Day13,1.6962490999318718,PRR5,OSD-120
AT5G61380,Atha_Col-0_root_FLT_Alight_Rep2_GSM2493778_Day13,-0.5362757883203196,TOC1,OSD-120
AT1G01060,Atha_Col-0_root_FLT_Alight_Rep3_GSM2493779_Day13,-0.810363287070372,LHY,OSD-120
AT1G75530,Atha_Col-0_root_FLT_Alight_Rep3_GSM2493779_Day13,-0.34928872065159783,LUX,OSD-120
AT2G40080,Atha_Col-0_root_FLT_Alight_Rep3_GSM2493779_Day13,1.1594174666366492,ELF4,OSD-120
AT2G42830,Atha_Col-0_root_FLT_Alight_Rep3_GSM2493779_Day13,-0.8127099431261975,PRR9,OSD-120
AT2G46830,Atha_Col-0_root_FLT_Alight_Rep3_GSM2493779_Day13,-0.7031782355042916,CCA1,OSD-120
AT3G09600,Atha_Col-0_root_FLT_Alight_Rep3_GSM2493779_Day13,-0.49816715530410094,GI,OSD-120
AT3G26740,Atha_Col-0_root_FLT_Alight_Rep3_GSM2493779_Day13,0.23905816028398277,ELF3,OSD-120
AT3G46640,Atha_Col-0_root_FLT_Alight_Rep3_GSM2493779_Day13,1.2178442130533476,TIC,OSD-120
AT5G02810,Atha_Col-0_root_FLT_Alight_Rep3_GSM2493779_Day13,1.2752406624288677,PRR7,OSD-120
AT5G24470,Atha_Col-0_root_FLT_Alight_Rep3_GSM2493779_Day13,1.0743796991288361,PRR5,OSD-120
AT5G61380,Atha_Col-0_root_FLT_Alight_Rep3_GSM2493779_Day13,1.0540265900638353,TOC1,OSD-120
AT1G01060,Atha_Ws_root_FLT_Alight_Rep1_GSM2493780_Day13,-0.5703211271823097,LHY,OSD-120
AT1G75530,Atha_Ws_root_FLT_Alight_Rep1_GSM2493780_Day13,-0.34928872065159783,LUX,OSD-120
AT2G40080,Atha_Ws_root_FLT_Alight_Rep1_GSM2493780_Day13,-0.35319734437921785,ELF4,OSD-120
AT2G42830,Atha_Ws_root_FLT_Alight_Rep1_GSM2493780_Day13,-0.8127099431261975,PRR9,OSD-120
AT2G46830,Atha_Ws_root_FLT_Alight_Rep1_GSM2493780_Day13,-0.46012347108304974,CCA1,OSD-120
AT3G09600,Atha_Ws_root_FLT_Alight_Rep1_GSM2493780_Day13,-0.5575823657652548,GI,OSD-120
AT3G26740,Atha_Ws_root_FLT_Alight_Rep1_GSM2493780_Day13,0.9720701578085923,ELF3,OSD-120
AT3G46640,Atha_Ws_root_FLT_Alight_Rep1_GSM2493780_Day13,-0.0870295057018721,TIC,OSD-120
AT5G02810,Atha_Ws_root_FLT_Alight_Rep1_GSM2493780_Day13,0.7992850032973732,PRR7,OSD-120
AT5G24470,Atha_Ws_root_FLT_Alight_Rep1_GSM2493780_Day13,1.4137764626998046,PRR5,OSD-120
AT5G61380,Atha_Ws_root_FLT_Alight_Rep1_GSM2493780_Day13,-0.8083805542858831,TOC1,OSD-120
AT1G01060,Atha_Ws_root_FLT_Alight_Rep2_GSM2493781_Day13,-0.7889695150974567,LHY,OSD-120
AT1G75530,Atha_Ws_root_FLT_Alight_Rep2_GSM2493781_Day13,-0.34928872065159783,LUX,OSD-120
AT2G40080,Atha_Ws_root_FLT_Alight_Rep2_GSM2493781_Day13,1.0034713528948165,ELF4,OSD-120
AT2G42830,Atha_Ws_root_FLT_Alight_Rep2_GSM2493781_Day13,-0.8127099431261975,PRR9,OSD-120
AT2G46830,Atha_Ws_root_FLT_Alight_Rep2_GSM2493781_Day13,-0.6797944399793734,CCA1,OSD-120
AT3G09600,Atha_Ws_root_FLT_Alight_Rep2_GSM2493781_Day13,-0.8203775396885686,GI,OSD-120
AT3G26740,Atha_Ws_root_FLT_Alight_Rep2_GSM2493781_Day13,0.35984220723585375,ELF3,OSD-120
AT3G46640,Atha_Ws_root_FLT_Alight_Rep2_GSM2493781_Day13,0.2877550267495562,TIC,OSD-120
AT5G02810,Atha_Ws_root_FLT_Alight_Rep2_GSM2493781_Day13,0.9600202665171955,PRR7,OSD-120
AT5G24470,Atha_Ws_root_FLT_Alight_Rep2_GSM2493781_Day13,-2.1374649228204836e-05,PRR5,OSD-120
AT5G61380,Atha_Ws_root_FLT_Alight_Rep2_GSM2493781_Day13,1.1214146470806903,TOC1,OSD-120
AT1G01060,Atha_Ws_root_FLT_Alight_Rep3_GSM2493782_Day13,-0.6621979037874702,LHY,OSD-120
AT1G75530,Atha_Ws_root_FLT_Alight_Rep3_GSM2493782_Day13,-0.34928872065159783,LUX,OSD-120
AT2G40080,Atha_Ws_root_FLT_Alight_Rep3_GSM2493782_Day13,0.4271540741297694,ELF4,OSD-120
AT2G42830,Atha_Ws_root_FLT_Alight_Rep3_GSM2493782_Day13,-0.8127099431261975,PRR9,OSD-120
AT2G46830,Atha_Ws_root_FLT_Alight_Rep3_GSM2493782_Day13,-0.7220473181213178,CCA1,OSD-120
AT3G09600,Atha_Ws_root_FLT_Alight_Rep3_GSM2493782_Day13,-0.6777499212628169,GI,OSD-120
AT3G26740,Atha_Ws_root_FLT_Alight_Rep3_GSM2493782_Day13,0.8904309689931086,ELF3,OSD-120
AT3G46640,Atha_Ws_root_FLT_Alight_Rep3_GSM2493782_Day13,-0.25380023435798804,TIC,OSD-120
AT5G02810,Atha_Ws_root_FLT_Alight_Rep3_GSM2493782_Day13,0.7982314648364598,PRR7,OSD-120
AT5G24470,Atha_Ws_root_FLT_Alight_Rep3_GSM2493782_Day13,2.0819320995983013,PRR5,OSD-120
AT5G61380,Atha_Ws_root_FLT_Alight_Rep3_GSM2493782_Day13,-1.067289153086252,TOC1,OSD-120
AT1G01060,Atha_Col-0-PhyD_root_FLT_Alight_Rep1_GSM2493783_Day13,-0.5920510042745406,LHY,OSD-120
AT1G75530,Atha_Col-0-PhyD_root_FLT_Alight_Rep1_GSM2493783_Day13,-0.34928872065159783,LUX,OSD-120
AT2G40080,Atha_Col-0-PhyD_root_FLT_Alight_Rep1_GSM2493783_Day13,1.2861963332177693,ELF4,OSD-120
AT2G42830,Atha_Col-0-PhyD_root_FLT_Alight_Rep1_GSM2493783_Day13,0.053545858960474875,PRR9,OSD-120
AT2G46830,Atha_Col-0-PhyD_root_FLT_Alight_Rep1_GSM2493783_Day13,-0.705995744409099,CCA1,OSD-120
AT3G09600,Atha_Col-0-PhyD_root_FLT_Alight_Rep1_GSM2493783_Day13,-0.6947527479083112,GI,OSD-120
AT3G26740,Atha_Col-0-PhyD_root_FLT_Alight_Rep1_GSM2493783_Day13,1.0878547152569846,ELF3,OSD-120
AT3G46640,Atha_Col-0-PhyD_root_FLT_Alight_Rep1_GSM2493783_Day13,0.8538541281589369,TIC,OSD-120
AT5G02810,Atha_Col-0-PhyD_root_FLT_Alight_Rep1_GSM2493783_Day13,1.3470339736095516,PRR7,OSD-120
AT5G24470,Atha_Col-0-PhyD_root_FLT_Alight_Rep1_GSM2493783_Day13,2.190415113217547,PRR5,OSD-120
AT5G61380,Atha_Col-0-PhyD_root_FLT_Alight_Rep1_GSM2493783_Day13,1.7385165086945644,TOC1,OSD-120
AT1G01060,Atha_Col-0-PhyD_root_FLT_Alight_Rep2_GSM2493784_Day13,-0.7882387024920304,LHY,OSD-120
AT1G75530,Atha_Col-0-PhyD_root_FLT_Alight_Rep2_GSM2493784_Day13,-0.34928872065159783,LUX,OSD-120
AT2G40080,Atha_Col-0-PhyD_root_FLT_Alight_Rep2_GSM2493784_Day13,0.6343700478075777,ELF4,OSD-120
AT2G42830,Atha_Col-0-PhyD_root_FLT_Alight_Rep2_GSM2493784_Day13,-0.11690776547121394,PRR9,OSD-120
AT2G46830,Atha_Col-0-PhyD_root_FLT_Alight_Rep2_GSM2493784_Day13,-0.6017338345702278,CCA1,OSD-120
AT3G09600,Atha_Col-0-PhyD_root_FLT_Alight_Rep2_GSM2493784_Day13,-0.44375438544062445,GI,OSD-120
AT3G26740,Atha_Col-0-PhyD_root_FLT_Alight_Rep2_GSM2493784_Day13,3.1641341160880363,ELF3,OSD-120
AT3G46640,Atha_Col-0-PhyD_root_FLT_Alight_Rep2_GSM2493784_Day13,0.32900341195816457,TIC,OSD-120
AT5G02810,Atha_Col-0-PhyD_root_FLT_Alight_Rep2_GSM2493784_Day13,2.7491190903156646,PRR7,OSD-120
AT5G24470,Atha_Col-0-PhyD_root_FLT_Alight_Rep2_GSM2493784_Day13,1.9945809099250627,PRR5,OSD-120
AT5G61380,Atha_Col-0-PhyD_root_FLT_Alight_Rep2_GSM2493784_Day13,2.287761727571498,TOC1,OSD-120
AT1G01060,Atha_Col-0-PhyD_root_FLT_Alight_Rep3_GSM2493785_Day13,-0.8907298385967503,LHY,OSD-120
AT1G75530,Atha_Col-0-PhyD_root_FLT_Alight_Rep3_GSM2493785_Day13,-0.34928872065159783,LUX,OSD-120
AT2G40080,Atha_Col-0-PhyD_root_FLT_Alight_Rep3_GSM2493785_Day13,0.9684125795837962,ELF4,OSD-120
AT2G42830,Atha_Col-0-PhyD_root_FLT_Alight_Rep3_GSM2493785_Day13,0.5630267691803047,PRR9,OSD-120
AT2G46830,Atha_Col-0-PhyD_root_FLT_Alight_Rep3_GSM2493785_Day13,-0.8442793731101793,CCA1,OSD-120
AT3G09600,Atha_Col-0-PhyD_root_FLT_Alight_Rep3_GSM2493785_Day13,-0.6714517390243298,GI,OSD-120
AT3G26740,Atha_Col-0-PhyD_root_FLT_Alight_Rep3_GSM2493785_Day13,0.1660776198411608,ELF3,OSD-120
AT3G46640,Atha_Col-0-PhyD_root_FLT_Alight_Rep3_GSM2493785_Day13,2.8965141662834757,TIC,OSD-120
AT5G02810,Atha_Col-0-PhyD_root_FLT_Alight_Rep3_GSM2493785_Day13,1.7220273614548158,PRR7,OSD-120
AT5G24470,Atha_Col-0-PhyD_root_FLT_Alight_Rep3_GSM2493785_Day13,0.16650431662933415,PRR5,OSD-120
AT5G61380,Atha_Col-0-PhyD_root_FLT_Alight_Rep3_GSM2493785_Day13,2.0164070956973195,TOC1,OSD-120
AT1G01060,Atha_Col-0_root_FLT_dark_Rep1_GSM2493786_Day13,-0.8288919825101577,LHY,OSD-120
AT1G75530,Atha_Col-0_root_FLT_dark_Rep1_GSM2493786_Day13,-0.34928872065159783,LUX,OSD-120
AT2G40080,Atha_Col-0_root_FLT_dark_Rep1_GSM2493786_Day13,0.6356575589991768,ELF4,OSD-120
AT2G42830,Atha_Col-0_root_FLT_dark_Rep1_GSM2493786_Day13,-0.8127099431261975,PRR9,OSD-120
AT2G46830,Atha_Col-0_root_FLT_dark_Rep1_GSM2493786_Day13,-0.8638056502043362,CCA1,OSD-120
AT3G09600,Atha_Col-0_root_FLT_dark_Rep1_GSM2493786_Day13,-0.7952670945763024,GI,OSD-120
AT3G26740,Atha_Col-0_root_FLT_dark_Rep1_GSM2493786_Day13,1.6981829531208528,ELF3,OSD-120
AT3G46640,Atha_Col-0_root_FLT_dark_Rep1_GSM2493786_Day13,1.4402302099383177,TIC,OSD-120
AT5G02810,Atha_Col-0_root_FLT_dark_Rep1_GSM2493786_Day13,-0.24365623714135723,PRR7,OSD-120
AT5G24470,Atha_Col-0_root_FLT_dark_Rep1_GSM2493786_Day13,0.6661473890747113,PRR5,OSD-120
AT5G61380,Atha_Col-0_root_FLT_dark_Rep1_GSM2493786_Day13,0.8909807415629685,TOC1,OSD-120
AT1G01060,Atha_Col-0_root_FLT_dark_Rep2_GSM2493787_Day13,-0.45807009883299815,LHY,OSD-120
AT1G75530,Atha_Col-0_root_FLT_dark_Rep2_GSM2493787_Day13,-0.34928872065159783,LUX,OSD-120
AT2G40080,Atha_Col-0_root_FLT_dark_Rep2_GSM2493787_Day13,-1.0617388464406847,ELF4,OSD-120
AT2G42830,Atha_Col-0_root_FLT_dark_Rep2_GSM2493787_Day13,0.7580046613618596,PRR9,OSD-120
AT2G46830,Atha_Col-0_root_FLT_dark_Rep2_GSM2493787_Day13,-0.6770326884575619,CCA1,OSD-120
AT3G09600,Atha_Col-0_root_FLT_dark_Rep2_GSM2493787_Day13,-0.23003657403406974,GI,OSD-120
AT3G26740,Atha_Col-0_root_FLT_dark_Rep2_GSM2493787_Day13,-0.7346879615225628,ELF3,OSD-120
AT3G46640,Atha_Col-0_root_FLT_dark_Rep2_GSM2493787_Day13,-0.3356288090542928,TIC,OSD-120
AT5G02810,Atha_Col-0_root_FLT_dark_Rep2_GSM2493787_Day13,-0.32652814553876175,PRR7,OSD-120
AT5G24470,Atha_Col-0_root_FLT_dark_Rep2_GSM2493787_Day13,-0.7032795047842362,PRR5,OSD-120
AT5G61380,Atha_Col-0_root_FLT_dark_Rep2_GSM2493787_Day13,0.03415480474101059,TOC1,OSD-120
AT1G01060,Atha_Col-0_root_FLT_dark_Rep3_GSM2493788_Day13,-0.8942081791487647,LHY,OSD-120
AT1G75530,Atha_Col-0_root_FLT_dark_Rep3_GSM2493788_Day13,4.903911612401224,LUX,OSD-120
AT2G40080,Atha_Col-0_root_FLT_dark_Rep3_GSM2493788_Day13,1.4342039710113206,ELF4,OSD-120
AT2G42830,Atha_Col-0_root_FLT_dark_Rep3_GSM2493788_Day13,-0.8127099431261975,PRR9,OSD-120
AT2G46830,Atha_Col-0_root_FLT_dark_Rep3_GSM2493788_Day13,-0.8744359134823478,CCA1,OSD-120
AT3G09600,Atha_Col-0_root_FLT_dark_Rep3_GSM2493788_Day13,-0.5505701656608004,GI,OSD-120
AT3G26740,Atha_Col-0_root_FLT_dark_Rep3_GSM2493788_Day13,0.8056320996517652,ELF3,OSD-120
AT3G46640,Atha_Col-0_root_FLT_dark_Rep3_GSM2493788_Day13,0.9096979447254128,TIC,OSD-120
AT5G02810,Atha_Col-0_root_FLT_dark_Rep3_GSM2493788_Day13,0.8352234558764376,PRR7,OSD-120
AT5G24470,Atha_Col-0_root_FLT_dark_Rep3_GSM2493788_Day13,0.3592154604376945,PRR5,OSD-120
AT5G61380,Atha_Col-0_root_FLT_dark_Rep3_GSM2493788_Day13,-0.8422573478306624,TOC1,OSD-120
AT1G01060,Atha_Ws_root_FLT_dark_Rep1_GSM2493789_Day13,-0.5626423681435461,LHY,OSD-120
AT1G75530,Atha_Ws_root_FLT_dark_Rep1_GSM2493789_Day13,0.561793773378904,LUX,OSD-120
AT2G40080,Atha_Ws_root_FLT_dark_Rep1_GSM2493789_Day13,-0.9721688640528243,ELF4,OSD-120
AT2G42830,Atha_Ws_root_FLT_dark_Rep1_GSM2493789_Day13,-0.8127099431261975,PRR9,OSD-120
AT2G46830,Atha_Ws_root_FLT_dark_Rep1_GSM2493789_Day13,-0.5420321085461636,CCA1,OSD-120
AT3G09600,Atha_Ws_root_FLT_dark_Rep1_GSM2493789_Day13,-0.8598841542458846,GI,OSD-120
AT3G26740,Atha_Ws_root_FLT_dark_Rep1_GSM2493789_Day13,-0.8220024482126954,ELF3,OSD-120
AT3G46640,Atha_Ws_root_FLT_dark_Rep1_GSM2493789_Day13,-1.0290922282097508,TIC,OSD-120
AT5G02810,Atha_Ws_root_FLT_dark_Rep1_GSM2493789_Day13,-0.8505879143032598,PRR7,OSD-120
AT5G24470,Atha_Ws_root_FLT_dark_Rep1_GSM2493789_Day13,-0.9551133517509652,PRR5,OSD-120
AT5G61380,Atha_Ws_root_FLT_dark_Rep1_GSM2493789_Day13,-0.4432166832420751,TOC1,OSD-120
AT1G01060,Atha_Ws_root_FLT_dark_Rep2_GSM2493790_Day13,-0.43717246623622136,LHY,OSD-120
AT1G75530,Atha_Ws_root_FLT_dark_Rep2_GSM2493790_Day13,-0.34928872065159783,LUX,OSD-120
AT2G40080,Atha_Ws_root_FLT_dark_Rep2_GSM2493790_Day13,-0.7064342428922138,ELF4,OSD-120
AT2G42830,Atha_Ws_root_FLT_dark_Rep2_GSM2493790_Day13,-0.5936259217635976,PRR9,OSD-120
AT2G46830,Atha_Ws_root_FLT_dark_Rep2_GSM2493790_Day13,-0.21513671157356654,CCA1,OSD-120
AT3G09600,Atha_Ws_root_FLT_dark_Rep2_GSM2493790_Day13,-0.7204009498680696,GI,OSD-120
AT3G26740,Atha_Ws_root_FLT_dark_Rep2_GSM2493790_Day13,-0.5185424178357425,ELF3,OSD-120
AT3G46640,Atha_Ws_root_FLT_dark_Rep2_GSM2493790_Day13,0.9455553016392716,TIC,OSD-120
AT5G02810,Atha_Ws_root_FLT_dark_Rep2_GSM2493790_Day13,-0.6937006635473872,PRR7,OSD-120
AT5G24470,Atha_Ws_root_FLT_dark_Rep2_GSM2493790_Day13,-0.7579298254196504,PRR5,OSD-120
AT5G61380,Atha_Ws_root_FLT_dark_Rep2_GSM2493790_Day13,0.10918798086933809,TOC1,OSD-120
AT1G01060,Atha_Ws_root_FLT_dark_Rep3_GSM2493791_Day13,-0.4053860580953688,LHY,OSD-120
AT1G75530,Atha_Ws_root_FLT_dark_Rep3_GSM2493791_Day13,-0.34928872065159783,LUX,OSD-120
AT2G40080,Atha_Ws_root_FLT_dark_Rep3_GSM2493791_Day13,-0.9116774234175152,ELF4,OSD-120
AT2G42830,Atha_Ws_root_FLT_dark_Rep3_GSM2493791_Day13,-0.8127099431261975,PRR9,OSD-120
AT2G46830,Atha_Ws_root_FLT_dark_Rep3_GSM2493791_Day13,-0.4239028012681711,CCA1,OSD-120
AT3G09600,Atha_Ws_root_FLT_dark_Rep3_GSM2493791_Day13,-0.6069944103879608,GI,OSD-120
AT3G26740,Atha_Ws_root_FLT_dark_Rep3_GSM2493791_Day13,-0.7655846214959691,ELF3,OSD-120
AT3G46640,Atha_Ws_root_FLT_dark_Rep3_GSM2493791_Day13,0.6691196936606068,TIC,OSD-120
AT5G02810,Atha_Ws_root_FLT_dark_Rep3_GSM2493791_Day13,-0.4178555249614548,PRR7,OSD-120
AT5G24470,Atha_Ws_root_FLT_dark_Rep3_GSM2493791_Day13,-0.8189063997088625,PRR5,OSD-120
AT5G61380,Atha_Ws_root_FLT_dark_Rep3_GSM2493791_Day13,-0.28164662409377733,TOC1,OSD-120
AT1G01060,Atha_Col-0-PhyD_root_FLT_dark_Rep1_GSM2493792_Day13,-0.6827346346117861,LHY,OSD-120
AT1G75530,Atha_Col-0-PhyD_root_FLT_dark_Rep1_GSM2493792_Day13,-0.34928872065159783,LUX,OSD-120
AT2G40080,Atha_Col-0-PhyD_root_FLT_dark_Rep1_GSM2493792_Day13,-0.39134805772618086,ELF4,OSD-120
AT2G42830,Atha_Col-0-PhyD_root_FLT_dark_Rep1_GSM2493792_Day13,-0.6345665532479912,PRR9,OSD-120
AT2G46830,Atha_Col-0-PhyD_root_FLT_dark_Rep1_GSM2493792_Day13,-0.3526057554045068,CCA1,OSD-120
AT3G09600,Atha_Col-0-PhyD_root_FLT_dark_Rep1_GSM2493792_Day13,-0.497935319306101,GI,OSD-120
AT3G26740,Atha_Col-0-PhyD_root_FLT_dark_Rep1_GSM2493792_Day13,-0.35530328793545357,ELF3,OSD-120
AT3G46640,Atha_Col-0-PhyD_root_FLT_dark_Rep1_GSM2493792_Day13,1.5813498790954832,TIC,OSD-120
AT5G02810,Atha_Col-0-PhyD_root_FLT_dark_Rep1_GSM2493792_Day13,-0.7537317385080622,PRR7,OSD-120
AT5G24470,Atha_Col-0-PhyD_root_FLT_dark_Rep1_GSM2493792_Day13,-0.5786516334563446,PRR5,OSD-120
AT5G61380,Atha_Col-0-PhyD_root_FLT_dark_Rep1_GSM2493792_Day13,0.29211029393343685,TOC1,OSD-120
AT1G01060,Atha_Col-0-PhyD_root_FLT_dark_Rep2_GSM2493793_Day13,-0.033948829078140834,LHY,OSD-120
AT1G75530,Atha_Col-0-PhyD_root_FLT_dark_Rep2_GSM2493793_Day13,-0.34928872065159783,LUX,OSD-120
AT2G40080,Atha_Col-0-PhyD_root_FLT_dark_Rep2_GSM2493793_Day13,-0.592456305426579,ELF4,OSD-120
AT2G42830,Atha_Col-0-PhyD_root_FLT_dark_Rep2_GSM2493793_Day13,1.941860021424376,PRR9,OSD-120
AT2G46830,Atha_Col-0-PhyD_root_FLT_dark_Rep2_GSM2493793_Day13,-0.6344264596196539,CCA1,OSD-120
AT3G09600,Atha_Col-0-PhyD_root_FLT_dark_Rep2_GSM2493793_Day13,-0.2697899825437127,GI,OSD-120
AT3G26740,Atha_Col-0-PhyD_root_FLT_dark_Rep2_GSM2493793_Day13,-0.7044301387990122,ELF3,OSD-120
AT3G46640,Atha_Col-0-PhyD_root_FLT_dark_Rep2_GSM2493793_Day13,0.15779168906204946,TIC,OSD-120
AT5G02810,Atha_Col-0-PhyD_root_FLT_dark_Rep2_GSM2493793_Day13,0.04314390425170774,PRR7,OSD-120
AT5G24470,Atha_Col-0-PhyD_root_FLT_dark_Rep2_GSM2493793_Day13,-0.2261626607513883,PRR5,OSD-120
AT5G61380,Atha_Col-0-PhyD_root_FLT_dark_Rep2_GSM2493793_Day13,-0.15350206375581826,TOC1,OSD-120
AT1G01060,Atha_Col-0-PhyD_root_FLT_dark_Rep3_GSM2493794_Day13,-0.3459381005467199,LHY,OSD-120
AT1G75530,Atha_Col-0-PhyD_root_FLT_dark_Rep3_GSM2493794_Day13,-0.34928872065159783,LUX,OSD-120
AT2G40080,Atha_Col-0-PhyD_root_FLT_dark_Rep3_GSM2493794_Day13,-0.7357348890861183,ELF4,OSD-120
AT2G42830,Atha_Col-0-PhyD_root_FLT_dark_Rep3_GSM2493794_Day13,-0.6062340023350972,PRR9,OSD-120
AT2G46830,Atha_Col-0-PhyD_root_FLT_dark_Rep3_GSM2493794_Day13,-0.262882401121509,CCA1,OSD-120
AT3G09600,Atha_Col-0-PhyD_root_FLT_dark_Rep3_GSM2493794_Day13,-0.4341006290383966,GI,OSD-120
AT3G26740,Atha_Col-0-PhyD_root_FLT_dark_Rep3_GSM2493794_Day13,-0.7584009995351182,ELF3,OSD-120
AT3G46640,Atha_Col-0-PhyD_root_FLT_dark_Rep3_GSM2493794_Day13,-0.48548520264431755,TIC,OSD-120
AT5G02810,Atha_Col-0-PhyD_root_FLT_dark_Rep3_GSM2493794_Day13,-0.4445054137390831,PRR7,OSD-120
AT5G24470,Atha_Col-0-PhyD_root_FLT_dark_Rep3_GSM2493794_Day13,-0.4270522632778698,PRR5,OSD-120
AT5G61380,Atha_Col-0-PhyD_root_FLT_dark_Rep3_GSM2493794_Day13,1.7079811182860296,TOC1,OSD-120
AT1G01060,Atha_Col-0_root_GC_Alight_Rep3_GSM2493761_Day13,1.8537548063895226,LHY,OSD-120
AT1G75530,Atha_Col-0_root_GC_Alight_Rep3_GSM2493761_Day13,-0.34928872065159783,LUX,OSD-120
AT2G40080,Atha_Col-0_root_GC_Alight_Rep3_GSM2493761_Day13,1.1023745368834903,ELF4,OSD-120
AT2G42830,Atha_Col-0_root_GC_Alight_Rep3_GSM2493761_Day13,0.08968445975123628,PRR9,OSD-120
AT2G46830,Atha_Col-0_root_GC_Alight_Rep3_GSM2493761_Day13,1.2353534671956317,CCA1,OSD-120
AT3G09600,Atha_Col-0_root_GC_Alight_Rep3_GSM2493761_Day13,2.087677553486354,GI,OSD-120
AT3G26740,Atha_Col-0_root_GC_Alight_Rep3_GSM2493761_Day13,-0.44362911974208,ELF3,OSD-120
AT3G46640,Atha_Col-0_root_GC_Alight_Rep3_GSM2493761_Day13,-0.4858509717128387,TIC,OSD-120
AT5G02810,Atha_Col-0_root_GC_Alight_Rep3_GSM2493761_Day13,-0.5019602040731282,PRR7,OSD-120
AT5G24470,Atha_Col-0_root_GC_Alight_Rep3_GSM2493761_Day13,-0.7131308975724109,PRR5,OSD-120
AT5G61380,Atha_Col-0_root_GC_Alight_Rep3_GSM2493761_Day13,-1.7363933379190448,TOC1,OSD-120
AT1G01060,Atha_Ler-0_sShoots_FLT_Rep1,-0.24925731697746292,LHY,OSD-121
AT2G40080,Atha_Ler-0_sShoots_FLT_Rep1,-0.7812570234911884,ELF4,OSD-121
AT2G42830,Atha_Ler-0_sShoots_FLT_Rep1,1.0976515772427486,PRR9,OSD-121
AT2G46830,Atha_Ler-0_sShoots_FLT_Rep1,-0.2971910130177555,CCA1,OSD-121
AT3G09600,Atha_Ler-0_sShoots_FLT_Rep1,-1.1315949975052717,GI,OSD-121
AT3G09600,Atha_Ler-0_sShoots_FLT_Rep1,1.548524725556764,GI,OSD-121
AT3G26740,Atha_Ler-0_sShoots_FLT_Rep1,0.39223165260439563,ELF3,OSD-121
AT5G02810,Atha_Ler-0_sShoots_FLT_Rep1,-1.1412733490852038,PRR7,OSD-121
AT5G24470,Atha_Ler-0_sShoots_FLT_Rep1,-0.29937309610773544,PRR5,OSD-121
AT5G61380,Atha_Ler-0_sShoots_FLT_Rep1,0.21391770457149226,TOC1,OSD-121
AT1G01060,Atha_Ler-0_sShoots_FLT_Rep2,0.3200619539504977,LHY,OSD-121
AT2G40080,Atha_Ler-0_sShoots_FLT_Rep2,-0.27296763378038025,ELF4,OSD-121
AT2G42830,Atha_Ler-0_sShoots_FLT_Rep2,-0.4301677838934836,PRR9,OSD-121
AT2G46830,Atha_Ler-0_sShoots_FLT_Rep2,-1.2898225253960374,CCA1,OSD-121
AT3G09600,Atha_Ler-0_sShoots_FLT_Rep2,-0.7849709114705067,GI,OSD-121
AT3G09600,Atha_Ler-0_sShoots_FLT_Rep2,-0.4533325241346037,GI,OSD-121
AT3G26740,Atha_Ler-0_sShoots_FLT_Rep2,1.0067539132916028,ELF3,OSD-121
AT5G02810,Atha_Ler-0_sShoots_FLT_Rep2,-0.7398482474178986,PRR7,OSD-121
AT5G24470,Atha_Ler-0_sShoots_FLT_Rep2,-0.12005528181444206,PRR5,OSD-121
AT5G61380,Atha_Ler-0_sShoots_FLT_Rep2,0.5481333964608114,TOC1,OSD-121
AT1G01060,Atha_Ler-0_sShoots_FLT_Rep3,-0.1684643835251822,LHY,OSD-121
AT2G40080,Atha_Ler-0_sShoots_FLT_Rep3,-0.7090760234291548,ELF4,OSD-121
AT2G42830,Atha_Ler-0_sShoots_FLT_Rep3,-0.27373549790363566,PRR9,OSD-121
AT2G46830,Atha_Ler-0_sShoots_FLT_Rep3,-0.4553002536607788,CCA1,OSD-121
AT3G09600,Atha_Ler-0_sShoots_FLT_Rep3,-0.6714616769026898,GI,OSD-121
AT3G09600,Atha_Ler-0_sShoots_FLT_Rep3,-0.5046899881336221,GI,OSD-121
AT3G26740,Atha_Ler-0_sShoots_FLT_Rep3,1.2232304852158669,ELF3,OSD-121
AT5G02810,Atha_Ler-0_sShoots_FLT_Rep3,-0.21666732302032865,PRR7,OSD-121
AT5G24470,Atha_Ler-0_sShoots_FLT_Rep3,-1.0013112381755631,PRR5,OSD-121
AT5G61380,Atha_Ler-0_sShoots_FLT_Rep3,-1.1167411849413227,TOC1,OSD-121
AT1G01060,Atha_Ler-0_sShoots_GC_Rep1,1.7029607287778403,LHY,OSD-121
AT2G40080,Atha_Ler-0_sShoots_GC_Rep1,0.4575184990029415,ELF4,OSD-121
AT2G42830,Atha_Ler-0_sShoots_GC_Rep1,1.3218189119130237,PRR9,OSD-121
AT2G46830,Atha_Ler-0_sShoots_GC_Rep1,1.6771202482008998,CCA1,OSD-121
AT3G09600,Atha_Ler-0_sShoots_GC_Rep1,0.39086593903803224,GI,OSD-121
AT3G09600,Atha_Ler-0_sShoots_GC_Rep1,0.7692011866200115,GI,OSD-121
AT3G26740,Atha_Ler-0_sShoots_GC_Rep1,-0.8936934389768375,ELF3,OSD-121
AT5G02810,Atha_Ler-0_sShoots_GC_Rep1,1.3480078449797095,PRR7,OSD-121
AT5G24470,Atha_Ler-0_sShoots_GC_Rep1,1.9076874012378005,PRR5,OSD-121
AT5G61380,Atha_Ler-0_sShoots_GC_Rep1,-0.8150620477799759,TOC1,OSD-121
AT1G01060,Atha_Ler-0_sShoots_GC_Rep2,-0.24655696412159672,LHY,OSD-121
AT2G40080,Atha_Ler-0_sShoots_GC_Rep2,-0.5198153082984625,ELF4,OSD-121
AT2G42830,Atha_Ler-0_sShoots_GC_Rep2,-0.4600431653963852,PRR9,OSD-121
AT2G46830,Atha_Ler-0_sShoots_GC_Rep2,-0.10141162988425859,CCA1,OSD-121
AT3G09600,Atha_Ler-0_sShoots_GC_Rep2,0.8913167252943467,GI,OSD-121
AT3G09600,Atha_Ler-0_sShoots_GC_Rep2,-1.239218162758275,GI,OSD-121
AT3G26740,Atha_Ler-0_sShoots_GC_Rep2,-0.716401751752403,ELF3,OSD-121
AT5G02810,Atha_Ler-0_sShoots_GC_Rep2,-0.3339691119524706,PRR7,OSD-121
AT5G24470,Atha_Ler-0_sShoots_GC_Rep2,-0.5037698677317749,PRR5,OSD-121
AT5G61380,Atha_Ler-0_sShoots_GC_Rep2,-0.4295676128987223,TOC1,OSD-121
AT1G01060,Atha_Ler-0_sShoots_GC_Rep3,-1.358744018104093,LHY,OSD-121
AT2G40080,Atha_Ler-0_sShoots_GC_Rep3,1.8255974899962468,ELF4,OSD-121
AT2G42830,Atha_Ler-0_sShoots_GC_Rep3,-1.2555240419622669,PRR9,OSD-121
AT2G46830,Atha_Ler-0_sShoots_GC_Rep3,0.466605173757932,CCA1,OSD-121
AT3G09600,Atha_Ler-0_sShoots_GC_Rep3,1.3058449215460906,GI,OSD-121
AT3G09600,Atha_Ler-0_sShoots_GC_Rep3,-0.12048523715026117,GI,OSD-121
AT3G26740,Atha_Ler-0_sShoots_GC_Rep3,-1.0121208603826255,ELF3,OSD-121
AT5G02810,Atha_Ler-0_sShoots_GC_Rep3,1.0837501864962007,PRR7,OSD-121
AT5G24470,Atha_Ler-0_sShoots_GC_Rep3,0.016822082591716515,PRR5,OSD-121
AT5G61380,Atha_Ler-0_sShoots_GC_Rep3,1.5993197445877594,TOC1,OSD-121
AT1G01060,Atha_Ws-0_root_97kPa_CTRL_Rep1,0.36163278767973733,LHY,OSD-136
AT2G40080,Atha_Ws-0_root_97kPa_CTRL_Rep1,-0.16068620414984666,ELF4,OSD-136
AT2G42830,Atha_Ws-0_root_97kPa_CTRL_Rep1,0.16800722652502295,PRR9,OSD-136
AT2G46830,Atha_Ws-0_root_97kPa_CTRL_Rep1,0.24397620742609105,CCA1,OSD-136
AT3G09600,Atha_Ws-0_root_97kPa_CTRL_Rep1,0.21630579591041812,GI,OSD-136
AT3G09600,Atha_Ws-0_root_97kPa_CTRL_Rep1,1.442132021952474,GI,OSD-136
AT3G26740,Atha_Ws-0_root_97kPa_CTRL_Rep1,-0.19104249593880504,ELF3,OSD-136
AT5G02810,Atha_Ws-0_root_97kPa_CTRL_Rep1,0.37738622491022883,PRR7,OSD-136
AT5G24470,Atha_Ws-0_root_97kPa_CTRL_Rep1,2.2347785419747055,PRR5,OSD-136
AT5G61380,Atha_Ws-0_root_97kPa_CTRL_Rep1,0.45414405814416736,TOC1,OSD-136
AT1G01060,Atha_Ws-0_root_97kPa_CTRL_Rep2,-0.18267692971800603,LHY,OSD-136
AT2G40080,Atha_Ws-0_root_97kPa_CTRL_Rep2,0.4497974918921045,ELF4,OSD-136
AT2G42830,Atha_Ws-0_root_97kPa_CTRL_Rep2,0.16800722652502295,PRR9,OSD-136
AT2G46830,Atha_Ws-0_root_97kPa_CTRL_Rep2,0.2053455139527043,CCA1,OSD-136
AT3G09600,Atha_Ws-0_root_97kPa_CTRL_Rep2,-2.0413577957190387,GI,OSD-136
AT3G09600,Atha_Ws-0_root_97kPa_CTRL_Rep2,-0.980555154289484,GI,OSD-136
AT3G26740,Atha_Ws-0_root_97kPa_CTRL_Rep2,0.5468635990647,ELF3,OSD-136
AT5G02810,Atha_Ws-0_root_97kPa_CTRL_Rep2,2.188739350033438,PRR7,OSD-136
AT5G24470,Atha_Ws-0_root_97kPa_CTRL_Rep2,0.5552253098954774,PRR5,OSD-136
AT5G61380,Atha_Ws-0_root_97kPa_CTRL_Rep2,-0.34112294505890267,TOC1,OSD-136
AT1G01060,Atha_Ws-0_root_97kPa_CTRL_Rep3,-0.11537932474812254,LHY,OSD-136
AT2G40080,Atha_Ws-0_root_97kPa_CTRL_Rep3,-2.0208789669706553,ELF4,OSD-136
AT2G42830,Atha_Ws-0_root_97kPa_CTRL_Rep3,0.16800722652502295,PRR9,OSD-136
AT2G46830,Atha_Ws-0_root_97kPa_CTRL_Rep3,0.2786597709382478,CCA1,OSD-136
AT3G09600,Atha_Ws-0_root_97kPa_CTRL_Rep3,0.8059782714405612,GI,OSD-136
AT3G09600,Atha_Ws-0_root_97kPa_CTRL_Rep3,0.11364052795132978,GI,OSD-136
AT3G26740,Atha_Ws-0_root_97kPa_CTRL_Rep3,0.6766147971556198,ELF3,OSD-136
AT5G02810,Atha_Ws-0_root_97kPa_CTRL_Rep3,0.093402107105359,PRR7,OSD-136
AT5G24470,Atha_Ws-0_root_97kPa_CTRL_Rep3,-0.24721065928535427,PRR5,OSD-136
AT5G61380,Atha_Ws-0_root_97kPa_CTRL_Rep3,0.942140375456044,TOC1,OSD-136
AT1G01060,Atha_Ws-0_root_50kPa_notsuppO2_Rep1,-1.4597398041366003,LHY,OSD-136
AT2G40080,Atha_Ws-0_root_50kPa_notsuppO2_Rep1,1.0392028069791912,ELF4,OSD-136
AT2G42830,Atha_Ws-0_root_50kPa_notsuppO2_Rep1,-2.2014759671814574,PRR9,OSD-136
AT2G46830,Atha_Ws-0_root_50kPa_notsuppO2_Rep1,-1.1219191299697273,CCA1,OSD-136
AT3G09600,Atha_Ws-0_root_50kPa_notsuppO2_Rep1,0.21630579591041812,GI,OSD-136
AT3G09600,Atha_Ws-0_root_50kPa_notsuppO2_Rep1,0.8783740753032342,GI,OSD-136
AT3G26740,Atha_Ws-0_root_50kPa_notsuppO2_Rep1,0.33469706946056094,ELF3,OSD-136
AT5G02810,Atha_Ws-0_root_50kPa_notsuppO2_Rep1,-0.46596311928265666,PRR7,OSD-136
AT5G24470,Atha_Ws-0_root_50kPa_notsuppO2_Rep1,-0.5470543953625768,PRR5,OSD-136
AT5G61380,Atha_Ws-0_root_50kPa_notsuppO2_Rep1,-0.6799130980244892,TOC1,OSD-136
AT1G01060,Atha_Ws-0_root_50kPa_notsuppO2_Rep2,1.5079390246656499,LHY,OSD-136
AT2G40080,Atha_Ws-0_root_50kPa_notsuppO2_Rep2,-1.0582596636908956,ELF4,OSD-136
AT2G42830,Atha_Ws-0_root_50kPa_notsuppO2_Rep2,-0.9094971301329222,PRR9,OSD-136
AT2G46830,Atha_Ws-0_root_50kPa_notsuppO2_Rep2,1.9507964087996101,CCA1,OSD-136
AT3G09600,Atha_Ws-0_root_50kPa_notsuppO2_Rep2,1.3157770080216589,GI,OSD-136
AT3G09600,Atha_Ws-0_root_50kPa_notsuppO2_Rep2,-0.12922950572594671,GI,OSD-136
AT3G26740,Atha_Ws-0_root_50kPa_notsuppO2_Rep2,0.7231843788103522,ELF3,OSD-136
AT5G02810,Atha_Ws-0_root_50kPa_notsuppO2_Rep2,0.11454666026805431,PRR7,OSD-136
AT5G24470,Atha_Ws-0_root_50kPa_notsuppO2_Rep2,-0.33229011675857806,PRR5,OSD-136
AT5G61380,Atha_Ws-0_root_50kPa_notsuppO2_Rep2,1.1235176730913397,TOC1,OSD-136
AT1G01060,Atha_Ws-0_root_50kPa_notsuppO2_Rep3,0.6601053947939542,LHY,OSD-136
AT2G40080,Atha_Ws-0_root_50kPa_notsuppO2_Rep3,0.5939389482786515,ELF4,OSD-136
AT2G42830,Atha_Ws-0_root_50kPa_notsuppO2_Rep3,0.833108564245682,PRR9,OSD-136
AT2G46830,Atha_Ws-0_root_50kPa_notsuppO2_Rep3,0.6137326555378873,CCA1,OSD-136
AT3G09600,Atha_Ws-0_root_50kPa_notsuppO2_Rep3,-0.8713670603458356,GI,OSD-136
AT3G09600,Atha_Ws-0_root_50kPa_notsuppO2_Rep3,1.1701554564274717,GI,OSD-136
AT3G26740,Atha_Ws-0_root_50kPa_notsuppO2_Rep3,0.9298582875906803,ELF3,OSD-136
AT5G02810,Atha_Ws-0_root_50kPa_notsuppO2_Rep3,0.11454666026805431,PRR7,OSD-136
AT5G24470,Atha_Ws-0_root_50kPa_notsuppO2_Rep3,0.2584432200217365,PRR5,OSD-136
AT5G61380,Atha_Ws-0_root_50kPa_notsuppO2_Rep3,1.432515312328327,TOC1,OSD-136
AT1G01060,Atha_Ws-0_root_50kPa_suppO2_Rep1,-0.3065004740259356,LHY,OSD-136
AT2G40080,Atha_Ws-0_root_50kPa_suppO2_Rep1,0.04229338177104467,ELF4,OSD-136
AT2G42830,Atha_Ws-0_root_50kPa_suppO2_Rep1,0.16800722652502295,PRR9,OSD-136
AT2G46830,Atha_Ws-0_root_50kPa_suppO2_Rep1,-1.4293634152197745,CCA1,OSD-136
AT3G09600,Atha_Ws-0_root_50kPa_suppO2_Rep1,0.2501456007783431,GI,OSD-136
AT3G09600,Atha_Ws-0_root_50kPa_suppO2_Rep1,-1.12313802215686,GI,OSD-136
AT3G26740,Atha_Ws-0_root_50kPa_suppO2_Rep1,-1.3254465509333235,ELF3,OSD-136
AT5G02810,Atha_Ws-0_root_50kPa_suppO2_Rep1,-0.5230929902706271,PRR7,OSD-136
AT5G24470,Atha_Ws-0_root_50kPa_suppO2_Rep1,-1.42747058191468,PRR5,OSD-136
AT5G61380,Atha_Ws-0_root_50kPa_suppO2_Rep1,-0.9204545346890222,TOC1,OSD-136
AT1G01060,Atha_Ws-0_root_50kPa_suppO2_Rep2,0.9462597933345855,LHY,OSD-136
AT2G40080,Atha_Ws-0_root_50kPa_suppO2_Rep2,1.063430607780975,ELF4,OSD-136
AT2G42830,Atha_Ws-0_root_50kPa_suppO2_Rep2,0.4638094876474806,PRR9,OSD-136
AT2G46830,Atha_Ws-0_root_50kPa_suppO2_Rep2,-0.5465278648512657,CCA1,OSD-136
AT3G09600,Atha_Ws-0_root_50kPa_suppO2_Rep2,-0.4610168568055949,GI,OSD-136
AT3G09600,Atha_Ws-0_root_50kPa_suppO2_Rep2,-0.14413276270072944,GI,OSD-136
AT3G26740,Atha_Ws-0_root_50kPa_suppO2_Rep2,0.2738221680866406,ELF3,OSD-136
AT5G02810,Atha_Ws-0_root_50kPa_suppO2_Rep2,-1.5568708132603846,PRR7,OSD-136
AT5G24470,Atha_Ws-0_root_50kPa_suppO2_Rep2,-0.24721065928535427,PRR5,OSD-136
AT5G61380,Atha_Ws-0_root_50kPa_suppO2_Rep2,-0.7369575789075195,TOC1,OSD-136
AT1G01060,Atha_Ws-0_root_50kPa_suppO2_Rep3,-1.4116404678452241,LHY,OSD-136
AT2G40080,Atha_Ws-0_root_50kPa_suppO2_Rep3,0.051161598109425305,ELF4,OSD-136
AT2G42830,Atha_Ws-0_root_50kPa_suppO2_Rep3,1.1420261393210767,PRR9,OSD-136
AT2G46830,Atha_Ws-0_root_50kPa_suppO2_Rep3,-0.1947001466137869,CCA1,OSD-136
AT3G09600,Atha_Ws-0_root_50kPa_suppO2_Rep3,0.5692292408090738,GI,OSD-136
AT3G09600,Atha_Ws-0_root_50kPa_suppO2_Rep3,-1.2272466367614958,GI,OSD-136
AT3G26740,Atha_Ws-0_root_50kPa_suppO2_Rep3,-1.9685512532964304,ELF3,OSD-136
AT5G02810,Atha_Ws-0_root_50kPa_suppO2_Rep3,-0.3426940797714758,PRR7,OSD-136
AT5G24470,Atha_Ws-0_root_50kPa_suppO2_Rep3,-0.24721065928535427,PRR5,OSD-136
AT5G61380,Atha_Ws-0_root_50kPa_suppO2_Rep3,-1.2738692623399208,TOC1,OSD-136
AT1G01060,Atha_Col-0_HypocotylCC_ARG1-KO_FLT_Rep1,-0.26754252038188553,LHY,OSD-147
AT2G40080,Atha_Col-0_HypocotylCC_ARG1-KO_FLT_Rep1,-0.3620169876325336,ELF4,OSD-147
AT2G42830,Atha_Col-0_HypocotylCC_ARG1-KO_FLT_Rep1,-0.5423812288805411,PRR9,OSD-147
AT2G46830,Atha_Col-0_HypocotylCC_ARG1-KO_FLT_Rep1,1.6099948723207067,CCA1,OSD-147
AT3G09600,Atha_Col-0_HypocotylCC_ARG1-KO_FLT_Rep1,-0.00916544974459772,GI,OSD-147
AT3G09600,Atha_Col-0_HypocotylCC_ARG1-KO_FLT_Rep1,0.07582547203451485,GI,OSD-147
AT3G26740,Atha_Col-0_HypocotylCC_ARG1-KO_FLT_Rep1,0.3704986276792108,ELF3,OSD-147
AT5G02810,Atha_Col-0_HypocotylCC_ARG1-KO_FLT_Rep1,1.1601661487914687,PRR7,OSD-147
AT5G24470,Atha_Col-0_HypocotylCC_ARG1-KO_FLT_Rep1,1.27542732337109,PRR5,OSD-147
AT5G61380,Atha_Col-0_HypocotylCC_ARG1-KO_FLT_Rep1,1.6009019277187821,TOC1,OSD-147
AT1G01060,Atha_Col-0_HypocotylCC_ARG1-KO_FLT_Rep2,0.29145205043922956,LHY,OSD-147
AT2G40080,Atha_Col-0_HypocotylCC_ARG1-KO_FLT_Rep2,-0.9219614491998235,ELF4,OSD-147
AT2G42830,Atha_Col-0_HypocotylCC_ARG1-KO_FLT_Rep2,0.08818754545158876,PRR9,OSD-147
AT2G46830,Atha_Col-0_HypocotylCC_ARG1-KO_FLT_Rep2,1.5933108623427759,CCA1,OSD-147
AT3G09600,Atha_Col-0_HypocotylCC_ARG1-KO_FLT_Rep2,1.9671923177150539,GI,OSD-147
AT3G09600,Atha_Col-0_HypocotylCC_ARG1-KO_FLT_Rep2,-1.6193485853529606,GI,OSD-147
AT3G26740,Atha_Col-0_HypocotylCC_ARG1-KO_FLT_Rep2,-0.5940236373505386,ELF3,OSD-147
AT5G02810,Atha_Col-0_HypocotylCC_ARG1-KO_FLT_Rep2,1.5920891482969681,PRR7,OSD-147
AT5G24470,Atha_Col-0_HypocotylCC_ARG1-KO_FLT_Rep2,0.8276540571267916,PRR5,OSD-147
AT5G61380,Atha_Col-0_HypocotylCC_ARG1-KO_FLT_Rep2,2.2770966735253317,TOC1,OSD-147
AT1G01060,Atha_Col-0_HypocotylCC_ARG1-KO_FLT_Rep3,0.2523667832456592,LHY,OSD-147
AT2G40080,Atha_Col-0_HypocotylCC_ARG1-KO_FLT_Rep3,2.0573804368573194,ELF4,OSD-147
AT2G42830,Atha_Col-0_HypocotylCC_ARG1-KO_FLT_Rep3,0.6103758550539828,PRR9,OSD-147
AT2G46830,Atha_Col-0_HypocotylCC_ARG1-KO_FLT_Rep3,-0.007620309295623233,CCA1,OSD-147
AT3G09600,Atha_Col-0_HypocotylCC_ARG1-KO_FLT_Rep3,2.213014308419497,GI,OSD-147
AT3G09600,Atha_Col-0_HypocotylCC_ARG1-KO_FLT_Rep3,0.2607045252874923,GI,OSD-147
AT3G26740,Atha_Col-0_HypocotylCC_ARG1-KO_FLT_Rep3,0.3896776378108558,ELF3,OSD-147
AT5G02810,Atha_Col-0_HypocotylCC_ARG1-KO_FLT_Rep3,-0.9770045686622739,PRR7,OSD-147
AT5G24470,Atha_Col-0_HypocotylCC_ARG1-KO_FLT_Rep3,0.45329388114050895,PRR5,OSD-147
AT5G61380,Atha_Col-0_HypocotylCC_ARG1-KO_FLT_Rep3,-0.48996459514537255,TOC1,OSD-147
AT1G01060,Atha_Col-0_HypocotylCC_ARG1-KO_FLT_Rep4,1.2577019027775296,LHY,OSD-147
AT2G40080,Atha_Col-0_HypocotylCC_ARG1-KO_FLT_Rep4,1.3808687548622858,ELF4,OSD-147
AT2G42830,Atha_Col-0_HypocotylCC_ARG1-KO_FLT_Rep4,0.8180178448790368,PRR9,OSD-147
AT2G46830,Atha_Col-0_HypocotylCC_ARG1-KO_FLT_Rep4,1.3111200272943888,CCA1,OSD-147
AT3G09600,Atha_Col-0_HypocotylCC_ARG1-KO_FLT_Rep4,-0.007357248038906488,GI,OSD-147
AT3G09600,Atha_Col-0_HypocotylCC_ARG1-KO_FLT_Rep4,-1.2551311570213863,GI,OSD-147
AT3G26740,Atha_Col-0_HypocotylCC_ARG1-KO_FLT_Rep4,0.20325313720964272,ELF3,OSD-147
AT5G02810,Atha_Col-0_HypocotylCC_ARG1-KO_FLT_Rep4,1.1885103364555238,PRR7,OSD-147
AT5G24470,Atha_Col-0_HypocotylCC_ARG1-KO_FLT_Rep4,1.5448305282612134,PRR5,OSD-147
AT5G61380,Atha_Col-0_HypocotylCC_ARG1-KO_FLT_Rep4,-0.92932538156923,TOC1,OSD-147
AT1G01060,Atha_Col-0_HypocotylCC_ARG1-KO_GC_Rep1,-0.8582714041544776,LHY,OSD-147
AT2G40080,Atha_Col-0_HypocotylCC_ARG1-KO_GC_Rep1,0.7490802461749284,ELF4,OSD-147
AT2G42830,Atha_Col-0_HypocotylCC_ARG1-KO_GC_Rep1,0.8501409108947741,PRR9,OSD-147
AT2G46830,Atha_Col-0_HypocotylCC_ARG1-KO_GC_Rep1,0.1605275099534928,CCA1,OSD-147
AT3G09600,Atha_Col-0_HypocotylCC_ARG1-KO_GC_Rep1,-0.0390450411613608,GI,OSD-147
AT3G09600,Atha_Col-0_HypocotylCC_ARG1-KO_GC_Rep1,2.1647666495033167,GI,OSD-147
AT3G26740,Atha_Col-0_HypocotylCC_ARG1-KO_GC_Rep1,0.28031247954658167,ELF3,OSD-147
AT5G02810,Atha_Col-0_HypocotylCC_ARG1-KO_GC_Rep1,0.2857517017836218,PRR7,OSD-147
AT5G24470,Atha_Col-0_HypocotylCC_ARG1-KO_GC_Rep1,0.4390573418382591,PRR5,OSD-147
AT5G61380,Atha_Col-0_HypocotylCC_ARG1-KO_GC_Rep1,0.836044359352927,TOC1,OSD-147
AT1G01060,Atha_Col-0_HypocotylCC_ARG1-KO_GC_Rep2,-0.334929631570919,LHY,OSD-147
AT2G40080,Atha_Col-0_HypocotylCC_ARG1-KO_GC_Rep2,0.9144690114362408,ELF4,OSD-147
AT2G42830,Atha_Col-0_HypocotylCC_ARG1-KO_GC_Rep2,-0.788061150550948,PRR9,OSD-147
AT2G46830,Atha_Col-0_HypocotylCC_ARG1-KO_GC_Rep2,-0.9354183648884119,CCA1,OSD-147
AT3G09600,Atha_Col-0_HypocotylCC_ARG1-KO_GC_Rep2,0.16751532552719658,GI,OSD-147
AT3G09600,Atha_Col-0_HypocotylCC_ARG1-KO_GC_Rep2,2.0745401106408607,GI,OSD-147
AT3G26740,Atha_Col-0_HypocotylCC_ARG1-KO_GC_Rep2,1.6299702646510414,ELF3,OSD-147
AT5G02810,Atha_Col-0_HypocotylCC_ARG1-KO_GC_Rep2,-0.6707975934608663,PRR7,OSD-147
AT5G24470,Atha_Col-0_HypocotylCC_ARG1-KO_GC_Rep2,-0.1650301339558153,PRR5,OSD-147
AT5G61380,Atha_Col-0_HypocotylCC_ARG1-KO_GC_Rep2,-0.48595753944856845,TOC1,OSD-147
AT1G01060,Atha_Col-0_HypocotylCC_ARG1-KO_GC_Rep3,0.14544163711365626,LHY,OSD-147
AT2G40080,Atha_Col-0_HypocotylCC_ARG1-KO_GC_Rep3,0.26538648578503443,ELF4,OSD-147
AT2G42830,Atha_Col-0_HypocotylCC_ARG1-KO_GC_Rep3,-0.793268840116831,PRR9,OSD-147
AT2G46830,Atha_Col-0_HypocotylCC_ARG1-KO_GC_Rep3,0.9781604603742466,CCA1,OSD-147
AT3G09600,Atha_Col-0_HypocotylCC_ARG1-KO_GC_Rep3,-0.10902193839328098,GI,OSD-147
AT3G09600,Atha_Col-0_HypocotylCC_ARG1-KO_GC_Rep3,0.3918595596119982,GI,OSD-147
AT3G26740,Atha_Col-0_HypocotylCC_ARG1-KO_GC_Rep3,0.024965926383134822,ELF3,OSD-147
AT5G02810,Atha_Col-0_HypocotylCC_ARG1-KO_GC_Rep3,-0.07252934920896524,PRR7,OSD-147
AT5G24470,Atha_Col-0_HypocotylCC_ARG1-KO_GC_Rep3,0.7937604114156621,PRR5,OSD-147
AT5G61380,Atha_Col-0_HypocotylCC_ARG1-KO_GC_Rep3,-0.6330834636353431,TOC1,OSD-147
AT1G01060,Atha_Col-0_HypocotylCC_ARG1-KO_GC_Rep4,0.12993144161162193,LHY,OSD-147
AT2G40080,Atha_Col-0_HypocotylCC_ARG1-KO_GC_Rep4,0.8733145998073316,ELF4,OSD-147
AT2G42830,Atha_Col-0_HypocotylCC_ARG1-KO_GC_Rep4,-0.4513557374315118,PRR9,OSD-147
AT2G46830,Atha_Col-0_HypocotylCC_ARG1-KO_GC_Rep4,0.9007927957874586,CCA1,OSD-147
AT3G09600,Atha_Col-0_HypocotylCC_ARG1-KO_GC_Rep4,-0.36897564740930416,GI,OSD-147
AT3G09600,Atha_Col-0_HypocotylCC_ARG1-KO_GC_Rep4,0.28889256155647575,GI,OSD-147
AT3G26740,Atha_Col-0_HypocotylCC_ARG1-KO_GC_Rep4,0.4011930869051632,ELF3,OSD-147
AT5G02810,Atha_Col-0_HypocotylCC_ARG1-KO_GC_Rep4,1.7603874395288757,PRR7,OSD-147
AT5G24470,Atha_Col-0_HypocotylCC_ARG1-KO_GC_Rep4,0.9342513390957684,PRR5,OSD-147
AT5G61380,Atha_Col-0_HypocotylCC_ARG1-KO_GC_Rep4,1.4871469454767683,TOC1,OSD-147
AT1G01060,Atha_Col-0_HypocotylCC_WT_FLT_Rep1,2.2507991348002307,LHY,OSD-147
AT2G40080,Atha_Col-0_HypocotylCC_WT_FLT_Rep1,-0.853690488121048,ELF4,OSD-147
AT2G42830,Atha_Col-0_HypocotylCC_WT_FLT_Rep1,-0.36756216188576846,PRR9,OSD-147
AT2G46830,Atha_Col-0_HypocotylCC_WT_FLT_Rep1,-0.7843673523747796,CCA1,OSD-147
AT3G09600,Atha_Col-0_HypocotylCC_WT_FLT_Rep1,-1.585629990590634,GI,OSD-147
AT3G09600,Atha_Col-0_HypocotylCC_WT_FLT_Rep1,-1.0796201987528575,GI,OSD-147
AT3G26740,Atha_Col-0_HypocotylCC_WT_FLT_Rep1,1.0875330162459727,ELF3,OSD-147
AT5G02810,Atha_Col-0_HypocotylCC_WT_FLT_Rep1,-1.0962821629531292,PRR7,OSD-147
AT5G24470,Atha_Col-0_HypocotylCC_WT_FLT_Rep1,-1.124372620995579,PRR5,OSD-147
AT5G61380,Atha_Col-0_HypocotylCC_WT_FLT_Rep1,-0.7631863639473667,TOC1,OSD-147
AT1G01060,Atha_Col-0_HypocotylCC_WT_FLT_Rep2,-0.7075331638373723,LHY,OSD-147
AT2G40080,Atha_Col-0_HypocotylCC_WT_FLT_Rep2,0.2270346427519937,ELF4,OSD-147
AT2G42830,Atha_Col-0_HypocotylCC_WT_FLT_Rep2,-2.3291865318150915,PRR9,OSD-147
AT2G46830,Atha_Col-0_HypocotylCC_WT_FLT_Rep2,-1.5542315235620723,CCA1,OSD-147
AT3G09600,Atha_Col-0_HypocotylCC_WT_FLT_Rep2,-1.1620959192575722,GI,OSD-147
AT3G09600,Atha_Col-0_HypocotylCC_WT_FLT_Rep2,0.18376055359538546,GI,OSD-147
AT3G26740,Atha_Col-0_HypocotylCC_WT_FLT_Rep2,-1.9883771889162623,ELF3,OSD-147
AT5G02810,Atha_Col-0_HypocotylCC_WT_FLT_Rep2,-1.2506161484885638,PRR7,OSD-147
AT5G24470,Atha_Col-0_HypocotylCC_WT_FLT_Rep2,-0.37275189877087395,PRR5,OSD-147
AT5G61380,Atha_Col-0_HypocotylCC_WT_FLT_Rep2,-0.7434250206530328,TOC1,OSD-147
AT1G01060,Atha_Col-0_HypocotylCC_WT_FLT_Rep3,-0.7911937259987789,LHY,OSD-147
AT2G40080,Atha_Col-0_HypocotylCC_WT_FLT_Rep3,-1.2618236564997507,ELF4,OSD-147
AT2G42830,Atha_Col-0_HypocotylCC_WT_FLT_Rep3,-0.18015393225340864,PRR9,OSD-147
AT2G46830,Atha_Col-0_HypocotylCC_WT_FLT_Rep3,-0.03929815535106035,CCA1,OSD-147
AT3G09600,Atha_Col-0_HypocotylCC_WT_FLT_Rep3,-1.0821045945909111,GI,OSD-147
AT3G09600,Atha_Col-0_HypocotylCC_WT_FLT_Rep3,-0.021208124184039553,GI,OSD-147
AT3G26740,Atha_Col-0_HypocotylCC_WT_FLT_Rep3,-0.995579461783402,ELF3,OSD-147
AT5G02810,Atha_Col-0_HypocotylCC_WT_FLT_Rep3,-0.5026267928719513,PRR7,OSD-147
AT5G24470,Atha_Col-0_HypocotylCC_WT_FLT_Rep3,-1.2466268132248397,PRR5,OSD-147
AT5G61380,Atha_Col-0_HypocotylCC_WT_FLT_Rep3,-0.4454352785320285,TOC1,OSD-147
AT1G01060,Atha_Col-0_HypocotylCC_WT_FLT_Rep4,-0.853396813565098,LHY,OSD-147
AT2G40080,Atha_Col-0_HypocotylCC_WT_FLT_Rep4,0.06449372603146233,ELF4,OSD-147
AT2G42830,Atha_Col-0_HypocotylCC_WT_FLT_Rep4,-0.21508845775888946,PRR9,OSD-147
AT2G46830,Atha_Col-0_HypocotylCC_WT_FLT_Rep4,0.47917737920648296,CCA1,OSD-147
AT3G09600,Atha_Col-0_HypocotylCC_WT_FLT_Rep4,1.1345563976677107,GI,OSD-147
AT3G09600,Atha_Col-0_HypocotylCC_WT_FLT_Rep4,-1.0204789604203068,GI,OSD-147
AT3G26740,Atha_Col-0_HypocotylCC_WT_FLT_Rep4,0.047475558162710985,ELF3,OSD-147
AT5G02810,Atha_Col-0_HypocotylCC_WT_FLT_Rep4,1.4264320490896893,PRR7,OSD-147
AT5G24470,Atha_Col-0_HypocotylCC_WT_FLT_Rep4,1.2757398912522924,PRR5,OSD-147
AT5G61380,Atha_Col-0_HypocotylCC_WT_FLT_Rep4,-0.5183436262621149,TOC1,OSD-147
AT1G01060,Atha_Col-0_HypocotylCC_WT_FLT_Rep5,0.8584369590409876,LHY,OSD-147
AT2G40080,Atha_Col-0_HypocotylCC_WT_FLT_Rep5,0.670886023330541,ELF4,OSD-147
AT2G42830,Atha_Col-0_HypocotylCC_WT_FLT_Rep5,2.7273120391343433,PRR9,OSD-147
AT2G46830,Atha_Col-0_HypocotylCC_WT_FLT_Rep5,-0.9566909979581975,CCA1,OSD-147
AT3G09600,Atha_Col-0_HypocotylCC_WT_FLT_Rep5,0.02815376574782045,GI,OSD-147
AT3G09600,Atha_Col-0_HypocotylCC_WT_FLT_Rep5,0.28889256155647575,GI,OSD-147
AT3G26740,Atha_Col-0_HypocotylCC_WT_FLT_Rep5,-1.3748483067630717,ELF3,OSD-147
AT5G02810,Atha_Col-0_HypocotylCC_WT_FLT_Rep5,-0.41625564739181375,PRR7,OSD-147
AT5G24470,Atha_Col-0_HypocotylCC_WT_FLT_Rep5,-0.21735711612414577,PRR5,OSD-147
AT5G61380,Atha_Col-0_HypocotylCC_WT_FLT_Rep5,-0.9623901759224552,TOC1,OSD-147
AT1G01060,Atha_Col-0_HypocotylCC_WT_GC_Rep1,1.1472908198794596,LHY,OSD-147
AT2G40080,Atha_Col-0_HypocotylCC_WT_GC_Rep1,-0.4623235366069494,ELF4,OSD-147
AT2G42830,Atha_Col-0_HypocotylCC_WT_GC_Rep1,-0.015682315827804046,PRR9,OSD-147
AT2G46830,Atha_Col-0_HypocotylCC_WT_GC_Rep1,-0.6717543847686355,CCA1,OSD-147
AT3G09600,Atha_Col-0_HypocotylCC_WT_GC_Rep1,0.4108913813073586,GI,OSD-147
AT3G09600,Atha_Col-0_HypocotylCC_WT_GC_Rep1,-0.15440456874283032,GI,OSD-147
AT3G26740,Atha_Col-0_HypocotylCC_WT_GC_Rep1,-0.10195175976541013,ELF3,OSD-147
AT5G02810,Atha_Col-0_HypocotylCC_WT_GC_Rep1,-1.1606827124554189,PRR7,OSD-147
AT5G24470,Atha_Col-0_HypocotylCC_WT_GC_Rep1,-1.2994965309471496,PRR5,OSD-147
AT5G61380,Atha_Col-0_HypocotylCC_WT_GC_Rep1,-0.23860115259139528,TOC1,OSD-147
AT1G01060,Atha_Col-0_HypocotylCC_WT_GC_Rep2,0.35672365986387466,LHY,OSD-147
AT2G40080,Atha_Col-0_HypocotylCC_WT_GC_Rep2,-0.016498693652008223,ELF4,OSD-147
AT2G42830,Atha_Col-0_HypocotylCC_WT_GC_Rep2,0.37970798538242834,PRR9,OSD-147
AT2G46830,Atha_Col-0_HypocotylCC_WT_GC_Rep2,-0.6692527469171542,CCA1,OSD-147
AT3G09600,Atha_Col-0_HypocotylCC_WT_GC_Rep2,-0.3620134843585178,GI,OSD-147
AT3G09600,Atha_Col-0_HypocotylCC_WT_GC_Rep2,-0.18943111800769113,GI,OSD-147
AT3G26740,Atha_Col-0_HypocotylCC_WT_GC_Rep2,2.0173968063978043,ELF3,OSD-147
AT5G02810,Atha_Col-0_HypocotylCC_WT_GC_Rep2,-0.48201405642555833,PRR7,OSD-147
AT5G24470,Atha_Col-0_HypocotylCC_WT_GC_Rep2,-0.9156153589788992,PRR5,OSD-147
AT5G61380,Atha_Col-0_HypocotylCC_WT_GC_Rep2,-0.8844958888936382,TOC1,OSD-147
AT1G01060,Atha_Col-0_HypocotylCC_WT_GC_Rep3,0.3081917306271693,LHY,OSD-147
AT2G40080,Atha_Col-0_HypocotylCC_WT_GC_Rep3,-0.7062868770547958,ELF4,OSD-147
AT2G42830,Atha_Col-0_HypocotylCC_WT_GC_Rep3,0.4480631717650075,PRR9,OSD-147
AT2G46830,Atha_Col-0_HypocotylCC_WT_GC_Rep3,0.33686084482578715,CCA1,OSD-147
AT3G09600,Atha_Col-0_HypocotylCC_WT_GC_Rep3,0.38424585955197577,GI,OSD-147
AT3G09600,Atha_Col-0_HypocotylCC_WT_GC_Rep3,-0.9504486717203184,GI,OSD-147
AT3G26740,Atha_Col-0_HypocotylCC_WT_GC_Rep3,-1.130441350393089,ELF3,OSD-147
AT5G02810,Atha_Col-0_HypocotylCC_WT_GC_Rep3,-0.48905299204655445,PRR7,OSD-147
AT5G24470,Atha_Col-0_HypocotylCC_WT_GC_Rep3,-0.056267233698306496,PRR5,OSD-147
AT5G61380,Atha_Col-0_HypocotylCC_WT_GC_Rep3,1.0822868076160592,TOC1,OSD-147
AT1G01060,Atha_Col-0_HypocotylCC_WT_GC_Rep4,-1.7361340224992945,LHY,OSD-147
AT2G40080,Atha_Col-0_HypocotylCC_WT_GC_Rep4,-1.8928599504260433,ELF4,OSD-147
AT2G42830,Atha_Col-0_HypocotylCC_WT_GC_Rep4,-0.23918671597769647,PRR9,OSD-147
AT2G46830,Atha_Col-0_HypocotylCC_WT_GC_Rep4,-1.4911743196362401,CCA1,OSD-147
AT3G09600,Atha_Col-0_HypocotylCC_WT_GC_Rep4,-0.6571601964805437,GI,OSD-147
AT3G09600,Atha_Col-0_HypocotylCC_WT_GC_Rep4,0.11201142529387735,GI,OSD-147
AT3G26740,Atha_Col-0_HypocotylCC_WT_GC_Rep4,-0.18782223220528707,ELF3,OSD-147
AT5G02810,Atha_Col-0_HypocotylCC_WT_GC_Rep4,-0.03049743827188133,PRR7,OSD-147
AT5G24470,Atha_Col-0_HypocotylCC_WT_GC_Rep4,-1.7468521388327658,PRR5,OSD-147
AT5G61380,Atha_Col-0_HypocotylCC_WT_GC_Rep4,0.05329489792931221,TOC1,OSD-147
AT1G01060,Atha_Col-0_HypocotylCC_WT_GC_Rep5,-1.449334837391574,LHY,OSD-147
AT2G40080,Atha_Col-0_HypocotylCC_WT_GC_Rep5,-0.7254522878442148,ELF4,OSD-147
AT2G42830,Atha_Col-0_HypocotylCC_WT_GC_Rep5,0.00012171993731882693,PRR9,OSD-147
AT2G46830,Atha_Col-0_HypocotylCC_WT_GC_Rep5,-0.26013659735318667,CCA1,OSD-147
AT3G09600,Atha_Col-0_HypocotylCC_WT_GC_Rep5,-0.922999845910997,GI,OSD-147
AT3G09600,Atha_Col-0_HypocotylCC_WT_GC_Rep5,0.4488179651220514,GI,OSD-147
AT3G26740,Atha_Col-0_HypocotylCC_WT_GC_Rep5,-0.07923260381506442,ELF3,OSD-147
AT5G02810,Atha_Col-0_HypocotylCC_WT_GC_Rep5,-0.26497736170922015,PRR7,OSD-147
AT5G24470,Atha_Col-0_HypocotylCC_WT_GC_Rep5,-0.3996449279732297,PRR5,OSD-147
AT5G61380,Atha_Col-0_HypocotylCC_WT_GC_Rep5,-0.24256312501862648,TOC1,OSD-147
AT1G01060,GSM2516735,-0.016199025696815448,LHY,OSD-193
AT1G75530,GSM2516735,-0.5236880193563994,LUX,OSD-193
AT2G40080,GSM2516735,1.0180646790599372,ELF4,OSD-193
AT2G42830,GSM2516735,-0.1491343031706055,PRR9,OSD-193
AT2G46830,GSM2516735,-0.9933918667444168,CCA1,OSD-193
AT3G09600,GSM2516735,0.9770677096731637,GI,OSD-193
AT3G26740,GSM2516735,-0.8441062905472722,ELF3,OSD-193
AT3G46640,GSM2516735,1.8867437009754877,TIC,OSD-193
AT5G02810,GSM2516735,-1.332534736101154,PRR7,OSD-193
AT5G24470,GSM2516735,1.0234645476269701,PRR5,OSD-193
AT5G61380,GSM2516735,0.8200930458368342,TOC1,OSD-193
AT1G01060,GSM2516736,-0.1782316721747708,LHY,OSD-193
AT1G75530,GSM2516736,-0.5236880193563994,LUX,OSD-193
AT2G40080,GSM2516736,1.7586641656950273,ELF4,OSD-193
AT2G42830,GSM2516736,-0.8659237165884672,PRR9,OSD-193
AT2G46830,GSM2516736,-0.023647396891319297,CCA1,OSD-193
AT3G09600,GSM2516736,0.27526813586948773,GI,OSD-193
AT3G26740,GSM2516736,-0.2596893953839859,ELF3,OSD-193
AT3G46640,GSM2516736,0.6072679881108243,TIC,OSD-193
AT5G02810,GSM2516736,0.1705370968986059,PRR7,OSD-193
AT5G24470,GSM2516736,0.7333956968569428,PRR5,OSD-193
AT5G61380,GSM2516736,0.7008768466608915,TOC1,OSD-193
AT1G01060,GSM2516737,-0.6418504009315669,LHY,OSD-193
AT1G75530,GSM2516737,-0.5236880193563994,LUX,OSD-193
AT2G40080,GSM2516737,-0.439443719719593,ELF4,OSD-193
AT2G42830,GSM2516737,-0.8659237165884672,PRR9,OSD-193
AT2G46830,GSM2516737,-0.11782396006134033,CCA1,OSD-193
AT3G09600,GSM2516737,0.023892275449648455,GI,OSD-193
AT3G26740,GSM2516737,-0.4634183991339103,ELF3,OSD-193
AT3G46640,GSM2516737,0.889325228365051,TIC,OSD-193
AT5G02810,GSM2516737,0.023709173192527095,PRR7,OSD-193
AT5G24470,GSM2516737,0.8699440878617761,PRR5,OSD-193
AT5G61380,GSM2516737,-1.2696622379793177,TOC1,OSD-193
AT1G01060,GSM2516738,0.6277493330048588,LHY,OSD-193
AT1G75530,GSM2516738,-0.5236880193563994,LUX,OSD-193
AT2G40080,GSM2516738,0.8305135422028269,ELF4,OSD-193
AT2G42830,GSM2516738,-0.10833174562538626,PRR9,OSD-193
AT2G46830,GSM2516738,0.9451321223357667,CCA1,OSD-193
AT3G09600,GSM2516738,0.02514878130325271,GI,OSD-193
AT3G26740,GSM2516738,0.036207663457837214,ELF3,OSD-193
AT3G46640,GSM2516738,1.4461387703628825,TIC,OSD-193
AT5G02810,GSM2516738,-0.6402639506771194,PRR7,OSD-193
AT5G24470,GSM2516738,2.925515075530996,PRR5,OSD-193
AT5G61380,GSM2516738,1.8827516760754417,TOC1,OSD-193
AT1G01060,GSM2516739,-1.4215344647320698,LHY,OSD-193
AT1G75530,GSM2516739,1.8393372818863727,LUX,OSD-193
AT2G40080,GSM2516739,-1.1220039200448049,ELF4,OSD-193
AT2G42830,GSM2516739,-0.8659237165884672,PRR9,OSD-193
AT2G46830,GSM2516739,-1.3655723641178856,CCA1,OSD-193
AT3G09600,GSM2516739,-1.3979335827103037,GI,OSD-193
AT3G26740,GSM2516739,-0.1518038980543598,ELF3,OSD-193
AT3G46640,GSM2516739,-0.9267083963745545,TIC,OSD-193
AT5G02810,GSM2516739,-0.6899286839912315,PRR7,OSD-193
AT5G24470,GSM2516739,-0.8425239678343807,PRR5,OSD-193
AT5G61380,GSM2516739,-1.8381128710592003,TOC1,OSD-193
AT1G01060,GSM2516740,-1.3583044021195785,LHY,OSD-193
AT1G75530,GSM2516740,0.43561598263066537,LUX,OSD-193
AT2G40080,GSM2516740,-0.564299838543601,ELF4,OSD-193
AT2G42830,GSM2516740,0.40740643793753717,PRR9,OSD-193
AT2G46830,GSM2516740,-0.3517850926583815,CCA1,OSD-193
AT3G09600,GSM2516740,-0.2425335114628463,GI,OSD-193
AT3G26740,GSM2516740,3.954859999273806,ELF3,OSD-193
AT3G46640,GSM2516740,-0.8575617011638584,TIC,OSD-193
AT5G02810,GSM2516740,1.0823669929279176,PRR7,OSD-193
AT5G24470,GSM2516740,-0.7685144648133581,PRR5,OSD-193
AT5G61380,GSM2516740,1.0860753048200242,TOC1,OSD-193
AT1G01060,GSM2516741,-1.2385964251825003,LHY,OSD-193
AT1G75530,GSM2516741,-0.5236880193563994,LUX,OSD-193
AT2G40080,GSM2516741,-1.182597860726458,ELF4,OSD-193
AT2G42830,GSM2516741,-0.8659237165884672,PRR9,OSD-193
AT2G46830,GSM2516741,-1.0580282501401665,CCA1,OSD-193
AT3G09600,GSM2516741,-1.6699786334635436,GI,OSD-193
AT3G26740,GSM2516741,1.1131530272695103,ELF3,OSD-193
AT3G46640,GSM2516741,-0.7993600585166823,TIC,OSD-193
AT5G02810,GSM2516741,0.2951810208643102,PRR7,OSD-193
AT5G24470,GSM2516741,-1.0978434003848274,PRR5,OSD-193
AT5G61380,GSM2516741,0.044074244701238705,TOC1,OSD-193
AT1G01060,GSM2516742,-1.2378529764744566,LHY,OSD-193
AT1G75530,GSM2516742,1.0191854665327214,LUX,OSD-193
AT2G40080,GSM2516742,-1.5501936598874984,ELF4,OSD-193
AT2G42830,GSM2516742,-0.8659237165884672,PRR9,OSD-193
AT2G46830,GSM2516742,-0.9476432943677717,CCA1,OSD-193
AT3G09600,GSM2516742,-1.5093974842290165,GI,OSD-193
AT3G26740,GSM2516742,-0.2600988714978326,ELF3,OSD-193
AT3G46640,GSM2516742,-0.5249716737816423,TIC,OSD-193
AT5G02810,GSM2516742,-1.654310598213175,PRR7,OSD-193
AT5G24470,GSM2516742,-1.5520298615757147,PRR5,OSD-193
AT5G61380,GSM2516742,-0.76532385356974,TOC1,OSD-193
AT1G01060,GSM2516743,0.9952411655914005,LHY,OSD-193
AT1G75530,GSM2516743,2.1729462766897703,LUX,OSD-193
AT2G40080,GSM2516743,1.4802971936601317,ELF4,OSD-193
AT2G42830,GSM2516743,-0.8659237165884672,PRR9,OSD-193
AT2G46830,GSM2516743,0.5765294450158562,CCA1,OSD-193
AT3G09600,GSM2516743,0.6914649233192431,GI,OSD-193
AT3G26740,GSM2516743,-0.5829722909527614,ELF3,OSD-193
AT3G46640,GSM2516743,0.8870514287974234,TIC,OSD-193
AT5G02810,GSM2516743,0.13216425287096878,PRR7,OSD-193
AT5G24470,GSM2516743,0.3599032846552592,PRR5,OSD-193
AT5G61380,GSM2516743,-0.25293611010942524,TOC1,OSD-193
AT1G01060,GSM2516744,1.2399771730381788,LHY,OSD-193
AT1G75530,GSM2516744,-0.5236880193563994,LUX,OSD-193
AT2G40080,GSM2516744,2.286235975205647,ELF4,OSD-193
AT2G42830,GSM2516744,-0.8659237165884672,PRR9,OSD-193
AT2G46830,GSM2516744,0.6869739029405068,CCA1,OSD-193
AT3G09600,GSM2516744,2.6854624855617777,GI,OSD-193
AT3G26740,GSM2516744,-0.45113807236405307,ELF3,OSD-193
AT3G46640,GSM2516744,1.2759505858924103,TIC,OSD-193
AT5G02810,GSM2516744,0.44468208467471815,PRR7,OSD-193
AT5G24470,GSM2516744,1.8870475184881625,PRR5,OSD-193
AT5G61380,GSM2516744,-0.2337253003015032,TOC1,OSD-193
AT1G01060,GSM2516745,1.6249342838825045,LHY,OSD-193
AT1G75530,GSM2516745,-0.5236880193563994,LUX,OSD-193
AT2G40080,GSM2516745,0.41428391643656837,ELF4,OSD-193
AT2G42830,GSM2516745,0.1250607067969144,PRR9,OSD-193
AT2G46830,GSM2516745,0.5321102598767088,CCA1,OSD-193
AT3G09600,GSM2516745,0.7537082358583572,GI,OSD-193
AT3G26740,GSM2516745,-0.8462418613285019,ELF3,OSD-193
AT3G46640,GSM2516745,1.5211992211772734,TIC,OSD-193
AT5G02810,GSM2516745,0.10096143150826012,PRR7,OSD-193
AT5G24470,GSM2516745,-0.23550912555290193,PRR5,OSD-193
AT5G61380,GSM2516745,-0.5782550267995357,TOC1,OSD-193
AT1G01060,GSM2516746,0.06151806983319941,LHY,OSD-193
AT1G75530,GSM2516746,1.6436647998452274,LUX,OSD-193
AT2G40080,GSM2516746,1.0742167488609011,ELF4,OSD-193
AT2G42830,GSM2516746,-0.8659237165884672,PRR9,OSD-193
AT2G46830,GSM2516746,1.5953295414670174,CCA1,OSD-193
AT3G09600,GSM2516746,0.7434315841250081,GI,OSD-193
AT3G26740,GSM2516746,-0.6017452111249761,ELF3,OSD-193
AT3G46640,GSM2516746,1.1053450564780418,TIC,OSD-193
AT5G02810,GSM2516746,1.039560332643928,PRR7,OSD-193
AT5G24470,GSM2516746,-0.6362394142678426,PRR5,OSD-193
AT5G61380,GSM2516746,0.26418853290993327,TOC1,OSD-193
AT1G01060,GSM2516747,-0.5989412510462845,LHY,OSD-193
AT1G75530,GSM2516747,0.7273230363759505,LUX,OSD-193
AT2G40080,GSM2516747,-0.3425385082523354,ELF4,OSD-193
AT2G42830,GSM2516747,-0.8659237165884672,PRR9,OSD-193
AT2G46830,GSM2516747,-0.0018128734642457282,CCA1,OSD-193
AT3G09600,GSM2516747,0.14564740087935948,GI,OSD-193
AT3G26740,GSM2516747,0.7440931145652606,ELF3,OSD-193
AT3G46640,GSM2516747,-0.7763205304021816,TIC,OSD-193
AT5G02810,GSM2516747,-0.07276108890571059,PRR7,OSD-193
AT5G24470,GSM2516747,-0.18843737723652323,PRR5,OSD-193
AT5G61380,GSM2516747,-1.9506513443111617,TOC1,OSD-193
AT1G01060,GSM2516748,-0.5571242804385274,LHY,OSD-193
AT1G75530,GSM2516748,-0.5236880193563994,LUX,OSD-193
AT2G40080,GSM2516748,-0.2148415427572514,ELF4,OSD-193
AT2G42830,GSM2516748,2.417976523906739,PRR9,OSD-193
AT2G46830,GSM2516748,-0.7492125480909874,CCA1,OSD-193
AT3G09600,GSM2516748,-0.3483524385562952,GI,OSD-193
AT3G26740,GSM2516748,2.3870125466391756,ELF3,OSD-193
AT3G46640,GSM2516748,-0.5213208951980157,TIC,OSD-193
AT5G02810,GSM2516748,-1.0625515441750157,PRR7,OSD-193
AT5G24470,GSM2516748,-1.0207650426108394,PRR5,OSD-193
AT5G61380,GSM2516748,-1.6508718406572833,TOC1,OSD-193
AT1G01060,GSM2516749,-0.9174093567672407,LHY,OSD-193
AT1G75530,GSM2516749,-0.5236880193563994,LUX,OSD-193
AT2G40080,GSM2516749,-0.7203342081725007,ELF4,OSD-193
AT2G42830,GSM2516749,-0.8659237165884672,PRR9,OSD-193
AT2G46830,GSM2516749,-1.3488591776525094,CCA1,OSD-193
AT3G09600,GSM2516749,-1.2442120211287475,GI,OSD-193
AT3G26740,GSM2516749,1.1224713833451385,ELF3,OSD-193
AT3G46640,GSM2516749,-0.40543617798182124,TIC,OSD-193
AT5G02810,GSM2516749,0.1371655091701718,PRR7,OSD-193
AT5G24470,GSM2516749,-0.46220885538001144,PRR5,OSD-193
AT5G61380,GSM2516749,-1.3972946422862984,TOC1,OSD-193
AT1G01060,GSM2516750,-1.4845718349501846,LHY,OSD-193
AT1G75530,GSM2516750,-0.5236880193563994,LUX,OSD-193
AT2G40080,GSM2516750,-1.1812634311458245,ELF4,OSD-193
AT2G42830,GSM2516750,0.46282642111707534,PRR9,OSD-193
AT2G46830,GSM2516750,-1.7422116369989469,CCA1,OSD-193
AT3G09600,GSM2516750,-1.3349988196449774,GI,OSD-193
AT3G26740,GSM2516750,-0.5136353070278414,ELF3,OSD-193
AT3G46640,GSM2516750,-0.7805782661472735,TIC,OSD-193
AT5G02810,GSM2516750,-1.4055394688886413,PRR7,OSD-193
AT5G24470,GSM2516750,-0.8043419790159791,PRR5,OSD-193
AT5G61380,GSM2516750,-1.355555766387441,TOC1,OSD-193
AT1G01060,GSM2516751,0.5231231057413543,LHY,OSD-193
AT1G75530,GSM2516751,-0.5236880193563994,LUX,OSD-193
AT2G40080,GSM2516751,1.0426896180472196,ELF4,OSD-193
AT2G42830,GSM2516751,-0.8659237165884672,PRR9,OSD-193
AT2G46830,GSM2516751,0.31021296166446016,CCA1,OSD-193
AT3G09600,GSM2516751,-0.08784739572850597,GI,OSD-193
AT3G26740,GSM2516751,-0.4769020872203568,ELF3,OSD-193
AT3G46640,GSM2516751,0.4598097430843191,TIC,OSD-193
AT5G02810,GSM2516751,0.618332807434784,PRR7,OSD-193
AT5G24470,GSM2516751,0.21323187246020303,PRR5,OSD-193
AT5G61380,GSM2516751,0.48662038432595,TOC1,OSD-193
AT1G01060,GSM2516752,1.2269152434344526,LHY,OSD-193
AT1G75530,GSM2516752,-0.5236880193563994,LUX,OSD-193
AT2G40080,GSM2516752,0.9102498657539473,ELF4,OSD-193
AT2G42830,GSM2516752,1.2822124786931426,PRR9,OSD-193
AT2G46830,GSM2516752,0.7179543627208913,CCA1,OSD-193
AT3G09600,GSM2516752,-0.03973053885318663,GI,OSD-193
AT3G26740,GSM2516752,-0.7356059090537098,ELF3,OSD-193
AT3G46640,GSM2516752,0.5150342479938287,TIC,OSD-193
AT5G02810,GSM2516752,1.795465827307545,PRR7,OSD-193
AT5G24470,GSM2516752,0.38378912923822667,PRR5,OSD-193
AT5G61380,GSM2516752,0.3560734489585725,TOC1,OSD-193
AT1G01060,GSM2516753,0.38257781094901955,LHY,OSD-193
AT1G75530,GSM2516753,3.435787387924156,LUX,OSD-193
AT2G40080,GSM2516753,0.21294705609111483,ELF4,OSD-193
AT2G42830,GSM2516753,0.03683630533490943,PRR9,OSD-193
AT2G46830,GSM2516753,0.7096291858114397,CCA1,OSD-193
AT3G09600,GSM2516753,-0.6956284648408684,GI,OSD-193
AT3G26740,GSM2516753,-0.740611332931452,ELF3,OSD-193
AT3G46640,GSM2516753,0.9699750015844187,TIC,OSD-193
AT5G02810,GSM2516753,-0.171328078460591,PRR7,OSD-193
AT5G24470,GSM2516753,0.3825381679714157,PRR5,OSD-193
AT5G61380,GSM2516753,-0.010552112733870515,TOC1,OSD-193
AT1G01060,GSM2516754,0.5881940319149646,LHY,OSD-193
AT1G75530,GSM2516754,-0.5236880193563994,LUX,OSD-193
AT2G40080,GSM2516754,1.074837047028262,ELF4,OSD-193
AT2G42830,GSM2516754,0.6957888700270011,PRR9,OSD-193
AT2G46830,GSM2516754,0.8417209627141776,CCA1,OSD-193
AT3G09600,GSM2516754,0.8843380367075361,GI,OSD-193
AT3G26740,GSM2516754,-0.38128500486680306,ELF3,OSD-193
AT3G46640,GSM2516754,0.4101781968110919,TIC,OSD-193
AT5G02810,GSM2516754,1.4029795321497742,PRR7,OSD-193
AT5G24470,GSM2516754,0.6507172110361539,PRR5,OSD-193
AT5G61380,GSM2516754,1.4462040231468811,TOC1,OSD-193
AT1G01060,GSM2516755,-0.6476683174680414,LHY,OSD-193
AT1G75530,GSM2516755,0.2704785681213691,LUX,OSD-193
AT2G40080,GSM2516755,-1.2259506216621467,ELF4,OSD-193
AT2G42830,GSM2516755,1.2387021589803289,PRR9,OSD-193
AT2G46830,GSM2516755,-0.7166648005593088,CCA1,OSD-193
AT3G09600,GSM2516755,-0.35636279700776885,GI,OSD-193
AT3G26740,GSM2516755,-0.5039096645445127,ELF3,OSD-193
AT3G46640,GSM2516755,-0.5716346444047303,TIC,OSD-193
AT5G02810,GSM2516755,0.810580215527473,PRR7,OSD-193
AT5G24470,GSM2516755,0.19640288319650595,PRR5,OSD-193
AT5G61380,GSM2516755,1.269451763239164,TOC1,OSD-193
AT1G01060,GSM2516756,0.04968254228197714,LHY,OSD-193
AT1G75530,GSM2516756,-0.5236880193563994,LUX,OSD-193
AT2G40080,GSM2516756,-0.20442999232635575,ELF4,OSD-193
AT2G42830,GSM2516756,0.8039013936011293,PRR9,OSD-193
AT2G46830,GSM2516756,-0.7093137818835832,CCA1,OSD-193
AT3G09600,GSM2516756,0.6889498846215288,GI,OSD-193
AT3G26740,GSM2516756,-0.4295245303773336,ELF3,OSD-193
AT3G46640,GSM2516756,-0.8233809431896144,TIC,OSD-193
AT5G02810,GSM2516756,0.5470860233284993,PRR7,OSD-193
AT5G24470,GSM2516756,-0.5330773445645153,PRR5,OSD-193
AT5G61380,GSM2516756,-0.45959954155355887,TOC1,OSD-193
AT1G01060,GSM2516757,-0.5080626627396876,LHY,OSD-193
AT1G75530,GSM2516757,-0.5236880193563994,LUX,OSD-193
AT2G40080,GSM2516757,-0.8325907799089787,ELF4,OSD-193
AT2G42830,GSM2516757,-0.8659237165884672,PRR9,OSD-193
AT2G46830,GSM2516757,-0.38893652198431944,CCA1,OSD-193
AT3G09600,GSM2516757,-0.01939469765465962,GI,OSD-193
AT3G26740,GSM2516757,-0.7220818456788831,ELF3,OSD-193
AT3G46640,GSM2516757,-0.6923340738614946,TIC,OSD-193
AT5G02810,GSM2516757,0.015223961908003203,PRR7,OSD-193
AT5G24470,GSM2516757,-0.9617687824330926,PRR5,OSD-193
AT5G61380,GSM2516757,0.8841911310554367,TOC1,OSD-193
AT1G01060,GSM2516758,-0.7815838383689915,LHY,OSD-193
AT1G75530,GSM2516758,-0.5236880193563994,LUX,OSD-193
AT2G40080,GSM2516758,-1.1429645173594905,ELF4,OSD-193
AT2G42830,GSM2516758,0.630912763060601,PRR9,OSD-193
AT2G46830,GSM2516758,-0.5950863084045238,CCA1,OSD-193
AT3G09600,GSM2516758,0.042447946672437675,GI,OSD-193
AT3G26740,GSM2516758,-0.3842729107727004,ELF3,OSD-193
AT3G46640,GSM2516758,-0.9996767892843965,TIC,OSD-193
AT5G02810,GSM2516758,0.3612242394625598,PRR7,OSD-193
AT5G24470,GSM2516758,-1.4939737686801913,PRR5,OSD-193
AT5G61380,GSM2516758,0.3983989015647373,TOC1,OSD-193
AT1G01060,GSM2516759,1.5698809463355075,LHY,OSD-193
AT1G75530,GSM2516759,0.5004856451909553,LUX,OSD-193
AT2G40080,GSM2516759,0.078492199677833,ELF4,OSD-193
AT2G42830,GSM2516759,-0.47815540162209796,PRR9,OSD-193
AT2G46830,GSM2516759,1.7254536498396982,CCA1,OSD-193
AT3G09600,GSM2516759,-0.18732792427230813,GI,OSD-193
AT3G26740,GSM2516759,0.038759641230727705,ELF3,OSD-193
AT3G46640,GSM2516759,0.7089376025713913,TIC,OSD-193
AT5G02810,GSM2516759,-0.8602103937318741,PRR7,OSD-193
AT5G24470,GSM2516759,1.4369598109963937,PRR5,OSD-193
AT5G61380,GSM2516759,0.8063215737303486,TOC1,OSD-193
AT1G01060,GSM2516760,1.383442193174112,LHY,OSD-193
AT1G75530,GSM2516760,-0.5236880193563994,LUX,OSD-193
AT2G40080,GSM2516760,0.8546005181973986,ELF4,OSD-193
AT2G42830,GSM2516760,2.0487886739072083,PRR9,OSD-193
AT2G46830,GSM2516760,2.1633111862539876,CCA1,OSD-193
AT3G09600,GSM2516760,-0.01582124034886999,GI,OSD-193
AT3G26740,GSM2516760,0.6653935148109664,ELF3,OSD-193
AT3G46640,GSM2516760,0.4148454254025638,TIC,OSD-193
AT5G02810,GSM2516760,0.11999774525339575,PRR7,OSD-193
AT5G24470,GSM2516760,0.7107550772773802,PRR5,OSD-193
AT5G61380,GSM2516760,0.7687805953023721,TOC1,OSD-193
AT1G01060,GSM2516761,1.5471021106880198,LHY,OSD-193
AT1G75530,GSM2516761,-0.5236880193563994,LUX,OSD-193
AT2G40080,GSM2516761,-0.0998800718937061,ELF4,OSD-193
AT2G42830,GSM2516761,-0.06755545312634967,PRR9,OSD-193
AT2G46830,GSM2516761,1.8481297791333517,CCA1,OSD-193
AT3G09600,GSM2516761,2.5562980352658653,GI,OSD-193
AT3G26740,GSM2516761,0.06931459145081449,ELF3,OSD-193
AT3G46640,GSM2516761,1.1087545164839094,TIC,OSD-193
AT5G02810,GSM2516761,1.8738732704307937,PRR7,OSD-193
AT5G24470,GSM2516761,-0.10605557392763788,PRR5,OSD-193
AT5G61380,GSM2516761,1.003643922744221,TOC1,OSD-193
AT1G01060,GSM2516762,1.645439465447123,LHY,OSD-193
AT1G75530,GSM2516762,-0.5236880193563994,LUX,OSD-193
AT2G40080,GSM2516762,0.39859097999834325,ELF4,OSD-193
AT2G42830,GSM2516762,-0.8659237165884672,PRR9,OSD-193
AT2G46830,GSM2516762,0.5802923002891522,CCA1,OSD-193
AT3G09600,GSM2516762,-0.4160248907700182,GI,OSD-193
AT3G26740,GSM2516762,-0.20434530585352512,ELF3,OSD-193
AT3G46640,GSM2516762,0.11539196616620424,TIC,OSD-193
AT5G02810,GSM2516762,-1.6790934420431858,PRR7,OSD-193
AT5G24470,GSM2516762,1.0494599782057634,PRR5,OSD-193
AT5G61380,GSM2516762,0.3875347470153907,TOC1,OSD-193
AT1G01060,GSM2516763,-0.6249678477707805,LHY,OSD-193
AT1G75530,GSM2516763,-0.5236880193563994,LUX,OSD-193
AT2G40080,GSM2516763,-0.14703571508093463,ELF4,OSD-193
AT2G42830,GSM2516763,-0.8659237165884672,PRR9,OSD-193
AT2G46830,GSM2516763,-0.4069931198227729,CCA1,OSD-193
AT3G09600,GSM2516763,0.6863496646158245,GI,OSD-193
AT3G26740,GSM2516763,0.23738764759692507,ELF3,OSD-193
AT3G46640,GSM2516763,-1.4167639693828733,TIC,OSD-193
AT5G02810,GSM2516763,1.0012745663124603,PRR7,OSD-193
AT5G24470,GSM2516763,-0.690827209444319,PRR5,OSD-193
AT5G61380,GSM2516763,0.40209191151347545,TOC1,OSD-193
AT1G01060,GSM2516764,-0.5267184968786894,LHY,OSD-193
AT1G75530,GSM2516764,-0.5236880193563994,LUX,OSD-193
AT2G40080,GSM2516764,-1.1575468872264838,ELF4,OSD-193
AT2G42830,GSM2516764,-0.042120566521984815,PRR9,OSD-193
AT2G46830,GSM2516764,-0.5054520943726891,CCA1,OSD-193
AT3G09600,GSM2516764,0.07772005835031937,GI,OSD-193
AT3G26740,GSM2516764,-0.32210210706567644,ELF3,OSD-193
AT3G46640,GSM2516764,-1.620327771112972,TIC,OSD-193
AT5G02810,GSM2516764,-1.0057342792862771,PRR7,OSD-193
AT5G24470,GSM2516764,-0.39010232228612174,PRR5,OSD-193
AT5G61380,GSM2516764,-0.2019606253373311,TOC1,OSD-193
AT1G01060,GSM2516765,-0.7928798057902726,LHY,OSD-193
AT1G75530,GSM2516765,-0.5236880193563994,LUX,OSD-193
AT2G40080,GSM2516765,-0.7078132523662043,ELF4,OSD-193
AT2G42830,GSM2516765,2.1556544584408894,PRR9,OSD-193
AT2G46830,GSM2516765,-0.8716014452561438,CCA1,OSD-193
AT3G09600,GSM2516765,-1.039031185178088,GI,OSD-193
AT3G26740,GSM2516765,-0.6299511629482384,ELF3,OSD-193
AT3G46640,GSM2516765,-1.4869688667662757,TIC,OSD-193
AT5G02810,GSM2516765,-1.946311504925923,PRR7,OSD-193
AT5G24470,GSM2516765,-0.5504163550115354,PRR5,OSD-193
AT5G61380,GSM2516765,-0.9257879779989356,TOC1,OSD-193
AT1G01060,GSM2516766,0.06671958421378617,LHY,OSD-193
AT1G75530,GSM2516766,-0.5236880193563994,LUX,OSD-193
AT2G40080,GSM2516766,-0.5989549788410018,ELF4,OSD-193
AT2G42830,GSM2516766,0.6621623105014881,PRR9,OSD-193
AT2G46830,GSM2516766,-0.3387431265916961,CCA1,OSD-193
AT3G09600,GSM2516766,-0.652619532422781,GI,OSD-193
AT3G26740,GSM2516766,0.13678832908852684,ELF3,OSD-193
AT3G46640,GSM2516766,-1.1186039226887252,TIC,OSD-193
AT5G02810,GSM2516766,0.5482016855331853,PRR7,OSD-193
AT5G24470,GSM2516766,-0.4884894963823691,PRR5,OSD-193
AT5G61380,GSM2516766,-0.11708280251630056,TOC1,OSD-193
AT1G01060,Atha_Col-0_HypocotylCC_WT_FLT_Rep1,0.8356657945756488,LHY,OSD-205
AT2G40080,Atha_Col-0_HypocotylCC_WT_FLT_Rep1,-1.543252226362784,ELF4,OSD-205
AT2G42830,Atha_Col-0_HypocotylCC_WT_FLT_Rep1,-0.7264228983985942,PRR9,OSD-205
AT2G46830,Atha_Col-0_HypocotylCC_WT_FLT_Rep1,-0.2067052467004761,CCA1,OSD-205
AT3G09600,Atha_Col-0_HypocotylCC_WT_FLT_Rep1,-0.4636569323367334,GI,OSD-205
AT3G09600,Atha_Col-0_HypocotylCC_WT_FLT_Rep1,-1.5294625823791015,GI,OSD-205
AT3G26740,Atha_Col-0_HypocotylCC_WT_FLT_Rep1,1.1929129214454277,ELF3,OSD-205
AT5G02810,Atha_Col-0_HypocotylCC_WT_FLT_Rep1,-0.9745864885294959,PRR7,OSD-205
AT5G24470,Atha_Col-0_HypocotylCC_WT_FLT_Rep1,-0.789357006964935,PRR5,OSD-205
AT5G61380,Atha_Col-0_HypocotylCC_WT_FLT_Rep1,-0.3817513346574568,TOC1,OSD-205
AT1G01060,Atha_Col-0_HypocotylCC_WT_FLT_Rep2,-0.6792050226829714,LHY,OSD-205
AT2G40080,Atha_Col-0_HypocotylCC_WT_FLT_Rep2,0.11362001840179137,ELF4,OSD-205
AT2G42830,Atha_Col-0_HypocotylCC_WT_FLT_Rep2,-1.8236987869586525,PRR9,OSD-205
AT2G46830,Atha_Col-0_HypocotylCC_WT_FLT_Rep2,-1.3923184345217066,CCA1,OSD-205
AT3G09600,Atha_Col-0_HypocotylCC_WT_FLT_Rep2,-1.263536971217119,GI,OSD-205
AT3G09600,Atha_Col-0_HypocotylCC_WT_FLT_Rep2,0.43203870106137887,GI,OSD-205
AT3G26740,Atha_Col-0_HypocotylCC_WT_FLT_Rep2,-1.8306486350515085,ELF3,OSD-205
AT5G02810,Atha_Col-0_HypocotylCC_WT_FLT_Rep2,-0.9707511879895455,PRR7,OSD-205
AT5G24470,Atha_Col-0_HypocotylCC_WT_FLT_Rep2,0.34822911254139577,PRR5,OSD-205
AT5G61380,Atha_Col-0_HypocotylCC_WT_FLT_Rep2,-0.5324051403968375,TOC1,OSD-205
AT1G01060,Atha_Col-0_HypocotylCC_WT_FLT_Rep3,-0.7950376847479551,LHY,OSD-205
AT2G40080,Atha_Col-0_HypocotylCC_WT_FLT_Rep3,-0.845994158620446,ELF4,OSD-205
AT2G42830,Atha_Col-0_HypocotylCC_WT_FLT_Rep3,-0.4965666656455943,PRR9,OSD-205
AT2G46830,Atha_Col-0_HypocotylCC_WT_FLT_Rep3,0.8890512661905283,CCA1,OSD-205
AT3G09600,Atha_Col-0_HypocotylCC_WT_FLT_Rep3,-0.9876388157028555,GI,OSD-205
AT3G09600,Atha_Col-0_HypocotylCC_WT_FLT_Rep3,-0.41747023867450356,GI,OSD-205
AT3G26740,Atha_Col-0_HypocotylCC_WT_FLT_Rep3,-1.0268925268159215,ELF3,OSD-205
AT5G02810,Atha_Col-0_HypocotylCC_WT_FLT_Rep3,-0.43278903187340834,PRR7,OSD-205
AT5G24470,Atha_Col-0_HypocotylCC_WT_FLT_Rep3,-0.9225207939980273,PRR5,OSD-205
AT5G61380,Atha_Col-0_HypocotylCC_WT_FLT_Rep3,-0.4195633761165993,TOC1,OSD-205
AT1G01060,Atha_Col-0_HypocotylCC_WT_FLT_Rep4,-0.6586625650292295,LHY,OSD-205
AT2G40080,Atha_Col-0_HypocotylCC_WT_FLT_Rep4,0.883095512012458,ELF4,OSD-205
AT2G42830,Atha_Col-0_HypocotylCC_WT_FLT_Rep4,-0.2778524112682976,PRR9,OSD-205
AT2G46830,Atha_Col-0_HypocotylCC_WT_FLT_Rep4,1.8534600907676662,CCA1,OSD-205
AT3G09600,Atha_Col-0_HypocotylCC_WT_FLT_Rep4,1.7016565923415246,GI,OSD-205
AT3G09600,Atha_Col-0_HypocotylCC_WT_FLT_Rep4,-1.4659349275596916,GI,OSD-205
AT3G26740,Atha_Col-0_HypocotylCC_WT_FLT_Rep4,-0.04222371881987399,ELF3,OSD-205
AT5G02810,Atha_Col-0_HypocotylCC_WT_FLT_Rep4,1.500855034324661,PRR7,OSD-205
AT5G24470,Atha_Col-0_HypocotylCC_WT_FLT_Rep4,2.3179736850282366,PRR5,OSD-205
AT5G61380,Atha_Col-0_HypocotylCC_WT_FLT_Rep4,-0.08301424553593079,TOC1,OSD-205
AT1G01060,Atha_Col-0_HypocotylCC_WT_FLT_Rep5,0.21601661340381978,LHY,OSD-205
AT2G40080,Atha_Col-0_HypocotylCC_WT_FLT_Rep5,0.27396429326381794,ELF4,OSD-205
AT2G42830,Atha_Col-0_HypocotylCC_WT_FLT_Rep5,2.1821569211218765,PRR9,OSD-205
AT2G46830,Atha_Col-0_HypocotylCC_WT_FLT_Rep5,-0.31105813745024463,CCA1,OSD-205
AT3G09600,Atha_Col-0_HypocotylCC_WT_FLT_Rep5,0.19764822463210793,GI,OSD-205
AT3G09600,Atha_Col-0_HypocotylCC_WT_FLT_Rep5,0.20204432889901178,GI,OSD-205
AT3G26740,Atha_Col-0_HypocotylCC_WT_FLT_Rep5,-0.0589396050631995,ELF3,OSD-205
AT5G02810,Atha_Col-0_HypocotylCC_WT_FLT_Rep5,-0.3345993682169044,PRR7,OSD-205
AT5G24470,Atha_Col-0_HypocotylCC_WT_FLT_Rep5,0.4172142875983223,PRR5,OSD-205
AT5G61380,Atha_Col-0_HypocotylCC_WT_FLT_Rep5,-1.187559157900308,TOC1,OSD-205
AT1G01060,Atha_Col-0_HypocotylCC_WT_GC_Rep1,0.41001378551227263,LHY,OSD-205
AT2G40080,Atha_Col-0_HypocotylCC_WT_GC_Rep1,0.15716285915269293,ELF4,OSD-205
AT2G42830,Atha_Col-0_HypocotylCC_WT_GC_Rep1,0.0800702401115719,PRR9,OSD-205
AT2G46830,Atha_Col-0_HypocotylCC_WT_GC_Rep1,0.07478896513965115,CCA1,OSD-205
AT3G09600,Atha_Col-0_HypocotylCC_WT_GC_Rep1,0.8871512556440965,GI,OSD-205
AT3G09600,Atha_Col-0_HypocotylCC_WT_GC_Rep1,-0.49506728078512147,GI,OSD-205
AT3G26740,Atha_Col-0_HypocotylCC_WT_GC_Rep1,-0.17179845367767413,ELF3,OSD-205
AT5G02810,Atha_Col-0_HypocotylCC_WT_GC_Rep1,-1.2294242257189685,PRR7,OSD-205
AT5G24470,Atha_Col-0_HypocotylCC_WT_GC_Rep1,-0.8677065312339207,PRR5,OSD-205
AT5G61380,Atha_Col-0_HypocotylCC_WT_GC_Rep1,-0.4224050891026527,TOC1,OSD-205
AT1G01060,Atha_Col-0_HypocotylCC_WT_GC_Rep2,-0.22817004951458364,LHY,OSD-205
AT2G40080,Atha_Col-0_HypocotylCC_WT_GC_Rep2,-0.9274723661013229,ELF4,OSD-205
AT2G42830,Atha_Col-0_HypocotylCC_WT_GC_Rep2,0.5057056068304484,PRR9,OSD-205
AT2G46830,Atha_Col-0_HypocotylCC_WT_GC_Rep2,0.020728583471496954,CCA1,OSD-205
AT3G09600,Atha_Col-0_HypocotylCC_WT_GC_Rep2,-0.7647295817955916,GI,OSD-205
AT3G09600,Atha_Col-0_HypocotylCC_WT_GC_Rep2,-0.31997780438026924,GI,OSD-205
AT3G26740,Atha_Col-0_HypocotylCC_WT_GC_Rep2,2.493982331789339,ELF3,OSD-205
AT5G02810,Atha_Col-0_HypocotylCC_WT_GC_Rep2,-0.3773415644611506,PRR7,OSD-205
AT5G24470,Atha_Col-0_HypocotylCC_WT_GC_Rep2,-0.5223526521852453,PRR5,OSD-205
AT5G61380,Atha_Col-0_HypocotylCC_WT_GC_Rep2,-0.5699044327166541,TOC1,OSD-205
AT1G01060,Atha_Col-0_HypocotylCC_WT_GC_Rep3,-0.02520469479202679,LHY,OSD-205
AT2G40080,Atha_Col-0_HypocotylCC_WT_GC_Rep3,-0.4069828048483019,ELF4,OSD-205
AT2G42830,Atha_Col-0_HypocotylCC_WT_GC_Rep3,0.41528922461498924,PRR9,OSD-205
AT2G46830,Atha_Col-0_HypocotylCC_WT_GC_Rep3,1.4101070749271067,CCA1,OSD-205
AT3G09600,Atha_Col-0_HypocotylCC_WT_GC_Rep3,1.191169100984624,GI,OSD-205
AT3G09600,Atha_Col-0_HypocotylCC_WT_GC_Rep3,-1.0413530857661766,GI,OSD-205
AT3G26740,Atha_Col-0_HypocotylCC_WT_GC_Rep3,-0.26008089185808625,ELF3,OSD-205
AT5G02810,Atha_Col-0_HypocotylCC_WT_GC_Rep3,-0.44002548846937783,PRR7,OSD-205
AT5G24470,Atha_Col-0_HypocotylCC_WT_GC_Rep3,0.4337477894581029,PRR5,OSD-205
AT5G61380,Atha_Col-0_HypocotylCC_WT_GC_Rep3,1.8306186829694813,TOC1,OSD-205
AT1G01060,Atha_Col-0_HypocotylCC_WT_GC_Rep4,-1.328086111526651,LHY,OSD-205
AT2G40080,Atha_Col-0_HypocotylCC_WT_GC_Rep4,-0.5754588824147692,ELF4,OSD-205
AT2G42830,Atha_Col-0_HypocotylCC_WT_GC_Rep4,-0.2544840777483784,PRR9,OSD-205
AT2G46830,Atha_Col-0_HypocotylCC_WT_GC_Rep4,-1.741681127738356,CCA1,OSD-205
AT3G09600,Atha_Col-0_HypocotylCC_WT_GC_Rep4,-0.09070337174210007,GI,OSD-205
AT3G09600,Atha_Col-0_HypocotylCC_WT_GC_Rep4,0.4579872440079444,GI,OSD-205
AT3G26740,Atha_Col-0_HypocotylCC_WT_GC_Rep4,0.14479540796136692,ELF3,OSD-205
AT5G02810,Atha_Col-0_HypocotylCC_WT_GC_Rep4,0.4607242034576148,PRR7,OSD-205
AT5G24470,Atha_Col-0_HypocotylCC_WT_GC_Rep4,-1.3862022302877126,PRR5,OSD-205
AT5G61380,Atha_Col-0_HypocotylCC_WT_GC_Rep4,0.3559886571853557,TOC1,OSD-205
AT1G01060,Atha_Col-0_HypocotylCC_WT_GC_Rep5,-0.8326123973036966,LHY,OSD-205
AT2G40080,Atha_Col-0_HypocotylCC_WT_GC_Rep5,-1.198922370324909,ELF4,OSD-205
AT2G42830,Atha_Col-0_HypocotylCC_WT_GC_Rep5,-0.4516209813547641,PRR9,OSD-205
AT2G46830,Atha_Col-0_HypocotylCC_WT_GC_Rep5,0.796086307566103,CCA1,OSD-205
AT3G09600,Atha_Col-0_HypocotylCC_WT_GC_Rep5,-0.23354496802377703,GI,OSD-205
AT3G09600,Atha_Col-0_HypocotylCC_WT_GC_Rep5,0.1162782826115056,GI,OSD-205
AT3G26740,Atha_Col-0_HypocotylCC_WT_GC_Rep5,-0.19274051991180466,ELF3,OSD-205
AT5G02810,Atha_Col-0_HypocotylCC_WT_GC_Rep5,-0.15034567925714204,PRR7,OSD-205
AT5G24470,Atha_Col-0_HypocotylCC_WT_GC_Rep5,0.8329281098734251,PRR5,OSD-205
AT5G61380,Atha_Col-0_HypocotylCC_WT_GC_Rep5,-1.0000292644211999,TOC1,OSD-205
AT1G01060,Atha_Col-0_HypocotylCC_HSFA2-KO_FLT_Rep1,-0.18697701921897475,LHY,OSD-205
AT2G40080,Atha_Col-0_HypocotylCC_HSFA2-KO_FLT_Rep1,0.526702373808502,ELF4,OSD-205
AT2G42830,Atha_Col-0_HypocotylCC_HSFA2-KO_FLT_Rep1,-1.1703329176926796,PRR9,OSD-205
AT2G46830,Atha_Col-0_HypocotylCC_HSFA2-KO_FLT_Rep1,0.025073810860519494,CCA1,OSD-205
AT3G09600,Atha_Col-0_HypocotylCC_HSFA2-KO_FLT_Rep1,-1.768380338558243,GI,OSD-205
AT3G09600,Atha_Col-0_HypocotylCC_HSFA2-KO_FLT_Rep1,0.3085948614287438,GI,OSD-205
AT3G26740,Atha_Col-0_HypocotylCC_HSFA2-KO_FLT_Rep1,-0.2203215868724158,ELF3,OSD-205
AT5G02810,Atha_Col-0_HypocotylCC_HSFA2-KO_FLT_Rep1,1.1483310201937214,PRR7,OSD-205
AT5G24470,Atha_Col-0_HypocotylCC_HSFA2-KO_FLT_Rep1,0.475843815918156,PRR5,OSD-205
AT5G61380,Atha_Col-0_HypocotylCC_HSFA2-KO_FLT_Rep1,1.2185217776911492,TOC1,OSD-205
AT1G01060,Atha_Col-0_HypocotylCC_HSFA2-KO_FLT_Rep2,2.841010863598416,LHY,OSD-205
AT2G40080,Atha_Col-0_HypocotylCC_HSFA2-KO_FLT_Rep2,0.12847757404438576,ELF4,OSD-205
AT2G42830,Atha_Col-0_HypocotylCC_HSFA2-KO_FLT_Rep2,0.7380692122304935,PRR9,OSD-205
AT2G46830,Atha_Col-0_HypocotylCC_HSFA2-KO_FLT_Rep2,-1.3935542554123104,CCA1,OSD-205
AT3G09600,Atha_Col-0_HypocotylCC_HSFA2-KO_FLT_Rep2,1.2791077203307897,GI,OSD-205
AT3G09600,Atha_Col-0_HypocotylCC_HSFA2-KO_FLT_Rep2,-0.46787694969653115,GI,OSD-205
AT3G26740,Atha_Col-0_HypocotylCC_HSFA2-KO_FLT_Rep2,-0.9019985857611985,ELF3,OSD-205
AT5G02810,Atha_Col-0_HypocotylCC_HSFA2-KO_FLT_Rep2,1.229905311559098,PRR7,OSD-205
AT5G24470,Atha_Col-0_HypocotylCC_HSFA2-KO_FLT_Rep2,0.38983062729051277,PRR5,OSD-205
AT5G61380,Atha_Col-0_HypocotylCC_HSFA2-KO_FLT_Rep2,-0.09246312029861067,TOC1,OSD-205
AT1G01060,Atha_Col-0_HypocotylCC_HSFA2-KO_FLT_Rep3,-0.2609688919434845,LHY,OSD-205
AT2G40080,Atha_Col-0_HypocotylCC_HSFA2-KO_FLT_Rep3,1.9566144828892822,ELF4,OSD-205
AT2G42830,Atha_Col-0_HypocotylCC_HSFA2-KO_FLT_Rep3,0.31545845374366943,PRR9,OSD-205
AT2G46830,Atha_Col-0_HypocotylCC_HSFA2-KO_FLT_Rep3,-0.7169784115387896,CCA1,OSD-205
AT3G09600,Atha_Col-0_HypocotylCC_HSFA2-KO_FLT_Rep3,-0.1708821910775804,GI,OSD-205
AT3G09600,Atha_Col-0_HypocotylCC_HSFA2-KO_FLT_Rep3,0.20204432889901178,GI,OSD-205
AT3G26740,Atha_Col-0_HypocotylCC_HSFA2-KO_FLT_Rep3,0.13501453582062248,ELF3,OSD-205
AT5G02810,Atha_Col-0_HypocotylCC_HSFA2-KO_FLT_Rep3,1.4050435412101172,PRR7,OSD-205
AT5G24470,Atha_Col-0_HypocotylCC_HSFA2-KO_FLT_Rep3,0.7312592073670948,PRR5,OSD-205
AT5G61380,Atha_Col-0_HypocotylCC_HSFA2-KO_FLT_Rep3,0.11066840402665122,TOC1,OSD-205
AT1G01060,Atha_Col-0_HypocotylCC_HSFA2-KO_GC_Rep1,1.0617677008632596,LHY,OSD-205
AT2G40080,Atha_Col-0_HypocotylCC_HSFA2-KO_GC_Rep1,1.9838099124162523,ELF4,OSD-205
AT2G42830,Atha_Col-0_HypocotylCC_HSFA2-KO_GC_Rep1,1.7031556538129566,PRR9,OSD-205
AT2G46830,Atha_Col-0_HypocotylCC_HSFA2-KO_GC_Rep1,-0.29676311107044917,CCA1,OSD-205
AT3G09600,Atha_Col-0_HypocotylCC_HSFA2-KO_GC_Rep1,-0.6143030619441592,GI,OSD-205
AT3G09600,Atha_Col-0_HypocotylCC_HSFA2-KO_GC_Rep1,0.8527319205236212,GI,OSD-205
AT3G26740,Atha_Col-0_HypocotylCC_HSFA2-KO_GC_Rep1,-0.2782468782310522,ELF3,OSD-205
AT5G02810,Atha_Col-0_HypocotylCC_HSFA2-KO_GC_Rep1,-1.7899249955371175,PRR7,OSD-205
AT5G24470,Atha_Col-0_HypocotylCC_HSFA2-KO_GC_Rep1,-1.7069526226914904,PRR5,OSD-205
AT5G61380,Atha_Col-0_HypocotylCC_HSFA2-KO_GC_Rep1,-0.8962943310378857,TOC1,OSD-205
AT1G01060,Atha_Col-0_HypocotylCC_HSFA2-KO_GC_Rep2,-0.7678069791140036,LHY,OSD-205
AT2G40080,Atha_Col-0_HypocotylCC_HSFA2-KO_GC_Rep2,-0.16276406927349168,ELF4,OSD-205
AT2G42830,Atha_Col-0_HypocotylCC_HSFA2-KO_GC_Rep2,-0.07806982062562617,PRR9,OSD-205
AT2G46830,Atha_Col-0_HypocotylCC_HSFA2-KO_GC_Rep2,0.4902159046389206,CCA1,OSD-205
AT3G09600,Atha_Col-0_HypocotylCC_HSFA2-KO_GC_Rep2,1.120102706683472,GI,OSD-205
AT3G09600,Atha_Col-0_HypocotylCC_HSFA2-KO_GC_Rep2,0.4957924814770783,GI,OSD-205
AT3G26740,Atha_Col-0_HypocotylCC_HSFA2-KO_GC_Rep2,-0.3024472475574487,ELF3,OSD-205
AT5G02810,Atha_Col-0_HypocotylCC_HSFA2-KO_GC_Rep2,0.4127493478831436,PRR7,OSD-205
AT5G24470,Atha_Col-0_HypocotylCC_HSFA2-KO_GC_Rep2,-0.1681291565414443,PRR5,OSD-205
AT5G61380,Atha_Col-0_HypocotylCC_HSFA2-KO_GC_Rep2,-0.296721864028124,TOC1,OSD-205
AT1G01060,Atha_Col-0_HypocotylCC_HSFA2-KO_GC_Rep3,0.3982566579201699,LHY,OSD-205
AT2G40080,Atha_Col-0_HypocotylCC_HSFA2-KO_GC_Rep3,-0.36260014804316004,ELF4,OSD-205
AT2G42830,Atha_Col-0_HypocotylCC_HSFA2-KO_GC_Rep3,-0.6608567527734298,PRR9,OSD-205
AT2G46830,Atha_Col-0_HypocotylCC_HSFA2-KO_GC_Rep3,0.49954672087033203,CCA1,OSD-205
AT3G09600,Atha_Col-0_HypocotylCC_HSFA2-KO_GC_Rep3,-0.01945936821844005,GI,OSD-205
AT3G09600,Atha_Col-0_HypocotylCC_HSFA2-KO_GC_Rep3,2.6696307203330756,GI,OSD-205
AT3G26740,Atha_Col-0_HypocotylCC_HSFA2-KO_GC_Rep3,1.3196334526034363,ELF3,OSD-205
AT5G02810,Atha_Col-0_HypocotylCC_HSFA2-KO_GC_Rep3,0.5421795714247606,PRR7,OSD-205
AT5G24470,Atha_Col-0_HypocotylCC_HSFA2-KO_GC_Rep3,0.41619435882754063,PRR5,OSD-205
AT5G61380,Atha_Col-0_HypocotylCC_HSFA2-KO_GC_Rep3,2.3663138343396297,TOC1,OSD-205
AT1G01060,Atha_Col-0_Root_Zone-I_Rep1,-0.8553763779809032,LHY,OSD-208
AT2G40080,Atha_Col-0_Root_Zone-I_Rep1,-0.8412180903503443,ELF4,OSD-208
AT2G42830,Atha_Col-0_Root_Zone-I_Rep1,-0.6527851578035544,PRR9,OSD-208
AT2G46830,Atha_Col-0_Root_Zone-I_Rep1,0.23175163038440325,CCA1,OSD-208
AT3G09600,Atha_Col-0_Root_Zone-I_Rep1,-1.057004471775721,GI,OSD-208
AT3G26740,Atha_Col-0_Root_Zone-I_Rep1,-0.23708553296855828,ELF3,OSD-208
AT3G46640,Atha_Col-0_Root_Zone-I_Rep1,-0.8438472527454239,TIC,OSD-208
AT5G02810,Atha_Col-0_Root_Zone-I_Rep1,-0.542972052188819,PRR7,OSD-208
AT5G24470,Atha_Col-0_Root_Zone-I_Rep1,0.09430142732469234,PRR5,OSD-208
AT5G61380,Atha_Col-0_Root_Zone-I_Rep1,-0.7544295986659312,TOC1,OSD-208
AT1G01060,Atha_Col-0_Root_Zone-I_Rep2,-0.5910518195057234,LHY,OSD-208
AT2G40080,Atha_Col-0_Root_Zone-I_Rep2,-0.9983579223743324,ELF4,OSD-208
AT2G42830,Atha_Col-0_Root_Zone-I_Rep2,0.07643120487183287,PRR9,OSD-208
AT2G46830,Atha_Col-0_Root_Zone-I_Rep2,0.44046556467883585,CCA1,OSD-208
AT3G09600,Atha_Col-0_Root_Zone-I_Rep2,-0.7411811238928693,GI,OSD-208
AT3G26740,Atha_Col-0_Root_Zone-I_Rep2,-0.48306415421362386,ELF3,OSD-208
AT3G46640,Atha_Col-0_Root_Zone-I_Rep2,-0.7280538620729288,TIC,OSD-208
AT5G02810,Atha_Col-0_Root_Zone-I_Rep2,-0.9445121570492729,PRR7,OSD-208
AT5G24470,Atha_Col-0_Root_Zone-I_Rep2,-0.6474121688973306,PRR5,OSD-208
AT5G61380,Atha_Col-0_Root_Zone-I_Rep2,-1.2038920283424575,TOC1,OSD-208
AT1G01060,Atha_Col-0_Root_Zone-I_Rep3,-0.9664387153261702,LHY,OSD-208
AT2G40080,Atha_Col-0_Root_Zone-I_Rep3,-0.8310890577804888,ELF4,OSD-208
AT2G42830,Atha_Col-0_Root_Zone-I_Rep3,-0.045180200264068764,PRR9,OSD-208
AT2G46830,Atha_Col-0_Root_Zone-I_Rep3,-1.9555124545024687,CCA1,OSD-208
AT3G09600,Atha_Col-0_Root_Zone-I_Rep3,-0.735922452609711,GI,OSD-208
AT3G26740,Atha_Col-0_Root_Zone-I_Rep3,-0.48306415421362386,ELF3,OSD-208
AT3G46640,Atha_Col-0_Root_Zone-I_Rep3,-0.7001526511196154,TIC,OSD-208
AT5G02810,Atha_Col-0_Root_Zone-I_Rep3,-1.032108701698514,PRR7,OSD-208
AT5G24470,Atha_Col-0_Root_Zone-I_Rep3,-0.7148001659454235,PRR5,OSD-208
AT5G61380,Atha_Col-0_Root_Zone-I_Rep3,-0.7420707661294258,TOC1,OSD-208
AT1G01060,Atha_Col-0_Root_Zone-II_Rep1,1.4562377639133184,LHY,OSD-208
AT2G40080,Atha_Col-0_Root_Zone-II_Rep1,1.262252129057269,ELF4,OSD-208
AT2G42830,Atha_Col-0_Root_Zone-II_Rep1,-0.6527851578035544,PRR9,OSD-208
AT2G46830,Atha_Col-0_Root_Zone-II_Rep1,0.34023667059828316,CCA1,OSD-208
AT3G09600,Atha_Col-0_Root_Zone-II_Rep1,1.090890138064952,GI,OSD-208
AT3G26740,Atha_Col-0_Root_Zone-II_Rep1,2.030988057988787,ELF3,OSD-208
AT3G46640,Atha_Col-0_Root_Zone-II_Rep1,0.09549893817223643,TIC,OSD-208
AT5G02810,Atha_Col-0_Root_Zone-II_Rep1,0.5213876737167213,PRR7,OSD-208
AT5G24470,Atha_Col-0_Root_Zone-II_Rep1,-0.5118719443353276,PRR5,OSD-208
AT5G61380,Atha_Col-0_Root_Zone-II_Rep1,0.8937598993358453,TOC1,OSD-208
AT1G01060,Atha_Col-0_Root_Zone-II_Rep2,0.9293063254056823,LHY,OSD-208
AT2G40080,Atha_Col-0_Root_Zone-II_Rep2,0.8037821133497928,ELF4,OSD-208
AT2G42830,Atha_Col-0_Root_Zone-II_Rep2,1.9271044688028989,PRR9,OSD-208
AT2G46830,Atha_Col-0_Root_Zone-II_Rep2,0.9003716695531746,CCA1,OSD-208
AT3G09600,Atha_Col-0_Root_Zone-II_Rep2,1.2509150907542201,GI,OSD-208
AT3G26740,Atha_Col-0_Root_Zone-II_Rep2,-0.3447100623793569,ELF3,OSD-208
AT3G46640,Atha_Col-0_Root_Zone-II_Rep2,0.4212578689077275,TIC,OSD-208
AT5G02810,Atha_Col-0_Root_Zone-II_Rep2,1.4887823977901637,PRR7,OSD-208
AT5G24470,Atha_Col-0_Root_Zone-II_Rep2,-0.1625341201000204,PRR5,OSD-208
AT5G61380,Atha_Col-0_Root_Zone-II_Rep2,0.8986417782172684,TOC1,OSD-208
AT1G01060,Atha_Col-0_Root_Zone-II_Rep3,0.027322823493795518,LHY,OSD-208
AT2G40080,Atha_Col-0_Root_Zone-II_Rep3,0.6046308280981036,ELF4,OSD-208
AT2G42830,Atha_Col-0_Root_Zone-II_Rep3,-0.6527851578035544,PRR9,OSD-208
AT2G46830,Atha_Col-0_Root_Zone-II_Rep3,0.04268691928776798,CCA1,OSD-208
AT3G09600,Atha_Col-0_Root_Zone-II_Rep3,0.1923028194591286,GI,OSD-208
AT3G26740,Atha_Col-0_Root_Zone-II_Rep3,-0.48306415421362386,ELF3,OSD-208
AT3G46640,Atha_Col-0_Root_Zone-II_Rep3,1.7552969588580056,TIC,OSD-208
AT5G02810,Atha_Col-0_Root_Zone-II_Rep3,0.5094228394297173,PRR7,OSD-208
AT5G24470,Atha_Col-0_Root_Zone-II_Rep3,1.942316971953409,PRR5,OSD-208
AT5G61380,Atha_Col-0_Root_Zone-II_Rep3,0.9079907155847009,TOC1,OSD-208
AT1G01060,Atha_Ws_root_GC_Rep1,-0.7954913782837357,LHY,OSD-217
AT2G40080,Atha_Ws_root_GC_Rep1,1.0064756805248007,ELF4,OSD-217
AT2G42830,Atha_Ws_root_GC_Rep1,-0.9807318964441671,PRR9,OSD-217
AT2G46830,Atha_Ws_root_GC_Rep1,-0.7539547221576489,CCA1,OSD-217
AT3G09600,Atha_Ws_root_GC_Rep1,-0.8787336353781898,GI,OSD-217
AT3G26740,Atha_Ws_root_GC_Rep1,-0.8507328688725514,ELF3,OSD-217
AT3G46640,Atha_Ws_root_GC_Rep1,1.0257788889805728,TIC,OSD-217
AT5G02810,Atha_Ws_root_GC_Rep1,-0.5308272997140755,PRR7,OSD-217
AT5G24470,Atha_Ws_root_GC_Rep1,0.45093104869548156,PRR5,OSD-217
AT5G61380,Atha_Ws_root_GC_Rep1,0.6854786486387037,TOC1,OSD-217
AT1G01060,Atha_Ws_root_GC_Rep2,-0.7861701051529532,LHY,OSD-217
AT2G40080,Atha_Ws_root_GC_Rep2,0.955880814377178,ELF4,OSD-217
AT2G42830,Atha_Ws_root_GC_Rep2,-0.9807318964441671,PRR9,OSD-217
AT2G46830,Atha_Ws_root_GC_Rep2,-0.7432466151639835,CCA1,OSD-217
AT3G09600,Atha_Ws_root_GC_Rep2,-0.9132854538459299,GI,OSD-217
AT3G26740,Atha_Ws_root_GC_Rep2,-0.848544159290437,ELF3,OSD-217
AT3G46640,Atha_Ws_root_GC_Rep2,1.2242989234384658,TIC,OSD-217
AT5G02810,Atha_Ws_root_GC_Rep2,-0.5244229185069986,PRR7,OSD-217
AT5G24470,Atha_Ws_root_GC_Rep2,0.6061506455020222,PRR5,OSD-217
AT5G61380,Atha_Ws_root_GC_Rep2,1.104956741688722,TOC1,OSD-217
AT1G01060,Atha_Ws_root_GC_Rep3,-0.8004453950422938,LHY,OSD-217
AT2G40080,Atha_Ws_root_GC_Rep3,1.1794378273782047,ELF4,OSD-217
AT2G42830,Atha_Ws_root_GC_Rep3,-0.7864127814441919,PRR9,OSD-217
AT2G46830,Atha_Ws_root_GC_Rep3,-0.7763943176387155,CCA1,OSD-217
AT3G09600,Atha_Ws_root_GC_Rep3,-0.8723809784631963,GI,OSD-217
AT3G26740,Atha_Ws_root_GC_Rep3,-0.8508224267969206,ELF3,OSD-217
AT3G46640,Atha_Ws_root_GC_Rep3,1.153924498041938,TIC,OSD-217
AT5G02810,Atha_Ws_root_GC_Rep3,-0.5763504511337852,PRR7,OSD-217
AT5G24470,Atha_Ws_root_GC_Rep3,0.40395733076728674,PRR5,OSD-217
AT5G61380,Atha_Ws_root_GC_Rep3,0.921998134055206,TOC1,OSD-217
AT1G01060,Atha_Ws_root_FLT_Rep1,2.36635041030332,LHY,OSD-217
AT2G40080,Atha_Ws_root_FLT_Rep1,-1.1970441017554299,ELF4,OSD-217
AT2G42830,Atha_Ws_root_FLT_Rep1,1.2931561469461121,PRR9,OSD-217
AT2G46830,Atha_Ws_root_FLT_Rep1,2.3800196282069432,CCA1,OSD-217
AT3G09600,Atha_Ws_root_FLT_Rep1,2.0005905514975435,GI,OSD-217
AT3G26740,Atha_Ws_root_FLT_Rep1,-0.38056958252010215,ELF3,OSD-217
AT3G46640,Atha_Ws_root_FLT_Rep1,-1.6732894593770888,TIC,OSD-217
AT5G02810,Atha_Ws_root_FLT_Rep1,0.5178805713053485,PRR7,OSD-217
AT5G24470,Atha_Ws_root_FLT_Rep1,-2.1860296562808985,PRR5,OSD-217
AT5G61380,Atha_Ws_root_FLT_Rep1,-1.6709409415138698,TOC1,OSD-217
AT1G01060,Atha_Ws_root_FLT_Rep2,1.036617929026803,LHY,OSD-217
AT2G40080,Atha_Ws_root_FLT_Rep2,-1.0696292220009045,ELF4,OSD-217
AT2G42830,Atha_Ws_root_FLT_Rep2,0.8110553395646685,PRR9,OSD-217
AT2G46830,Atha_Ws_root_FLT_Rep2,0.9706603260880966,CCA1,OSD-217
AT3G09600,Atha_Ws_root_FLT_Rep2,1.1098965794512956,GI,OSD-217
AT3G26740,Atha_Ws_root_FLT_Rep2,0.27959170993357335,ELF3,OSD-217
AT3G46640,Atha_Ws_root_FLT_Rep2,-1.3012933004058314,TIC,OSD-217
AT5G02810,Atha_Ws_root_FLT_Rep2,1.3256030877491778,PRR7,OSD-217
AT5G24470,Atha_Ws_root_FLT_Rep2,-1.3512968137521997,PRR5,OSD-217
AT5G61380,Atha_Ws_root_FLT_Rep2,-1.5668321876291347,TOC1,OSD-217
AT1G01060,Atha_Ws_root_FLT_Rep3,0.17784744701979288,LHY,OSD-217
AT2G40080,Atha_Ws_root_FLT_Rep3,-0.680132219362469,ELF4,OSD-217
AT2G42830,Atha_Ws_root_FLT_Rep3,0.17035844765777214,PRR9,OSD-217
AT2G46830,Atha_Ws_root_FLT_Rep3,0.5570114801949374,CCA1,OSD-217
AT3G09600,Atha_Ws_root_FLT_Rep3,0.31478497645778725,GI,OSD-217
AT3G26740,Atha_Ws_root_FLT_Rep3,1.3870872367468299,ELF3,OSD-217
AT3G46640,Atha_Ws_root_FLT_Rep3,-0.21256909124655549,TIC,OSD-217
AT5G02810,Atha_Ws_root_FLT_Rep3,2.4485947926057463,PRR7,OSD-217
AT5G24470,Atha_Ws_root_FLT_Rep3,0.26004100222127097,PRR5,OSD-217
AT5G61380,Atha_Ws_root_FLT_Rep3,-0.8595883205625524,TOC1,OSD-217
AT1G01060,Atha_Ws_leaf_GC_Rep1,-0.7475261761846305,LHY,OSD-217
AT2G40080,Atha_Ws_leaf_GC_Rep1,1.1739773823758055,ELF4,OSD-217
AT2G42830,Atha_Ws_leaf_GC_Rep1,-0.9807318964441671,PRR9,OSD-217
AT2G46830,Atha_Ws_leaf_GC_Rep1,-0.723066440918951,CCA1,OSD-217
AT3G09600,Atha_Ws_leaf_GC_Rep1,-0.7706035621178704,GI,OSD-217
AT3G26740,Atha_Ws_leaf_GC_Rep1,-0.8245604343430428,ELF3,OSD-217
AT3G46640,Atha_Ws_leaf_GC_Rep1,1.227174919786961,TIC,OSD-217
AT5G02810,Atha_Ws_leaf_GC_Rep1,-0.6902808127483604,PRR7,OSD-217
AT5G24470,Atha_Ws_leaf_GC_Rep1,0.4539581295919753,PRR5,OSD-217
AT5G61380,Atha_Ws_leaf_GC_Rep1,1.034563159463369,TOC1,OSD-217
AT1G01060,Atha_Ws_leaf_GC_Rep2,-0.7553287687243552,LHY,OSD-217
AT2G40080,Atha_Ws_leaf_GC_Rep2,0.7864086599581747,ELF4,OSD-217
AT2G42830,Atha_Ws_leaf_GC_Rep2,-0.6262945521040836,PRR9,OSD-217
AT2G46830,Atha_Ws_leaf_GC_Rep2,-0.7604987312632187,CCA1,OSD-217
AT3G09600,Atha_Ws_leaf_GC_Rep2,-0.810981112792819,GI,OSD-217
AT3G26740,Atha_Ws_leaf_GC_Rep2,-0.7969210462758165,ELF3,OSD-217
AT3G46640,Atha_Ws_leaf_GC_Rep2,-0.20331751669601203,TIC,OSD-217
AT5G02810,Atha_Ws_leaf_GC_Rep2,-0.6544228384223701,PRR7,OSD-217
AT5G24470,Atha_Ws_leaf_GC_Rep2,-0.022697386140308362,PRR5,OSD-217
AT5G61380,Atha_Ws_leaf_GC_Rep2,0.8049573318858514,TOC1,OSD-217
AT1G01060,Atha_Ws_leaf_GC_Rep3,-0.8365306253382052,LHY,OSD-217
AT2G40080,Atha_Ws_leaf_GC_Rep3,0.4655726230287614,ELF4,OSD-217
AT2G42830,Atha_Ws_leaf_GC_Rep3,-0.9807318964441671,PRR9,OSD-217
AT2G46830,Atha_Ws_leaf_GC_Rep3,-0.8450269773005727,CCA1,OSD-217
AT3G09600,Atha_Ws_leaf_GC_Rep3,-0.9157072138434853,GI,OSD-217
AT3G26740,Atha_Ws_leaf_GC_Rep3,-0.8353088297211249,ELF3,OSD-217
AT3G46640,Atha_Ws_leaf_GC_Rep3,-0.58155401124432,TIC,OSD-217
AT5G02810,Atha_Ws_leaf_GC_Rep3,-0.8750646498610971,PRR7,OSD-217
AT5G24470,Atha_Ws_leaf_GC_Rep3,-0.7384352028472148,PRR5,OSD-217
AT5G61380,Atha_Ws_leaf_GC_Rep3,0.45098023053552205,TOC1,OSD-217
AT1G01060,Atha_Ws_leaf_FLT_Rep1,0.08140678565407568,LHY,OSD-217
AT2G40080,Atha_Ws_leaf_FLT_Rep1,-0.5733864979737304,ELF4,OSD-217
AT2G42830,Atha_Ws_leaf_FLT_Rep1,0.5383589499642304,PRR9,OSD-217
AT2G46830,Atha_Ws_leaf_FLT_Rep1,-0.2714668175611606,CCA1,OSD-217
AT3G09600,Atha_Ws_leaf_FLT_Rep1,0.2679644405639241,GI,OSD-217
AT3G26740,Atha_Ws_leaf_FLT_Rep1,1.3965332965201847,ELF3,OSD-217
AT3G46640,Atha_Ws_leaf_FLT_Rep1,0.35303038129478265,TIC,OSD-217
AT5G02810,Atha_Ws_leaf_FLT_Rep1,-0.611922839672629,PRR7,OSD-217
AT5G24470,Atha_Ws_leaf_FLT_Rep1,1.4500721317916148,PRR5,OSD-217
AT5G61380,Atha_Ws_leaf_FLT_Rep1,0.12839606111155777,TOC1,OSD-217
AT1G01060,Atha_Ws_leaf_FLT_Rep2,0.4755855527354369,LHY,OSD-217
AT2G40080,Atha_Ws_leaf_FLT_Rep2,-0.9780663530950018,ELF4,OSD-217
AT2G42830,Atha_Ws_leaf_FLT_Rep2,1.6557075829688945,PRR9,OSD-217
AT2G46830,Atha_Ws_leaf_FLT_Rep2,0.4387026049137141,CCA1,OSD-217
AT3G09600,Atha_Ws_leaf_FLT_Rep2,0.5619775205481109,GI,OSD-217
AT3G26740,Atha_Ws_leaf_FLT_Rep2,1.2651293895654476,ELF3,OSD-217
AT3G46640,Atha_Ws_leaf_FLT_Rep2,-0.3380291698716744,TIC,OSD-217
AT5G02810,Atha_Ws_leaf_FLT_Rep2,0.20885700383408237,PRR7,OSD-217
AT5G24470,Atha_Ws_leaf_FLT_Rep2,0.8428476880920637,PRR5,OSD-217
AT5G61380,Atha_Ws_leaf_FLT_Rep2,-0.5008832836497341,TOC1,OSD-217
AT1G01060,Atha_Ws_leaf_FLT_Rep3,0.5836843239867464,LHY,OSD-217
AT2G40080,Atha_Ws_leaf_FLT_Rep3,-1.0694945934553957,ELF4,OSD-217
AT2G42830,Atha_Ws_leaf_FLT_Rep3,0.8669984522232651,PRR9,OSD-217
AT2G46830,Atha_Ws_leaf_FLT_Rep3,0.5272605826005616,CCA1,OSD-217
AT3G09600,Atha_Ws_leaf_FLT_Rep3,0.90647788792283,GI,OSD-217
AT3G26740,Atha_Ws_leaf_FLT_Rep3,1.0591177150539595,ELF3,OSD-217
AT3G46640,Atha_Ws_leaf_FLT_Rep3,-0.6741550627012323,TIC,OSD-217
AT5G02810,Atha_Ws_leaf_FLT_Rep3,-0.03764364543504178,PRR7,OSD-217
AT5G24470,Atha_Ws_leaf_FLT_Rep3,-0.1694989176410881,PRR5,OSD-217
AT5G61380,Atha_Ws_leaf_FLT_Rep3,-0.5330855740236449,TOC1,OSD-217
AT1G01060,SAMN06465201,1.0099502352198588,LHY,OSD-218
AT1G75530,SAMN06465201,-0.4054410701656152,LUX,OSD-218
AT2G40080,SAMN06465201,0.7505923039478273,ELF4,OSD-218
AT2G42830,SAMN06465201,-0.05715885934833419,PRR9,OSD-218
AT2G46830,SAMN06465201,-0.7211448470164529,CCA1,OSD-218
AT3G09600,SAMN06465201,1.516072315412639,GI,OSD-218
AT3G26740,SAMN06465201,-0.7276522202340175,ELF3,OSD-218
AT3G46640,SAMN06465201,1.9549273380660952,TIC,OSD-218
AT5G02810,SAMN06465201,-1.2789903959672446,PRR7,OSD-218
AT5G24470,SAMN06465201,0.8523809320189383,PRR5,OSD-218
AT5G61380,SAMN06465201,-0.12745545764093563,TOC1,OSD-218
AT1G01060,SAMN06465179,0.8751946253301975,LHY,OSD-218
AT1G75530,SAMN06465179,-0.4054410701656152,LUX,OSD-218
AT2G40080,SAMN06465179,1.5153236857528127,ELF4,OSD-218
AT2G42830,SAMN06465179,-0.701589649216987,PRR9,OSD-218
AT2G46830,SAMN06465179,0.5610659497740382,CCA1,OSD-218
AT3G09600,SAMN06465179,1.0128955090160405,GI,OSD-218
AT3G26740,SAMN06465179,-0.22507214570330528,ELF3,OSD-218
AT3G46640,SAMN06465179,0.41332084552995774,TIC,OSD-218
AT5G02810,SAMN06465179,-0.056716327780570834,PRR7,OSD-218
AT5G24470,SAMN06465179,0.6124919337233272,PRR5,OSD-218
AT5G61380,SAMN06465179,-0.18990055566443373,TOC1,OSD-218
AT1G01060,SAMN06465197,0.3583405196607975,LHY,OSD-218
AT1G75530,SAMN06465197,-0.4054410701656152,LUX,OSD-218
AT2G40080,SAMN06465197,-0.6293216033136034,ELF4,OSD-218
AT2G42830,SAMN06465197,-0.701589649216987,PRR9,OSD-218
AT2G46830,SAMN06465197,0.4307194725813855,CCA1,OSD-218
AT3G09600,SAMN06465197,0.7872019194632849,GI,OSD-218
AT3G26740,SAMN06465197,-0.4023153221385204,ELF3,OSD-218
AT3G46640,SAMN06465197,0.7558629853042067,TIC,OSD-218
AT5G02810,SAMN06465197,-0.2281764202521907,PRR7,OSD-218
AT5G24470,SAMN06465197,0.7207611664208774,PRR5,OSD-218
AT5G61380,SAMN06465197,-1.931048974732464,TOC1,OSD-218
AT1G01060,SAMN06465194,1.634504594929684,LHY,OSD-218
AT1G75530,SAMN06465194,-0.4054410701656152,LUX,OSD-218
AT2G40080,SAMN06465194,0.5487417639051748,ELF4,OSD-218
AT2G42830,SAMN06465194,-0.020496760034174714,PRR9,OSD-218
AT2G46830,SAMN06465194,1.8493753801144517,CCA1,OSD-218
AT3G09600,SAMN06465194,0.7678709543633049,GI,OSD-218
AT3G26740,SAMN06465194,0.02163970639486345,ELF3,OSD-218
AT3G46640,SAMN06465194,1.3975300104052713,TIC,OSD-218
AT5G02810,SAMN06465194,-0.7262923510113182,PRR7,OSD-218
AT5G24470,SAMN06465194,2.6084115679276456,PRR5,OSD-218
AT5G61380,SAMN06465194,0.7382828472530997,TOC1,OSD-218
AT1G01060,SAMN06465190,-0.3694266673361708,LHY,OSD-218
AT1G75530,SAMN06465190,2.2193870600177292,LUX,OSD-218
AT2G40080,SAMN06465190,-1.265259188094255,ELF4,OSD-218
AT2G42830,SAMN06465190,-0.701589649216987,PRR9,OSD-218
AT2G46830,SAMN06465190,-1.189390910587824,CCA1,OSD-218
AT3G09600,SAMN06465190,-0.3900203888155368,GI,OSD-218
AT3G26740,SAMN06465190,-0.1299111426176059,ELF3,OSD-218
AT3G46640,SAMN06465190,-1.4412407488026695,TIC,OSD-218
AT5G02810,SAMN06465190,-0.6954102330103846,PRR7,OSD-218
AT5G24470,SAMN06465190,-0.8475404787616988,PRR5,OSD-218
AT5G61380,SAMN06465190,-2.4004787432166466,TOC1,OSD-218
AT1G01060,SAMN06465187,-0.3127161035054373,LHY,OSD-218
AT1G75530,SAMN06465187,0.6636249005647241,LUX,OSD-218
AT2G40080,SAMN06465187,-0.7024746606791216,ELF4,OSD-218
AT2G42830,SAMN06465187,0.46045640575560254,PRR9,OSD-218
AT2G46830,SAMN06465187,0.1117415500947404,CCA1,OSD-218
AT3G09600,SAMN06465187,0.5996741778558581,GI,OSD-218
AT3G26740,SAMN06465187,3.4398064687185794,ELF3,OSD-218
AT3G46640,SAMN06465187,-1.3450517850218204,TIC,OSD-218
AT5G02810,SAMN06465187,0.753950494485579,PRR7,OSD-218
AT5G24470,SAMN06465187,-0.803377869457474,PRR5,OSD-218
AT5G61380,SAMN06465187,0.1320016784967276,TOC1,OSD-218
AT1G01060,SAMN06465183,-0.20740390831997632,LHY,OSD-218
AT1G75530,SAMN06465183,-0.4054410701656152,LUX,OSD-218
AT2G40080,SAMN06465183,-1.312301360890659,ELF4,OSD-218
AT2G42830,SAMN06465183,-0.701589649216987,PRR9,OSD-218
AT2G46830,SAMN06465183,-0.7921165625143708,CCA1,OSD-218
AT3G09600,SAMN06465183,-0.6074469260273802,GI,OSD-218
AT3G26740,SAMN06465183,0.9310559368105534,ELF3,OSD-218
AT3G46640,SAMN06465183,-1.3172275417202233,TIC,OSD-218
AT5G02810,SAMN06465183,0.04919211325366202,PRR7,OSD-218
AT5G24470,SAMN06465183,-1.1313443717485634,PRR5,OSD-218
AT5G61380,SAMN06465183,-0.762377260159796,TOC1,OSD-218
AT1G01060,SAMN06465181,-0.22373914834331046,LHY,OSD-218
AT1G75530,SAMN06465181,1.2947077368838769,LUX,OSD-218
AT2G40080,SAMN06465181,-1.7124221523915377,ELF4,OSD-218
AT2G42830,SAMN06465181,-0.701589649216987,PRR9,OSD-218
AT2G46830,SAMN06465181,-0.6542796436856176,CCA1,OSD-218
AT3G09600,SAMN06465181,-0.5168080679655016,GI,OSD-218
AT3G26740,SAMN06465181,-0.22821796410032943,ELF3,OSD-218
AT3G46640,SAMN06465181,-0.9882153911360366,TIC,OSD-218
AT5G02810,SAMN06465181,-1.5314301413559686,PRR7,OSD-218
AT5G24470,SAMN06465181,-1.5209145249728133,PRR5,OSD-218
AT5G61380,SAMN06465181,-1.5171568183509612,TOC1,OSD-218
AT1G01060,SAMN06465177,-0.6869992191572529,LHY,OSD-218
AT1G75530,SAMN06465177,-0.4054410701656152,LUX,OSD-218
AT2G40080,SAMN06465177,1.107153544032071,ELF4,OSD-218
AT2G42830,SAMN06465177,-0.701589649216987,PRR9,OSD-218
AT2G46830,SAMN06465177,-0.7034026803357015,CCA1,OSD-218
AT3G09600,SAMN06465177,-0.9467944741719989,GI,OSD-218
AT3G26740,SAMN06465177,0.16396843663283187,ELF3,OSD-218
AT3G46640,SAMN06465177,1.0489795317141757,TIC,OSD-218
AT5G02810,SAMN06465177,0.011750992870968202,PRR7,OSD-218
AT5G24470,SAMN06465177,-0.06858756016842162,PRR5,OSD-218
AT5G61380,SAMN06465177,1.0413125892228086,TOC1,OSD-218
AT1G01060,SAMN06465174,-1.1367437671475265,LHY,OSD-218
AT1G75530,SAMN06465174,-0.4054410701656152,LUX,OSD-218
AT2G40080,SAMN06465174,0.882452829009789,ELF4,OSD-218
AT2G42830,SAMN06465174,-0.701589649216987,PRR9,OSD-218
AT2G46830,SAMN06465174,-1.1094461529951845,CCA1,OSD-218
AT3G09600,SAMN06465174,-0.9830354787250782,GI,OSD-218
AT3G26740,SAMN06465174,-0.7290010200499352,ELF3,OSD-218
AT3G46640,SAMN06465174,0.4053922994200434,TIC,OSD-218
AT5G02810,SAMN06465174,0.2776187390388504,PRR7,OSD-218
AT5G24470,SAMN06465174,-0.6680994331547576,PRR5,OSD-218
AT5G61380,SAMN06465174,-0.005335277589746057,TOC1,OSD-218
AT1G01060,SAMN06465172,-1.019329157035404,LHY,OSD-218
AT1G75530,SAMN06465172,-0.4054410701656152,LUX,OSD-218
AT2G40080,SAMN06465172,0.9539999025355359,ELF4,OSD-218
AT2G42830,SAMN06465172,-0.701589649216987,PRR9,OSD-218
AT2G46830,SAMN06465172,-1.015820389135347,CCA1,OSD-218
AT3G09600,SAMN06465172,-1.453699073938428,GI,OSD-218
AT3G26740,SAMN06465172,0.2650827568980053,ELF3,OSD-218
AT3G46640,SAMN06465172,2.113315494670173,TIC,OSD-218
AT5G02810,SAMN06465172,-1.8699554197065504,PRR7,OSD-218
AT5G24470,SAMN06465172,1.0966375457571895,PRR5,OSD-218
AT5G61380,SAMN06465172,0.5063170403040247,TOC1,OSD-218
AT1G01060,SAMN06465170,0.0005809812770485978,LHY,OSD-218
AT1G75530,SAMN06465170,-0.4054410701656152,LUX,OSD-218
AT2G40080,SAMN06465170,2.5663898342191565,ELF4,OSD-218
AT2G42830,SAMN06465170,-0.29579095868777344,PRR9,OSD-218
AT2G46830,SAMN06465170,-0.33150977575954,CCA1,OSD-218
AT3G09600,SAMN06465170,-1.3383056632721702,GI,OSD-218
AT3G26740,SAMN06465170,0.2586306753801189,ELF3,OSD-218
AT3G46640,SAMN06465170,1.3445894881866796,TIC,OSD-218
AT5G02810,SAMN06465170,0.3201207096456909,PRR7,OSD-218
AT5G24470,SAMN06465170,1.6808084089560185,PRR5,OSD-218
AT5G61380,SAMN06465170,1.0481313654767623,TOC1,OSD-218
AT1G01060,SAMN06465168,-1.5631217761936271,LHY,OSD-218
AT1G75530,SAMN06465168,-0.4054410701656152,LUX,OSD-218
AT2G40080,SAMN06465168,-1.2481421644133026,ELF4,OSD-218
AT2G42830,SAMN06465168,-0.701589649216987,PRR9,OSD-218
AT2G46830,SAMN06465168,-1.3748010297103834,CCA1,OSD-218
AT3G09600,SAMN06465168,0.9589381727669145,GI,OSD-218
AT3G26740,SAMN06465168,1.1528579030884873,ELF3,OSD-218
AT3G46640,SAMN06465168,0.20240908125123536,TIC,OSD-218
AT5G02810,SAMN06465168,3.616428552933139,PRR7,OSD-218
AT5G24470,SAMN06465168,1.172477742036141,PRR5,OSD-218
AT5G61380,SAMN06465168,2.1906826227298923,TOC1,OSD-218
AT1G01060,SAMN06465165,-1.386336748359894,LHY,OSD-218
AT1G75530,SAMN06465165,-0.4054410701656152,LUX,OSD-218
AT2G40080,SAMN06465165,-0.8145989816231829,ELF4,OSD-218
AT2G42830,SAMN06465165,-0.701589649216987,PRR9,OSD-218
AT2G46830,SAMN06465165,-1.2603341308437543,CCA1,OSD-218
AT3G09600,SAMN06465165,-0.900145812790081,GI,OSD-218
AT3G26740,SAMN06465165,0.04150374686775251,ELF3,OSD-218
AT3G46640,SAMN06465165,-0.31176279871144386,TIC,OSD-218
AT5G02810,SAMN06465165,-0.3349673722196086,PRR7,OSD-218
AT5G24470,SAMN06465165,-0.8996553070616369,PRR5,OSD-218
AT5G61380,SAMN06465165,-0.7227020087005764,TOC1,OSD-218
AT1G01060,SAMN06465163,-0.7567749987980978,LHY,OSD-218
AT1G75530,SAMN06465163,-0.4054410701656152,LUX,OSD-218
AT2G40080,SAMN06465163,-0.4509814879982955,ELF4,OSD-218
AT2G42830,SAMN06465163,-0.701589649216987,PRR9,OSD-218
AT2G46830,SAMN06465163,-0.7195061101112552,CCA1,OSD-218
AT3G09600,SAMN06465163,0.8785086950994949,GI,OSD-218
AT3G26740,SAMN06465163,3.3895082450952874,ELF3,OSD-218
AT3G46640,SAMN06465163,0.5711555059115797,TIC,OSD-218
AT5G02810,SAMN06465163,1.3127881917598716,PRR7,OSD-218
AT5G24470,SAMN06465163,-1.6796979311399032,PRR5,OSD-218
AT5G61380,SAMN06465163,0.7319369469406249,TOC1,OSD-218
AT1G01060,SAMN06465160,-0.6997954012426703,LHY,OSD-218
AT1G75530,SAMN06465160,-0.4054410701656152,LUX,OSD-218
AT2G40080,SAMN06465160,-0.7246234544305805,ELF4,OSD-218
AT2G42830,SAMN06465160,-0.701589649216987,PRR9,OSD-218
AT2G46830,SAMN06465160,-1.1632211525077938,CCA1,OSD-218
AT3G09600,SAMN06465160,1.017089079836761,GI,OSD-218
AT3G26740,SAMN06465160,0.19709207447858387,ELF3,OSD-218
AT3G46640,SAMN06465160,0.018028254286827347,TIC,OSD-218
AT5G02810,SAMN06465160,0.80766816900256,PRR7,OSD-218
AT5G24470,SAMN06465160,-0.01597410024631036,PRR5,OSD-218
AT5G61380,SAMN06465160,2.0024827005382195,TOC1,OSD-218
AT1G01060,SAMN06465157,1.5696997673369493,LHY,OSD-218
AT1G75530,SAMN06465157,-0.4054410701656152,LUX,OSD-218
AT2G40080,SAMN06465157,0.8338879072053073,ELF4,OSD-218
AT2G42830,SAMN06465157,-0.701589649216987,PRR9,OSD-218
AT2G46830,SAMN06465157,1.0446569318024845,CCA1,OSD-218
AT3G09600,SAMN06465157,0.6879506633300717,GI,OSD-218
AT3G26740,SAMN06465157,-0.41061929786191176,ELF3,OSD-218
AT3G46640,SAMN06465157,0.25117235526080095,TIC,OSD-218
AT5G02810,SAMN06465157,0.3096831502690129,PRR7,OSD-218
AT5G24470,SAMN06465157,0.13393130548409626,PRR5,OSD-218
AT5G61380,SAMN06465157,-0.3505373522775239,TOC1,OSD-218
AT1G01060,SAMN06465155,2.246321212118668,LHY,OSD-218
AT1G75530,SAMN06465155,-0.4054410701656152,LUX,OSD-218
AT2G40080,SAMN06465155,0.66881754397154,ELF4,OSD-218
AT2G42830,SAMN06465155,1.2446156303433258,PRR9,OSD-218
AT2G46830,SAMN06465155,1.5828777047668128,CCA1,OSD-218
AT3G09600,SAMN06465155,0.7485802128020684,GI,OSD-218
AT3G26740,SAMN06465155,-0.6335825949924009,ELF3,OSD-218
AT3G46640,SAMN06465155,0.3017476594363405,TIC,OSD-218
AT5G02810,SAMN06465155,1.2498157558777307,PRR7,OSD-218
AT5G24470,SAMN06465155,0.3227313203166605,PRR5,OSD-218
AT5G61380,SAMN06465155,-0.5568546265660861,TOC1,OSD-218
AT1G01060,SAMN06465152,1.4092223619983306,LHY,OSD-218
AT1G75530,SAMN06465152,3.9745745720573007,LUX,OSD-218
AT2G40080,SAMN06465152,0.0031223413110837237,ELF4,OSD-218
AT2G42830,SAMN06465152,0.11620213168635776,PRR9,OSD-218
AT2G46830,SAMN06465152,1.571328992059952,CCA1,OSD-218
AT3G09600,SAMN06465152,0.21956561661794727,GI,OSD-218
AT3G26740,SAMN06465152,-0.6379045777445776,ELF3,OSD-218
AT3G46640,SAMN06465152,0.8897687689080079,TIC,OSD-218
AT5G02810,SAMN06465152,-0.33337508432033824,PRR7,OSD-218
AT5G24470,SAMN06465152,0.2840596672551886,PRR5,OSD-218
AT5G61380,SAMN06465152,-0.8365166856745639,TOC1,OSD-218
AT1G01060,SAMN06465150,1.5865240134396905,LHY,OSD-218
AT1G75530,SAMN06465150,-0.4054410701656152,LUX,OSD-218
AT2G40080,SAMN06465150,0.8240589930424655,ELF4,OSD-218
AT2G42830,SAMN06465150,0.35509365036760304,PRR9,OSD-218
AT2G46830,SAMN06465150,1.7314941772410726,CCA1,OSD-218
AT3G09600,SAMN06465150,1.553467203702055,GI,OSD-218
AT3G26740,SAMN06465150,-0.31168367893953614,ELF3,OSD-218
AT3G46640,SAMN06465150,0.1849449638169627,TIC,OSD-218
AT5G02810,SAMN06465150,0.9181318772571907,PRR7,OSD-218
AT5G24470,SAMN06465150,0.5197007034869362,PRR5,OSD-218
AT5G61380,SAMN06465150,0.4226500015101775,TOC1,OSD-218
AT1G01060,SAMN06465148,0.38157588243654555,LHY,OSD-218
AT1G75530,SAMN06465148,0.47611869071433927,LUX,OSD-218
AT2G40080,SAMN06465148,-1.351064481245716,ELF4,OSD-218
AT2G42830,SAMN06465148,1.2115738097930662,PRR9,OSD-218
AT2G46830,SAMN06465148,-0.3320333773512012,CCA1,OSD-218
AT3G09600,SAMN06465148,0.5123203518844603,GI,OSD-218
AT3G26740,SAMN06465148,-0.4334269031089318,ELF3,OSD-218
AT3G46640,SAMN06465148,-1.011769007365562,TIC,OSD-218
AT5G02810,SAMN06465148,0.43640622668445195,PRR7,OSD-218
AT5G24470,SAMN06465148,0.12107491043260024,PRR5,OSD-218
AT5G61380,SAMN06465148,0.32156559391433864,TOC1,OSD-218
AT1G01060,SAMN06465146,1.1018898139784845,LHY,OSD-218
AT1G75530,SAMN06465146,-0.4054410701656152,LUX,OSD-218
AT2G40080,SAMN06465146,-0.3783937050597452,ELF4,OSD-218
AT2G42830,SAMN06465146,0.814693534851714,PRR9,OSD-218
AT2G46830,SAMN06465146,-0.3242050353127689,CCA1,OSD-218
AT3G09600,SAMN06465146,1.32720788889972,GI,OSD-218
AT3G26740,SAMN06465146,-0.3873392903553331,ELF3,OSD-218
AT3G46640,SAMN06465146,-1.3325278595651087,TIC,OSD-218
AT5G02810,SAMN06465146,0.18231438300169828,PRR7,OSD-218
AT5G24470,SAMN06465146,-0.5624341678123475,PRR5,OSD-218
AT5G61380,SAMN06465146,-1.1745277844880975,TOC1,OSD-218
AT1G01060,SAMN06465144,0.5267076476737885,LHY,OSD-218
AT1G75530,SAMN06465144,-0.4054410701656152,LUX,OSD-218
AT2G40080,SAMN06465144,-0.9883952491025657,ELF4,OSD-218
AT2G42830,SAMN06465144,-0.701589649216987,PRR9,OSD-218
AT2G46830,SAMN06465144,0.0952961521077055,CCA1,OSD-218
AT3G09600,SAMN06465144,0.7590985156678767,GI,OSD-218
AT3G26740,SAMN06465144,-0.6224960872051886,ELF3,OSD-218
AT3G46640,SAMN06465144,-1.1863945346377738,TIC,OSD-218
AT5G02810,SAMN06465144,-0.18859901319149,PRR7,OSD-218
AT5G24470,SAMN06465144,-0.9705083382419523,PRR5,OSD-218
AT5G61380,SAMN06465144,-0.03659994949939229,TOC1,OSD-218
AT1G01060,SAMN06465142,0.26360392792433723,LHY,OSD-218
AT1G75530,SAMN06465142,-0.4054410701656152,LUX,OSD-218
AT2G40080,SAMN06465142,-1.3040807865125308,ELF4,OSD-218
AT2G42830,SAMN06465142,0.9957309133886092,PRR9,OSD-218
AT2G46830,SAMN06465142,-0.1729972244511382,CCA1,OSD-218
AT3G09600,SAMN06465142,0.8232890945636302,GI,OSD-218
AT3G26740,SAMN06465142,-0.33154917200441797,ELF3,OSD-218
AT3G46640,SAMN06465142,-1.5547802426149462,TIC,OSD-218
AT5G02810,SAMN06465142,0.09901479781654521,PRR7,OSD-218
AT5G24470,SAMN06465142,-1.4599296075734143,PRR5,OSD-218
AT5G61380,SAMN06465142,-0.4820239416112033,TOC1,OSD-218
AT1G01060,SAMN06465276,0.23629716591663016,LHY,OSD-218
AT1G75530,SAMN06465276,-0.4054410701656152,LUX,OSD-218
AT2G40080,SAMN06465276,0.7492964699581134,ELF4,OSD-218
AT2G42830,SAMN06465276,-0.701589649216987,PRR9,OSD-218
AT2G46830,SAMN06465276,0.4601179036204242,CCA1,OSD-218
AT3G09600,SAMN06465276,-1.5807278642186107,GI,OSD-218
AT3G26740,SAMN06465276,-0.7485639139136537,ELF3,OSD-218
AT3G46640,SAMN06465276,0.3128135232181947,TIC,OSD-218
AT5G02810,SAMN06465276,-0.6883724856215473,PRR7,OSD-218
AT5G24470,SAMN06465276,1.3631345811272948,PRR5,OSD-218
AT5G61380,SAMN06465276,0.4841824898591993,TOC1,OSD-218
AT1G01060,SAMN06465275,-0.6157832989933043,LHY,OSD-218
AT1G75530,SAMN06465275,-0.4054410701656152,LUX,OSD-218
AT2G40080,SAMN06465275,0.11180810111833143,ELF4,OSD-218
AT2G42830,SAMN06465275,1.6492620616591664,PRR9,OSD-218
AT2G46830,SAMN06465275,0.07813429865365858,CCA1,OSD-218
AT3G09600,SAMN06465275,-1.2343976914246886,GI,OSD-218
AT3G26740,SAMN06465275,-0.6722678296885378,ELF3,OSD-218
AT3G46640,SAMN06465275,-0.36267790880890133,TIC,OSD-218
AT5G02810,SAMN06465275,-0.32546763617303515,PRR7,OSD-218
AT5G24470,SAMN06465275,0.27685926380012904,PRR5,OSD-218
AT5G61380,SAMN06465275,-0.21465829379589843,TOC1,OSD-218
AT1G01060,SAMN06465273,-0.26569422890431826,LHY,OSD-218
AT1G75530,SAMN06465273,-0.4054410701656152,LUX,OSD-218
AT2G40080,SAMN06465273,0.26542442879205674,ELF4,OSD-218
AT2G42830,SAMN06465273,-0.701589649216987,PRR9,OSD-218
AT2G46830,SAMN06465273,0.7525801868801628,CCA1,OSD-218
AT3G09600,SAMN06465273,-1.0991246234307785,GI,OSD-218
AT3G26740,SAMN06465273,-0.5169281395906634,ELF3,OSD-218
AT3G46640,SAMN06465273,-1.148965565250769,TIC,OSD-218
AT5G02810,SAMN06465273,-1.2515423600660653,PRR7,OSD-218
AT5G24470,SAMN06465273,0.9064255978475825,PRR5,OSD-218
AT5G61380,SAMN06465273,1.011704642423554,TOC1,OSD-218
AT1G01060,SAMN06465272,-0.2618723311882236,LHY,OSD-218
AT1G75530,SAMN06465272,-0.4054410701656152,LUX,OSD-218
AT2G40080,SAMN06465272,0.7879435111492966,ELF4,OSD-218
AT2G42830,SAMN06465272,-0.08623567783124389,PRR9,OSD-218
AT2G46830,SAMN06465272,2.2477334973022765,CCA1,OSD-218
AT3G09600,SAMN06465272,-0.8078755430759472,GI,OSD-218
AT3G26740,SAMN06465272,-0.5394995570591063,ELF3,OSD-218
AT3G46640,SAMN06465272,-0.495096251847706,TIC,OSD-218
AT5G02810,SAMN06465272,-0.6436511084626474,PRR7,OSD-218
AT5G24470,SAMN06465272,-0.08415460016582021,PRR5,OSD-218
AT5G61380,SAMN06465272,0.808841196598193,TOC1,OSD-218
AT1G01060,SAMN06465270,-0.7935450289702546,LHY,OSD-218
AT1G75530,SAMN06465270,-0.4054410701656152,LUX,OSD-218
AT2G40080,SAMN06465270,-0.33563821965211516,ELF4,OSD-218
AT2G42830,SAMN06465270,1.7757734660207296,PRR9,OSD-218
AT2G46830,SAMN06465270,-0.7844423196682359,CCA1,OSD-218
AT3G09600,SAMN06465270,-1.2812936503903778,GI,OSD-218
AT3G26740,SAMN06465270,-0.12350069158246586,ELF3,OSD-218
AT3G46640,SAMN06465270,0.5468154303029913,TIC,OSD-218
AT5G02810,SAMN06465270,0.0546244817323497,PRR7,OSD-218
AT5G24470,SAMN06465270,-0.681472214238165,PRR5,OSD-218
AT5G61380,SAMN06465270,0.17031276412502686,TOC1,OSD-218
AT1G01060,SAMN06465269,-0.7152815752534589,LHY,OSD-218
AT1G75530,SAMN06465269,-0.4054410701656152,LUX,OSD-218
AT2G40080,SAMN06465269,0.12098956918410805,ELF4,OSD-218
AT2G42830,SAMN06465269,3.3907978152152003,PRR9,OSD-218
AT2G46830,SAMN06465269,0.15160025447395992,CCA1,OSD-218
AT3G09600,SAMN06465269,-0.5982475475793501,GI,OSD-218
AT3G26740,SAMN06465269,-0.4735465390661927,ELF3,OSD-218
AT3G46640,SAMN06465269,0.2456837548468105,TIC,OSD-218
AT5G02810,SAMN06465269,-0.12774701630672006,PRR7,OSD-218
AT5G24470,SAMN06465269,-0.8907755638585666,PRR5,OSD-218
AT5G61380,SAMN06465269,0.43645259373357387,TOC1,OSD-218
AT1G01060,SAMN06465268,-1.2188867621367578,LHY,OSD-218
AT1G75530,SAMN06465268,-0.4054410701656152,LUX,OSD-218
AT2G40080,SAMN06465268,0.6130151379232727,ELF4,OSD-218
AT2G42830,SAMN06465268,-0.701589649216987,PRR9,OSD-218
AT2G46830,SAMN06465268,-0.1926545476590885,CCA1,OSD-218
AT3G09600,SAMN06465268,-1.0115696685094724,GI,OSD-218
AT3G26740,SAMN06465268,-0.12971545975165888,ELF3,OSD-218
AT3G46640,SAMN06465268,-0.14110363403855664,TIC,OSD-218
AT5G02810,SAMN06465268,-0.6385637431580115,PRR7,OSD-218
AT5G24470,SAMN06465268,-0.4766075638447008,PRR5,OSD-218
AT5G61380,SAMN06465268,-0.7055353628886767,TOC1,OSD-218
AT1G01060,SAMN06465267,-0.9669626283553235,LHY,OSD-218
AT1G75530,SAMN06465267,1.9130548640680238,LUX,OSD-218
AT2G40080,SAMN06465267,-0.08532037165072773,ELF4,OSD-218
AT2G42830,SAMN06465267,0.37250687350892947,PRR9,OSD-218
AT2G46830,SAMN06465267,0.17258343817252975,CCA1,OSD-218
AT3G09600,SAMN06465267,0.5797621030532671,GI,OSD-218
AT3G26740,SAMN06465267,-0.4463524026567744,ELF3,OSD-218
AT3G46640,SAMN06465267,-0.32164402101483136,TIC,OSD-218
AT5G02810,SAMN06465267,0.5197484729743848,PRR7,OSD-218
AT5G24470,SAMN06465267,0.08918698585592542,PRR5,OSD-218
AT5G61380,SAMN06465267,-0.03314798026924279,TOC1,OSD-218
AT1G01060,Atha_Ler-0_sl_FLT_uG_Rep1,-0.877895498210025,LHY,OSD-251
AT1G75530,Atha_Ler-0_sl_FLT_uG_Rep1,-0.6514792229797352,LUX,OSD-251
AT2G40080,Atha_Ler-0_sl_FLT_uG_Rep1,0.16551732799835847,ELF4,OSD-251
AT2G42830,Atha_Ler-0_sl_FLT_uG_Rep1,0.2739109381871682,PRR9,OSD-251
AT2G46830,Atha_Ler-0_sl_FLT_uG_Rep1,-0.7412827378693564,CCA1,OSD-251
AT3G09600,Atha_Ler-0_sl_FLT_uG_Rep1,-0.5912027748477723,GI,OSD-251
AT3G26740,Atha_Ler-0_sl_FLT_uG_Rep1,-0.20809847261083056,ELF3,OSD-251
AT3G46640,Atha_Ler-0_sl_FLT_uG_Rep1,-0.5329107325609475,TIC,OSD-251
AT5G02810,Atha_Ler-0_sl_FLT_uG_Rep1,-0.633345764555813,PRR7,OSD-251
AT5G24470,Atha_Ler-0_sl_FLT_uG_Rep1,-0.3871383229510459,PRR5,OSD-251
AT5G61380,Atha_Ler-0_sl_FLT_uG_Rep1,-0.33124990595949627,TOC1,OSD-251
AT1G01060,Atha_Ler-0_sl_FLT_uG_Rep2,-1.3040916215897185,LHY,OSD-251
AT1G75530,Atha_Ler-0_sl_FLT_uG_Rep2,-0.6514792229797352,LUX,OSD-251
AT2G40080,Atha_Ler-0_sl_FLT_uG_Rep2,-1.2197065255502668,ELF4,OSD-251
AT2G42830,Atha_Ler-0_sl_FLT_uG_Rep2,-0.6041574880905363,PRR9,OSD-251
AT2G46830,Atha_Ler-0_sl_FLT_uG_Rep2,-1.2554965301049181,CCA1,OSD-251
AT3G09600,Atha_Ler-0_sl_FLT_uG_Rep2,-1.338727439195588,GI,OSD-251
AT3G26740,Atha_Ler-0_sl_FLT_uG_Rep2,0.2275424041733127,ELF3,OSD-251
AT3G46640,Atha_Ler-0_sl_FLT_uG_Rep2,1.0734460554313905,TIC,OSD-251
AT5G02810,Atha_Ler-0_sl_FLT_uG_Rep2,-0.8986608008460201,PRR7,OSD-251
AT5G24470,Atha_Ler-0_sl_FLT_uG_Rep2,-0.6573437118675214,PRR5,OSD-251
AT5G61380,Atha_Ler-0_sl_FLT_uG_Rep2,-0.005589333001863457,TOC1,OSD-251
AT1G01060,Atha_Ler-0_sl_FLT_uG_Rep3,0.6597372726780376,LHY,OSD-251
AT1G75530,Atha_Ler-0_sl_FLT_uG_Rep3,-0.6514792229797352,LUX,OSD-251
AT2G40080,Atha_Ler-0_sl_FLT_uG_Rep3,-0.025194560126282354,ELF4,OSD-251
AT2G42830,Atha_Ler-0_sl_FLT_uG_Rep3,-0.4164328386854604,PRR9,OSD-251
AT2G46830,Atha_Ler-0_sl_FLT_uG_Rep3,0.33872903473271787,CCA1,OSD-251
AT3G09600,Atha_Ler-0_sl_FLT_uG_Rep3,-0.2798127167141024,GI,OSD-251
AT3G26740,Atha_Ler-0_sl_FLT_uG_Rep3,-0.43602852235023903,ELF3,OSD-251
AT3G46640,Atha_Ler-0_sl_FLT_uG_Rep3,0.4261628228526646,TIC,OSD-251
AT5G02810,Atha_Ler-0_sl_FLT_uG_Rep3,0.5374627513657307,PRR7,OSD-251
AT5G24470,Atha_Ler-0_sl_FLT_uG_Rep3,-0.3633667692598643,PRR5,OSD-251
AT5G61380,Atha_Ler-0_sl_FLT_uG_Rep3,0.033076999613146384,TOC1,OSD-251
AT1G01060,Atha_Ler-0_sl_FLT_uG_Rep4,-0.750118173236972,LHY,OSD-251
AT1G75530,Atha_Ler-0_sl_FLT_uG_Rep4,-0.6514792229797352,LUX,OSD-251
AT2G40080,Atha_Ler-0_sl_FLT_uG_Rep4,-0.3354275642868094,ELF4,OSD-251
AT2G42830,Atha_Ler-0_sl_FLT_uG_Rep4,-0.7879889587377444,PRR9,OSD-251
AT2G46830,Atha_Ler-0_sl_FLT_uG_Rep4,-0.7894607071610442,CCA1,OSD-251
AT3G09600,Atha_Ler-0_sl_FLT_uG_Rep4,-0.8845566355966106,GI,OSD-251
AT3G26740,Atha_Ler-0_sl_FLT_uG_Rep4,-0.9352399548202117,ELF3,OSD-251
AT3G46640,Atha_Ler-0_sl_FLT_uG_Rep4,-1.2817032541716071,TIC,OSD-251
AT5G02810,Atha_Ler-0_sl_FLT_uG_Rep4,-0.2449971893780473,PRR7,OSD-251
AT5G24470,Atha_Ler-0_sl_FLT_uG_Rep4,-0.5743908638770149,PRR5,OSD-251
AT5G61380,Atha_Ler-0_sl_FLT_uG_Rep4,-0.7044439775006991,TOC1,OSD-251
AT1G01060,Atha_Ler-0_sl_FLT_0.09G_Rep1,2.7617410682110473,LHY,OSD-251
AT1G75530,Atha_Ler-0_sl_FLT_0.09G_Rep1,0.6736612140973983,LUX,OSD-251
AT2G40080,Atha_Ler-0_sl_FLT_0.09G_Rep1,-1.1543207525586225,ELF4,OSD-251
AT2G42830,Atha_Ler-0_sl_FLT_0.09G_Rep1,2.7803700429027467,PRR9,OSD-251
AT2G46830,Atha_Ler-0_sl_FLT_0.09G_Rep1,-0.9987040158405993,CCA1,OSD-251
AT3G09600,Atha_Ler-0_sl_FLT_0.09G_Rep1,0.8243660720147475,GI,OSD-251
AT3G26740,Atha_Ler-0_sl_FLT_0.09G_Rep1,-0.8640480998903067,ELF3,OSD-251
AT3G46640,Atha_Ler-0_sl_FLT_0.09G_Rep1,-1.383989945009686,TIC,OSD-251
AT5G02810,Atha_Ler-0_sl_FLT_0.09G_Rep1,-1.2772889197331352,PRR7,OSD-251
AT5G24470,Atha_Ler-0_sl_FLT_0.09G_Rep1,0.694696166457157,PRR5,OSD-251
AT5G61380,Atha_Ler-0_sl_FLT_0.09G_Rep1,-1.3773381660110056,TOC1,OSD-251
AT1G01060,Atha_Ler-0_sl_FLT_0.09G_Rep2,1.415242249631198,LHY,OSD-251
AT1G75530,Atha_Ler-0_sl_FLT_0.09G_Rep2,-0.6514792229797352,LUX,OSD-251
AT2G40080,Atha_Ler-0_sl_FLT_0.09G_Rep2,-0.9425887511081663,ELF4,OSD-251
AT2G42830,Atha_Ler-0_sl_FLT_0.09G_Rep2,-0.17055048682565524,PRR9,OSD-251
AT2G46830,Atha_Ler-0_sl_FLT_0.09G_Rep2,0.5809040858524486,CCA1,OSD-251
AT3G09600,Atha_Ler-0_sl_FLT_0.09G_Rep2,0.07083216492569504,GI,OSD-251
AT3G26740,Atha_Ler-0_sl_FLT_0.09G_Rep2,0.44976799017828917,ELF3,OSD-251
AT3G46640,Atha_Ler-0_sl_FLT_0.09G_Rep2,0.9997234446236156,TIC,OSD-251
AT5G02810,Atha_Ler-0_sl_FLT_0.09G_Rep2,0.2393134060382168,PRR7,OSD-251
AT5G24470,Atha_Ler-0_sl_FLT_0.09G_Rep2,-0.020818186193912132,PRR5,OSD-251
AT5G61380,Atha_Ler-0_sl_FLT_0.09G_Rep2,0.39184645809882995,TOC1,OSD-251
AT1G01060,Atha_Ler-0_sl_FLT_0.09G_Rep3,-0.026729925311365376,LHY,OSD-251
AT1G75530,Atha_Ler-0_sl_FLT_0.09G_Rep3,0.5239485864894786,LUX,OSD-251
AT2G40080,Atha_Ler-0_sl_FLT_0.09G_Rep3,-1.1436808500908926,ELF4,OSD-251
AT2G42830,Atha_Ler-0_sl_FLT_0.09G_Rep3,-0.08029360455633296,PRR9,OSD-251
AT2G46830,Atha_Ler-0_sl_FLT_0.09G_Rep3,-0.3614951410869501,CCA1,OSD-251
AT3G09600,Atha_Ler-0_sl_FLT_0.09G_Rep3,-0.31139774308074275,GI,OSD-251
AT3G26740,Atha_Ler-0_sl_FLT_0.09G_Rep3,-0.10911597803158883,ELF3,OSD-251
AT3G46640,Atha_Ler-0_sl_FLT_0.09G_Rep3,0.03828496970562125,TIC,OSD-251
AT5G02810,Atha_Ler-0_sl_FLT_0.09G_Rep3,-0.9676734339647061,PRR7,OSD-251
AT5G24470,Atha_Ler-0_sl_FLT_0.09G_Rep3,-0.6663459100911135,PRR5,OSD-251
AT5G61380,Atha_Ler-0_sl_FLT_0.09G_Rep3,-0.34843197734017883,TOC1,OSD-251
AT1G01060,Atha_Ler-0_sl_FLT_0.18G_Rep1,1.2986800031945662,LHY,OSD-251
AT1G75530,Atha_Ler-0_sl_FLT_0.18G_Rep1,-0.6514792229797352,LUX,OSD-251
AT2G40080,Atha_Ler-0_sl_FLT_0.18G_Rep1,-0.8777913411180321,ELF4,OSD-251
AT2G42830,Atha_Ler-0_sl_FLT_0.18G_Rep1,-0.7634275931575224,PRR9,OSD-251
AT2G46830,Atha_Ler-0_sl_FLT_0.18G_Rep1,0.9357552661321967,CCA1,OSD-251
AT3G09600,Atha_Ler-0_sl_FLT_0.18G_Rep1,0.6105536082272389,GI,OSD-251
AT3G26740,Atha_Ler-0_sl_FLT_0.18G_Rep1,-1.5663163577960686,ELF3,OSD-251
AT3G46640,Atha_Ler-0_sl_FLT_0.18G_Rep1,-1.2933842639627657,TIC,OSD-251
AT5G02810,Atha_Ler-0_sl_FLT_0.18G_Rep1,-0.8742486204429712,PRR7,OSD-251
AT5G24470,Atha_Ler-0_sl_FLT_0.18G_Rep1,-0.7843750329924178,PRR5,OSD-251
AT5G61380,Atha_Ler-0_sl_FLT_0.18G_Rep1,-1.2540205685192345,TOC1,OSD-251
AT1G01060,Atha_Ler-0_sl_FLT_0.18G_Rep2,-0.4367000474050603,LHY,OSD-251
AT1G75530,Atha_Ler-0_sl_FLT_0.18G_Rep2,-0.6514792229797352,LUX,OSD-251
AT2G40080,Atha_Ler-0_sl_FLT_0.18G_Rep2,-0.9374180964783594,ELF4,OSD-251
AT2G42830,Atha_Ler-0_sl_FLT_0.18G_Rep2,0.7823443842043718,PRR9,OSD-251
AT2G46830,Atha_Ler-0_sl_FLT_0.18G_Rep2,-0.7320829729694407,CCA1,OSD-251
AT3G09600,Atha_Ler-0_sl_FLT_0.18G_Rep2,-0.9961255856322686,GI,OSD-251
AT3G26740,Atha_Ler-0_sl_FLT_0.18G_Rep2,-0.7957944568077217,ELF3,OSD-251
AT3G46640,Atha_Ler-0_sl_FLT_0.18G_Rep2,-0.10821641192903199,TIC,OSD-251
AT5G02810,Atha_Ler-0_sl_FLT_0.18G_Rep2,-0.3076080991183262,PRR7,OSD-251
AT5G24470,Atha_Ler-0_sl_FLT_0.18G_Rep2,-0.08592414931345674,PRR5,OSD-251
AT5G61380,Atha_Ler-0_sl_FLT_0.18G_Rep2,-0.3770960294317841,TOC1,OSD-251
AT1G01060,Atha_Ler-0_sl_FLT_0.18G_Rep3,0.09647471613279533,LHY,OSD-251
AT1G75530,Atha_Ler-0_sl_FLT_0.18G_Rep3,0.6651597286896269,LUX,OSD-251
AT2G40080,Atha_Ler-0_sl_FLT_0.18G_Rep3,0.3941520441119441,ELF4,OSD-251
AT2G42830,Atha_Ler-0_sl_FLT_0.18G_Rep3,-1.1189876758673425,PRR9,OSD-251
AT2G46830,Atha_Ler-0_sl_FLT_0.18G_Rep3,-0.1685667939732963,CCA1,OSD-251
AT3G09600,Atha_Ler-0_sl_FLT_0.18G_Rep3,-0.2617049507149212,GI,OSD-251
AT3G26740,Atha_Ler-0_sl_FLT_0.18G_Rep3,-0.24009809915989988,ELF3,OSD-251
AT3G46640,Atha_Ler-0_sl_FLT_0.18G_Rep3,-0.47043551739134754,TIC,OSD-251
AT5G02810,Atha_Ler-0_sl_FLT_0.18G_Rep3,0.3578471732127727,PRR7,OSD-251
AT5G24470,Atha_Ler-0_sl_FLT_0.18G_Rep3,0.04730510691592595,PRR5,OSD-251
AT5G61380,Atha_Ler-0_sl_FLT_0.18G_Rep3,-0.2481028823136745,TOC1,OSD-251
AT1G01060,Atha_Ler-0_sl_FLT_0.36G_Rep1,-0.20036932105791563,LHY,OSD-251
AT1G75530,Atha_Ler-0_sl_FLT_0.36G_Rep1,-0.6514792229797352,LUX,OSD-251
AT2G40080,Atha_Ler-0_sl_FLT_0.36G_Rep1,0.272377498237432,ELF4,OSD-251
AT2G42830,Atha_Ler-0_sl_FLT_0.36G_Rep1,1.0197065692173097,PRR9,OSD-251
AT2G46830,Atha_Ler-0_sl_FLT_0.36G_Rep1,-0.6902609184951213,CCA1,OSD-251
AT3G09600,Atha_Ler-0_sl_FLT_0.36G_Rep1,-0.7661249376271033,GI,OSD-251
AT3G26740,Atha_Ler-0_sl_FLT_0.36G_Rep1,0.6189428730415182,ELF3,OSD-251
AT3G46640,Atha_Ler-0_sl_FLT_0.36G_Rep1,0.026735905935448865,TIC,OSD-251
AT5G02810,Atha_Ler-0_sl_FLT_0.36G_Rep1,0.028709589043695763,PRR7,OSD-251
AT5G24470,Atha_Ler-0_sl_FLT_0.36G_Rep1,-0.43200224818886196,PRR5,OSD-251
AT5G61380,Atha_Ler-0_sl_FLT_0.36G_Rep1,0.16712125471751643,TOC1,OSD-251
AT1G01060,Atha_Ler-0_sl_FLT_0.36G_Rep2,-0.364052639143873,LHY,OSD-251
AT1G75530,Atha_Ler-0_sl_FLT_0.36G_Rep2,-0.6514792229797352,LUX,OSD-251
AT2G40080,Atha_Ler-0_sl_FLT_0.36G_Rep2,0.8455323741134854,ELF4,OSD-251
AT2G42830,Atha_Ler-0_sl_FLT_0.36G_Rep2,-1.5675857462661582,PRR9,OSD-251
AT2G46830,Atha_Ler-0_sl_FLT_0.36G_Rep2,1.8945831069815047,CCA1,OSD-251
AT3G09600,Atha_Ler-0_sl_FLT_0.36G_Rep2,0.5180579109031892,GI,OSD-251
AT3G26740,Atha_Ler-0_sl_FLT_0.36G_Rep2,-0.08603348699657613,ELF3,OSD-251
AT3G46640,Atha_Ler-0_sl_FLT_0.36G_Rep2,-0.48673228358553894,TIC,OSD-251
AT5G02810,Atha_Ler-0_sl_FLT_0.36G_Rep2,2.2589924428668042,PRR7,OSD-251
AT5G24470,Atha_Ler-0_sl_FLT_0.36G_Rep2,0.1339681744156144,PRR5,OSD-251
AT5G61380,Atha_Ler-0_sl_FLT_0.36G_Rep2,-0.3116049051973557,TOC1,OSD-251
AT1G01060,Atha_Ler-0_sl_FLT_0.36G_Rep3,-0.2501665442429101,LHY,OSD-251
AT1G75530,Atha_Ler-0_sl_FLT_0.36G_Rep3,0.37407033588409455,LUX,OSD-251
AT2G40080,Atha_Ler-0_sl_FLT_0.36G_Rep3,1.243682859643751,ELF4,OSD-251
AT2G42830,Atha_Ler-0_sl_FLT_0.36G_Rep3,0.27119958847552267,PRR9,OSD-251
AT2G46830,Atha_Ler-0_sl_FLT_0.36G_Rep3,0.7909151565951956,CCA1,OSD-251
AT3G09600,Atha_Ler-0_sl_FLT_0.36G_Rep3,0.7467509524504586,GI,OSD-251
AT3G26740,Atha_Ler-0_sl_FLT_0.36G_Rep3,-0.4372633312961642,ELF3,OSD-251
AT3G46640,Atha_Ler-0_sl_FLT_0.36G_Rep3,-0.3169736631953639,TIC,OSD-251
AT5G02810,Atha_Ler-0_sl_FLT_0.36G_Rep3,-1.0512166531258487,PRR7,OSD-251
AT5G24470,Atha_Ler-0_sl_FLT_0.36G_Rep3,-0.1559946538731861,PRR5,OSD-251
AT5G61380,Atha_Ler-0_sl_FLT_0.36G_Rep3,-0.8604674844896504,TOC1,OSD-251
AT1G01060,Atha_Ler-0_sl_FLT_0.57G_Rep1,-0.46086831638970704,LHY,OSD-251
AT1G75530,Atha_Ler-0_sl_FLT_0.57G_Rep1,-0.6514792229797352,LUX,OSD-251
AT2G40080,Atha_Ler-0_sl_FLT_0.57G_Rep1,0.777644801340157,ELF4,OSD-251
AT2G42830,Atha_Ler-0_sl_FLT_0.57G_Rep1,0.018606744265529357,PRR9,OSD-251
AT2G46830,Atha_Ler-0_sl_FLT_0.57G_Rep1,-0.6729137010038538,CCA1,OSD-251
AT3G09600,Atha_Ler-0_sl_FLT_0.57G_Rep1,-0.21666434694869482,GI,OSD-251
AT3G26740,Atha_Ler-0_sl_FLT_0.57G_Rep1,2.161014657070209,ELF3,OSD-251
AT3G46640,Atha_Ler-0_sl_FLT_0.57G_Rep1,1.2064779841551954,TIC,OSD-251
AT5G02810,Atha_Ler-0_sl_FLT_0.57G_Rep1,0.6823823254242078,PRR7,OSD-251
AT5G24470,Atha_Ler-0_sl_FLT_0.57G_Rep1,0.2901876919287583,PRR5,OSD-251
AT5G61380,Atha_Ler-0_sl_FLT_0.57G_Rep1,2.2545121347748243,TOC1,OSD-251
AT1G01060,Atha_Ler-0_sl_FLT_0.57G_Rep2,-0.4514697167500507,LHY,OSD-251
AT1G75530,Atha_Ler-0_sl_FLT_0.57G_Rep2,1.9288431012583527,LUX,OSD-251
AT2G40080,Atha_Ler-0_sl_FLT_0.57G_Rep2,0.11834265758389045,ELF4,OSD-251
AT2G42830,Atha_Ler-0_sl_FLT_0.57G_Rep2,0.4802484148839235,PRR9,OSD-251
AT2G46830,Atha_Ler-0_sl_FLT_0.57G_Rep2,-0.44260139963186845,CCA1,OSD-251
AT3G09600,Atha_Ler-0_sl_FLT_0.57G_Rep2,-0.8486464761866106,GI,OSD-251
AT3G26740,Atha_Ler-0_sl_FLT_0.57G_Rep2,1.2504419933673927,ELF3,OSD-251
AT3G46640,Atha_Ler-0_sl_FLT_0.57G_Rep2,1.9874991209441042,TIC,OSD-251
AT5G02810,Atha_Ler-0_sl_FLT_0.57G_Rep2,1.5314527486311154,PRR7,OSD-251
AT5G24470,Atha_Ler-0_sl_FLT_0.57G_Rep2,0.21423170268534664,PRR5,OSD-251
AT5G61380,Atha_Ler-0_sl_FLT_0.57G_Rep2,1.6191278179174793,TOC1,OSD-251
AT1G01060,Atha_Ler-0_sl_FLT_0.57G_Rep3,-0.3459209828732434,LHY,OSD-251
AT1G75530,Atha_Ler-0_sl_FLT_0.57G_Rep3,-0.6514792229797352,LUX,OSD-251
AT2G40080,Atha_Ler-0_sl_FLT_0.57G_Rep3,2.8637895755926683,ELF4,OSD-251
AT2G42830,Atha_Ler-0_sl_FLT_0.57G_Rep3,-0.8778401858585104,PRR9,OSD-251
AT2G46830,Atha_Ler-0_sl_FLT_0.57G_Rep3,1.9244860098682766,CCA1,OSD-251
AT3G09600,Atha_Ler-0_sl_FLT_0.57G_Rep3,2.5378905883065284,GI,OSD-251
AT3G26740,Atha_Ler-0_sl_FLT_0.57G_Rep3,-1.3059768169501618,ELF3,OSD-251
AT3G46640,Atha_Ler-0_sl_FLT_0.57G_Rep3,-0.2990705790740819,TIC,OSD-251
AT5G02810,Atha_Ler-0_sl_FLT_0.57G_Rep3,0.7096942695019853,PRR7,OSD-251
AT5G24470,Atha_Ler-0_sl_FLT_0.57G_Rep3,3.878364917282318,PRR5,OSD-251
AT5G61380,Atha_Ler-0_sl_FLT_0.57G_Rep3,-0.1076390193011498,TOC1,OSD-251
AT1G01060,Atha_Ler-0_sl_FLT_0.57G_Rep4,-0.39847764361728466,LHY,OSD-251
AT1G75530,Atha_Ler-0_sl_FLT_0.57G_Rep4,0.5537969223743701,LUX,OSD-251
AT2G40080,Atha_Ler-0_sl_FLT_0.57G_Rep4,-0.17738331133432222,ELF4,OSD-251
AT2G42830,Atha_Ler-0_sl_FLT_0.57G_Rep4,-0.488719702653364,PRR9,OSD-251
AT2G46830,Atha_Ler-0_sl_FLT_0.57G_Rep4,-0.14043839591887658,CCA1,OSD-251
AT3G09600,Atha_Ler-0_sl_FLT_0.57G_Rep4,0.35654545850356245,GI,OSD-251
AT3G26740,Atha_Ler-0_sl_FLT_0.57G_Rep4,-0.7119430272423939,ELF3,OSD-251
AT3G46640,Atha_Ler-0_sl_FLT_0.57G_Rep4,-0.9506594549129076,TIC,OSD-251
AT5G02810,Atha_Ler-0_sl_FLT_0.57G_Rep4,-1.1721627689379377,PRR7,OSD-251
AT5G24470,Atha_Ler-0_sl_FLT_0.57G_Rep4,-0.6561222442834189,PRR5,OSD-251
AT5G61380,Atha_Ler-0_sl_FLT_0.57G_Rep4,-1.1481557427466578,TOC1,OSD-251
AT1G01060,Atha_Ler-0_sl_FLT_1G_Rep1,-0.5532817493760758,LHY,OSD-251
AT1G75530,Atha_Ler-0_sl_FLT_1G_Rep1,2.921983264807497,LUX,OSD-251
AT2G40080,Atha_Ler-0_sl_FLT_1G_Rep1,0.7749031682936218,ELF4,OSD-251
AT2G42830,Atha_Ler-0_sl_FLT_1G_Rep1,1.6322665591445231,PRR9,OSD-251
AT2G46830,Atha_Ler-0_sl_FLT_1G_Rep1,-0.3042689031730802,CCA1,OSD-251
AT3G09600,Atha_Ler-0_sl_FLT_1G_Rep1,-0.0952638173792898,GI,OSD-251
AT3G26740,Atha_Ler-0_sl_FLT_1G_Rep1,0.1327644905888551,ELF3,OSD-251
AT3G46640,Atha_Ler-0_sl_FLT_1G_Rep1,-0.2796036124881863,TIC,OSD-251
AT5G02810,Atha_Ler-0_sl_FLT_1G_Rep1,-0.26679992305588196,PRR7,OSD-251
AT5G24470,Atha_Ler-0_sl_FLT_1G_Rep1,-0.01408569308233091,PRR5,OSD-251
AT5G61380,Atha_Ler-0_sl_FLT_1G_Rep1,0.1805290224333985,TOC1,OSD-251
AT1G01060,Atha_Ler-0_sl_FLT_1G_Rep2,-1.0804968135397957,LHY,OSD-251
AT1G75530,Atha_Ler-0_sl_FLT_1G_Rep2,0.17628752215600083,LUX,OSD-251
AT2G40080,Atha_Ler-0_sl_FLT_1G_Rep2,-0.17284982780264743,ELF4,OSD-251
AT2G42830,Atha_Ler-0_sl_FLT_1G_Rep2,-0.2360050226777947,PRR9,OSD-251
AT2G46830,Atha_Ler-0_sl_FLT_1G_Rep2,-0.9492424408067512,CCA1,OSD-251
AT3G09600,Atha_Ler-0_sl_FLT_1G_Rep2,-1.0535028841737066,GI,OSD-251
AT3G26740,Atha_Ler-0_sl_FLT_1G_Rep2,1.9812889832253058,ELF3,OSD-251
AT3G46640,Atha_Ler-0_sl_FLT_1G_Rep2,1.9949242948211803,TIC,OSD-251
AT5G02810,Atha_Ler-0_sl_FLT_1G_Rep2,1.6622005221175788,PRR7,OSD-251
AT5G24470,Atha_Ler-0_sl_FLT_1G_Rep2,0.25255440582753297,PRR5,OSD-251
AT5G61380,Atha_Ler-0_sl_FLT_1G_Rep2,2.0985226623247843,TOC1,OSD-251
AT1G01060,Atha_Ler-0_sl_FLT_1G_Rep3,1.2687636828963456,LHY,OSD-251
AT1G75530,Atha_Ler-0_sl_FLT_1G_Rep3,-0.6514792229797352,LUX,OSD-251
AT2G40080,Atha_Ler-0_sl_FLT_1G_Rep3,-0.46958072646090515,ELF4,OSD-251
AT2G42830,Atha_Ler-0_sl_FLT_1G_Rep3,-0.14666393790466586,PRR9,OSD-251
AT2G46830,Atha_Ler-0_sl_FLT_1G_Rep3,1.7814419978728193,CCA1,OSD-251
AT3G09600,Atha_Ler-0_sl_FLT_1G_Rep3,1.978733552765988,GI,OSD-251
AT3G26740,Atha_Ler-0_sl_FLT_1G_Rep3,0.8741932123072792,ELF3,OSD-251
AT3G46640,Atha_Ler-0_sl_FLT_1G_Rep3,-0.34957488018774746,TIC,OSD-251
AT5G02810,Atha_Ler-0_sl_FLT_1G_Rep3,-0.31405305504342756,PRR7,OSD-251
AT5G24470,Atha_Ler-0_sl_FLT_1G_Rep3,-0.7134003795385144,PRR5,OSD-251
AT5G61380,Atha_Ler-0_sl_FLT_1G_Rep3,0.3294036419327746,TOC1,OSD-251
AT1G01060,SAMN06468844,-1.178859797699107,LHY,OSD-281
AT2G40080,SAMN06468844,1.5511365744354608,ELF4,OSD-281
AT2G42830,SAMN06468844,-0.4449833563226154,PRR9,OSD-281
AT2G46830,SAMN06468844,-0.3613054807784048,CCA1,OSD-281
AT3G09600,SAMN06468844,-0.06475368355453391,GI,OSD-281
AT3G26740,SAMN06468844,1.3301490655409642,ELF3,OSD-281
AT3G46640,SAMN06468844,0.9037469912788669,TIC,OSD-281
AT5G02810,SAMN06468844,-0.3941273312132515,PRR7,OSD-281
AT5G24470,SAMN06468844,0.8843440471490002,PRR5,OSD-281
AT5G61380,SAMN06468844,-0.8574448400640023,TOC1,OSD-281
AT1G01060,SAMN06468842,2.3505772998658587,LHY,OSD-281
AT2G40080,SAMN06468842,1.7917736256333108,ELF4,OSD-281
AT2G42830,SAMN06468842,-0.4449833563226154,PRR9,OSD-281
AT2G46830,SAMN06468842,-0.059301886870061375,CCA1,OSD-281
AT3G09600,SAMN06468842,0.033402243509543336,GI,OSD-281
AT3G26740,SAMN06468842,0.4596182382468662,ELF3,OSD-281
AT3G46640,SAMN06468842,1.740230202177025,TIC,OSD-281
AT5G02810,SAMN06468842,0.21622826337851248,PRR7,OSD-281
AT5G24470,SAMN06468842,0.9480519217736807,PRR5,OSD-281
AT5G61380,SAMN06468842,0.974566875167688,TOC1,OSD-281
AT1G01060,SAMN06468840,0.6988269803107956,LHY,OSD-281
AT2G40080,SAMN06468840,1.138731853736451,ELF4,OSD-281
AT2G42830,SAMN06468840,-0.4449833563226154,PRR9,OSD-281
AT2G46830,SAMN06468840,1.6296321324585952,CCA1,OSD-281
AT3G09600,SAMN06468840,-0.5053784143413124,GI,OSD-281
AT3G26740,SAMN06468840,-0.662341212547577,ELF3,OSD-281
AT3G46640,SAMN06468840,0.5964799389260677,TIC,OSD-281
AT5G02810,SAMN06468840,-0.0832424886243239,PRR7,OSD-281
AT5G24470,SAMN06468840,-1.1399341290024434,PRR5,OSD-281
AT5G61380,SAMN06468840,1.4517329517784343,TOC1,OSD-281
AT1G01060,SAMN06468841,-0.2597007872964777,LHY,OSD-281
AT2G40080,SAMN06468841,1.5877444506125964,ELF4,OSD-281
AT2G42830,SAMN06468841,-0.4449833563226154,PRR9,OSD-281
AT2G46830,SAMN06468841,0.035504188912915256,CCA1,OSD-281
AT3G09600,SAMN06468841,-0.31152236593839144,GI,OSD-281
AT3G26740,SAMN06468841,0.10086223365355187,ELF3,OSD-281
AT3G46640,SAMN06468841,1.3213016744673938,TIC,OSD-281
AT5G02810,SAMN06468841,-0.14058650520861948,PRR7,OSD-281
AT5G24470,SAMN06468841,0.5824714253136974,PRR5,OSD-281
AT5G61380,SAMN06468841,-0.6630583902885873,TOC1,OSD-281
AT1G01060,SAMN06468834,-1.3863223505529672,LHY,OSD-281
AT2G40080,SAMN06468834,-0.7986379479737638,ELF4,OSD-281
AT2G42830,SAMN06468834,-0.4449833563226154,PRR9,OSD-281
AT2G46830,SAMN06468834,-0.9102536347830265,CCA1,OSD-281
AT3G09600,SAMN06468834,-0.43263237210705285,GI,OSD-281
AT3G26740,SAMN06468834,1.42754456965481,ELF3,OSD-281
AT3G46640,SAMN06468834,-1.4499897133888107,TIC,OSD-281
AT5G02810,SAMN06468834,-0.0619944645922773,PRR7,OSD-281
AT5G24470,SAMN06468834,0.565607338164478,PRR5,OSD-281
AT5G61380,SAMN06468834,-0.6441611136168107,TOC1,OSD-281
AT1G01060,SAMN06468837,-0.2890765517108459,LHY,OSD-281
AT2G40080,SAMN06468837,-1.7440918504420708,ELF4,OSD-281
AT2G42830,SAMN06468837,-0.4449833563226154,PRR9,OSD-281
AT2G46830,SAMN06468837,-1.1441812127643154,CCA1,OSD-281
AT3G09600,SAMN06468837,2.63825670781588,GI,OSD-281
AT3G26740,SAMN06468837,-0.3107075570990631,ELF3,OSD-281
AT3G46640,SAMN06468837,0.18834994538407937,TIC,OSD-281
AT5G02810,SAMN06468837,2.7280366981429447,PRR7,OSD-281
AT5G24470,SAMN06468837,2.0003568636709264,PRR5,OSD-281
AT5G61380,SAMN06468837,2.863684315725896,TOC1,OSD-281
AT1G01060,SAMN06468831,1.1329466596467839,LHY,OSD-281
AT2G40080,SAMN06468831,-1.213445944799322,ELF4,OSD-281
AT2G42830,SAMN06468831,-0.4449833563226154,PRR9,OSD-281
AT2G46830,SAMN06468831,-1.3219337248252798,CCA1,OSD-281
AT3G09600,SAMN06468831,1.5258695977227423,GI,OSD-281
AT3G26740,SAMN06468831,0.6139020549082936,ELF3,OSD-281
AT3G46640,SAMN06468831,-1.2426610935629911,TIC,OSD-281
AT5G02810,SAMN06468831,2.179514907316101,PRR7,OSD-281
AT5G24470,SAMN06468831,-0.46581914746945696,PRR5,OSD-281
AT5G61380,SAMN06468831,1.5649808123932791,TOC1,OSD-281
AT1G01060,SAMN06468839,-1.1198643075808223,LHY,OSD-281
AT2G40080,SAMN06468839,-1.1623659262517674,ELF4,OSD-281
AT2G42830,SAMN06468839,-0.4449833563226154,PRR9,OSD-281
AT2G46830,SAMN06468839,-1.0193021651768266,CCA1,OSD-281
AT3G09600,SAMN06468839,4.008098850566509,GI,OSD-281
AT3G26740,SAMN06468839,0.9428729804280495,ELF3,OSD-281
AT3G46640,SAMN06468839,-0.1202955690600296,TIC,OSD-281
AT5G02810,SAMN06468839,3.609500967070515,PRR7,OSD-281
AT5G24470,SAMN06468839,2.4986742777871807,PRR5,OSD-281
AT5G61380,SAMN06468839,3.251117838945278,TOC1,OSD-281
AT1G01060,SAMN06468838,-0.11906890603467617,LHY,OSD-281
AT2G40080,SAMN06468838,0.6988164276562613,ELF4,OSD-281
AT2G42830,SAMN06468838,-0.4449833563226154,PRR9,OSD-281
AT2G46830,SAMN06468838,-0.41124362000551984,CCA1,OSD-281
AT3G09600,SAMN06468838,-0.44364014802400453,GI,OSD-281
AT3G26740,SAMN06468838,0.21314602555699264,ELF3,OSD-281
AT3G46640,SAMN06468838,0.8516483108421309,TIC,OSD-281
AT5G02810,SAMN06468838,-0.38215813634977314,PRR7,OSD-281
AT5G24470,SAMN06468838,-0.5193207921689639,PRR5,OSD-281
AT5G61380,SAMN06468838,-0.1788340915586161,TOC1,OSD-281
AT1G01060,SAMN06468828,-0.7429043687625599,LHY,OSD-281
AT2G40080,SAMN06468828,0.5826705640688876,ELF4,OSD-281
AT2G42830,SAMN06468828,-0.4449833563226154,PRR9,OSD-281
AT2G46830,SAMN06468828,-0.84326673511652,CCA1,OSD-281
AT3G09600,SAMN06468828,-0.45630375997828443,GI,OSD-281
AT3G26740,SAMN06468828,-0.8097701944433319,ELF3,OSD-281
AT3G46640,SAMN06468828,0.26426674218385154,TIC,OSD-281
AT5G02810,SAMN06468828,-0.24332636205181346,PRR7,OSD-281
AT5G24470,SAMN06468828,-1.0639986290082724,PRR5,OSD-281
AT5G61380,SAMN06468828,-0.5796726610461087,TOC1,OSD-281
AT1G01060,SAMN06468836,-0.6285667099884832,LHY,OSD-281
AT2G40080,SAMN06468836,0.6556034819300346,ELF4,OSD-281
AT2G42830,SAMN06468836,-0.4449833563226154,PRR9,OSD-281
AT2G46830,SAMN06468836,-0.7371368416995702,CCA1,OSD-281
AT3G09600,SAMN06468836,-0.6594053411699805,GI,OSD-281
AT3G26740,SAMN06468836,0.3427648389863942,ELF3,OSD-281
AT3G46640,SAMN06468836,1.943058063721436,TIC,OSD-281
AT5G02810,SAMN06468836,-0.9120818912406609,PRR7,OSD-281
AT5G24470,SAMN06468836,0.7182318385741473,PRR5,OSD-281
AT5G61380,SAMN06468836,-0.42625752504326325,TOC1,OSD-281
AT1G01060,SAMN06468835,0.9190113364084042,LHY,OSD-281
AT2G40080,SAMN06468835,1.7476795476692795,ELF4,OSD-281
AT2G42830,SAMN06468835,-0.05433150317004302,PRR9,OSD-281
AT2G46830,SAMN06468835,0.00966328700099209,CCA1,OSD-281
AT3G09600,SAMN06468835,-0.6293422394961697,GI,OSD-281
AT3G26740,SAMN06468835,0.36185665745943374,ELF3,OSD-281
AT3G46640,SAMN06468835,1.2026764349445176,TIC,OSD-281
AT5G02810,SAMN06468835,-0.2704020976120994,PRR7,OSD-281
AT5G24470,SAMN06468835,1.1913207312419432,PRR5,OSD-281
AT5G61380,SAMN06468835,-0.16547017854012633,TOC1,OSD-281
AT1G01060,SAMN06468833,-1.4615343371617566,LHY,OSD-281
AT2G40080,SAMN06468833,-0.9057095477645396,ELF4,OSD-281
AT2G42830,SAMN06468833,-0.4449833563226154,PRR9,OSD-281
AT2G46830,SAMN06468833,-1.1342446703412608,CCA1,OSD-281
AT3G09600,SAMN06468833,0.4670116439862066,GI,OSD-281
AT3G26740,SAMN06468833,1.3233853771665889,ELF3,OSD-281
AT3G46640,SAMN06468833,0.07992269643533885,TIC,OSD-281
AT5G02810,SAMN06468833,0.6773538671211494,PRR7,OSD-281
AT5G24470,SAMN06468833,0.6763924818727896,PRR5,OSD-281
AT5G61380,SAMN06468833,0.3535447323470557,TOC1,OSD-281
AT1G01060,SAMN06468832,-1.195871671505494,LHY,OSD-281
AT2G40080,SAMN06468832,-0.6252434840685857,ELF4,OSD-281
AT2G42830,SAMN06468832,-0.4449833563226154,PRR9,OSD-281
AT2G46830,SAMN06468832,-1.0114873524416101,CCA1,OSD-281
AT3G09600,SAMN06468832,-0.48173336319527504,GI,OSD-281
AT3G26740,SAMN06468832,0.037429680774743845,ELF3,OSD-281
AT3G46640,SAMN06468832,-0.4450653526035113,TIC,OSD-281
AT5G02810,SAMN06468832,-0.46352298202340486,PRR7,OSD-281
AT5G24470,SAMN06468832,-1.2864930376342192,PRR5,OSD-281
AT5G61380,SAMN06468832,-0.9310533210750621,TOC1,OSD-281
AT1G01060,SAMN06468830,-0.24020052142935192,LHY,OSD-281
AT2G40080,SAMN06468830,-0.34191856634559237,ELF4,OSD-281
AT2G42830,SAMN06468830,-0.4449833563226154,PRR9,OSD-281
AT2G46830,SAMN06468830,-0.42005998843000414,CCA1,OSD-281
AT3G09600,SAMN06468830,0.44397601257685815,GI,OSD-281
AT3G26740,SAMN06468830,3.9773106133879574,ELF3,OSD-281
AT3G46640,SAMN06468830,0.44748229318719634,TIC,OSD-281
AT5G02810,SAMN06468830,0.018170210771692723,PRR7,OSD-281
AT5G24470,SAMN06468830,-2.022144395939499,PRR5,OSD-281
AT5G61380,SAMN06468830,-0.2728534463909405,TOC1,OSD-281
AT1G01060,SAMN06468829,-0.15251894885293185,LHY,OSD-281
AT2G40080,SAMN06468829,-0.5520714453545376,ELF4,OSD-281
AT2G42830,SAMN06468829,-0.4449833563226154,PRR9,OSD-281
AT2G46830,SAMN06468829,-0.9056099800576493,CCA1,OSD-281
AT3G09600,SAMN06468829,0.5117966999742085,GI,OSD-281
AT3G26740,SAMN06468829,0.2578688701418389,ELF3,OSD-281
AT3G46640,SAMN06468829,-0.09966880735276393,TIC,OSD-281
AT5G02810,SAMN06468829,-0.17522496714527405,PRR7,OSD-281
AT5G24470,SAMN06468829,-0.455434252374935,PRR5,OSD-281
AT5G61380,SAMN06468829,0.2688863682130523,TOC1,OSD-281
AT1G01060,SAMN06468827,0.6208047792900035,LHY,OSD-281
AT2G40080,SAMN06468827,0.5380493524639944,ELF4,OSD-281
AT2G42830,SAMN06468827,2.563443758137429,PRR9,OSD-281
AT2G46830,SAMN06468827,1.3628885123397796,CCA1,OSD-281
AT3G09600,SAMN06468827,-0.5842825478009782,GI,OSD-281
AT3G26740,SAMN06468827,-0.7506632180237869,ELF3,OSD-281
AT3G46640,SAMN06468827,0.8916511265441956,TIC,OSD-281
AT5G02810,SAMN06468827,-0.5094683329401622,PRR7,OSD-281
AT5G24470,SAMN06468827,0.1895359202215391,PRR5,OSD-281
AT5G61380,SAMN06468827,-0.4827502377541117,TOC1,OSD-281
AT1G01060,SAMN06468825,1.372067901091368,LHY,OSD-281
AT2G40080,SAMN06468825,0.3145007967975324,ELF4,OSD-281
AT2G42830,SAMN06468825,-0.4449833563226154,PRR9,OSD-281
AT2G46830,SAMN06468825,0.3721720575968714,CCA1,OSD-281
AT3G09600,SAMN06468825,-0.1943227728299063,GI,OSD-281
AT3G26740,SAMN06468825,-0.43041632023507215,ELF3,OSD-281
AT3G46640,SAMN06468825,0.8577799196279546,TIC,OSD-281
AT5G02810,SAMN06468825,-0.38607858205600787,PRR7,OSD-281
AT5G24470,SAMN06468825,-0.7233840779378153,PRR5,OSD-281
AT5G61380,SAMN06468825,-0.36952273495788207,TOC1,OSD-281
AT1G01060,SAMN06468826,2.501121752057181,LHY,OSD-281
AT2G40080,SAMN06468826,0.4715151466828212,ELF4,OSD-281
AT2G42830,SAMN06468826,-0.4449833563226154,PRR9,OSD-281
AT2G46830,SAMN06468826,1.7534491014634936,CCA1,OSD-281
AT3G09600,SAMN06468826,-0.14430321233755444,GI,OSD-281
AT3G26740,SAMN06468826,-0.7918791991888102,ELF3,OSD-281
AT3G46640,SAMN06468826,0.3428058731377077,TIC,OSD-281
AT5G02810,SAMN06468826,-0.17942287167255158,PRR7,OSD-281
AT5G24470,SAMN06468826,0.3744424312912047,PRR5,OSD-281
AT5G61380,SAMN06468826,-0.363115115026511,TOC1,OSD-281
AT1G01060,SAMN06468823,0.400456805170345,LHY,OSD-281
AT2G40080,SAMN06468823,0.5405459551150908,ELF4,OSD-281
AT2G42830,SAMN06468823,-0.4449833563226154,PRR9,OSD-281
AT2G46830,SAMN06468823,1.0070135694803128,CCA1,OSD-281
AT3G09600,SAMN06468823,-0.24369474899954227,GI,OSD-281
AT3G26740,SAMN06468823,-0.7902860903788238,ELF3,OSD-281
AT3G46640,SAMN06468823,0.6192456258008576,TIC,OSD-281
AT5G02810,SAMN06468823,-0.5186394997479731,PRR7,OSD-281
AT5G24470,SAMN06468823,0.8978014466418789,PRR5,OSD-281
AT5G61380,SAMN06468823,-0.41143102724284436,TOC1,OSD-281
AT1G01060,SAMN06468824,-0.7437620518553001,LHY,OSD-281
AT2G40080,SAMN06468824,-1.5904597605661874,ELF4,OSD-281
AT2G42830,SAMN06468824,-0.4449833563226154,PRR9,OSD-281
AT2G46830,SAMN06468824,-0.03411475288083008,CCA1,OSD-281
AT3G09600,SAMN06468824,-0.4669814846871921,GI,OSD-281
AT3G26740,SAMN06468824,-0.7564747256451977,ELF3,OSD-281
AT3G46640,SAMN06468824,-1.7281473602321509,TIC,OSD-281
AT5G02810,SAMN06468824,-0.4112314600645073,PRR7,OSD-281
AT5G24470,SAMN06468824,0.24730409058813113,PRR5,OSD-281
AT5G61380,SAMN06468824,0.1650825916857834,TOC1,OSD-281
AT1G01060,SAMN06468822,-0.841411304254475,LHY,OSD-281
AT2G40080,SAMN06468822,-1.5237509081693608,ELF4,OSD-281
AT2G42830,SAMN06468822,-0.4449833563226154,PRR9,OSD-281
AT2G46830,SAMN06468822,-0.9484091135400454,CCA1,OSD-281
AT3G09600,SAMN06468822,-0.24514944183452936,GI,OSD-281
AT3G26740,SAMN06468822,-0.8919390111654744,ELF3,OSD-281
AT3G46640,SAMN06468822,-1.6387139104318333,TIC,OSD-281
AT5G02810,SAMN06468822,0.250435136294996,PRR7,OSD-281
AT5G24470,SAMN06468822,-0.9288165024370827,PRR5,OSD-281
AT5G61380,SAMN06468822,-0.08436315340132935,TOC1,OSD-281
AT1G01060,SAMN06468820,0.3451504757927364,LHY,OSD-281
AT2G40080,SAMN06468820,-1.3868267810185646,ELF4,OSD-281
AT2G42830,SAMN06468820,-0.4449833563226154,PRR9,OSD-281
AT2G46830,SAMN06468820,-0.42841369772155424,CCA1,OSD-281
AT3G09600,SAMN06468820,-0.2119120480448285,GI,OSD-281
AT3G26740,SAMN06468820,-0.5308164445538003,ELF3,OSD-281
AT3G46640,SAMN06468820,-1.2598463988211703,TIC,OSD-281
AT5G02810,SAMN06468820,0.16689900969961644,PRR7,OSD-281
AT5G24470,SAMN06468820,0.10443397086161481,PRR5,OSD-281
AT5G61380,SAMN06468820,-0.0018348132437509747,TOC1,OSD-281
AT1G01060,SAMN06468819,-0.29083043661780345,LHY,OSD-281
AT2G40080,SAMN06468819,-0.8860097696685544,ELF4,OSD-281
AT2G42830,SAMN06468819,0.19783818401135406,PRR9,OSD-281
AT2G46830,SAMN06468819,-0.5893188973232508,CCA1,OSD-281
AT3G09600,SAMN06468819,-0.2771124801015816,GI,OSD-281
AT3G26740,SAMN06468819,-0.6702615487086269,ELF3,OSD-281
AT3G46640,SAMN06468819,-1.670070412327447,TIC,OSD-281
AT5G02810,SAMN06468819,-0.8412355192067744,PRR7,OSD-281
AT5G24470,SAMN06468819,-0.5100774747056864,PRR5,OSD-281
AT5G61380,SAMN06468819,-0.19619514130984936,TOC1,OSD-281
AT1G01060,SAMN06468818,1.2275967264443466,LHY,OSD-281
AT2G40080,SAMN06468818,0.4223670063118083,ELF4,OSD-281
AT2G42830,SAMN06468818,-0.4449833563226154,PRR9,OSD-281
AT2G46830,SAMN06468818,0.8397151000862432,CCA1,OSD-281
AT3G09600,SAMN06468818,-0.7509900705982077,GI,OSD-281
AT3G26740,SAMN06468818,-0.8341230796337712,ELF3,OSD-281
AT3G46640,SAMN06468818,0.1264949724249156,TIC,OSD-281
AT5G02810,SAMN06468818,-0.5867059217362187,PRR7,OSD-281
AT5G24470,SAMN06468818,0.8322547534041079,PRR5,OSD-281
AT5G61380,SAMN06468818,-0.45276130820261284,TOC1,OSD-281
AT1G01060,SAMN06468821,-0.02029463394338563,LHY,OSD-281
AT2G40080,SAMN06468821,0.014200906284349923,ELF4,OSD-281
AT2G42830,SAMN06468821,1.8020820851790265,PRR9,OSD-281
AT2G46830,SAMN06468821,0.4411119336842414,CCA1,OSD-281
AT3G09600,SAMN06468821,-0.5821924007881341,GI,OSD-281
AT3G26740,SAMN06468821,-0.7651553676078393,ELF3,OSD-281
AT3G46640,SAMN06468821,-0.5228872979212401,TIC,OSD-281
AT5G02810,SAMN06468821,-0.46482189016553216,PRR7,OSD-281
AT5G24470,SAMN06468821,-0.14179284255302757,PRR5,OSD-281
AT5G61380,SAMN06468821,-0.7436906291663657,TOC1,OSD-281
AT1G01060,SAMN06468817,0.5121948297689046,LHY,OSD-281
AT2G40080,SAMN06468817,0.12381438503765088,ELF4,OSD-281
AT2G42830,SAMN06468817,-0.4449833563226154,PRR9,OSD-281
AT2G46830,SAMN06468817,1.2078069929050874,CCA1,OSD-281
AT3G09600,SAMN06468817,-0.5168101551004,GI,OSD-281
AT3G26740,SAMN06468817,-0.567546931569224,ELF3,OSD-281
AT3G46640,SAMN06468817,-1.282276012199268,TIC,OSD-281
AT5G02810,SAMN06468817,-0.7344940066055742,PRR7,OSD-281
AT5G24470,SAMN06468817,0.4546503162219608,PRR5,OSD-281
AT5G61380,SAMN06468817,-0.21535039940817344,TOC1,OSD-281
AT1G01060,SAMN06468816,0.5496515219153945,LHY,OSD-281
AT2G40080,SAMN06468816,0.47734349331718184,ELF4,OSD-281
AT2G42830,SAMN06468816,0.14266019250812825,PRR9,OSD-281
AT2G46830,SAMN06468816,2.801616416007779,CCA1,OSD-281
AT3G09600,SAMN06468816,-0.40700089589663935,GI,OSD-281
AT3G26740,SAMN06468816,-0.5736502168398442,ELF3,OSD-281
AT3G46640,SAMN06468816,-0.6754656374835266,TIC,OSD-281
AT5G02810,SAMN06468816,-0.5581093488051085,PRR7,OSD-281
AT5G24470,SAMN06468816,-0.5356730397363126,PRR5,OSD-281
AT5G61380,SAMN06468816,-0.28862611911893615,TOC1,OSD-281
AT1G01060,SAMN06468814,-0.2924495279198425,LHY,OSD-281
AT2G40080,SAMN06468814,-0.26836499881007003,ELF4,OSD-281
AT2G42830,SAMN06468814,1.9382377723993056,PRR9,OSD-281
AT2G46830,SAMN06468814,-0.4430744369761784,CCA1,OSD-281
AT3G09600,SAMN06468814,-0.6019583332016516,GI,OSD-281
AT3G26740,SAMN06468814,-0.11091920567410271,ELF3,OSD-281
AT3G46640,SAMN06468814,0.39066227521290064,TIC,OSD-281
AT5G02810,SAMN06468814,-0.36305747674377287,PRR7,OSD-281
AT5G24470,SAMN06468814,-0.9296003202207095,PRR5,OSD-281
AT5G61380,SAMN06468814,-0.5393872237911693,TOC1,OSD-281
AT1G01060,SAMN06468815,-0.1669747151832197,LHY,OSD-281
AT2G40080,SAMN06468815,0.05594509207803062,ELF4,OSD-281
AT2G42830,SAMN06468815,3.5020758653280777,PRR9,OSD-281
AT2G46830,SAMN06468815,0.545081296292585,CCA1,OSD-281
AT3G09600,SAMN06468815,-0.2684384229264275,GI,OSD-281
AT3G26740,SAMN06468815,-0.5385933340047021,ELF3,OSD-281
AT3G46640,SAMN06468815,0.10714628423500608,TIC,OSD-281
AT5G02810,SAMN06468815,-0.4003002572438447,PRR7,OSD-281
AT5G24470,SAMN06468815,-1.2382466755005426,PRR5,OSD-281
AT5G61380,SAMN06468815,-0.43401339445370823,TOC1,OSD-281
AT1G01060,SAMN06468813,-0.9422748942871974,LHY,OSD-281
AT2G40080,SAMN06468813,0.38520999275706136,ELF4,OSD-281
AT2G42830,SAMN06468813,-0.4449833563226154,PRR9,OSD-281
AT2G46830,SAMN06468813,0.1575596897023886,CCA1,OSD-281
AT3G09600,SAMN06468813,-0.4717994800965466,GI,OSD-281
AT3G26740,SAMN06468813,-0.11918163542423368,ELF3,OSD-281
AT3G46640,SAMN06468813,-0.2772713509339589,TIC,OSD-281
AT5G02810,SAMN06468813,-0.5527799425590119,PRR7,OSD-281
AT5G24470,SAMN06468813,-0.8499124085400551,PRR5,OSD-281
AT5G61380,SAMN06468813,-0.9374923250599739,TOC1,OSD-281
AT1G01060,SAMN06468812,-0.5579202451254298,LHY,OSD-281
AT2G40080,SAMN06468812,-0.09875172135488919,ELF4,OSD-281
AT2G42830,SAMN06468812,0.5875941973494926,PRR9,OSD-281
AT2G46830,SAMN06468812,0.5594439138006267,CCA1,OSD-281
AT3G09600,SAMN06468812,0.32324842689717415,GI,OSD-281
AT3G26740,SAMN06468812,-0.48398591316320316,ELF3,OSD-281
AT3G46640,SAMN06468812,-0.46259045421274003,TIC,OSD-281
AT5G02810,SAMN06468812,-0.21312672418698922,PRR7,OSD-281
AT5G24470,SAMN06468812,-0.3552261295492425,PRR5,OSD-281
AT5G61380,SAMN06468812,-0.6542572964957412,TOC1,OSD-281
AT1G01060,21H5_WT_RED_Col0_1g_Rep1,0.2317081048852413,LHY,OSD-314
AT2G40080,21H5_WT_RED_Col0_1g_Rep1,1.4569450803493582,ELF4,OSD-314
AT2G42830,21H5_WT_RED_Col0_1g_Rep1,0.7432545793347879,PRR9,OSD-314
AT2G46830,21H5_WT_RED_Col0_1g_Rep1,-0.5912018817004735,CCA1,OSD-314
AT3G09600,21H5_WT_RED_Col0_1g_Rep1,1.5662515739560348,GI,OSD-314
AT3G26740,21H5_WT_RED_Col0_1g_Rep1,-0.11879478472957461,ELF3,OSD-314
AT3G46640,21H5_WT_RED_Col0_1g_Rep1,-0.5828658654635407,TIC,OSD-314
AT5G02810,21H5_WT_RED_Col0_1g_Rep1,-0.695203034931844,PRR7,OSD-314
AT5G24470,21H5_WT_RED_Col0_1g_Rep1,-0.6021311271509469,PRR5,OSD-314
AT5G61380,21H5_WT_RED_Col0_1g_Rep1,-0.24201772926054752,TOC1,OSD-314
AT1G01060,22A6_WT_RED_Col0_1g_Rep2,0.46235745845454224,LHY,OSD-314
AT2G40080,22A6_WT_RED_Col0_1g_Rep2,0.5205865947251109,ELF4,OSD-314
AT2G42830,22A6_WT_RED_Col0_1g_Rep2,-1.1895997683326067,PRR9,OSD-314
AT2G46830,22A6_WT_RED_Col0_1g_Rep2,-0.235976104074185,CCA1,OSD-314
AT3G09600,22A6_WT_RED_Col0_1g_Rep2,1.15028469652773,GI,OSD-314
AT3G26740,22A6_WT_RED_Col0_1g_Rep2,-0.18171607919069171,ELF3,OSD-314
AT3G46640,22A6_WT_RED_Col0_1g_Rep2,-0.6592674085242507,TIC,OSD-314
AT5G02810,22A6_WT_RED_Col0_1g_Rep2,-1.0481872448647338,PRR7,OSD-314
AT5G24470,22A6_WT_RED_Col0_1g_Rep2,-0.737148653559695,PRR5,OSD-314
AT5G61380,22A6_WT_RED_Col0_1g_Rep2,-0.5208389369310511,TOC1,OSD-314
AT1G01060,23B6_WT_RED_Col0_1g_Rep3,0.5616853453924447,LHY,OSD-314
AT2G40080,23B6_WT_RED_Col0_1g_Rep3,1.2116683876037104,ELF4,OSD-314
AT2G42830,23B6_WT_RED_Col0_1g_Rep3,1.8035045332435584,PRR9,OSD-314
AT2G46830,23B6_WT_RED_Col0_1g_Rep3,0.10424612653983568,CCA1,OSD-314
AT3G09600,23B6_WT_RED_Col0_1g_Rep3,1.3470495330570256,GI,OSD-314
AT3G26740,23B6_WT_RED_Col0_1g_Rep3,-0.08976357227530644,ELF3,OSD-314
AT3G46640,23B6_WT_RED_Col0_1g_Rep3,-0.6322342107643908,TIC,OSD-314
AT5G02810,23B6_WT_RED_Col0_1g_Rep3,-0.9518095183426166,PRR7,OSD-314
AT5G24470,23B6_WT_RED_Col0_1g_Rep3,-0.4911445311239601,PRR5,OSD-314
AT5G61380,23B6_WT_RED_Col0_1g_Rep3,-0.5060469459948722,TOC1,OSD-314
AT1G01060,30H7_WT_DARK_Col0_1g_Rep1,-0.5123016126748383,LHY,OSD-314
AT2G40080,30H7_WT_DARK_Col0_1g_Rep1,1.025812488372232,ELF4,OSD-314
AT2G42830,30H7_WT_DARK_Col0_1g_Rep1,-1.4836444445888453,PRR9,OSD-314
AT2G46830,30H7_WT_DARK_Col0_1g_Rep1,2.383899876115616,CCA1,OSD-314
AT3G09600,30H7_WT_DARK_Col0_1g_Rep1,1.020784835062164,GI,OSD-314
AT3G26740,30H7_WT_DARK_Col0_1g_Rep1,1.6941431641445623,ELF3,OSD-314
AT3G46640,30H7_WT_DARK_Col0_1g_Rep1,2.0696061897013514,TIC,OSD-314
AT5G02810,30H7_WT_DARK_Col0_1g_Rep1,1.6528563802512266,PRR7,OSD-314
AT5G24470,30H7_WT_DARK_Col0_1g_Rep1,1.4494790955946841,PRR5,OSD-314
AT5G61380,30H7_WT_DARK_Col0_1g_Rep1,1.9586638955856799,TOC1,OSD-314
AT1G01060,31A8_WT_DARK_Col0_1g_Rep2,-0.2942573303839249,LHY,OSD-314
AT2G40080,31A8_WT_DARK_Col0_1g_Rep2,0.5941341901416972,ELF4,OSD-314
AT2G42830,31A8_WT_DARK_Col0_1g_Rep2,-1.006138705093998,PRR9,OSD-314
AT2G46830,31A8_WT_DARK_Col0_1g_Rep2,1.1354754573487278,CCA1,OSD-314
AT3G09600,31A8_WT_DARK_Col0_1g_Rep2,-0.8852466239480081,GI,OSD-314
AT3G26740,31A8_WT_DARK_Col0_1g_Rep2,1.3460472063284525,ELF3,OSD-314
AT3G46640,31A8_WT_DARK_Col0_1g_Rep2,1.4665408630484253,TIC,OSD-314
AT5G02810,31A8_WT_DARK_Col0_1g_Rep2,0.7866011299410065,PRR7,OSD-314
AT5G24470,31A8_WT_DARK_Col0_1g_Rep2,0.6365499329461555,PRR5,OSD-314
AT5G61380,31A8_WT_DARK_Col0_1g_Rep2,0.8989545408986813,TOC1,OSD-314
AT1G01060,32B8_WT_DARK_Col0_1g_Rep3,-0.5830877119047454,LHY,OSD-314
AT2G40080,32B8_WT_DARK_Col0_1g_Rep3,0.7133863825623851,ELF4,OSD-314
AT2G42830,32B8_WT_DARK_Col0_1g_Rep3,0.3698195596974161,PRR9,OSD-314
AT2G46830,32B8_WT_DARK_Col0_1g_Rep3,0.5542158738785249,CCA1,OSD-314
AT3G09600,32B8_WT_DARK_Col0_1g_Rep3,-0.35937951517658684,GI,OSD-314
AT3G26740,32B8_WT_DARK_Col0_1g_Rep3,0.8024488583013839,ELF3,OSD-314
AT3G46640,32B8_WT_DARK_Col0_1g_Rep3,1.6446422896992663,TIC,OSD-314
AT5G02810,32B8_WT_DARK_Col0_1g_Rep3,1.0212032294081486,PRR7,OSD-314
AT5G24470,32B8_WT_DARK_Col0_1g_Rep3,0.6188573345349735,PRR5,OSD-314
AT5G61380,32B8_WT_DARK_Col0_1g_Rep3,1.439440972601557,TOC1,OSD-314
AT1G01060,05G4_WT_RED_Col0_03g_Rep1,-0.21811810645329388,LHY,OSD-314
AT2G40080,05G4_WT_RED_Col0_03g_Rep1,-0.45423394368758097,ELF4,OSD-314
AT2G42830,05G4_WT_RED_Col0_03g_Rep1,-0.19579295121765466,PRR9,OSD-314
AT2G46830,05G4_WT_RED_Col0_03g_Rep1,-0.4010943207645761,CCA1,OSD-314
AT3G09600,05G4_WT_RED_Col0_03g_Rep1,0.05476142886664064,GI,OSD-314
AT3G26740,05G4_WT_RED_Col0_03g_Rep1,-0.7553185110951953,ELF3,OSD-314
AT3G46640,05G4_WT_RED_Col0_03g_Rep1,-0.6502711212804768,TIC,OSD-314
AT5G02810,05G4_WT_RED_Col0_03g_Rep1,-0.273662287460437,PRR7,OSD-314
AT5G24470,05G4_WT_RED_Col0_03g_Rep1,1.4792496825815624,PRR5,OSD-314
AT5G61380,05G4_WT_RED_Col0_03g_Rep1,-0.6913181955110416,TOC1,OSD-314
AT1G01060,06H4_WT_RED_Col0_03g_Rep2,-0.37657276952978264,LHY,OSD-314
AT2G40080,06H4_WT_RED_Col0_03g_Rep2,0.7859895490667195,ELF4,OSD-314
AT2G42830,06H4_WT_RED_Col0_03g_Rep2,0.23736676102322643,PRR9,OSD-314
AT2G46830,06H4_WT_RED_Col0_03g_Rep2,-0.7595754173141783,CCA1,OSD-314
AT3G09600,06H4_WT_RED_Col0_03g_Rep2,0.5088190006449075,GI,OSD-314
AT3G26740,06H4_WT_RED_Col0_03g_Rep2,-0.21528348013031956,ELF3,OSD-314
AT3G46640,06H4_WT_RED_Col0_03g_Rep2,-0.3725087010620921,TIC,OSD-314
AT5G02810,06H4_WT_RED_Col0_03g_Rep2,-0.5382353447584999,PRR7,OSD-314
AT5G24470,06H4_WT_RED_Col0_03g_Rep2,0.8063497881038604,PRR5,OSD-314
AT5G61380,06H4_WT_RED_Col0_03g_Rep2,-0.908362682525207,TOC1,OSD-314
AT1G01060,07A5_WT_RED_Col0_03g_Rep3,-0.3331629042883129,LHY,OSD-314
AT2G40080,07A5_WT_RED_Col0_03g_Rep3,1.4225744962253812,ELF4,OSD-314
AT2G42830,07A5_WT_RED_Col0_03g_Rep3,1.4013139156563776,PRR9,OSD-314
AT2G46830,07A5_WT_RED_Col0_03g_Rep3,-1.5295946546381234,CCA1,OSD-314
AT3G09600,07A5_WT_RED_Col0_03g_Rep3,-0.22046089885099276,GI,OSD-314
AT3G26740,07A5_WT_RED_Col0_03g_Rep3,-0.883670884874947,ELF3,OSD-314
AT3G46640,07A5_WT_RED_Col0_03g_Rep3,-0.8884948879214417,TIC,OSD-314
AT5G02810,07A5_WT_RED_Col0_03g_Rep3,-0.7519119861703135,PRR7,OSD-314
AT5G24470,07A5_WT_RED_Col0_03g_Rep3,0.9659686880878329,PRR5,OSD-314
AT5G61380,07A5_WT_RED_Col0_03g_Rep3,-0.9936230725614247,TOC1,OSD-314
AT1G01060,13I4_WT_DARK_Col0_03g_Rep1,-1.3126879437099137,LHY,OSD-314
AT2G40080,13I4_WT_DARK_Col0_03g_Rep1,-0.6107975237280829,ELF4,OSD-314
AT2G42830,13I4_WT_DARK_Col0_03g_Rep1,0.8423765267581904,PRR9,OSD-314
AT2G46830,13I4_WT_DARK_Col0_03g_Rep1,-1.011253844051143,CCA1,OSD-314
AT3G09600,13I4_WT_DARK_Col0_03g_Rep1,-1.2521957468939195,GI,OSD-314
AT3G26740,13I4_WT_DARK_Col0_03g_Rep1,1.038287914230939,ELF3,OSD-314
AT3G46640,13I4_WT_DARK_Col0_03g_Rep1,-0.004834800522816272,TIC,OSD-314
AT5G02810,13I4_WT_DARK_Col0_03g_Rep1,0.9326930944481726,PRR7,OSD-314
AT5G24470,13I4_WT_DARK_Col0_03g_Rep1,-0.45175704932439187,PRR5,OSD-314
AT5G61380,13I4_WT_DARK_Col0_03g_Rep1,0.5484224072515526,TOC1,OSD-314
AT1G01060,14J4_WT_DARK_Col0_03g_Rep2,-1.3212747264081233,LHY,OSD-314
AT2G40080,14J4_WT_DARK_Col0_03g_Rep2,-1.209283661980242,ELF4,OSD-314
AT2G42830,14J4_WT_DARK_Col0_03g_Rep2,0.9954020611011236,PRR9,OSD-314
AT2G46830,14J4_WT_DARK_Col0_03g_Rep2,-1.0796215644117158,CCA1,OSD-314
AT3G09600,14J4_WT_DARK_Col0_03g_Rep2,-1.649745675446068,GI,OSD-314
AT3G26740,14J4_WT_DARK_Col0_03g_Rep2,0.8415690003870844,ELF3,OSD-314
AT3G46640,14J4_WT_DARK_Col0_03g_Rep2,0.35480260772009203,TIC,OSD-314
AT5G02810,14J4_WT_DARK_Col0_03g_Rep2,1.3571834189513805,PRR7,OSD-314
AT5G24470,14J4_WT_DARK_Col0_03g_Rep2,0.6639655422030551,PRR5,OSD-314
AT5G61380,14J4_WT_DARK_Col0_03g_Rep2,1.0761321115012807,TOC1,OSD-314
AT1G01060,15A7_WT_DARK_Col0_03g_Rep3,-1.3806107863094037,LHY,OSD-314
AT2G40080,15A7_WT_DARK_Col0_03g_Rep3,-1.1643902575394407,ELF4,OSD-314
AT2G42830,15A7_WT_DARK_Col0_03g_Rep3,0.26558077455935725,PRR9,OSD-314
AT2G46830,15A7_WT_DARK_Col0_03g_Rep3,-0.8949346361240618,CCA1,OSD-314
AT3G09600,15A7_WT_DARK_Col0_03g_Rep3,-0.82149284901044,GI,OSD-314
AT3G26740,15A7_WT_DARK_Col0_03g_Rep3,0.6102571728472683,ELF3,OSD-314
AT3G46640,15A7_WT_DARK_Col0_03g_Rep3,0.00597142776548131,TIC,OSD-314
AT5G02810,15A7_WT_DARK_Col0_03g_Rep3,1.128061022302349,PRR7,OSD-314
AT5G24470,15A7_WT_DARK_Col0_03g_Rep3,0.05932740789858464,PRR5,OSD-314
AT5G61380,15A7_WT_DARK_Col0_03g_Rep3,0.8051749988737564,TOC1,OSD-314
AT1G01060,JBA1_WT_DARK_Col0_0g_Rep1,-0.24981862904313124,LHY,OSD-314
AT2G40080,JBA1_WT_DARK_Col0_0g_Rep1,-0.993372701998415,ELF4,OSD-314
AT2G42830,JBA1_WT_DARK_Col0_0g_Rep1,-0.1299685354312506,PRR9,OSD-314
AT2G46830,JBA1_WT_DARK_Col0_0g_Rep1,-0.2560175022789174,CCA1,OSD-314
AT3G09600,JBA1_WT_DARK_Col0_0g_Rep1,-1.0576632444605683,GI,OSD-314
AT3G26740,JBA1_WT_DARK_Col0_0g_Rep1,-0.5280702490142073,ELF3,OSD-314
AT3G46640,JBA1_WT_DARK_Col0_0g_Rep1,0.616159408575816,TIC,OSD-314
AT5G02810,JBA1_WT_DARK_Col0_0g_Rep1,0.3196076886881286,PRR7,OSD-314
AT5G24470,JBA1_WT_DARK_Col0_0g_Rep1,-0.12386776235941943,PRR5,OSD-314
AT5G61380,JBA1_WT_DARK_Col0_0g_Rep1,0.14929223148888623,TOC1,OSD-314
AT1G01060,JBB1_WT_DARK_Col0_0g_Rep2,0.2290577032625224,LHY,OSD-314
AT2G40080,JBB1_WT_DARK_Col0_0g_Rep2,-0.8041253683247196,ELF4,OSD-314
AT2G42830,JBB1_WT_DARK_Col0_0g_Rep2,-0.8044077073992705,PRR9,OSD-314
AT2G46830,JBB1_WT_DARK_Col0_0g_Rep2,0.38587258605296676,CCA1,OSD-314
AT3G09600,JBB1_WT_DARK_Col0_0g_Rep2,-0.6502612794145163,GI,OSD-314
AT3G26740,JBB1_WT_DARK_Col0_0g_Rep2,0.754726018433092,ELF3,OSD-314
AT3G46640,JBB1_WT_DARK_Col0_0g_Rep2,0.7502358556774137,TIC,OSD-314
AT5G02810,JBB1_WT_DARK_Col0_0g_Rep2,0.46959146206344915,PRR7,OSD-314
AT5G24470,JBB1_WT_DARK_Col0_0g_Rep2,-0.9586334516664512,PRR5,OSD-314
AT5G61380,JBB1_WT_DARK_Col0_0g_Rep2,0.4697986450438135,TOC1,OSD-314
AT1G01060,JBH2_WT_RED_Col0_0g_Rep1,1.2973333036208077,LHY,OSD-314
AT2G40080,JBH2_WT_RED_Col0_0g_Rep1,-0.976757770004147,ELF4,OSD-314
AT2G42830,JBH2_WT_RED_Col0_0g_Rep1,-0.6061843258192823,PRR9,OSD-314
AT2G46830,JBH2_WT_RED_Col0_0g_Rep1,0.23365892985891878,CCA1,OSD-314
AT3G09600,JBH2_WT_RED_Col0_0g_Rep1,-0.42770140379538696,GI,OSD-314
AT3G26740,JBH2_WT_RED_Col0_0g_Rep1,-1.5048516932981224,ELF3,OSD-314
AT3G46640,JBH2_WT_RED_Col0_0g_Rep1,-0.9141753920022067,TIC,OSD-314
AT5G02810,JBH2_WT_RED_Col0_0g_Rep1,-1.1864185079389529,PRR7,OSD-314
AT5G24470,JBH2_WT_RED_Col0_0g_Rep1,-1.6656660102397378,PRR5,OSD-314
AT5G61380,JBH2_WT_RED_Col0_0g_Rep1,-1.2320282594000354,TOC1,OSD-314
AT1G01060,JBA3_WT_RED_Col0_0g_Rep2,1.7664037034087192,LHY,OSD-314
AT2G40080,JBA3_WT_RED_Col0_0g_Rep2,-0.28734190028538875,ELF4,OSD-314
AT2G42830,JBA3_WT_RED_Col0_0g_Rep2,0.3262923750351027,PRR9,OSD-314
AT2G46830,JBA3_WT_RED_Col0_0g_Rep2,1.1297904293191152,CCA1,OSD-314
AT3G09600,JBA3_WT_RED_Col0_0g_Rep2,0.6798243674356413,GI,OSD-314
AT3G26740,JBA3_WT_RED_Col0_0g_Rep2,-1.4312109992755426,ELF3,OSD-314
AT3G46640,JBA3_WT_RED_Col0_0g_Rep2,-1.0538559363536606,TIC,OSD-314
AT5G02810,JBA3_WT_RED_Col0_0g_Rep2,-1.0639554119163108,PRR7,OSD-314
AT5G24470,JBA3_WT_RED_Col0_0g_Rep2,0.287663966007015,PRR5,OSD-314
AT5G61380,JBA3_WT_RED_Col0_0g_Rep2,-1.0795114239553334,TOC1,OSD-314
AT1G01060,JBB3_WT_RED_Col0_0g_Rep3,2.033346901681183,LHY,OSD-314
AT2G40080,JBB3_WT_RED_Col0_0g_Rep3,-1.2307940414985765,ELF4,OSD-314
AT2G42830,JBB3_WT_RED_Col0_0g_Rep3,-1.569174648526236,PRR9,OSD-314
AT2G46830,JBB3_WT_RED_Col0_0g_Rep3,0.8321106462436813,CCA1,OSD-314
AT3G09600,JBB3_WT_RED_Col0_0g_Rep3,0.996371801446343,GI,OSD-314
AT3G26740,JBB3_WT_RED_Col0_0g_Rep3,-1.3787990807888764,ELF3,OSD-314
AT3G46640,JBB3_WT_RED_Col0_0g_Rep3,-1.1494503182929692,TIC,OSD-314
AT5G02810,JBB3_WT_RED_Col0_0g_Rep3,-1.1584140896701545,PRR7,OSD-314
AT5G24470,JBB3_WT_RED_Col0_0g_Rep3,-1.937062852533116,PRR5,OSD-314
AT5G61380,JBB3_WT_RED_Col0_0g_Rep3,-1.172132557105697,TOC1,OSD-314
AT1G01060,GSM4486031,0.13037613254334532,LHY,OSD-321
AT1G75530,GSM4486031,-0.567018621962438,LUX,OSD-321
AT2G40080,GSM4486031,-0.17001752736919898,ELF4,OSD-321
AT2G42830,GSM4486031,0.12611790646539106,PRR9,OSD-321
AT2G46830,GSM4486031,-1.162147660501343,CCA1,OSD-321
AT3G09600,GSM4486031,-0.7336263672730733,GI,OSD-321
AT3G26740,GSM4486031,-0.7476106388191549,ELF3,OSD-321
AT3G46640,GSM4486031,-0.680591779244704,TIC,OSD-321
AT5G02810,GSM4486031,-0.8438784372243321,PRR7,OSD-321
AT5G24470,GSM4486031,-1.083266274206411,PRR5,OSD-321
AT5G61380,GSM4486031,-1.1635068716504517,TOC1,OSD-321
AT1G01060,GSM4486032,3.347413222578371,LHY,OSD-321
AT1G75530,GSM4486032,3.8173794980812463,LUX,OSD-321
AT2G40080,GSM4486032,-0.8779489088311534,ELF4,OSD-321
AT2G42830,GSM4486032,1.1854119136279415,PRR9,OSD-321
AT2G46830,GSM4486032,-0.001585203909514951,CCA1,OSD-321
AT3G09600,GSM4486032,-0.7702986523993873,GI,OSD-321
AT3G26740,GSM4486032,-1.1279139272442404,ELF3,OSD-321
AT3G46640,GSM4486032,-1.6250687628494935,TIC,OSD-321
AT5G02810,GSM4486032,-0.9362452070063493,PRR7,OSD-321
AT5G24470,GSM4486032,-0.9271688249094349,PRR5,OSD-321
AT5G61380,GSM4486032,-0.9679502721446503,TOC1,OSD-321
AT1G01060,GSM4486033,1.0956071631529485,LHY,OSD-321
AT1G75530,GSM4486033,-0.567018621962438,LUX,OSD-321
AT2G40080,GSM4486033,-0.7566361584930482,ELF4,OSD-321
AT2G42830,GSM4486033,1.3630195703537717,PRR9,OSD-321
AT2G46830,GSM4486033,0.06995212808572625,CCA1,OSD-321
AT3G09600,GSM4486033,-1.4491089080086936,GI,OSD-321
AT3G26740,GSM4486033,-0.9108963174046509,ELF3,OSD-321
AT3G46640,GSM4486033,0.5852883669936971,TIC,OSD-321
AT5G02810,GSM4486033,-1.0208724837015555,PRR7,OSD-321
AT5G24470,GSM4486033,-0.7447147428434501,PRR5,OSD-321
AT5G61380,GSM4486033,-0.5684482244404497,TOC1,OSD-321
AT1G01060,GSM4486034,0.3971469008660839,LHY,OSD-321
AT1G75530,GSM4486034,0.07533006989382932,LUX,OSD-321
AT2G40080,GSM4486034,0.22771392341401603,ELF4,OSD-321
AT2G42830,GSM4486034,1.018941605468068,PRR9,OSD-321
AT2G46830,GSM4486034,-0.539280593900641,CCA1,OSD-321
AT3G09600,GSM4486034,-1.1200552108381356,GI,OSD-321
AT3G26740,GSM4486034,-1.136236288906542,ELF3,OSD-321
AT3G46640,GSM4486034,1.125295709275395,TIC,OSD-321
AT5G02810,GSM4486034,-1.1165789429054835,PRR7,OSD-321
AT5G24470,GSM4486034,-0.02619506592599672,PRR5,OSD-321
AT5G61380,GSM4486034,-0.6866532995777881,TOC1,OSD-321
AT1G01060,GSM4486035,-1.1277734726279325,LHY,OSD-321
AT1G75530,GSM4486035,-0.567018621962438,LUX,OSD-321
AT2G40080,GSM4486035,1.3811488452841665,ELF4,OSD-321
AT2G42830,GSM4486035,-1.0012654517789985,PRR9,OSD-321
AT2G46830,GSM4486035,0.38900392190304056,CCA1,OSD-321
AT3G09600,GSM4486035,2.5729882662911896,GI,OSD-321
AT3G26740,GSM4486035,1.475478045255502,ELF3,OSD-321
AT3G46640,GSM4486035,0.2909619255907653,TIC,OSD-321
AT5G02810,GSM4486035,1.462463823884117,PRR7,OSD-321
AT5G24470,GSM4486035,0.6411327218261108,PRR5,OSD-321
AT5G61380,GSM4486035,1.6776106543372755,TOC1,OSD-321
AT1G01060,GSM4486036,-0.3544701562235522,LHY,OSD-321
AT1G75530,GSM4486036,-0.567018621962438,LUX,OSD-321
AT2G40080,GSM4486036,-1.3223242266781192,ELF4,OSD-321
AT2G42830,GSM4486036,-1.0012654517789985,PRR9,OSD-321
AT2G46830,GSM4486036,1.0298367413718497,CCA1,OSD-321
AT3G09600,GSM4486036,0.8180524138147396,GI,OSD-321
AT3G26740,GSM4486036,3.540593785792139,ELF3,OSD-321
AT3G46640,GSM4486036,-1.6458417979976028,TIC,OSD-321
AT5G02810,GSM4486036,0.12464176247753485,PRR7,OSD-321
AT5G24470,GSM4486036,0.011066285457899075,PRR5,OSD-321
AT5G61380,GSM4486036,1.4293959753327823,TOC1,OSD-321
AT1G01060,GSM4486037,-1.2891555904056127,LHY,OSD-321
AT1G75530,GSM4486037,-0.567018621962438,LUX,OSD-321
AT2G40080,GSM4486037,0.45378794513745374,ELF4,OSD-321
AT2G42830,GSM4486037,-0.8834554732571764,PRR9,OSD-321
AT2G46830,GSM4486037,0.3421909023924606,CCA1,OSD-321
AT3G09600,GSM4486037,-0.7809703246063603,GI,OSD-321
AT3G26740,GSM4486037,-0.7041169150354882,ELF3,OSD-321
AT3G46640,GSM4486037,-0.11329993454150707,TIC,OSD-321
AT5G02810,GSM4486037,0.8778717544550529,PRR7,OSD-321
AT5G24470,GSM4486037,0.34876076933854067,PRR5,OSD-321
AT5G61380,GSM4486037,0.7032842527231766,TOC1,OSD-321
AT1G01060,GSM4486038,-1.2804626846696083,LHY,OSD-321
AT1G75530,GSM4486038,0.6044756857573099,LUX,OSD-321
AT2G40080,GSM4486038,3.1177411532164117,ELF4,OSD-321
AT2G42830,GSM4486038,-1.0012654517789985,PRR9,OSD-321
AT2G46830,GSM4486038,1.3642974544196205,CCA1,OSD-321
AT3G09600,GSM4486038,0.46264864153449203,GI,OSD-321
AT3G26740,GSM4486038,1.8794344469117295,ELF3,OSD-321
AT3G46640,GSM4486038,-0.7197874161370165,TIC,OSD-321
AT5G02810,GSM4486038,1.0194082097917163,PRR7,OSD-321
AT5G24470,GSM4486038,1.4500824635546088,PRR5,OSD-321
AT5G61380,GSM4486038,1.8220609904703813,TOC1,OSD-321
AT1G01060,GSM4486039,0.37999542080834625,LHY,OSD-321
AT1G75530,GSM4486039,2.215165619239158,LUX,OSD-321
AT2G40080,GSM4486039,-0.8883757331754697,ELF4,OSD-321
AT2G42830,GSM4486039,1.2547124897527642,PRR9,OSD-321
AT2G46830,GSM4486039,-1.1178547357007789,CCA1,OSD-321
AT3G09600,GSM4486039,-0.7791218459901417,GI,OSD-321
AT3G26740,GSM4486039,0.3262776776952005,ELF3,OSD-321
AT3G46640,GSM4486039,0.6335530333038369,TIC,OSD-321
AT5G02810,GSM4486039,-0.8518962508067007,PRR7,OSD-321
AT5G24470,GSM4486039,-1.075792930497875,PRR5,OSD-321
AT5G61380,GSM4486039,-0.8240462723162083,TOC1,OSD-321
AT1G01060,GSM4486040,1.4791263181985668,LHY,OSD-321
AT1G75530,GSM4486040,1.506262618831792,LUX,OSD-321
AT2G40080,GSM4486040,-0.8612837743041835,ELF4,OSD-321
AT2G42830,GSM4486040,1.4931628180780128,PRR9,OSD-321
AT2G46830,GSM4486040,0.01682770680453242,CCA1,OSD-321
AT3G09600,GSM4486040,-0.7786786670853056,GI,OSD-321
AT3G26740,GSM4486040,-0.9985137282176335,ELF3,OSD-321
AT3G46640,GSM4486040,-1.2336413192287345,TIC,OSD-321
AT5G02810,GSM4486040,-0.9806178445134959,PRR7,OSD-321
AT5G24470,GSM4486040,-0.9749691207691865,PRR5,OSD-321
AT5G61380,GSM4486040,-1.2009438193842983,TOC1,OSD-321
AT1G01060,GSM4486041,0.6482257514520522,LHY,OSD-321
AT1G75530,GSM4486041,2.594373873223885,LUX,OSD-321
AT2G40080,GSM4486041,-0.5359760804591052,ELF4,OSD-321
AT2G42830,GSM4486041,1.6214355135840657,PRR9,OSD-321
AT2G46830,GSM4486041,-0.2338543893841978,CCA1,OSD-321
AT3G09600,GSM4486041,-1.1699997409774352,GI,OSD-321
AT3G26740,GSM4486041,-0.790330585461301,ELF3,OSD-321
AT3G46640,GSM4486041,-0.648423387841427,TIC,OSD-321
AT5G02810,GSM4486041,-0.8373361827766992,PRR7,OSD-321
AT5G24470,GSM4486041,-0.9026323895660862,PRR5,OSD-321
AT5G61380,GSM4486041,-0.8245510132424002,TOC1,OSD-321
AT1G01060,GSM4486042,-0.06916075047865813,LHY,OSD-321
AT1G75530,GSM4486042,0.12149973570383836,LUX,OSD-321
AT2G40080,GSM4486042,-0.814602281352811,ELF4,OSD-321
AT2G42830,GSM4486042,1.1323222416141996,PRR9,OSD-321
AT2G46830,GSM4486042,-1.3357911392967525,CCA1,OSD-321
AT3G09600,GSM4486042,-1.068868401461905,GI,OSD-321
AT3G26740,GSM4486042,-0.9335006524588975,ELF3,OSD-321
AT3G46640,GSM4486042,2.021907897750752,TIC,OSD-321
AT5G02810,GSM4486042,-1.164946887312117,PRR7,OSD-321
AT5G24470,GSM4486042,-0.9777557276755995,PRR5,OSD-321
AT5G61380,GSM4486042,-0.5291698569641546,TOC1,OSD-321
AT1G01060,GSM4486043,-0.67237235285327,LHY,OSD-321
AT1G75530,GSM4486043,-0.567018621962438,LUX,OSD-321
AT2G40080,GSM4486043,0.8255494498325318,ELF4,OSD-321
AT2G42830,GSM4486043,-0.9417296489989112,PRR9,OSD-321
AT2G46830,GSM4486043,1.2775291564711229,CCA1,OSD-321
AT3G09600,GSM4486043,1.4060591265318092,GI,OSD-321
AT3G26740,GSM4486043,0.3116286368852941,ELF3,OSD-321
AT3G46640,GSM4486043,0.19784353716325961,TIC,OSD-321
AT5G02810,GSM4486043,0.8469257411094254,PRR7,OSD-321
AT5G24470,GSM4486043,0.7441815876313466,PRR5,OSD-321
AT5G61380,GSM4486043,0.42236313850798035,TOC1,OSD-321
AT1G01060,GSM4486044,-1.12932985889453,LHY,OSD-321
AT1G75530,GSM4486044,-0.567018621962438,LUX,OSD-321
AT2G40080,GSM4486044,2.346310773758275,ELF4,OSD-321
AT2G42830,GSM4486044,-1.0012654517789985,PRR9,OSD-321
AT2G46830,GSM4486044,-0.8347131092150071,CCA1,OSD-321
AT3G09600,GSM4486044,0.15642733089788716,GI,OSD-321
AT3G26740,GSM4486044,0.9078583461870791,ELF3,OSD-321
AT3G46640,GSM4486044,0.7622976650305743,TIC,OSD-321
AT5G02810,GSM4486044,-0.6100495770353576,PRR7,OSD-321
AT5G24470,GSM4486044,-0.0322859196208299,PRR5,OSD-321
AT5G61380,GSM4486044,-0.0470922472363098,TOC1,OSD-321
AT1G01060,GSM4486045,-0.873345249141893,LHY,OSD-321
AT1G75530,GSM4486045,-0.567018621962438,LUX,OSD-321
AT2G40080,GSM4486045,1.0068726398012309,ELF4,OSD-321
AT2G42830,GSM4486045,-0.7868532389242895,PRR9,OSD-321
AT2G46830,GSM4486045,0.3057657988060426,CCA1,OSD-321
AT3G09600,GSM4486045,0.7584657375797239,GI,OSD-321
AT3G26740,GSM4486045,0.2985026538370261,ELF3,OSD-321
AT3G46640,GSM4486045,-0.1202038847771078,TIC,OSD-321
AT5G02810,GSM4486045,0.6234227892118172,PRR7,OSD-321
AT5G24470,GSM4486045,0.34900432036858836,PRR5,OSD-321
AT5G61380,GSM4486045,-0.16023459778434918,TOC1,OSD-321
AT1G01060,GSM4486046,-0.49985654392984785,LHY,OSD-321
AT1G75530,GSM4486046,-0.567018621962438,LUX,OSD-321
AT2G40080,GSM4486046,0.1706276210243551,ELF4,OSD-321
AT2G42830,GSM4486046,-0.7645026525928876,PRR9,OSD-321
AT2G46830,GSM4486046,1.0859053344862377,CCA1,OSD-321
AT3G09600,GSM4486046,0.9012447406452956,GI,OSD-321
AT3G26740,GSM4486046,-0.4082961530223631,ELF3,OSD-321
AT3G46640,GSM4486046,-0.42439128409138693,TIC,OSD-321
AT5G02810,GSM4486046,1.1160113819480182,PRR7,OSD-321
AT5G24470,GSM4486046,0.39653875301431085,PRR5,OSD-321
AT5G61380,GSM4486046,1.2786303479237555,TOC1,OSD-321
AT1G01060,GSM4486047,0.6205467803308266,LHY,OSD-321
AT1G75530,GSM4486047,-0.567018621962438,LUX,OSD-321
AT2G40080,GSM4486047,-0.8611012421966284,ELF4,OSD-321
AT2G42830,GSM4486047,0.3953069516994635,PRR9,OSD-321
AT2G46830,GSM4486047,-1.1487989640213139,CCA1,OSD-321
AT3G09600,GSM4486047,-1.3519893720275606,GI,OSD-321
AT3G26740,GSM4486047,-0.4973483715121067,ELF3,OSD-321
AT3G46640,GSM4486047,-0.8066993751391891,TIC,OSD-321
AT5G02810,GSM4486047,-0.951932065571266,PRR7,OSD-321
AT5G24470,GSM4486047,-0.7506966251531966,PRR5,OSD-321
AT5G61380,GSM4486047,-0.8110405491741643,TOC1,OSD-321
AT1G01060,GSM4486048,-0.22848413992313343,LHY,OSD-321
AT1G75530,GSM4486048,0.921048771015937,LUX,OSD-321
AT2G40080,GSM4486048,-0.5440676038741845,ELF4,OSD-321
AT2G42830,GSM4486048,0.6497405475413504,PRR9,OSD-321
AT2G46830,GSM4486048,-1.0078999824037431,CCA1,OSD-321
AT3G09600,GSM4486048,-0.4916550313521059,GI,OSD-321
AT3G26740,GSM4486048,0.7464538909739475,ELF3,OSD-321
AT3G46640,GSM4486048,-0.35875595434612567,TIC,OSD-321
AT5G02810,GSM4486048,-0.7888485325371352,PRR7,OSD-321
AT5G24470,GSM4486048,-0.8893536050084972,PRR5,OSD-321
AT5G61380,GSM4486048,-0.6499531833602298,TOC1,OSD-321
AT1G01060,GSM4486049,1.4755711804720204,LHY,OSD-321
AT1G75530,GSM4486049,0.04853166536766852,LUX,OSD-321
AT2G40080,GSM4486049,-0.9372441743893584,ELF4,OSD-321
AT2G42830,GSM4486049,0.8131497459018416,PRR9,OSD-321
AT2G46830,GSM4486049,-0.30342991572118466,CCA1,OSD-321
AT3G09600,GSM4486049,-0.3799673026504817,GI,OSD-321
AT3G26740,GSM4486049,-0.4663189275991147,ELF3,OSD-321
AT3G46640,GSM4486049,-1.1817496787826298,TIC,OSD-321
AT5G02810,GSM4486049,-0.8931356334838306,PRR7,OSD-321
AT5G24470,GSM4486049,-0.99465498029158,PRR5,OSD-321
AT5G61380,GSM4486049,-1.18499653374145,TOC1,OSD-321
AT1G01060,GSM4486050,0.19045024909480307,LHY,OSD-321
AT1G75530,GSM4486050,0.8864203280832225,LUX,OSD-321
AT2G40080,GSM4486050,-0.3384522482144242,ELF4,OSD-321
AT2G42830,GSM4486050,0.22086093297462983,PRR9,OSD-321
AT2G46830,GSM4486050,-1.0177927793266917,CCA1,OSD-321
AT3G09600,GSM4486050,-1.4160779762027518,GI,OSD-321
AT3G26740,GSM4486050,-0.8735636690081884,ELF3,OSD-321
AT3G46640,GSM4486050,1.1350047525948619,TIC,OSD-321
AT5G02810,GSM4486050,-0.8084361307993294,PRR7,OSD-321
AT5G24470,GSM4486050,-0.5652467717667584,PRR5,OSD-321
AT5G61380,GSM4486050,-0.5840499580614016,TOC1,OSD-321
AT1G01060,GSM4486051,0.072617867337471,LHY,OSD-321
AT1G75530,GSM4486051,0.10732720590302468,LUX,OSD-321
AT2G40080,GSM4486051,-0.5907582112693797,ELF4,OSD-321
AT2G42830,GSM4486051,0.680658820066602,PRR9,OSD-321
AT2G46830,GSM4486051,-0.9436127608939128,CCA1,OSD-321
AT3G09600,GSM4486051,-0.9516924397643627,GI,OSD-321
AT3G26740,GSM4486051,-0.5416769791883862,ELF3,OSD-321
AT3G46640,GSM4486051,1.6399733342867104,TIC,OSD-321
AT5G02810,GSM4486051,-0.9259585142962687,PRR7,OSD-321
AT5G24470,GSM4486051,-0.648664809780154,PRR5,OSD-321
AT5G61380,GSM4486051,-0.5910569810056813,TOC1,OSD-321
AT1G01060,GSM4486052,-0.4869309453203373,LHY,OSD-321
AT1G75530,GSM4486052,-0.567018621962438,LUX,OSD-321
AT2G40080,GSM4486052,0.8613337013067318,ELF4,OSD-321
AT2G42830,GSM4486052,-1.0012654517789985,PRR9,OSD-321
AT2G46830,GSM4486052,2.13318753628195,CCA1,OSD-321
AT3G09600,GSM4486052,1.6179546638062245,GI,OSD-321
AT3G26740,GSM4486052,-0.4963820124603784,ELF3,OSD-321
AT3G46640,GSM4486052,1.2569736031455554,TIC,OSD-321
AT5G02810,GSM4486052,0.9205411422270066,PRR7,OSD-321
AT5G24470,GSM4486052,1.4885058678399241,PRR5,OSD-321
AT5G61380,GSM4486052,1.3302435947537714,TOC1,OSD-321
AT1G01060,GSM4486053,-0.7671148293879396,LHY,OSD-321
AT1G75530,GSM4486053,-0.567018621962438,LUX,OSD-321
AT2G40080,GSM4486053,-0.49679138317625654,ELF4,OSD-321
AT2G42830,GSM4486053,-1.0012654517789985,PRR9,OSD-321
AT2G46830,GSM4486053,-0.23777918583237095,CCA1,OSD-321
AT3G09600,GSM4486053,0.8491140689820342,GI,OSD-321
AT3G26740,GSM4486053,-0.22358751808110452,ELF3,OSD-321
AT3G46640,GSM4486053,-0.021965682926695446,TIC,OSD-321
AT5G02810,GSM4486053,0.2885775580802678,PRR7,OSD-321
AT5G24470,GSM4486053,0.1486942126282962,PRR5,OSD-321
AT5G61380,GSM4486053,0.694957536678823,TOC1,OSD-321
AT1G01060,GSM4486054,0.031114466183839944,LHY,OSD-321
AT1G75530,GSM4486054,-0.567018621962438,LUX,OSD-321
AT2G40080,GSM4486054,-0.38723125377328105,ELF4,OSD-321
AT2G42830,GSM4486054,-0.7838322359380178,PRR9,OSD-321
AT2G46830,GSM4486054,-0.21902279809183234,CCA1,OSD-321
AT3G09600,GSM4486054,0.12360923967660666,GI,OSD-321
AT3G26740,GSM4486054,1.1198744199514254,ELF3,OSD-321
AT3G46640,GSM4486054,0.833617270653708,TIC,OSD-321
AT5G02810,GSM4486054,-0.03160793838594189,PRR7,OSD-321
AT5G24470,GSM4486054,0.2589463712422716,PRR5,OSD-321
AT5G61380,GSM4486054,1.3974770069346474,TOC1,OSD-321
AT1G01060,GSM4486055,-0.6751199474428801,LHY,OSD-321
AT1G75530,GSM4486055,-0.567018621962438,LUX,OSD-321
AT2G40080,GSM4486055,0.4817990582037538,ELF4,OSD-321
AT2G42830,GSM4486055,-1.0012654517789985,PRR9,OSD-321
AT2G46830,GSM4486055,1.4132451807011657,CCA1,OSD-321
AT3G09600,GSM4486055,0.6599203745490108,GI,OSD-321
AT3G26740,GSM4486055,-1.0291554485742327,ELF3,OSD-321
AT3G46640,GSM4486055,0.75920388721615,TIC,OSD-321
AT5G02810,GSM4486055,0.1867476461856156,PRR7,OSD-321
AT5G24470,GSM4486055,1.1820756821538891,PRR5,OSD-321
AT5G61380,GSM4486055,1.1103563508039949,TOC1,OSD-321
AT1G01060,GSM4486056,-0.6219093916959615,LHY,OSD-321
AT1G75530,GSM4486056,1.3018880412465443,LUX,OSD-321
AT2G40080,GSM4486056,0.6106142602729696,ELF4,OSD-321
AT2G42830,GSM4486056,-1.0012654517789985,PRR9,OSD-321
AT2G46830,GSM4486056,1.0510567503540624,CCA1,OSD-321
AT3G09600,GSM4486056,0.8036019230270518,GI,OSD-321
AT3G26740,GSM4486056,0.28155737207063913,ELF3,OSD-321
AT3G46640,GSM4486056,0.06403865344863144,TIC,OSD-321
AT5G02810,GSM4486056,1.1417588836269257,PRR7,OSD-321
AT5G24470,GSM4486056,1.0090525431173087,PRR5,OSD-321
AT5G61380,GSM4486056,1.1284045109069316,TOC1,OSD-321
AT1G01060,GSM4486057,-0.4032370739657506,LHY,OSD-321
AT1G75530,GSM4486057,-0.567018621962438,LUX,OSD-321
AT2G40080,GSM4486057,-0.6336399439659505,ELF4,OSD-321
AT2G42830,GSM4486057,1.8686149321723695,PRR9,OSD-321
AT2G46830,GSM4486057,-1.4042177742757576,CCA1,OSD-321
AT3G09600,GSM4486057,0.07736630863599471,GI,OSD-321
AT3G26740,GSM4486057,0.009400716214712201,ELF3,OSD-321
AT3G46640,GSM4486057,0.5719241027020131,TIC,OSD-321
AT5G02810,GSM4486057,-0.16936095865795983,PRR7,OSD-321
AT5G24470,GSM4486057,-0.8311742774973366,PRR5,OSD-321
AT5G61380,GSM4486057,-1.3006469785999821,TOC1,OSD-321
AT1G01060,GSM4486058,1.279620004030152,LHY,OSD-321
AT1G75530,GSM4486058,-0.567018621962438,LUX,OSD-321
AT2G40080,GSM4486058,-0.7121285689264178,ELF4,OSD-321
AT2G42830,GSM4486058,0.016703467812019788,PRR9,OSD-321
AT2G46830,GSM4486058,-0.32934511723618626,CCA1,OSD-321
AT3G09600,GSM4486058,-0.35780413113020804,GI,OSD-321
AT3G26740,GSM4486058,-0.5519597752124407,ELF3,OSD-321
AT3G46640,GSM4486058,-1.1567238779901037,TIC,OSD-321
AT5G02810,GSM4486058,-0.607222526666465,PRR7,OSD-321
AT5G24470,GSM4486058,-0.7928830367932563,PRR5,OSD-321
AT5G61380,GSM4486058,-1.0919814325051944,TOC1,OSD-321
AT1G01060,GSM4486059,0.6762600451893839,LHY,OSD-321
AT1G75530,GSM4486059,0.02464064070181083,LUX,OSD-321
AT2G40080,GSM4486059,-0.40879739563110534,ELF4,OSD-321
AT2G42830,GSM4486059,0.9722056075333012,PRR9,OSD-321
AT2G46830,GSM4486059,-0.697169034305526,CCA1,OSD-321
AT3G09600,GSM4486059,0.16911615758332968,GI,OSD-321
AT3G26740,GSM4486059,0.18452765752721972,ELF3,OSD-321
AT3G46640,GSM4486059,0.5325947524144091,TIC,OSD-321
AT5G02810,GSM4486059,-0.6894848918408518,PRR7,OSD-321
AT5G24470,GSM4486059,-0.8439832894740199,PRR5,OSD-321
AT5G61380,GSM4486059,-0.7025566059623867,TOC1,OSD-321
AT1G01060,GSM4486060,-0.3631439614125439,LHY,OSD-321
AT1G75530,GSM4486060,0.2275443163456246,LUX,OSD-321
AT2G40080,GSM4486060,-0.23548766355377942,ELF4,OSD-321
AT2G42830,GSM4486060,0.8003387322336629,PRR9,OSD-321
AT2G46830,GSM4486060,-0.9422312666065952,CCA1,OSD-321
AT3G09600,GSM4486060,-1.2655209243259624,GI,OSD-321
AT3G26740,GSM4486060,-0.03591932659972672,ELF3,OSD-321
AT3G46640,GSM4486060,1.8780828622012737,TIC,OSD-321
AT5G02810,GSM4486060,-0.6415527901320143,PRR7,OSD-321
AT5G24470,GSM4486060,-0.8576762641034761,PRR5,OSD-321
AT5G61380,GSM4486060,-0.7336924464364137,TOC1,OSD-321
AT1G01060,GSM4486061,-0.7069702147354641,LHY,OSD-321
AT1G75530,GSM4486061,-0.567018621962438,LUX,OSD-321
AT2G40080,GSM4486061,-0.13589179624718062,ELF4,OSD-321
AT2G42830,GSM4486061,-0.6534626183936871,PRR9,OSD-321
AT2G46830,GSM4486061,0.5290975412387294,CCA1,OSD-321
AT3G09600,GSM4486061,-0.25289433063431366,GI,OSD-321
AT3G26740,GSM4486061,-0.8332539417502058,ELF3,OSD-321
AT3G46640,GSM4486061,-1.146085821121193,TIC,OSD-321
AT5G02810,GSM4486061,0.5937283794007546,PRR7,OSD-321
AT5G24470,GSM4486061,0.9678002241626247,PRR5,OSD-321
AT5G61380,GSM4486061,-0.007205465205686524,TOC1,OSD-321
AT1G01060,GSM4486062,-1.09467480733151,LHY,OSD-321
AT1G75530,GSM4486062,-0.567018621962438,LUX,OSD-321
AT2G40080,GSM4486062,-0.29189108649068374,ELF4,OSD-321
AT2G42830,GSM4486062,-1.0012654517789985,PRR9,OSD-321
AT2G46830,GSM4486062,-0.502044906991888,CCA1,OSD-321
AT3G09600,GSM4486062,1.9016091512456215,GI,OSD-321
AT3G26740,GSM4486062,1.027297762275423,ELF3,OSD-321
AT3G46640,GSM4486062,0.009524989345933302,TIC,OSD-321
AT5G02810,GSM4486062,0.7156847583146864,PRR7,OSD-321
AT5G24470,GSM4486062,0.4251479612797712,PRR5,OSD-321
AT5G61380,GSM4486062,1.4791672886928837,TOC1,OSD-321
AT1G01060,GSM4486063,-0.8728519623985795,LHY,OSD-321
AT1G75530,GSM4486063,-0.567018621962438,LUX,OSD-321
AT2G40080,GSM4486063,0.019011834920417022,ELF4,OSD-321
AT2G42830,GSM4486063,-0.883486721533999,PRR9,OSD-321
AT2G46830,GSM4486063,-0.43008189398995744,CCA1,OSD-321
AT3G09600,GSM4486063,0.8679519724218142,GI,OSD-321
AT3G26740,GSM4486063,0.733852887906843,ELF3,OSD-321
AT3G46640,GSM4486063,-1.548391453970229,TIC,OSD-321
AT5G02810,GSM4486063,1.2374394798673611,PRR7,OSD-321
AT5G24470,GSM4486063,0.42414918710348626,PRR5,OSD-321
AT5G61380,GSM4486063,0.550042063436099,TOC1,OSD-321
AT1G01060,GSM4486064,-0.4900493396254856,LHY,OSD-321
AT1G75530,GSM4486064,-0.567018621962438,LUX,OSD-321
AT2G40080,GSM4486064,0.7934982665543547,ELF4,OSD-321
AT2G42830,GSM4486064,-1.0012654517789985,PRR9,OSD-321
AT2G46830,GSM4486064,1.3376402406452492,CCA1,OSD-321
AT3G09600,GSM4486064,0.4619032272971038,GI,OSD-321
AT3G26740,GSM4486064,0.1277931386282999,ELF3,OSD-321
AT3G46640,GSM4486064,0.8515852535541115,TIC,OSD-321
AT5G02810,GSM4486064,1.3374534811210765,PRR7,OSD-321
AT5G24470,GSM4486064,2.5522628912362597,PRR5,OSD-321
AT5G61380,GSM4486064,0.5178876694197027,TOC1,OSD-321
AT1G01060,GSM4486065,0.9026324220104167,LHY,OSD-321
AT1G75530,GSM4486065,-0.567018621962438,LUX,OSD-321
AT2G40080,GSM4486065,-0.7667466695920622,ELF4,OSD-321
AT2G42830,GSM4486065,1.309858995983736,PRR9,OSD-321
AT2G46830,GSM4486065,-0.8541552352104486,CCA1,OSD-321
AT3G09600,GSM4486065,-0.8944572329909074,GI,OSD-321
AT3G26740,GSM4486065,0.04367752227609781,ELF3,OSD-321
AT3G46640,GSM4486065,-0.198356424360933,TIC,OSD-321
AT5G02810,GSM4486065,-1.0802371808420463,PRR7,OSD-321
AT5G24470,GSM4486065,-1.0711401245812353,PRR5,OSD-321
AT5G61380,GSM4486065,-1.2443767729916773,TOC1,OSD-321
AT1G01060,GSM4486066,2.327963615781441,LHY,OSD-321
AT1G75530,GSM4486066,1.3135274510927932,LUX,OSD-321
AT2G40080,GSM4486066,-0.8862711257642352,ELF4,OSD-321
AT2G42830,GSM4486066,0.5148114501868318,PRR9,OSD-321
AT2G46830,GSM4486066,-0.10253393247336064,CCA1,OSD-321
AT3G09600,GSM4486066,-0.19289999621196005,GI,OSD-321
AT3G26740,GSM4486066,-0.6978505572052688,ELF3,OSD-321
AT3G46640,GSM4486066,-1.6755110363952619,TIC,OSD-321
AT5G02810,GSM4486066,-0.5755094158853651,PRR7,OSD-321
AT5G24470,GSM4486066,-1.0781835884896767,PRR5,OSD-321
AT5G61380,GSM4486066,-1.2960441702821694,TOC1,OSD-321
AT1G01060,GSM4486067,1.3639500166736773,LHY,OSD-321
AT1G75530,GSM4486067,-0.567018621962438,LUX,OSD-321
AT2G40080,GSM4486067,-0.40954876880628527,ELF4,OSD-321
AT2G42830,GSM4486067,0.2273463560537634,PRR9,OSD-321
AT2G46830,GSM4486067,-0.5566590402583516,CCA1,OSD-321
AT3G09600,GSM4486067,-0.9448119415092654,GI,OSD-321
AT3G26740,GSM4486067,-1.3531213896989314,ELF3,OSD-321
AT3G46640,GSM4486067,-0.013313880544743228,TIC,OSD-321
AT5G02810,GSM4486067,-1.1019972380256302,PRR7,OSD-321
AT5G24470,GSM4486067,-1.0516485053684033,PRR5,OSD-321
AT5G61380,GSM4486067,-0.8804366609878577,TOC1,OSD-321
AT1G01060,GSM4486068,0.5701056849200263,LHY,OSD-321
AT1G75530,GSM4486068,0.11110589446058249,LUX,OSD-321
AT2G40080,GSM4486068,0.09077589506290727,ELF4,OSD-321
AT2G42830,GSM4486068,1.4455983960096646,PRR9,OSD-321
AT2G46830,GSM4486068,-0.43234953796667575,CCA1,OSD-321
AT3G09600,GSM4486068,0.15118436734477206,GI,OSD-321
AT3G26740,GSM4486068,-0.19122957554991943,ELF3,OSD-321
AT3G46640,GSM4486068,-0.06350968475282197,TIC,OSD-321
AT5G02810,GSM4486068,-1.197598089903707,PRR7,OSD-321
AT5G24470,GSM4486068,-0.8477251440677824,PRR5,OSD-321
AT5G61380,GSM4486068,-1.0043777432445349,TOC1,OSD-321
AT1G01060,GSM4486069,0.2148879766703286,LHY,OSD-321
AT1G75530,GSM4486069,-0.567018621962438,LUX,OSD-321
AT2G40080,GSM4486069,-0.5828903261108266,ELF4,OSD-321
AT2G42830,GSM4486069,1.0865252045227005,PRR9,OSD-321
AT2G46830,GSM4486069,-1.4680992179064696,CCA1,OSD-321
AT3G09600,GSM4486069,-0.8938684021837338,GI,OSD-321
AT3G26740,GSM4486069,-0.5477863618897223,ELF3,OSD-321
AT3G46640,GSM4486069,0.2680902239345517,TIC,OSD-321
AT5G02810,GSM4486069,-0.9875735655238889,PRR7,OSD-321
AT5G24470,GSM4486069,-1.0557925749586419,PRR5,OSD-321
AT5G61380,GSM4486069,-0.6527198381644539,TOC1,OSD-321
AT1G01060,GSM4486070,-0.7423128037781956,LHY,OSD-321
AT1G75530,GSM4486070,-0.567018621962438,LUX,OSD-321
AT2G40080,GSM4486070,0.27093845995573007,ELF4,OSD-321
AT2G42830,GSM4486070,-1.0012654517789985,PRR9,OSD-321
AT2G46830,GSM4486070,0.9602511200090811,CCA1,OSD-321
AT3G09600,GSM4486070,-0.19704921638732814,GI,OSD-321
AT3G26740,GSM4486070,-0.10409982495996975,ELF3,OSD-321
AT3G46640,GSM4486070,0.022815417803725552,TIC,OSD-321
AT5G02810,GSM4486070,1.1921236187774746,PRR7,OSD-321
AT5G24470,GSM4486070,1.2942956563696413,PRR5,OSD-321
AT5G61380,GSM4486070,0.8813954541880722,TOC1,OSD-321
AT1G01060,GSM4486071,-0.20061236484365116,LHY,OSD-321
AT1G75530,GSM4486071,-0.567018621962438,LUX,OSD-321
AT2G40080,GSM4486071,3.205231433016675,ELF4,OSD-321
AT2G42830,GSM4486071,-1.0012654517789985,PRR9,OSD-321
AT2G46830,GSM4486071,2.7841149870847963,CCA1,OSD-321
AT3G09600,GSM4486071,0.7283846435558524,GI,OSD-321
AT3G26740,GSM4486071,2.3718822301264675,ELF3,OSD-321
AT3G46640,GSM4486071,1.9738420129396492,TIC,OSD-321
AT5G02810,GSM4486071,0.8280993592873341,PRR7,OSD-321
AT5G24470,GSM4486071,1.7559867782292686,PRR5,OSD-321
AT5G61380,GSM4486071,1.4799812836058381,TOC1,OSD-321
AT1G01060,GSM4486072,-0.7099798507114912,LHY,OSD-321
AT1G75530,GSM4486072,-0.567018621962438,LUX,OSD-321
AT2G40080,GSM4486072,-0.14952090643492436,ELF4,OSD-321
AT2G42830,GSM4486072,-1.0012654517789985,PRR9,OSD-321
AT2G46830,GSM4486072,1.0504097495460376,CCA1,OSD-321
AT3G09600,GSM4486072,0.6551170194290902,GI,OSD-321
AT3G26740,GSM4486072,0.1299544349869652,ELF3,OSD-321
AT3G46640,GSM4486072,-1.1048417374774029,TIC,OSD-321
AT5G02810,GSM4486072,1.2156901117208538,PRR7,OSD-321
AT5G24470,GSM4486072,0.7070327216806683,PRR5,OSD-321
AT5G61380,GSM4486072,0.5080655386265518,TOC1,OSD-321
AT1G01060,GSM4486073,-0.9385586119061866,LHY,OSD-321
AT1G75530,GSM4486073,-0.567018621962438,LUX,OSD-321
AT2G40080,GSM4486073,-0.12922319594140153,ELF4,OSD-321
AT2G42830,GSM4486073,-0.8123180295109516,PRR9,OSD-321
AT2G46830,GSM4486073,0.3455566321458442,CCA1,OSD-321
AT3G09600,GSM4486073,1.9333735404243197,GI,OSD-321
AT3G26740,GSM4486073,-0.19345924748313295,ELF3,OSD-321
AT3G46640,GSM4486073,-0.8662872731841191,TIC,OSD-321
AT5G02810,GSM4486073,1.8617907647492875,PRR7,OSD-321
AT5G24470,GSM4486073,1.6038214054703153,PRR5,OSD-321
AT5G61380,GSM4486073,0.29107531162482864,TOC1,OSD-321
AT1G01060,GSM4486074,-0.6057343145900639,LHY,OSD-321
AT1G75530,GSM4486074,-0.567018621962438,LUX,OSD-321
AT2G40080,GSM4486074,-0.13810700574050674,ELF4,OSD-321
AT2G42830,GSM4486074,-0.6707527073592496,PRR9,OSD-321
AT2G46830,GSM4486074,0.33658129267297354,CCA1,OSD-321
AT3G09600,GSM4486074,0.16532350073737348,GI,OSD-321
AT3G26740,GSM4486074,0.8780825078411091,ELF3,OSD-321
AT3G46640,GSM4486074,-0.06097780364920194,TIC,OSD-321
AT5G02810,GSM4486074,2.222496639597475,PRR7,OSD-321
AT5G24470,GSM4486074,1.265066189643752,PRR5,OSD-321
AT5G61380,GSM4486074,1.005332825496863,TOC1,OSD-321
AT1G01060,Athaliana_PhyA_Sample_112_0G,-0.551260303389344,LHY,OSD-346
AT1G75530,Athaliana_PhyA_Sample_112_0G,-0.6957207384364857,LUX,OSD-346
AT2G40080,Athaliana_PhyA_Sample_112_0G,-0.5961890212990176,ELF4,OSD-346
AT2G42830,Athaliana_PhyA_Sample_112_0G,0.30999999595715744,PRR9,OSD-346
AT2G46830,Athaliana_PhyA_Sample_112_0G,-0.7223242575816874,CCA1,OSD-346
AT3G09600,Athaliana_PhyA_Sample_112_0G,-0.903409411641464,GI,OSD-346
AT3G26740,Athaliana_PhyA_Sample_112_0G,-1.2618093467768168,ELF3,OSD-346
AT3G46640,Athaliana_PhyA_Sample_112_0G,1.105915064457707,TIC,OSD-346
AT5G02810,Athaliana_PhyA_Sample_112_0G,-0.16462822586983425,PRR7,OSD-346
AT5G24470,Athaliana_PhyA_Sample_112_0G,-1.0638660454247901,PRR5,OSD-346
AT5G61380,Athaliana_PhyA_Sample_112_0G,-0.3914128169873846,TOC1,OSD-346
AT1G01060,Athaliana_PhyA_Sample_115_0G,-0.08023263633318088,LHY,OSD-346
AT1G75530,Athaliana_PhyA_Sample_115_0G,-0.6957207384364857,LUX,OSD-346
AT2G40080,Athaliana_PhyA_Sample_115_0G,-1.0936202224266396,ELF4,OSD-346
AT2G42830,Athaliana_PhyA_Sample_115_0G,-0.27570388570427373,PRR9,OSD-346
AT2G46830,Athaliana_PhyA_Sample_115_0G,0.19402647992681626,CCA1,OSD-346
AT3G09600,Athaliana_PhyA_Sample_115_0G,0.3704124991497806,GI,OSD-346
AT3G26740,Athaliana_PhyA_Sample_115_0G,-0.7525817639614405,ELF3,OSD-346
AT3G46640,Athaliana_PhyA_Sample_115_0G,-1.4221591242526332,TIC,OSD-346
AT5G02810,Athaliana_PhyA_Sample_115_0G,0.5648249608652297,PRR7,OSD-346
AT5G24470,Athaliana_PhyA_Sample_115_0G,0.35821711722877025,PRR5,OSD-346
AT5G61380,Athaliana_PhyA_Sample_115_0G,-0.3719664740211863,TOC1,OSD-346
AT1G01060,Athaliana_PhyA_Sample_132_0-08G,0.5837625061077958,LHY,OSD-346
AT1G75530,Athaliana_PhyA_Sample_132_0-08G,0.37016489497697685,LUX,OSD-346
AT2G40080,Athaliana_PhyA_Sample_132_0-08G,-1.1376766165306516,ELF4,OSD-346
AT2G42830,Athaliana_PhyA_Sample_132_0-08G,0.13950757455402366,PRR9,OSD-346
AT2G46830,Athaliana_PhyA_Sample_132_0-08G,-0.5003048740518127,CCA1,OSD-346
AT3G09600,Athaliana_PhyA_Sample_132_0-08G,0.0881906527151552,GI,OSD-346
AT3G26740,Athaliana_PhyA_Sample_132_0-08G,-0.4792774330678903,ELF3,OSD-346
AT3G46640,Athaliana_PhyA_Sample_132_0-08G,-1.505502384813479,TIC,OSD-346
AT5G02810,Athaliana_PhyA_Sample_132_0-08G,-1.1693661598512355,PRR7,OSD-346
AT5G24470,Athaliana_PhyA_Sample_132_0-08G,-1.0222667765282898,PRR5,OSD-346
AT5G61380,Athaliana_PhyA_Sample_132_0-08G,-1.006781221288221,TOC1,OSD-346
AT1G01060,Athaliana_PhyA_Sample_134_0-11G,0.5213835457972172,LHY,OSD-346
AT1G75530,Athaliana_PhyA_Sample_134_0-11G,0.27320387094444887,LUX,OSD-346
AT2G40080,Athaliana_PhyA_Sample_134_0-11G,-1.2535306180210508,ELF4,OSD-346
AT2G42830,Athaliana_PhyA_Sample_134_0-11G,0.9733939826898895,PRR9,OSD-346
AT2G46830,Athaliana_PhyA_Sample_134_0-11G,-0.48935592921032584,CCA1,OSD-346
AT3G09600,Athaliana_PhyA_Sample_134_0-11G,0.23819000583403052,GI,OSD-346
AT3G26740,Athaliana_PhyA_Sample_134_0-11G,-1.121168999080994,ELF3,OSD-346
AT3G46640,Athaliana_PhyA_Sample_134_0-11G,-2.0769817878230774,TIC,OSD-346
AT5G02810,Athaliana_PhyA_Sample_134_0-11G,-1.199651207352561,PRR7,OSD-346
AT5G24470,Athaliana_PhyA_Sample_134_0-11G,-1.2531080751912713,PRR5,OSD-346
AT5G61380,Athaliana_PhyA_Sample_134_0-11G,-1.7878630017039856,TOC1,OSD-346
AT1G01060,Athaliana_PhyA_Sample_152_0-25G,-0.8234535679653155,LHY,OSD-346
AT1G75530,Athaliana_PhyA_Sample_152_0-25G,0.27044310984669984,LUX,OSD-346
AT2G40080,Athaliana_PhyA_Sample_152_0-25G,-0.528408340540876,ELF4,OSD-346
AT2G42830,Athaliana_PhyA_Sample_152_0-25G,0.39303540895967776,PRR9,OSD-346
AT2G46830,Athaliana_PhyA_Sample_152_0-25G,-0.9281429867971399,CCA1,OSD-346
AT3G09600,Athaliana_PhyA_Sample_152_0-25G,-1.1403698992291451,GI,OSD-346
AT3G26740,Athaliana_PhyA_Sample_152_0-25G,-0.20088997865468744,ELF3,OSD-346
AT3G46640,Athaliana_PhyA_Sample_152_0-25G,-0.03987311235489615,TIC,OSD-346
AT5G02810,Athaliana_PhyA_Sample_152_0-25G,-0.24320806883830873,PRR7,OSD-346
AT5G24470,Athaliana_PhyA_Sample_152_0-25G,-0.6784278882438315,PRR5,OSD-346
AT5G61380,Athaliana_PhyA_Sample_152_0-25G,-0.38574263174963574,TOC1,OSD-346
AT1G01060,Athaliana_PhyA_Sample_155_0-39G,-0.7192856446930501,LHY,OSD-346
AT1G75530,Athaliana_PhyA_Sample_155_0-39G,-0.6957207384364857,LUX,OSD-346
AT2G40080,Athaliana_PhyA_Sample_155_0-39G,-0.12054288517246996,ELF4,OSD-346
AT2G42830,Athaliana_PhyA_Sample_155_0-39G,1.8812580793128153,PRR9,OSD-346
AT2G46830,Athaliana_PhyA_Sample_155_0-39G,-0.6809194864165197,CCA1,OSD-346
AT3G09600,Athaliana_PhyA_Sample_155_0-39G,-0.7978976046427959,GI,OSD-346
AT3G26740,Athaliana_PhyA_Sample_155_0-39G,-0.43769717732517843,ELF3,OSD-346
AT3G46640,Athaliana_PhyA_Sample_155_0-39G,0.211976134055234,TIC,OSD-346
AT5G02810,Athaliana_PhyA_Sample_155_0-39G,-0.611444512737585,PRR7,OSD-346
AT5G24470,Athaliana_PhyA_Sample_155_0-39G,-0.6888027706828056,PRR5,OSD-346
AT5G61380,Athaliana_PhyA_Sample_155_0-39G,-1.3940871088678504,TOC1,OSD-346
AT1G01060,Athaliana_PhyA_Sample_212_0-42G,-0.35480318056825305,LHY,OSD-346
AT1G75530,Athaliana_PhyA_Sample_212_0-42G,0.04732732081687433,LUX,OSD-346
AT2G40080,Athaliana_PhyA_Sample_212_0-42G,3.4050622653507783,ELF4,OSD-346
AT2G42830,Athaliana_PhyA_Sample_212_0-42G,0.3863018632450343,PRR9,OSD-346
AT2G46830,Athaliana_PhyA_Sample_212_0-42G,0.18302255073624002,CCA1,OSD-346
AT3G09600,Athaliana_PhyA_Sample_212_0-42G,1.5337489231878352,GI,OSD-346
AT3G26740,Athaliana_PhyA_Sample_212_0-42G,1.0369924884183548,ELF3,OSD-346
AT3G46640,Athaliana_PhyA_Sample_212_0-42G,-0.13139094173269666,TIC,OSD-346
AT5G02810,Athaliana_PhyA_Sample_212_0-42G,1.6030902255395933,PRR7,OSD-346
AT5G24470,Athaliana_PhyA_Sample_212_0-42G,3.648656199322266,PRR5,OSD-346
AT5G61380,Athaliana_PhyA_Sample_212_0-42G,0.9171125746470833,TOC1,OSD-346
AT1G01060,Athaliana_PhyA_Sample_172_0-64G,-0.6888673261684346,LHY,OSD-346
AT1G75530,Athaliana_PhyA_Sample_172_0-64G,0.24867615366947432,LUX,OSD-346
AT2G40080,Athaliana_PhyA_Sample_172_0-64G,0.12035977963966449,ELF4,OSD-346
AT2G42830,Athaliana_PhyA_Sample_172_0-64G,1.0261987591540713,PRR9,OSD-346
AT2G46830,Athaliana_PhyA_Sample_172_0-64G,-0.7391995370152197,CCA1,OSD-346
AT3G09600,Athaliana_PhyA_Sample_172_0-64G,-0.9391618800169964,GI,OSD-346
AT3G26740,Athaliana_PhyA_Sample_172_0-64G,0.37860015560180643,ELF3,OSD-346
AT3G46640,Athaliana_PhyA_Sample_172_0-64G,1.3608195844984008,TIC,OSD-346
AT5G02810,Athaliana_PhyA_Sample_172_0-64G,0.4616844937090606,PRR7,OSD-346
AT5G24470,Athaliana_PhyA_Sample_172_0-64G,-0.09160845802845552,PRR5,OSD-346
AT5G61380,Athaliana_PhyA_Sample_172_0-64G,0.9098444610894405,TOC1,OSD-346
AT1G01060,Athaliana_PhyA_Sample_215_0-65G,-0.7360993241047606,LHY,OSD-346
AT1G75530,Athaliana_PhyA_Sample_215_0-65G,-0.6957207384364857,LUX,OSD-346
AT2G40080,Athaliana_PhyA_Sample_215_0-65G,0.9126792217253241,ELF4,OSD-346
AT2G42830,Athaliana_PhyA_Sample_215_0-65G,-1.5157392748570493,PRR9,OSD-346
AT2G46830,Athaliana_PhyA_Sample_215_0-65G,-0.5609403697994712,CCA1,OSD-346
AT3G09600,Athaliana_PhyA_Sample_215_0-65G,-0.4721237132101277,GI,OSD-346
AT3G26740,Athaliana_PhyA_Sample_215_0-65G,-0.3340103768076246,ELF3,OSD-346
AT3G46640,Athaliana_PhyA_Sample_215_0-65G,0.8173681013071366,TIC,OSD-346
AT5G02810,Athaliana_PhyA_Sample_215_0-65G,-0.42031976838162055,PRR7,OSD-346
AT5G24470,Athaliana_PhyA_Sample_215_0-65G,0.11778726114910731,PRR5,OSD-346
AT5G61380,Athaliana_PhyA_Sample_215_0-65G,-0.8189065268908803,TOC1,OSD-346
AT1G01060,Athaliana_PhyA_Sample_232_0-68G,-0.7192916665361954,LHY,OSD-346
AT1G75530,Athaliana_PhyA_Sample_232_0-68G,1.4762957234792518,LUX,OSD-346
AT2G40080,Athaliana_PhyA_Sample_232_0-68G,0.836008523176682,ELF4,OSD-346
AT2G42830,Athaliana_PhyA_Sample_232_0-68G,-0.8244714066326448,PRR9,OSD-346
AT2G46830,Athaliana_PhyA_Sample_232_0-68G,-0.7738302694917606,CCA1,OSD-346
AT3G09600,Athaliana_PhyA_Sample_232_0-68G,-0.4624919987172444,GI,OSD-346
AT3G26740,Athaliana_PhyA_Sample_232_0-68G,0.29300620182832077,ELF3,OSD-346
AT3G46640,Athaliana_PhyA_Sample_232_0-68G,-0.205294556659341,TIC,OSD-346
AT5G02810,Athaliana_PhyA_Sample_232_0-68G,-0.2621072030255304,PRR7,OSD-346
AT5G24470,Athaliana_PhyA_Sample_232_0-68G,0.22950995280021722,PRR5,OSD-346
AT5G61380,Athaliana_PhyA_Sample_232_0-68G,-0.3778595016448515,TOC1,OSD-346
AT1G01060,Athaliana_PhyA_Sample_174_0-88G,-0.916326000236935,LHY,OSD-346
AT1G75530,Athaliana_PhyA_Sample_174_0-88G,2.0690223538693924,LUX,OSD-346
AT2G40080,Athaliana_PhyA_Sample_174_0-88G,-0.4145309828032404,ELF4,OSD-346
AT2G42830,Athaliana_PhyA_Sample_174_0-88G,1.579708217956441,PRR9,OSD-346
AT2G46830,Athaliana_PhyA_Sample_174_0-88G,-0.9856713381932173,CCA1,OSD-346
AT3G09600,Athaliana_PhyA_Sample_174_0-88G,-1.3513318237619756,GI,OSD-346
AT3G26740,Athaliana_PhyA_Sample_174_0-88G,-0.06849859305561219,ELF3,OSD-346
AT3G46640,Athaliana_PhyA_Sample_174_0-88G,0.851418106023412,TIC,OSD-346
AT5G02810,Athaliana_PhyA_Sample_174_0-88G,-0.4581298131605091,PRR7,OSD-346
AT5G24470,Athaliana_PhyA_Sample_174_0-88G,-0.22398235668905372,PRR5,OSD-346
AT5G61380,Athaliana_PhyA_Sample_174_0-88G,0.30333121146083286,TOC1,OSD-346
AT1G01060,Athaliana_PhyA_Sample_234_0-92G,-0.8891001247758942,LHY,OSD-346
AT1G75530,Athaliana_PhyA_Sample_234_0-92G,0.3267949752775355,LUX,OSD-346
AT2G40080,Athaliana_PhyA_Sample_234_0-92G,0.6243927649323316,ELF4,OSD-346
AT2G42830,Athaliana_PhyA_Sample_234_0-92G,-0.5461446302436374,PRR9,OSD-346
AT2G46830,Athaliana_PhyA_Sample_234_0-92G,-1.1831156124126494,CCA1,OSD-346
AT3G09600,Athaliana_PhyA_Sample_234_0-92G,-1.1764649059671268,GI,OSD-346
AT3G26740,Athaliana_PhyA_Sample_234_0-92G,0.7309664380553779,ELF3,OSD-346
AT3G46640,Athaliana_PhyA_Sample_234_0-92G,0.1997348032673916,TIC,OSD-346
AT5G02810,Athaliana_PhyA_Sample_234_0-92G,-0.9530548449390632,PRR7,OSD-346
AT5G24470,Athaliana_PhyA_Sample_234_0-92G,-0.32251811287229387,PRR5,OSD-346
AT5G61380,Athaliana_PhyA_Sample_234_0-92G,-0.3933046488336716,TOC1,OSD-346
AT1G01060,Athaliana_PhyA_Sample_117_0G,-0.6924632703848647,LHY,OSD-346
AT1G75530,Athaliana_PhyA_Sample_117_0G,-0.6957207384364857,LUX,OSD-346
AT2G40080,Athaliana_PhyA_Sample_117_0G,-0.9634668723374911,ELF4,OSD-346
AT2G42830,Athaliana_PhyA_Sample_117_0G,-1.0110004071771448,PRR9,OSD-346
AT2G46830,Athaliana_PhyA_Sample_117_0G,-0.5384461683164362,CCA1,OSD-346
AT3G09600,Athaliana_PhyA_Sample_117_0G,-0.34130775134823443,GI,OSD-346
AT3G26740,Athaliana_PhyA_Sample_117_0G,-0.6620182495679661,ELF3,OSD-346
AT3G46640,Athaliana_PhyA_Sample_117_0G,0.10804375607356219,TIC,OSD-346
AT5G02810,Athaliana_PhyA_Sample_117_0G,-0.49528260224223997,PRR7,OSD-346
AT5G24470,Athaliana_PhyA_Sample_117_0G,-0.510117537561584,PRR5,OSD-346
AT5G61380,Athaliana_PhyA_Sample_117_0G,-0.16470467517400908,TOC1,OSD-346
AT1G01060,Athaliana_PhyA_Sample_119_0G,-0.37320485158625705,LHY,OSD-346
AT1G75530,Athaliana_PhyA_Sample_119_0G,-0.6957207384364857,LUX,OSD-346
AT2G40080,Athaliana_PhyA_Sample_119_0G,-1.227334664125872,ELF4,OSD-346
AT2G42830,Athaliana_PhyA_Sample_119_0G,0.1417103458417399,PRR9,OSD-346
AT2G46830,Athaliana_PhyA_Sample_119_0G,-0.7549038536577732,CCA1,OSD-346
AT3G09600,Athaliana_PhyA_Sample_119_0G,-0.5505884837608483,GI,OSD-346
AT3G26740,Athaliana_PhyA_Sample_119_0G,-1.0254310914980755,ELF3,OSD-346
AT3G46640,Athaliana_PhyA_Sample_119_0G,-0.9160447565000028,TIC,OSD-346
AT5G02810,Athaliana_PhyA_Sample_119_0G,-0.6005949437629424,PRR7,OSD-346
AT5G24470,Athaliana_PhyA_Sample_119_0G,-0.9747991185216573,PRR5,OSD-346
AT5G61380,Athaliana_PhyA_Sample_119_0G,0.050212138235625675,TOC1,OSD-346
AT1G01060,Athaliana_PhyA_Sample_137_0-08G,-0.334256934567739,LHY,OSD-346
AT1G75530,Athaliana_PhyA_Sample_137_0-08G,-0.6957207384364857,LUX,OSD-346
AT2G40080,Athaliana_PhyA_Sample_137_0-08G,-0.7311759151942914,ELF4,OSD-346
AT2G42830,Athaliana_PhyA_Sample_137_0-08G,0.2717597629460066,PRR9,OSD-346
AT2G46830,Athaliana_PhyA_Sample_137_0-08G,-0.5169661756159091,CCA1,OSD-346
AT3G09600,Athaliana_PhyA_Sample_137_0-08G,-0.012605983880151472,GI,OSD-346
AT3G26740,Athaliana_PhyA_Sample_137_0-08G,-0.3607016051381146,ELF3,OSD-346
AT3G46640,Athaliana_PhyA_Sample_137_0-08G,-1.6025124220589912,TIC,OSD-346
AT5G02810,Athaliana_PhyA_Sample_137_0-08G,-0.5265494088270527,PRR7,OSD-346
AT5G24470,Athaliana_PhyA_Sample_137_0-08G,-0.8269970131637733,PRR5,OSD-346
AT5G61380,Athaliana_PhyA_Sample_137_0-08G,-0.4652909169644377,TOC1,OSD-346
AT1G01060,Athaliana_PhyA_Sample_140_0-13G,-0.3013509343283413,LHY,OSD-346
AT1G75530,Athaliana_PhyA_Sample_140_0-13G,-0.6957207384364857,LUX,OSD-346
AT2G40080,Athaliana_PhyA_Sample_140_0-13G,-0.46855448314089904,ELF4,OSD-346
AT2G42830,Athaliana_PhyA_Sample_140_0-13G,1.4039828122829716,PRR9,OSD-346
AT2G46830,Athaliana_PhyA_Sample_140_0-13G,-0.5001658794332097,CCA1,OSD-346
AT3G09600,Athaliana_PhyA_Sample_140_0-13G,0.2896316030845826,GI,OSD-346
AT3G26740,Athaliana_PhyA_Sample_140_0-13G,-0.2470915613331085,ELF3,OSD-346
AT3G46640,Athaliana_PhyA_Sample_140_0-13G,-1.0641029080290105,TIC,OSD-346
AT5G02810,Athaliana_PhyA_Sample_140_0-13G,-0.1950502476939236,PRR7,OSD-346
AT5G24470,Athaliana_PhyA_Sample_140_0-13G,-0.2052656025064518,PRR5,OSD-346
AT5G61380,Athaliana_PhyA_Sample_140_0-13G,0.2461707778309022,TOC1,OSD-346
AT1G01060,Athaliana_PhyA_Sample_157_0-25G,-0.4789804860837831,LHY,OSD-346
AT1G75530,Athaliana_PhyA_Sample_157_0-25G,1.1074667694721811,LUX,OSD-346
AT2G40080,Athaliana_PhyA_Sample_157_0-25G,-0.31899333379717676,ELF4,OSD-346
AT2G42830,Athaliana_PhyA_Sample_157_0-25G,-0.5286725285933216,PRR9,OSD-346
AT2G46830,Athaliana_PhyA_Sample_157_0-25G,-0.29181983003103434,CCA1,OSD-346
AT3G09600,Athaliana_PhyA_Sample_157_0-25G,-0.7414262153140755,GI,OSD-346
AT3G26740,Athaliana_PhyA_Sample_157_0-25G,-0.435477267862479,ELF3,OSD-346
AT3G46640,Athaliana_PhyA_Sample_157_0-25G,1.2859945470259488,TIC,OSD-346
AT5G02810,Athaliana_PhyA_Sample_157_0-25G,0.09336550907010795,PRR7,OSD-346
AT5G24470,Athaliana_PhyA_Sample_157_0-25G,-0.41750002085300064,PRR5,OSD-346
AT5G61380,Athaliana_PhyA_Sample_157_0-25G,-0.19462080290843872,TOC1,OSD-346
AT1G01060,Athaliana_PhyA_Sample_159_0-34G,-0.6152534625073692,LHY,OSD-346
AT1G75530,Athaliana_PhyA_Sample_159_0-34G,-0.6957207384364857,LUX,OSD-346
AT2G40080,Athaliana_PhyA_Sample_159_0-34G,-1.0856949585970894,ELF4,OSD-346
AT2G42830,Athaliana_PhyA_Sample_159_0-34G,0.33740622317551117,PRR9,OSD-346
AT2G46830,Athaliana_PhyA_Sample_159_0-34G,-0.9188921987897843,CCA1,OSD-346
AT3G09600,Athaliana_PhyA_Sample_159_0-34G,-1.1480494222461577,GI,OSD-346
AT3G26740,Athaliana_PhyA_Sample_159_0-34G,-0.3844713779519852,ELF3,OSD-346
AT3G46640,Athaliana_PhyA_Sample_159_0-34G,0.2982742529800261,TIC,OSD-346
AT5G02810,Athaliana_PhyA_Sample_159_0-34G,0.5350366340215651,PRR7,OSD-346
AT5G24470,Athaliana_PhyA_Sample_159_0-34G,-0.8694745167672179,PRR5,OSD-346
AT5G61380,Athaliana_PhyA_Sample_159_0-34G,0.5661821790965574,TOC1,OSD-346
AT1G01060,Athaliana_PhyA_Sample_217_0-42G,0.7405986518913916,LHY,OSD-346
AT1G75530,Athaliana_PhyA_Sample_217_0-42G,1.9239769772965805,LUX,OSD-346
AT2G40080,Athaliana_PhyA_Sample_217_0-42G,0.316282746681266,ELF4,OSD-346
AT2G42830,Athaliana_PhyA_Sample_217_0-42G,-0.2107682665774793,PRR9,OSD-346
AT2G46830,Athaliana_PhyA_Sample_217_0-42G,0.6689387518362938,CCA1,OSD-346
AT3G09600,Athaliana_PhyA_Sample_217_0-42G,0.6188590155943544,GI,OSD-346
AT3G26740,Athaliana_PhyA_Sample_217_0-42G,-0.37763912386218407,ELF3,OSD-346
AT3G46640,Athaliana_PhyA_Sample_217_0-42G,-0.42051221269602157,TIC,OSD-346
AT5G02810,Athaliana_PhyA_Sample_217_0-42G,0.7222463553517043,PRR7,OSD-346
AT5G24470,Athaliana_PhyA_Sample_217_0-42G,0.10089915696761743,PRR5,OSD-346
AT5G61380,Athaliana_PhyA_Sample_217_0-42G,-0.05373809991198311,TOC1,OSD-346
AT1G01060,Athaliana_PhyA_Sample_219_0-58G,-0.2449905329292222,LHY,OSD-346
AT1G75530,Athaliana_PhyA_Sample_219_0-58G,-0.6957207384364857,LUX,OSD-346
AT2G40080,Athaliana_PhyA_Sample_219_0-58G,-0.6906585178712303,ELF4,OSD-346
AT2G42830,Athaliana_PhyA_Sample_219_0-58G,-0.9735001793973712,PRR9,OSD-346
AT2G46830,Athaliana_PhyA_Sample_219_0-58G,-0.4177138133677107,CCA1,OSD-346
AT3G09600,Athaliana_PhyA_Sample_219_0-58G,-0.03937841379720195,GI,OSD-346
AT3G26740,Athaliana_PhyA_Sample_219_0-58G,-0.16513237340524647,ELF3,OSD-346
AT3G46640,Athaliana_PhyA_Sample_219_0-58G,-0.8390561065281523,TIC,OSD-346
AT5G02810,Athaliana_PhyA_Sample_219_0-58G,-0.9781983431851279,PRR7,OSD-346
AT5G24470,Athaliana_PhyA_Sample_219_0-58G,-0.5180336725629525,PRR5,OSD-346
AT5G61380,Athaliana_PhyA_Sample_219_0-58G,-0.6109337644756203,TOC1,OSD-346
AT1G01060,Athaliana_PhyA_Sample_177_0-64G,-0.6062782300845223,LHY,OSD-346
AT1G75530,Athaliana_PhyA_Sample_177_0-64G,-0.6957207384364857,LUX,OSD-346
AT2G40080,Athaliana_PhyA_Sample_177_0-64G,-0.6214371751083727,ELF4,OSD-346
AT2G42830,Athaliana_PhyA_Sample_177_0-64G,1.0322407341357567,PRR9,OSD-346
AT2G46830,Athaliana_PhyA_Sample_177_0-64G,-0.551423596203953,CCA1,OSD-346
AT3G09600,Athaliana_PhyA_Sample_177_0-64G,-0.9258405313199921,GI,OSD-346
AT3G26740,Athaliana_PhyA_Sample_177_0-64G,0.08234645276804983,ELF3,OSD-346
AT3G46640,Athaliana_PhyA_Sample_177_0-64G,2.187897365036841,TIC,OSD-346
AT5G02810,Athaliana_PhyA_Sample_177_0-64G,0.7852936417010968,PRR7,OSD-346
AT5G24470,Athaliana_PhyA_Sample_177_0-64G,0.02420504355951511,PRR5,OSD-346
AT5G61380,Athaliana_PhyA_Sample_177_0-64G,1.4929241840169563,TOC1,OSD-346
AT1G01060,Athaliana_PhyA_Sample_237_0-68G,-0.7935910997986357,LHY,OSD-346
AT1G75530,Athaliana_PhyA_Sample_237_0-68G,0.0930235239067072,LUX,OSD-346
AT2G40080,Athaliana_PhyA_Sample_237_0-68G,-0.18439062730026848,ELF4,OSD-346
AT2G42830,Athaliana_PhyA_Sample_237_0-68G,-0.40339202213239084,PRR9,OSD-346
AT2G46830,Athaliana_PhyA_Sample_237_0-68G,-0.8948040579519468,CCA1,OSD-346
AT3G09600,Athaliana_PhyA_Sample_237_0-68G,-1.1055421622527724,GI,OSD-346
AT3G26740,Athaliana_PhyA_Sample_237_0-68G,0.37626706947646427,ELF3,OSD-346
AT3G46640,Athaliana_PhyA_Sample_237_0-68G,-0.8134187695710197,TIC,OSD-346
AT5G02810,Athaliana_PhyA_Sample_237_0-68G,-0.7766948496677404,PRR7,OSD-346
AT5G24470,Athaliana_PhyA_Sample_237_0-68G,-0.5650535669560741,PRR5,OSD-346
AT5G61380,Athaliana_PhyA_Sample_237_0-68G,-0.6181161560518746,TOC1,OSD-346
AT1G01060,Athaliana_PhyA_Sample_180_1G,-0.2224591577787964,LHY,OSD-346
AT1G75530,Athaliana_PhyA_Sample_180_1G,2.0216468493746147,LUX,OSD-346
AT2G40080,Athaliana_PhyA_Sample_180_1G,0.5753139474609982,ELF4,OSD-346
AT2G42830,Athaliana_PhyA_Sample_180_1G,-1.6205112231021441,PRR9,OSD-346
AT2G46830,Athaliana_PhyA_Sample_180_1G,0.3734363616210289,CCA1,OSD-346
AT3G09600,Athaliana_PhyA_Sample_180_1G,0.4894550671514606,GI,OSD-346
AT3G26740,Athaliana_PhyA_Sample_180_1G,3.6885864978056073,ELF3,OSD-346
AT3G46640,Athaliana_PhyA_Sample_180_1G,0.6587138981173865,TIC,OSD-346
AT5G02810,Athaliana_PhyA_Sample_180_1G,4.3751520139270115,PRR7,OSD-346
AT5G24470,Athaliana_PhyA_Sample_180_1G,2.603314206858195,PRR5,OSD-346
AT5G61380,Athaliana_PhyA_Sample_180_1G,2.83365440786545,TOC1,OSD-346
AT1G01060,Athaliana_PhyA_Sample_240_1-05G,-0.32005036317032015,LHY,OSD-346
AT1G75530,Athaliana_PhyA_Sample_240_1-05G,-0.12383835921271531,LUX,OSD-346
AT2G40080,Athaliana_PhyA_Sample_240_1-05G,-0.5985669989140096,ELF4,OSD-346
AT2G42830,Athaliana_PhyA_Sample_240_1-05G,-0.13474134730210008,PRR9,OSD-346
AT2G46830,Athaliana_PhyA_Sample_240_1-05G,-0.4612529728941646,CCA1,OSD-346
AT3G09600,Athaliana_PhyA_Sample_240_1-05G,-0.5896732038537664,GI,OSD-346
AT3G26740,Athaliana_PhyA_Sample_240_1-05G,0.05165625668783304,ELF3,OSD-346
AT3G46640,Athaliana_PhyA_Sample_240_1-05G,-0.43494033917469294,TIC,OSD-346
AT5G02810,Athaliana_PhyA_Sample_240_1-05G,-0.7093443700156336,PRR7,OSD-346
AT5G24470,Athaliana_PhyA_Sample_240_1-05G,-0.19577416920813911,PRR5,OSD-346
AT5G61380,Athaliana_PhyA_Sample_240_1-05G,-0.8075253055289893,TOC1,OSD-346
AT1G01060,Athaliana_PhyB_Sample_113_0G,1.891609881367489,LHY,OSD-346
AT1G75530,Athaliana_PhyB_Sample_113_0G,0.014624104061215025,LUX,OSD-346
AT2G40080,Athaliana_PhyB_Sample_113_0G,-0.1524517899267046,ELF4,OSD-346
AT2G42830,Athaliana_PhyB_Sample_113_0G,-1.6977752083537456,PRR9,OSD-346
AT2G46830,Athaliana_PhyB_Sample_113_0G,2.467598849661165,CCA1,OSD-346
AT3G09600,Athaliana_PhyB_Sample_113_0G,2.785165788906556,GI,OSD-346
AT3G26740,Athaliana_PhyB_Sample_113_0G,-0.8116579230921074,ELF3,OSD-346
AT3G46640,Athaliana_PhyB_Sample_113_0G,0.5023628094151487,TIC,OSD-346
AT5G02810,Athaliana_PhyB_Sample_113_0G,-0.038827308601223846,PRR7,OSD-346
AT5G24470,Athaliana_PhyB_Sample_113_0G,-0.04576484925320224,PRR5,OSD-346
AT5G61380,Athaliana_PhyB_Sample_113_0G,-0.7363615493697602,TOC1,OSD-346
AT1G01060,Athaliana_PhyB_Sample_133_0-1G,3.399019337720709,LHY,OSD-346
AT1G75530,Athaliana_PhyB_Sample_133_0-1G,-0.6957207384364857,LUX,OSD-346
AT2G40080,Athaliana_PhyB_Sample_133_0-1G,-0.7047576293854739,ELF4,OSD-346
AT2G42830,Athaliana_PhyB_Sample_133_0-1G,-0.540398478517668,PRR9,OSD-346
AT2G46830,Athaliana_PhyB_Sample_133_0-1G,2.571724361759979,CCA1,OSD-346
AT3G09600,Athaliana_PhyB_Sample_133_0-1G,1.9381120573580326,GI,OSD-346
AT3G26740,Athaliana_PhyB_Sample_133_0-1G,-0.9069786068764909,ELF3,OSD-346
AT3G46640,Athaliana_PhyB_Sample_133_0-1G,-1.3130765199594818,TIC,OSD-346
AT5G02810,Athaliana_PhyB_Sample_133_0-1G,-0.793151557530355,PRR7,OSD-346
AT5G24470,Athaliana_PhyB_Sample_133_0-1G,-0.8291703329460733,PRR5,OSD-346
AT5G61380,Athaliana_PhyB_Sample_133_0-1G,-1.9290514135378691,TOC1,OSD-346
AT1G01060,Athaliana_PhyB_Sample_153_0-3G,0.05116458929467648,LHY,OSD-346
AT1G75530,Athaliana_PhyB_Sample_153_0-3G,3.128363089470137,LUX,OSD-346
AT2G40080,Athaliana_PhyB_Sample_153_0-3G,0.6218440138441149,ELF4,OSD-346
AT2G42830,Athaliana_PhyB_Sample_153_0-3G,0.7022494537363787,PRR9,OSD-346
AT2G46830,Athaliana_PhyB_Sample_153_0-3G,0.18979407216960012,CCA1,OSD-346
AT3G09600,Athaliana_PhyB_Sample_153_0-3G,-0.3496460052724572,GI,OSD-346
AT3G26740,Athaliana_PhyB_Sample_153_0-3G,0.9696180084214268,ELF3,OSD-346
AT3G46640,Athaliana_PhyB_Sample_153_0-3G,0.2204923819808091,TIC,OSD-346
AT5G02810,Athaliana_PhyB_Sample_153_0-3G,0.3498123852902016,PRR7,OSD-346
AT5G24470,Athaliana_PhyB_Sample_153_0-3G,-0.08793712269518393,PRR5,OSD-346
AT5G61380,Athaliana_PhyB_Sample_153_0-3G,0.36720368104990614,TOC1,OSD-346
AT1G01060,Athaliana_PhyB_Sample_213_0-5G,-0.1911806789354823,LHY,OSD-346
AT1G75530,Athaliana_PhyB_Sample_213_0-5G,-0.6957207384364857,LUX,OSD-346
AT2G40080,Athaliana_PhyB_Sample_213_0-5G,1.6222774153431994,ELF4,OSD-346
AT2G42830,Athaliana_PhyB_Sample_213_0-5G,-1.5834590824192762,PRR9,OSD-346
AT2G46830,Athaliana_PhyB_Sample_213_0-5G,1.436812901866055,CCA1,OSD-346
AT3G09600,Athaliana_PhyB_Sample_213_0-5G,1.0508951468160557,GI,OSD-346
AT3G26740,Athaliana_PhyB_Sample_213_0-5G,-1.028808396016025,ELF3,OSD-346
AT3G46640,Athaliana_PhyB_Sample_213_0-5G,-0.5781656650868082,TIC,OSD-346
AT5G02810,Athaliana_PhyB_Sample_213_0-5G,0.09856787972424477,PRR7,OSD-346
AT5G24470,Athaliana_PhyB_Sample_213_0-5G,1.238785941570095,PRR5,OSD-346
AT5G61380,Athaliana_PhyB_Sample_213_0-5G,-0.6318447615565526,TOC1,OSD-346
AT1G01060,Athaliana_PhyB_Sample_173_0-76G,0.4123337438341952,LHY,OSD-346
AT1G75530,Athaliana_PhyB_Sample_173_0-76G,-0.18890609539862407,LUX,OSD-346
AT2G40080,Athaliana_PhyB_Sample_173_0-76G,0.0908223788182832,ELF4,OSD-346
AT2G42830,Athaliana_PhyB_Sample_173_0-76G,-1.2683842191815513,PRR9,OSD-346
AT2G46830,Athaliana_PhyB_Sample_173_0-76G,0.34533502980073694,CCA1,OSD-346
AT3G09600,Athaliana_PhyB_Sample_173_0-76G,0.5640270921698409,GI,OSD-346
AT3G26740,Athaliana_PhyB_Sample_173_0-76G,-0.2727122451784558,ELF3,OSD-346
AT3G46640,Athaliana_PhyB_Sample_173_0-76G,0.6040052471770789,TIC,OSD-346
AT5G02810,Athaliana_PhyB_Sample_173_0-76G,0.9343753859712232,PRR7,OSD-346
AT5G24470,Athaliana_PhyB_Sample_173_0-76G,0.5702058705656251,PRR5,OSD-346
AT5G61380,Athaliana_PhyB_Sample_173_0-76G,0.8444226123401819,TOC1,OSD-346
AT1G01060,Athaliana_PhyB_Sample_233_0-8G,0.3308389926430055,LHY,OSD-346
AT1G75530,Athaliana_PhyB_Sample_233_0-8G,-0.6957207384364857,LUX,OSD-346
AT2G40080,Athaliana_PhyB_Sample_233_0-8G,1.1668613386893794,ELF4,OSD-346
AT2G42830,Athaliana_PhyB_Sample_233_0-8G,-0.004416620731746385,PRR9,OSD-346
AT2G46830,Athaliana_PhyB_Sample_233_0-8G,1.1099380632405935,CCA1,OSD-346
AT3G09600,Athaliana_PhyB_Sample_233_0-8G,1.1338510180863368,GI,OSD-346
AT3G26740,Athaliana_PhyB_Sample_233_0-8G,2.6927431831802693,ELF3,OSD-346
AT3G46640,Athaliana_PhyB_Sample_233_0-8G,0.03483351273212392,TIC,OSD-346
AT5G02810,Athaliana_PhyB_Sample_233_0-8G,0.27923756721822407,PRR7,OSD-346
AT5G24470,Athaliana_PhyB_Sample_233_0-8G,0.9349919845900563,PRR5,OSD-346
AT5G61380,Athaliana_PhyB_Sample_233_0-8G,1.5551307946987458,TOC1,OSD-346
AT1G01060,Athaliana_PhyB_Sample_118_0G,1.3565605758763073,LHY,OSD-346
AT1G75530,Athaliana_PhyB_Sample_118_0G,0.1604087684424783,LUX,OSD-346
AT2G40080,Athaliana_PhyB_Sample_118_0G,-0.4303885154049396,ELF4,OSD-346
AT2G42830,Athaliana_PhyB_Sample_118_0G,-0.1682925241131419,PRR9,OSD-346
AT2G46830,Athaliana_PhyB_Sample_118_0G,0.5894306916961515,CCA1,OSD-346
AT3G09600,Athaliana_PhyB_Sample_118_0G,1.0309507854574356,GI,OSD-346
AT3G26740,Athaliana_PhyB_Sample_118_0G,-0.777996951662811,ELF3,OSD-346
AT3G46640,Athaliana_PhyB_Sample_118_0G,-0.9230339560783628,TIC,OSD-346
AT5G02810,Athaliana_PhyB_Sample_118_0G,-0.5394532147236178,PRR7,OSD-346
AT5G24470,Athaliana_PhyB_Sample_118_0G,-0.5055206025951687,PRR5,OSD-346
AT5G61380,Athaliana_PhyB_Sample_118_0G,-0.42090074830060753,TOC1,OSD-346
AT1G01060,Athaliana_PhyB_Sample_138_0-1G,2.77401446142828,LHY,OSD-346
AT1G75530,Athaliana_PhyB_Sample_138_0-1G,-0.6957207384364857,LUX,OSD-346
AT2G40080,Athaliana_PhyB_Sample_138_0-1G,-0.6617930471704295,ELF4,OSD-346
AT2G42830,Athaliana_PhyB_Sample_138_0-1G,0.8620716440161036,PRR9,OSD-346
AT2G46830,Athaliana_PhyB_Sample_138_0-1G,2.397564015886442,CCA1,OSD-346
AT3G09600,Athaliana_PhyB_Sample_138_0-1G,1.8345818998590055,GI,OSD-346
AT3G26740,Athaliana_PhyB_Sample_138_0-1G,0.0475788745360458,ELF3,OSD-346
AT3G46640,Athaliana_PhyB_Sample_138_0-1G,-0.33677221301666843,TIC,OSD-346
AT5G02810,Athaliana_PhyB_Sample_138_0-1G,0.8243917532770364,PRR7,OSD-346
AT5G24470,Athaliana_PhyB_Sample_138_0-1G,-0.3360564878717781,PRR5,OSD-346
AT5G61380,Athaliana_PhyB_Sample_138_0-1G,0.46330334722451927,TOC1,OSD-346
AT1G01060,Athaliana_PhyB_Sample_158_0-3G,-0.3992882162081396,LHY,OSD-346
AT1G75530,Athaliana_PhyB_Sample_158_0-3G,-0.6957207384364857,LUX,OSD-346
AT2G40080,Athaliana_PhyB_Sample_158_0-3G,1.6371245014999007,ELF4,OSD-346
AT2G42830,Athaliana_PhyB_Sample_158_0-3G,0.3386539350468472,PRR9,OSD-346
AT2G46830,Athaliana_PhyB_Sample_158_0-3G,-0.4138626835135497,CCA1,OSD-346
AT3G09600,Athaliana_PhyB_Sample_158_0-3G,-0.758739734755931,GI,OSD-346
AT3G26740,Athaliana_PhyB_Sample_158_0-3G,1.2169451918777834,ELF3,OSD-346
AT3G46640,Athaliana_PhyB_Sample_158_0-3G,1.4115136894489364,TIC,OSD-346
AT5G02810,Athaliana_PhyB_Sample_158_0-3G,-0.5549262337525841,PRR7,OSD-346
AT5G24470,Athaliana_PhyB_Sample_158_0-3G,0.3160971606859725,PRR5,OSD-346
AT5G61380,Athaliana_PhyB_Sample_158_0-3G,0.19666420375816387,TOC1,OSD-346
AT1G01060,Athaliana_PhyB_Sample_218_0-5G,-0.3395646152138608,LHY,OSD-346
AT1G75530,Athaliana_PhyB_Sample_218_0-5G,-0.6957207384364857,LUX,OSD-346
AT2G40080,Athaliana_PhyB_Sample_218_0-5G,0.8470156190333585,ELF4,OSD-346
AT2G42830,Athaliana_PhyB_Sample_218_0-5G,-0.5654693089966569,PRR9,OSD-346
AT2G46830,Athaliana_PhyB_Sample_218_0-5G,-0.13088135429411532,CCA1,OSD-346
AT3G09600,Athaliana_PhyB_Sample_218_0-5G,-0.15948843828728645,GI,OSD-346
AT3G26740,Athaliana_PhyB_Sample_218_0-5G,0.022972552556333542,ELF3,OSD-346
AT3G46640,Athaliana_PhyB_Sample_218_0-5G,1.010604047857468,TIC,OSD-346
AT5G02810,Athaliana_PhyB_Sample_218_0-5G,-0.06182569068161537,PRR7,OSD-346
AT5G24470,Athaliana_PhyB_Sample_218_0-5G,1.5026458145193653,PRR5,OSD-346
AT5G61380,Athaliana_PhyB_Sample_218_0-5G,1.3535299724680694,TOC1,OSD-346
AT1G01060,Athaliana_PhyB_Sample_178_0-76G,0.9033673493093431,LHY,OSD-346
AT1G75530,Athaliana_PhyB_Sample_178_0-76G,-0.6957207384364857,LUX,OSD-346
AT2G40080,Athaliana_PhyB_Sample_178_0-76G,-0.0172525919162426,ELF4,OSD-346
AT2G42830,Athaliana_PhyB_Sample_178_0-76G,2.400950199030539,PRR9,OSD-346
AT2G46830,Athaliana_PhyB_Sample_178_0-76G,1.3911987057107453,CCA1,OSD-346
AT3G09600,Athaliana_PhyB_Sample_178_0-76G,0.42842767617722566,GI,OSD-346
AT3G26740,Athaliana_PhyB_Sample_178_0-76G,0.5711389701200814,ELF3,OSD-346
AT3G46640,Athaliana_PhyB_Sample_178_0-76G,0.49164200353841325,TIC,OSD-346
AT5G02810,Athaliana_PhyB_Sample_178_0-76G,0.6556163116791267,PRR7,OSD-346
AT5G24470,Athaliana_PhyB_Sample_178_0-76G,0.43026298551395975,PRR5,OSD-346
AT5G61380,Athaliana_PhyB_Sample_178_0-76G,1.7514286501776168,TOC1,OSD-346
AT1G01060,Athaliana_PhyB_Sample_238_0-8G,-0.5730210269217159,LHY,OSD-346
AT1G75530,Athaliana_PhyB_Sample_238_0-8G,-0.6957207384364857,LUX,OSD-346
AT2G40080,Athaliana_PhyB_Sample_238_0-8G,1.2253712907891563,ELF4,OSD-346
AT2G42830,Athaliana_PhyB_Sample_238_0-8G,-0.307588378007628,PRR9,OSD-346
AT2G46830,Athaliana_PhyB_Sample_238_0-8G,0.03611640912756044,CCA1,OSD-346
AT3G09600,Athaliana_PhyB_Sample_238_0-8G,-0.42896164827195254,GI,OSD-346
AT3G26740,Athaliana_PhyB_Sample_238_0-8G,-0.047367899158462984,ELF3,OSD-346
AT3G46640,Athaliana_PhyB_Sample_238_0-8G,1.261228471342309,TIC,OSD-346
AT5G02810,Athaliana_PhyB_Sample_238_0-8G,-0.5308865425051184,PRR7,OSD-346
AT5G24470,Athaliana_PhyB_Sample_238_0-8G,0.15646640179227683,PRR5,OSD-346
AT5G61380,Athaliana_PhyB_Sample_238_0-8G,-0.29010307019228504,TOC1,OSD-346
AT1G01060,GSM3331071,1.2278286851903386,LHY,OSD-427
AT1G75530,GSM3331071,2.5753418092312717,LUX,OSD-427
AT2G40080,GSM3331071,-1.131469868147794,ELF4,OSD-427
AT2G42830,GSM3331071,0.9364419857587764,PRR9,OSD-427
AT2G46830,GSM3331071,1.5109371736975055,CCA1,OSD-427
AT3G09600,GSM3331071,1.2175066455055075,GI,OSD-427
AT3G26740,GSM3331071,0.9819514324343103,ELF3,OSD-427
AT3G46640,GSM3331071,-1.105132081049613,TIC,OSD-427
AT5G02810,GSM3331071,2.299643350783019,PRR7,OSD-427
AT5G24470,GSM3331071,-1.1244002321762911,PRR5,OSD-427
AT5G61380,GSM3331071,-1.8187109752790735,TOC1,OSD-427
AT1G01060,GSM3331072,0.990755508059903,LHY,OSD-427
AT1G75530,GSM3331072,0.57274595079406,LUX,OSD-427
AT2G40080,GSM3331072,-0.8797810471855327,ELF4,OSD-427
AT2G42830,GSM3331072,1.884900769117688,PRR9,OSD-427
AT2G46830,GSM3331072,1.0843962735792485,CCA1,OSD-427
AT3G09600,GSM3331072,1.1902390939820104,GI,OSD-427
AT3G26740,GSM3331072,1.4520540433490932,ELF3,OSD-427
AT3G46640,GSM3331072,-0.2928567436663736,TIC,OSD-427
AT5G02810,GSM3331072,1.4111289822192672,PRR7,OSD-427
AT5G24470,GSM3331072,-0.27083101176953656,PRR5,OSD-427
AT5G61380,GSM3331072,-0.3115447320147515,TOC1,OSD-427
AT1G01060,GSM3331073,0.4334022150761653,LHY,OSD-427
AT1G75530,GSM3331073,2.0473473459221143,LUX,OSD-427
AT2G40080,GSM3331073,-0.8737691341503496,ELF4,OSD-427
AT2G42830,GSM3331073,0.8291074013539043,PRR9,OSD-427
AT2G46830,GSM3331073,0.46108427207592917,CCA1,OSD-427
AT3G09600,GSM3331073,0.7605084229254657,GI,OSD-427
AT3G26740,GSM3331073,2.588089602567986,ELF3,OSD-427
AT3G46640,GSM3331073,0.16779396837655133,TIC,OSD-427
AT5G02810,GSM3331073,1.4821517386072516,PRR7,OSD-427
AT5G24470,GSM3331073,1.640230896240961,PRR5,OSD-427
AT5G61380,GSM3331073,-0.05215224480145262,TOC1,OSD-427
AT1G01060,GSM3331074,0.5925429373322376,LHY,OSD-427
AT1G75530,GSM3331074,-0.6726087476678024,LUX,OSD-427
AT2G40080,GSM3331074,-0.7117667859036884,ELF4,OSD-427
AT2G42830,GSM3331074,1.251299515066761,PRR9,OSD-427
AT2G46830,GSM3331074,0.6866097922127514,CCA1,OSD-427
AT3G09600,GSM3331074,0.5844432536435014,GI,OSD-427
AT3G26740,GSM3331074,1.8321699882219566,ELF3,OSD-427
AT3G46640,GSM3331074,0.35236828315121993,TIC,OSD-427
AT5G02810,GSM3331074,1.2468184831019398,PRR7,OSD-427
AT5G24470,GSM3331074,0.012635494868712282,PRR5,OSD-427
AT5G61380,GSM3331074,-0.13856473279651343,TOC1,OSD-427
AT1G01060,GSM3331075,-0.9105345423323354,LHY,OSD-427
AT1G75530,GSM3331075,-0.6726087476678024,LUX,OSD-427
AT2G40080,GSM3331075,0.9509474121377302,ELF4,OSD-427
AT2G42830,GSM3331075,-0.7337819911645462,PRR9,OSD-427
AT2G46830,GSM3331075,-0.8965754780085846,CCA1,OSD-427
AT3G09600,GSM3331075,-1.0612154887126575,GI,OSD-427
AT3G26740,GSM3331075,-0.8835267763553567,ELF3,OSD-427
AT3G46640,GSM3331075,1.277080275759584,TIC,OSD-427
AT5G02810,GSM3331075,-0.825176401058343,PRR7,OSD-427
AT5G24470,GSM3331075,-0.5640392565699094,PRR5,OSD-427
AT5G61380,GSM3331075,0.9594540778845826,TOC1,OSD-427
AT1G01060,GSM3331076,-0.7799010127584556,LHY,OSD-427
AT1G75530,GSM3331076,-0.6726087476678024,LUX,OSD-427
AT2G40080,GSM3331076,1.310022233299271,ELF4,OSD-427
AT2G42830,GSM3331076,-0.751017296387846,PRR9,OSD-427
AT2G46830,GSM3331076,-0.7171416310624845,CCA1,OSD-427
AT3G09600,GSM3331076,-0.8760499945401491,GI,OSD-427
AT3G26740,GSM3331076,-0.8619490509913559,ELF3,OSD-427
AT3G46640,GSM3331076,0.8401363858203247,TIC,OSD-427
AT5G02810,GSM3331076,-0.578008471079865,PRR7,OSD-427
AT5G24470,GSM3331076,0.08321212390971043,PRR5,OSD-427
AT5G61380,GSM3331076,1.8820672166813723,TOC1,OSD-427
AT1G01060,GSM3331077,-0.8039524843090113,LHY,OSD-427
AT1G75530,GSM3331077,-0.6726087476678024,LUX,OSD-427
AT2G40080,GSM3331077,1.2523605665796362,ELF4,OSD-427
AT2G42830,GSM3331077,-0.8518964770734915,PRR9,OSD-427
AT2G46830,GSM3331077,-0.7938695874018112,CCA1,OSD-427
AT3G09600,GSM3331077,-0.803223409126186,GI,OSD-427
AT3G26740,GSM3331077,-0.851229540874371,ELF3,OSD-427
AT3G46640,GSM3331077,1.051110449832998,TIC,OSD-427
AT5G02810,GSM3331077,-0.6197322049965491,PRR7,OSD-427
AT5G24470,GSM3331077,0.07126076829761169,PRR5,OSD-427
AT5G61380,GSM3331077,1.7584983958219298,TOC1,OSD-427
AT1G01060,GSM3331078,-0.8184857924489691,LHY,OSD-427
AT1G75530,GSM3331078,-0.6726087476678024,LUX,OSD-427
AT2G40080,GSM3331078,0.9719386341211075,ELF4,OSD-427
AT2G42830,GSM3331078,-0.8414501146979562,PRR9,OSD-427
AT2G46830,GSM3331078,-0.813367126367499,CCA1,OSD-427
AT3G09600,GSM3331078,-0.9132543970818089,GI,OSD-427
AT3G26740,GSM3331078,-0.8715710810458888,ELF3,OSD-427
AT3G46640,GSM3331078,1.061970334287118,TIC,OSD-427
AT5G02810,GSM3331078,-0.6911029382256427,PRR7,OSD-427
AT5G24470,GSM3331078,0.2245084392332855,PRR5,OSD-427
AT5G61380,GSM3331078,1.3849314019926457,TOC1,OSD-427
AT1G01060,GSM3331079,1.0438462916393512,LHY,OSD-427
AT1G75530,GSM3331079,-0.6726087476678024,LUX,OSD-427
AT2G40080,GSM3331079,-0.7840610014389287,ELF4,OSD-427
AT2G42830,GSM3331079,0.3039307369672911,PRR9,OSD-427
AT2G46830,GSM3331079,0.7093770773276156,CCA1,OSD-427
AT3G09600,GSM3331079,0.5794483622162625,GI,OSD-427
AT3G26740,GSM3331079,1.5674056293883931,ELF3,OSD-427
AT3G46640,GSM3331079,-1.0123275762484445,TIC,OSD-427
AT5G02810,GSM3331079,0.4433219522257298,PRR7,OSD-427
AT5G24470,GSM3331079,1.7700424454854313,PRR5,OSD-427
AT5G61380,GSM3331079,0.33194876433078335,TOC1,OSD-427
AT1G01060,GSM3331080,2.0236526259775394,LHY,OSD-427
AT1G75530,GSM3331080,-0.6726087476678024,LUX,OSD-427
AT2G40080,GSM3331080,-1.0655049169918407,ELF4,OSD-427
AT2G42830,GSM3331080,-0.0011364565421580486,PRR9,OSD-427
AT2G46830,GSM3331080,1.1777438983117623,CCA1,OSD-427
AT3G09600,GSM3331080,1.6342853775612165,GI,OSD-427
AT3G26740,GSM3331080,0.27325991028080004,ELF3,OSD-427
AT3G46640,GSM3331080,-1.7866315168639972,TIC,OSD-427
AT5G02810,GSM3331080,-0.07873412868331114,PRR7,OSD-427
AT5G24470,GSM3331080,-1.7276131515677493,PRR5,OSD-427
AT5G61380,GSM3331080,-1.4172667444122686,TOC1,OSD-427
AT1G01060,GSM3331081,1.6542384498900906,LHY,OSD-427
AT1G75530,GSM3331081,-0.6726087476678024,LUX,OSD-427
AT2G40080,GSM3331081,-0.9273394847322224,ELF4,OSD-427
AT2G42830,GSM3331081,-0.607010707750563,PRR9,OSD-427
AT2G46830,GSM3331081,1.2009218077716377,CCA1,OSD-427
AT3G09600,GSM3331081,0.9429393201267987,GI,OSD-427
AT3G26740,GSM3331081,1.0519194496452293,ELF3,OSD-427
AT3G46640,GSM3331081,-1.177163376256048,TIC,OSD-427
AT5G02810,GSM3331081,0.5560629285303316,PRR7,OSD-427
AT5G24470,GSM3331081,-0.15532473500531366,PRR5,OSD-427
AT5G61380,GSM3331081,-1.267661594965179,TOC1,OSD-427
AT1G01060,GSM3331082,0.8298459085253007,LHY,OSD-427
AT1G75530,GSM3331082,-0.6726087476678024,LUX,OSD-427
AT2G40080,GSM3331082,-1.0023061048419883,ELF4,OSD-427
AT2G42830,GSM3331082,1.0553609806703859,PRR9,OSD-427
AT2G46830,GSM3331082,0.829304168130123,CCA1,OSD-427
AT3G09600,GSM3331082,0.7380376466488748,GI,OSD-427
AT3G26740,GSM3331082,1.5054040704159988,ELF3,OSD-427
AT3G46640,GSM3331082,-1.1734845923947828,TIC,OSD-427
AT5G02810,GSM3331082,1.8161784944365438,PRR7,OSD-427
AT5G24470,GSM3331082,0.800731491726167,PRR5,OSD-427
AT5G61380,GSM3331082,-1.1224567236700005,TOC1,OSD-427
AT1G01060,GSM3331083,-0.7285922421892392,LHY,OSD-427
AT1G75530,GSM3331083,0.3182690066383757,LUX,OSD-427
AT2G40080,GSM3331083,1.0530390243076062,ELF4,OSD-427
AT2G42830,GSM3331083,-0.9399993935681797,PRR9,OSD-427
AT2G46830,GSM3331083,-0.7841588078475439,CCA1,OSD-427
AT3G09600,GSM3331083,-0.9443249340332863,GI,OSD-427
AT3G26740,GSM3331083,-0.8824708812687936,ELF3,OSD-427
AT3G46640,GSM3331083,0.37811449649437534,TIC,OSD-427
AT5G02810,GSM3331083,-0.9001533678596196,PRR7,OSD-427
AT5G24470,GSM3331083,-0.4450973592167651,PRR5,OSD-427
AT5G61380,GSM3331083,0.34942527293806297,TOC1,OSD-427
AT1G01060,GSM3331084,-0.8107331654775533,LHY,OSD-427
AT1G75530,GSM3331084,-0.6726087476678024,LUX,OSD-427
AT2G40080,GSM3331084,0.5243341369418673,ELF4,OSD-427
AT2G42830,GSM3331084,-0.7907475908430806,PRR9,OSD-427
AT2G46830,GSM3331084,-0.865219883455772,CCA1,OSD-427
AT3G09600,GSM3331084,-1.0233779873449815,GI,OSD-427
AT3G26740,GSM3331084,-0.8875802067995509,ELF3,OSD-427
AT3G46640,GSM3331084,0.2056015429092684,TIC,OSD-427
AT5G02810,GSM3331084,-0.8628929871298182,PRR7,OSD-427
AT5G24470,GSM3331084,-0.22842168177672653,PRR5,OSD-427
AT5G61380,GSM3331084,0.3681950902740424,TOC1,OSD-427
AT1G01060,GSM3331085,-0.7263082200581302,LHY,OSD-427
AT1G75530,GSM3331085,-0.6726087476678024,LUX,OSD-427
AT2G40080,GSM3331085,1.3103486586674353,ELF4,OSD-427
AT2G42830,GSM3331085,-0.9399993935681797,PRR9,OSD-427
AT2G46830,GSM3331085,-0.7879391348116364,CCA1,OSD-427
AT3G09600,GSM3331085,-0.8571253798231755,GI,OSD-427
AT3G26740,GSM3331085,-0.8864948430718113,ELF3,OSD-427
AT3G46640,GSM3331085,0.6266304040544564,TIC,OSD-427
AT5G02810,GSM3331085,-0.8497547978735253,PRR7,OSD-427
AT5G24470,GSM3331085,0.21269655480453778,PRR5,OSD-427
AT5G61380,GSM3331085,0.8567279512030298,TOC1,OSD-427
AT1G01060,GSM3331086,-0.7590986375372734,LHY,OSD-427
AT1G75530,GSM3331086,0.5189718165908471,LUX,OSD-427
AT2G40080,GSM3331086,0.9638674537730604,ELF4,OSD-427
AT2G42830,GSM3331086,-0.8306116535329102,PRR9,OSD-427
AT2G46830,GSM3331086,-0.8386473766084404,CCA1,OSD-427
AT3G09600,GSM3331086,-0.8903768590145902,GI,OSD-427
AT3G26740,GSM3331086,-0.8970905847054191,ELF3,OSD-427
AT3G46640,GSM3331086,0.8213220030090743,TIC,OSD-427
AT5G02810,GSM3331086,-0.8986885021220208,PRR7,OSD-427
AT5G24470,GSM3331086,-0.03880079232591344,PRR5,OSD-427
AT5G61380,GSM3331086,0.15221818242639498,TOC1,OSD-427
AT1G01060,GSM3331087,-0.2367894415774849,LHY,OSD-427
AT1G75530,GSM3331087,-0.6726087476678024,LUX,OSD-427
AT2G40080,GSM3331087,-1.0190036485320733,ELF4,OSD-427
AT2G42830,GSM3331087,0.28209096901536895,PRR9,OSD-427
AT2G46830,GSM3331087,0.2866269267603359,CCA1,OSD-427
AT3G09600,GSM3331087,0.8458461983379931,GI,OSD-427
AT3G26740,GSM3331087,0.893333612659563,ELF3,OSD-427
AT3G46640,GSM3331087,-0.6525660698153021,TIC,OSD-427
AT5G02810,GSM3331087,1.4426440975315422,PRR7,OSD-427
AT5G24470,GSM3331087,1.6411901929131063,PRR5,OSD-427
AT5G61380,GSM3331087,-0.6857214359399721,TOC1,OSD-427
AT1G01060,GSM3331088,-0.3416680683679989,LHY,OSD-427
AT1G75530,GSM3331088,1.749872069095785,LUX,OSD-427
AT2G40080,GSM3331088,-0.8715776515184717,ELF4,OSD-427
AT2G42830,GSM3331088,-0.6002178658153025,PRR9,OSD-427
AT2G46830,GSM3331088,-0.20630481018521252,CCA1,OSD-427
AT3G09600,GSM3331088,0.2849762773300012,GI,OSD-427
AT3G26740,GSM3331088,0.41732885676264125,ELF3,OSD-427
AT3G46640,GSM3331088,-0.3154625711881993,TIC,OSD-427
AT5G02810,GSM3331088,0.2699187245316881,PRR7,OSD-427
AT5G24470,GSM3331088,0.0015480417796055032,PRR5,OSD-427
AT5G61380,GSM3331088,-0.324351384292807,TOC1,OSD-427
AT1G01060,GSM3331089,-0.36738866074166504,LHY,OSD-427
AT1G75530,GSM3331089,-0.6726087476678024,LUX,OSD-427
AT2G40080,GSM3331089,-0.8127516130035679,ELF4,OSD-427
AT2G42830,GSM3331089,0.1702766869031349,PRR9,OSD-427
AT2G46830,GSM3331089,-0.31325289453617144,CCA1,OSD-427
AT3G09600,GSM3331089,0.20819107091269368,GI,OSD-427
AT3G26740,GSM3331089,0.534237365387732,ELF3,OSD-427
AT3G46640,GSM3331089,0.38139119802336124,TIC,OSD-427
AT5G02810,GSM3331089,0.05160518409420305,PRR7,OSD-427
AT5G24470,GSM3331089,0.056700836446779944,PRR5,OSD-427
AT5G61380,GSM3331089,0.22053974656518727,TOC1,OSD-427
AT1G01060,GSM3331090,0.017501212807705464,LHY,OSD-427
AT1G75530,GSM3331090,0.5210642891609326,LUX,OSD-427
AT2G40080,GSM3331090,-0.9543819815734128,ELF4,OSD-427
AT2G42830,GSM3331090,0.5145257055687753,PRR9,OSD-427
AT2G46830,GSM3331090,0.11082214112322922,CCA1,OSD-427
AT3G09600,GSM3331090,0.7250548267244797,GI,OSD-427
AT3G26740,GSM3331090,0.5968109742658674,ELF3,OSD-427
AT3G46640,GSM3331090,-0.17646767977997466,TIC,OSD-427
AT5G02810,GSM3331090,0.17680137850386649,PRR7,OSD-427
AT5G24470,GSM3331090,-0.2989229766852482,PRR5,OSD-427
AT5G61380,GSM3331090,-0.4210737081134209,TOC1,OSD-427
AT1G01060,GSM3331091,-0.8995666921042013,LHY,OSD-427
AT1G75530,GSM3331091,-0.6726087476678024,LUX,OSD-427
AT2G40080,GSM3331091,0.6146053709362026,ELF4,OSD-427
AT2G42830,GSM3331091,-0.4493963807736172,PRR9,OSD-427
AT2G46830,GSM3331091,-0.9650846430707631,CCA1,OSD-427
AT3G09600,GSM3331091,-0.9734152461810035,GI,OSD-427
AT3G26740,GSM3331091,-0.8968415721808114,ELF3,OSD-427
AT3G46640,GSM3331091,1.027337380188398,TIC,OSD-427
AT5G02810,GSM3331091,-0.8944683146219029,PRR7,OSD-427
AT5G24470,GSM3331091,-0.3229665327779215,PRR5,OSD-427
AT5G61380,GSM3331091,0.4762978000611677,TOC1,OSD-427
AT1G01060,GSM3331092,-0.9109376213226283,LHY,OSD-427
AT1G75530,GSM3331092,2.5301987083992685,LUX,OSD-427
AT2G40080,GSM3331092,0.40757760392634734,ELF4,OSD-427
AT2G42830,GSM3331092,-0.7718029297308866,PRR9,OSD-427
AT2G46830,GSM3331092,-0.9534485978493491,CCA1,OSD-427
AT3G09600,GSM3331092,-1.0016140181632693,GI,OSD-427
AT3G26740,GSM3331092,-0.9034947019044556,ELF3,OSD-427
AT3G46640,GSM3331092,1.0337857532026735,TIC,OSD-427
AT5G02810,GSM3331092,-0.9628777555346091,PRR7,OSD-427
AT5G24470,GSM3331092,-0.2241242260322705,PRR5,OSD-427
AT5G61380,GSM3331092,0.37126055368109184,TOC1,OSD-427
AT1G01060,GSM3331093,-0.8977829402425451,LHY,OSD-427
AT1G75530,GSM3331093,0.4066438401558211,LUX,OSD-427
AT2G40080,GSM3331093,0.5111283322565552,ELF4,OSD-427
AT2G42830,GSM3331093,-0.6425501960087326,PRR9,OSD-427
AT2G46830,GSM3331093,-0.9738242188631062,CCA1,OSD-427
AT3G09600,GSM3331093,-1.0098753074235154,GI,OSD-427
AT3G26740,GSM3331093,-0.9035989734725728,ELF3,OSD-427
AT3G46640,GSM3331093,1.8151627732933817,TIC,OSD-427
AT5G02810,GSM3331093,-0.9088534176139867,PRR7,OSD-427
AT5G24470,GSM3331093,-0.4019538487944308,PRR5,OSD-427
AT5G61380,GSM3331093,0.3399380641628865,TOC1,OSD-427
AT1G01060,GSM3331094,-0.8788467559695587,LHY,OSD-427
AT1G75530,GSM3331094,-0.6726087476678024,LUX,OSD-427
AT2G40080,GSM3331094,0.27002155202665507,ELF4,OSD-427
AT2G42830,GSM3331094,-0.7548565483774559,PRR9,OSD-427
AT2G46830,GSM3331094,-0.9340620281973289,CCA1,OSD-427
AT3G09600,GSM3331094,-0.9480813533164905,GI,OSD-427
AT3G26740,GSM3331094,-0.897652199635152,ELF3,OSD-427
AT3G46640,GSM3331094,0.8257066221577192,TIC,OSD-427
AT5G02810,GSM3331094,-0.86695625524899,PRR7,OSD-427
AT5G24470,GSM3331094,0.04630916061286394,PRR5,OSD-427
AT5G61380,GSM3331094,0.5984377174865951,TOC1,OSD-427
AT1G01060,GSM3331095,0.03119265303348853,LHY,OSD-427
AT1G75530,GSM3331095,-0.6726087476678024,LUX,OSD-427
AT2G40080,GSM3331095,-0.8736588585477855,ELF4,OSD-427
AT2G42830,GSM3331095,2.576895900620163,PRR9,OSD-427
AT2G46830,GSM3331095,0.014310229869973384,CCA1,OSD-427
AT3G09600,GSM3331095,0.7333392607466049,GI,OSD-427
AT3G26740,GSM3331095,0.4011780612393587,ELF3,OSD-427
AT3G46640,GSM3331095,-1.4332439705661963,TIC,OSD-427
AT5G02810,GSM3331095,0.11362626180221311,PRR7,OSD-427
AT5G24470,GSM3331095,-0.26004271596619555,PRR5,OSD-427
AT5G61380,GSM3331095,-0.8654930032158373,TOC1,OSD-427
AT1G01060,GSM3331096,0.02142052163511919,LHY,OSD-427
AT1G75530,GSM3331096,1.7538510807242973,LUX,OSD-427
AT2G40080,GSM3331096,-0.620639073358007,ELF4,OSD-427
AT2G42830,GSM3331096,0.14728085603106458,PRR9,OSD-427
AT2G46830,GSM3331096,-0.17855382956878976,CCA1,OSD-427
AT3G09600,GSM3331096,0.4842524451629977,GI,OSD-427
AT3G26740,GSM3331096,0.9302513744646255,ELF3,OSD-427
AT3G46640,GSM3331096,0.177917997951652,TIC,OSD-427
AT5G02810,GSM3331096,0.19751162354505317,PRR7,OSD-427
AT5G24470,GSM3331096,4.198340582243253,PRR5,OSD-427
AT5G61380,GSM3331096,1.3847207573584681,TOC1,OSD-427
AT1G01060,GSM3331097,0.3955251757650125,LHY,OSD-427
AT1G75530,GSM3331097,-0.6726087476678024,LUX,OSD-427
AT2G40080,GSM3331097,-1.0485130832111305,ELF4,OSD-427
AT2G42830,GSM3331097,1.079056278834003,PRR9,OSD-427
AT2G46830,GSM3331097,0.4454418256611842,CCA1,OSD-427
AT3G09600,GSM3331097,0.9650347845819561,GI,OSD-427
AT3G26740,GSM3331097,0.07178832324411931,ELF3,OSD-427
AT3G46640,GSM3331097,-1.6673178847568504,TIC,OSD-427
AT5G02810,GSM3331097,0.37162917934528433,PRR7,OSD-427
AT5G24470,GSM3331097,-1.527187391720234,PRR5,OSD-427
AT5G61380,GSM3331097,-1.760150853730444,TOC1,OSD-427
AT1G01060,GSM3331098,0.5354196722441141,LHY,OSD-427
AT1G75530,GSM3331098,-0.6726087476678024,LUX,OSD-427
AT2G40080,GSM3331098,-1.1288390709711758,ELF4,OSD-427
AT2G42830,GSM3331098,1.0103636319733438,PRR9,OSD-427
AT2G46830,GSM3331098,0.455539289726136,CCA1,OSD-427
AT3G09600,GSM3331098,1.2867779986531194,GI,OSD-427
AT3G26740,GSM3331098,0.10648517297306562,ELF3,OSD-427
AT3G46640,GSM3331098,-1.4035941417890907,TIC,OSD-427
AT5G02810,GSM3331098,0.4940298691487445,PRR7,OSD-427
AT5G24470,GSM3331098,-0.7710775560758196,PRR5,OSD-427
AT5G61380,GSM3331098,-2.0082496619248498,TOC1,OSD-427
AT1G01060,GSM3331099,-0.824887919456831,LHY,OSD-427
AT1G75530,GSM3331099,-0.6726087476678024,LUX,OSD-427
AT2G40080,GSM3331099,0.4408543350064051,ELF4,OSD-427
AT2G42830,GSM3331099,-0.568270635874632,PRR9,OSD-427
AT2G46830,GSM3331099,-0.9211076498245758,CCA1,OSD-427
AT3G09600,GSM3331099,-0.9283811671429548,GI,OSD-427
AT3G26740,GSM3331099,-0.9031426511295847,ELF3,OSD-427
AT3G46640,GSM3331099,0.5102268098132299,TIC,OSD-427
AT5G02810,GSM3331099,-1.0209318290629767,PRR7,OSD-427
AT5G24470,GSM3331099,-0.02966240968639981,PRR5,OSD-427
AT5G61380,GSM3331099,-0.23343875209018078,TOC1,OSD-427
AT1G01060,GSM3331100,-0.8560033880649516,LHY,OSD-427
AT1G75530,GSM3331100,0.3705293554095651,LUX,OSD-427
AT2G40080,GSM3331100,1.172914346608835,ELF4,OSD-427
AT2G42830,GSM3331100,-0.3665544092843535,PRR9,OSD-427
AT2G46830,GSM3331100,-0.8785545556718471,CCA1,OSD-427
AT3G09600,GSM3331100,-0.9632101382557324,GI,OSD-427
AT3G26740,GSM3331100,-0.9020303440881923,ELF3,OSD-427
AT3G46640,GSM3331100,1.498159476641005,TIC,OSD-427
AT5G02810,GSM3331100,-1.019419543902901,PRR7,OSD-427
AT5G24470,GSM3331100,0.21515538349252736,PRR5,OSD-427
AT5G61380,GSM3331100,0.5201799759745832,TOC1,OSD-427
AT1G01060,GSM3331101,-0.8696963177622957,LHY,OSD-427
AT1G75530,GSM3331101,-0.6726087476678024,LUX,OSD-427
AT2G40080,GSM3331101,0.6384710474017384,ELF4,OSD-427
AT2G42830,GSM3331101,-0.41266331191989336,PRR9,OSD-427
AT2G46830,GSM3331101,-0.9294727493194203,CCA1,OSD-427
AT3G09600,GSM3331101,-1.0264827889896642,GI,OSD-427
AT3G26740,GSM3331101,-0.9020775007346004,ELF3,OSD-427
AT3G46640,GSM3331101,0.9750339478991854,TIC,OSD-427
AT5G02810,GSM3331101,-0.9505790228033311,PRR7,OSD-427
AT5G24470,GSM3331101,-0.025935990930684712,PRR5,OSD-427
AT5G61380,GSM3331101,0.18619347920421545,TOC1,OSD-427
AT1G01060,GSM3331102,-0.8490421630213159,LHY,OSD-427
AT1G75530,GSM3331102,0.3536714532226647,LUX,OSD-427
AT2G40080,GSM3331102,0.27481719015378486,ELF4,OSD-427
AT2G42830,GSM3331102,-0.7788805249022144,PRR9,OSD-427
AT2G46830,GSM3331102,-0.9568834924470032,CCA1,OSD-427
AT3G09600,GSM3331102,-1.0601593068383095,GI,OSD-427
AT3G26740,GSM3331102,-0.9054738155732236,ELF3,OSD-427
AT3G46640,GSM3331102,0.5401898319809306,TIC,OSD-427
AT5G02810,GSM3331102,-1.0361205242950184,PRR7,OSD-427
AT5G24470,GSM3331102,-0.471442340010008,PRR5,OSD-427
AT5G61380,GSM3331102,-0.03669376964830976,TOC1,OSD-427
AT1G01060,GSM3331103,0.6056681066912819,LHY,OSD-427
AT1G75530,GSM3331103,-0.6726087476678024,LUX,OSD-427
AT2G40080,GSM3331103,-0.8844627682502595,ELF4,OSD-427
AT2G42830,GSM3331103,2.840894336387838,PRR9,OSD-427
AT2G46830,GSM3331103,1.285363605018128,CCA1,OSD-427
AT3G09600,GSM3331103,0.6935934232788246,GI,OSD-427
AT3G26740,GSM3331103,1.1466332727392519,ELF3,OSD-427
AT3G46640,GSM3331103,-0.7319859230834999,TIC,OSD-427
AT5G02810,GSM3331103,1.5370194289204442,PRR7,OSD-427
AT5G24470,GSM3331103,0.5271701973655676,PRR5,OSD-427
AT5G61380,GSM3331103,-0.3626693248992005,TOC1,OSD-427
AT1G01060,GSM3331104,0.6373449195119695,LHY,OSD-427
AT1G75530,GSM3331104,-0.6726087476678024,LUX,OSD-427
AT2G40080,GSM3331104,-1.0287461173391095,ELF4,OSD-427
AT2G42830,GSM3331104,2.5381310372931414,PRR9,OSD-427
AT2G46830,GSM3331104,1.2616937578778455,CCA1,OSD-427
AT3G09600,GSM3331104,0.786695215156464,GI,OSD-427
AT3G26740,GSM3331104,1.137378047357304,ELF3,OSD-427
AT3G46640,GSM3331104,-0.6126886155397859,TIC,OSD-427
AT5G02810,GSM3331104,2.3868260837385162,PRR7,OSD-427
AT5G24470,GSM3331104,-0.10779120891878109,PRR5,OSD-427
AT5G61380,GSM3331104,-0.804205076890367,TOC1,OSD-427
AT1G01060,GSM3331105,0.31945982559555497,LHY,OSD-427
AT1G75530,GSM3331105,2.072404055146251,LUX,OSD-427
AT2G40080,GSM3331105,-0.6250486293875317,ELF4,OSD-427
AT2G42830,GSM3331105,0.5889399346593823,PRR9,OSD-427
AT2G46830,GSM3331105,0.5220933687426785,CCA1,OSD-427
AT3G09600,GSM3331105,0.220697278528314,GI,OSD-427
AT3G26740,GSM3331105,1.5033698683824708,ELF3,OSD-427
AT3G46640,GSM3331105,-0.018850591795292557,TIC,OSD-427
AT5G02810,GSM3331105,0.8478416848569045,PRR7,OSD-427
AT5G24470,GSM3331105,1.6563408282453964,PRR5,OSD-427
AT5G61380,GSM3331105,0.7621267431238655,TOC1,OSD-427
AT1G01060,GSM3331106,0.6249096915580118,LHY,OSD-427
AT1G75530,GSM3331106,-0.6726087476678024,LUX,OSD-427
AT2G40080,GSM3331106,-0.9517689211493547,ELF4,OSD-427
AT2G42830,GSM3331106,0.2818711227135812,PRR9,OSD-427
AT2G46830,GSM3331106,1.0819641880741935,CCA1,OSD-427
AT3G09600,GSM3331106,0.8193135043625169,GI,OSD-427
AT3G26740,GSM3331106,0.878869159214783,ELF3,OSD-427
AT3G46640,GSM3331106,-0.6772472160999473,TIC,OSD-427
AT5G02810,GSM3331106,1.2471160719534111,PRR7,OSD-427
AT5G24470,GSM3331106,-0.33774966208880336,PRR5,OSD-427
AT5G61380,GSM3331106,-0.5592848184259906,TOC1,OSD-427
AT1G01060,GSM3331107,-0.744450530224682,LHY,OSD-427
AT1G75530,GSM3331107,1.302499218284727,LUX,OSD-427
AT2G40080,GSM3331107,1.5427641990912684,ELF4,OSD-427
AT2G42830,GSM3331107,-0.7850758091625963,PRR9,OSD-427
AT2G46830,GSM3331107,-0.7960924931423992,CCA1,OSD-427
AT3G09600,GSM3331107,-0.8478067668207205,GI,OSD-427
AT3G26740,GSM3331107,-0.8770543220853301,ELF3,OSD-427
AT3G46640,GSM3331107,0.45096268992009547,TIC,OSD-427
AT5G02810,GSM3331107,-0.7410871876023916,PRR7,OSD-427
AT5G24470,GSM3331107,-0.06538397595434242,PRR5,OSD-427
AT5G61380,GSM3331107,0.9179390095316023,TOC1,OSD-427
AT1G01060,GSM3331108,-0.7111619742955194,LHY,OSD-427
AT1G75530,GSM3331108,-0.6726087476678024,LUX,OSD-427
AT2G40080,GSM3331108,2.0664474274653855,ELF4,OSD-427
AT2G42830,GSM3331108,-0.6033607267756866,PRR9,OSD-427
AT2G46830,GSM3331108,-0.7071153529934652,CCA1,OSD-427
AT3G09600,GSM3331108,-0.7885741471606686,GI,OSD-427
AT3G26740,GSM3331108,-0.8710897495439777,ELF3,OSD-427
AT3G46640,GSM3331108,1.3414440395091025,TIC,OSD-427
AT5G02810,GSM3331108,-0.5788293016696077,PRR7,OSD-427
AT5G24470,GSM3331108,0.9515838938553441,PRR5,OSD-427
AT5G61380,GSM3331108,2.3659697595795968,TOC1,OSD-427
AT1G01060,GSM3331109,-0.7554462110178463,LHY,OSD-427
AT1G75530,GSM3331109,-0.6726087476678024,LUX,OSD-427
AT2G40080,GSM3331109,1.1194213841010732,ELF4,OSD-427
AT2G42830,GSM3331109,-0.5403070770436881,PRR9,OSD-427
AT2G46830,GSM3331109,-0.7802234253554483,CCA1,OSD-427
AT3G09600,GSM3331109,-0.8827016828092985,GI,OSD-427
AT3G26740,GSM3331109,-0.8790906297784926,ELF3,OSD-427
AT3G46640,GSM3331109,0.8949436331676729,TIC,OSD-427
AT5G02810,GSM3331109,-0.8035831522013868,PRR7,OSD-427
AT5G24470,GSM3331109,-0.5503948689397661,PRR5,OSD-427
AT5G61380,GSM3331109,0.7059359217561348,TOC1,OSD-427
AT1G01060,GSM3331110,-0.7449926414841593,LHY,OSD-427
AT1G75530,GSM3331110,-0.6726087476678024,LUX,OSD-427
AT2G40080,GSM3331110,0.7568052330577454,ELF4,OSD-427
AT2G42830,GSM3331110,-0.8529682892038395,PRR9,OSD-427
AT2G46830,GSM3331110,-0.8097120857806567,CCA1,OSD-427
AT3G09600,GSM3331110,-0.8655737394586551,GI,OSD-427
AT3G26740,GSM3331110,-0.8682240150272286,ELF3,OSD-427
AT3G46640,GSM3331110,0.40271432280026576,TIC,OSD-427
AT5G02810,GSM3331110,-0.7503109408629111,PRR7,OSD-427
AT5G24470,GSM3331110,-0.11614442596985271,PRR5,OSD-427
AT5G61380,GSM3331110,0.756583520263928,TOC1,OSD-427
AT1G01060,GSM3331111,1.6996026481989777,LHY,OSD-427
AT1G75530,GSM3331111,0.8747927788183611,LUX,OSD-427
AT2G40080,GSM3331111,-1.073449693163132,ELF4,OSD-427
AT2G42830,GSM3331111,0.5873094376796979,PRR9,OSD-427
AT2G46830,GSM3331111,1.5756618362007744,CCA1,OSD-427
AT3G09600,GSM3331111,1.3341069483668533,GI,OSD-427
AT3G26740,GSM3331111,0.6037816190706605,ELF3,OSD-427
AT3G46640,GSM3331111,-1.2819068031379866,TIC,OSD-427
AT5G02810,GSM3331111,0.30671478139894925,PRR7,OSD-427
AT5G24470,GSM3331111,-0.36117245655195185,PRR5,OSD-427
AT5G61380,GSM3331111,-0.4260052873803379,TOC1,OSD-427
AT1G01060,GSM3331112,2.7772174047797984,LHY,OSD-427
AT1G75530,GSM3331112,0.75332012106347,LUX,OSD-427
AT2G40080,GSM3331112,-1.2144178637073146,ELF4,OSD-427
AT2G42830,GSM3331112,0.14470719202474958,PRR9,OSD-427
AT2G46830,GSM3331112,2.3693048742899454,CCA1,OSD-427
AT3G09600,GSM3331112,2.2086576193751815,GI,OSD-427
AT3G26740,GSM3331112,-0.06440174688381811,ELF3,OSD-427
AT3G46640,GSM3331112,-2.038905902458129,TIC,OSD-427
AT5G02810,GSM3331112,0.23951959771794057,PRR7,OSD-427
AT5G24470,GSM3331112,-2.3039472801735386,PRR5,OSD-427
AT5G61380,GSM3331112,-2.149779558749609,TOC1,OSD-427
AT1G01060,GSM3331113,2.1406941998714704,LHY,OSD-427
AT1G75530,GSM3331113,-0.6726087476678024,LUX,OSD-427
AT2G40080,GSM3331113,-1.026675703614319,ELF4,OSD-427
AT2G42830,GSM3331113,0.011837702855477089,PRR9,OSD-427
AT2G46830,GSM3331113,2.2872351775990687,CCA1,OSD-427
AT3G09600,GSM3331113,1.7018532398667738,GI,OSD-427
AT3G26740,GSM3331113,0.37600894825883163,ELF3,OSD-427
AT3G46640,GSM3331113,-1.5740465519172473,TIC,OSD-427
AT5G02810,GSM3331113,0.8011887856490557,PRR7,OSD-427
AT5G24470,GSM3331113,-1.1465464247858643,PRR5,OSD-427
AT5G61380,GSM3331113,-1.1916743081345644,TOC1,OSD-427
AT1G01060,GSM3331114,1.6096443434612142,LHY,OSD-427
AT1G75530,GSM3331114,1.1031278552922583,LUX,OSD-427
AT2G40080,GSM3331114,-0.9488091927667165,ELF4,OSD-427
AT2G42830,GSM3331114,-0.04530373217778102,PRR9,OSD-427
AT2G46830,GSM3331114,1.6702654585345544,CCA1,OSD-427
AT3G09600,GSM3331114,1.3432860064604724,GI,OSD-427
AT3G26740,GSM3331114,0.5099867766163423,ELF3,OSD-427
AT3G46640,GSM3331114,-1.3286368447776373,TIC,OSD-427
AT5G02810,GSM3331114,0.7778343690387363,PRR7,OSD-427
AT5G24470,GSM3331114,-0.3898923126484762,PRR5,OSD-427
AT5G61380,GSM3331114,-0.7336766752801869,TOC1,OSD-427
AT1G01060,GSM3331115,-0.7731338850888702,LHY,OSD-427
AT1G75530,GSM3331115,0.3536116760840029,LUX,OSD-427
AT2G40080,GSM3331115,0.7326170864161391,ELF4,OSD-427
AT2G42830,GSM3331115,-0.9399993935681797,PRR9,OSD-427
AT2G46830,GSM3331115,-0.7983585920055328,CCA1,OSD-427
AT3G09600,GSM3331115,-0.97479791532605,GI,OSD-427
AT3G26740,GSM3331115,-0.89353270992517,ELF3,OSD-427
AT3G46640,GSM3331115,0.11391534634164421,TIC,OSD-427
AT5G02810,GSM3331115,-0.9423602872188088,PRR7,OSD-427
AT5G24470,GSM3331115,-0.27188954072996385,PRR5,OSD-427
AT5G61380,GSM3331115,0.14844632693735954,TOC1,OSD-427
AT1G01060,GSM3331116,-0.7433716400896293,LHY,OSD-427
AT1G75530,GSM3331116,-0.6726087476678024,LUX,OSD-427
AT2G40080,GSM3331116,1.2421102268876865,ELF4,OSD-427
AT2G42830,GSM3331116,-0.9399993935681797,PRR9,OSD-427
AT2G46830,GSM3331116,-0.8049277489383837,CCA1,OSD-427
AT3G09600,GSM3331116,-0.857880376760783,GI,OSD-427
AT3G26740,GSM3331116,-0.8893964488625599,ELF3,OSD-427
AT3G46640,GSM3331116,0.6325902488003886,TIC,OSD-427
AT5G02810,GSM3331116,-0.950362455381825,PRR7,OSD-427
AT5G24470,GSM3331116,-0.09632393447553526,PRR5,OSD-427
AT5G61380,GSM3331116,0.1404419451078129,TOC1,OSD-427
AT1G01060,GSM3331117,-0.7203289460967629,LHY,OSD-427
AT1G75530,GSM3331117,-0.6726087476678024,LUX,OSD-427
AT2G40080,GSM3331117,1.3693421846444045,ELF4,OSD-427
AT2G42830,GSM3331117,-0.9399993935681797,PRR9,OSD-427
AT2G46830,GSM3331117,-0.8135988876889955,CCA1,OSD-427
AT3G09600,GSM3331117,-0.9139423421561377,GI,OSD-427
AT3G26740,GSM3331117,-0.8934346134636154,ELF3,OSD-427
AT3G46640,GSM3331117,0.5607025438368249,TIC,OSD-427
AT5G02810,GSM3331117,-0.9083091447172366,PRR7,OSD-427
AT5G24470,GSM3331117,0.3537798658103532,PRR5,OSD-427
AT5G61380,GSM3331117,0.5023951285156599,TOC1,OSD-427
AT1G01060,GSM3331118,-0.7486111028047427,LHY,OSD-427
AT1G75530,GSM3331118,-0.6726087476678024,LUX,OSD-427
AT2G40080,GSM3331118,0.9619865736777795,ELF4,OSD-427
AT2G42830,GSM3331118,-0.7553644886104067,PRR9,OSD-427
AT2G46830,GSM3331118,-0.8092000615823952,CCA1,OSD-427
AT3G09600,GSM3331118,-0.8776394739747991,GI,OSD-427
AT3G26740,GSM3331118,-0.8872465995390549,ELF3,OSD-427
AT3G46640,GSM3331118,0.49620389396190084,TIC,OSD-427
AT5G02810,GSM3331118,-0.8778401199140596,PRR7,OSD-427
AT5G24470,GSM3331118,0.1716431029930907,PRR5,OSD-427
AT5G61380,GSM3331118,0.24995256379230743,TOC1,OSD-427
AT1G01060,A4_208,0.18499760007609967,LHY,OSD-437
AT2G40080,A4_208,1.2378997639209235,ELF4,OSD-437
AT2G42830,A4_208,-0.9166479283445097,PRR9,OSD-437
AT2G46830,A4_208,0.1053720033094658,CCA1,OSD-437
AT3G09600,A4_208,0.7083466542214233,GI,OSD-437
AT3G26740,A4_208,0.22295181226380953,ELF3,OSD-437
AT3G46640,A4_208,1.3871364164890947,TIC,OSD-437
AT5G02810,A4_208,-0.49168111561207206,PRR7,OSD-437
AT5G24470,A4_208,-0.16957090918175743,PRR5,OSD-437
AT5G61380,A4_208,0.0870986838059734,TOC1,OSD-437
AT1G01060,A4_223,0.19443789723147714,LHY,OSD-437
AT2G40080,A4_223,0.19423792781617677,ELF4,OSD-437
AT2G42830,A4_223,-0.9166479283445097,PRR9,OSD-437
AT2G46830,A4_223,0.11085655813117609,CCA1,OSD-437
AT3G09600,A4_223,0.6706904183142748,GI,OSD-437
AT3G26740,A4_223,-0.015167349040927524,ELF3,OSD-437
AT3G46640,A4_223,1.5719107885976504,TIC,OSD-437
AT5G02810,A4_223,-0.6652081567582142,PRR7,OSD-437
AT5G24470,A4_223,-0.34615775236964397,PRR5,OSD-437
AT5G61380,A4_223,0.01610883990475295,TOC1,OSD-437
AT1G01060,A4_258,1.1766135208262085,LHY,OSD-437
AT2G40080,A4_258,0.35545735554793256,ELF4,OSD-437
AT2G42830,A4_258,0.6304254205936285,PRR9,OSD-437
AT2G46830,A4_258,-0.16907924588986561,CCA1,OSD-437
AT3G09600,A4_258,2.3161502398683793,GI,OSD-437
AT3G26740,A4_258,2.5846764996959135,ELF3,OSD-437
AT3G46640,A4_258,-1.201012868978029,TIC,OSD-437
AT5G02810,A4_258,-0.9157259455163265,PRR7,OSD-437
AT5G24470,A4_258,1.6396554107502022,PRR5,OSD-437
AT5G61380,A4_258,0.8803823410885037,TOC1,OSD-437
AT1G01060,A4Ex_248,0.0171423519045364,LHY,OSD-437
AT2G40080,A4Ex_248,0.9524038293264806,ELF4,OSD-437
AT2G42830,A4Ex_248,1.911470360822455,PRR9,OSD-437
AT2G46830,A4Ex_248,-0.8906352336383313,CCA1,OSD-437
AT3G09600,A4Ex_248,0.9744987531359839,GI,OSD-437
AT3G26740,A4Ex_248,2.0370833858089967,ELF3,OSD-437
AT3G46640,A4Ex_248,-0.9226848208746838,TIC,OSD-437
AT5G02810,A4Ex_248,-0.8447412679820074,PRR7,OSD-437
AT5G24470,A4Ex_248,0.648314771772694,PRR5,OSD-437
AT5G61380,A4Ex_248,1.3395034410187394,TOC1,OSD-437
AT1G01060,A6_203,1.247819539632037,LHY,OSD-437
AT2G40080,A6_203,-0.913526333403304,ELF4,OSD-437
AT2G42830,A6_203,-0.5350361286508561,PRR9,OSD-437
AT2G46830,A6_203,0.9756335321767691,CCA1,OSD-437
AT3G09600,A6_203,0.45786476965454653,GI,OSD-437
AT3G26740,A6_203,-0.7964720791257661,ELF3,OSD-437
AT3G46640,A6_203,0.8109192085694544,TIC,OSD-437
AT5G02810,A6_203,-0.6515118891022709,PRR7,OSD-437
AT5G24470,A6_203,-1.4480345309353957,PRR5,OSD-437
AT5G61380,A6_203,-0.6922889790381366,TOC1,OSD-437
AT1G01060,A6_213,0.34231344869272695,LHY,OSD-437
AT2G40080,A6_213,-1.2890132828473762,ELF4,OSD-437
AT2G42830,A6_213,0.8994937181583421,PRR9,OSD-437
AT2G46830,A6_213,0.11576563527453582,CCA1,OSD-437
AT3G09600,A6_213,-0.15508642357046926,GI,OSD-437
AT3G26740,A6_213,-0.9046552922686363,ELF3,OSD-437
AT3G46640,A6_213,-0.9178778307095231,TIC,OSD-437
AT5G02810,A6_213,-0.7737621451421988,PRR7,OSD-437
AT5G24470,A6_213,-0.7027600568143738,PRR5,OSD-437
AT5G61380,A6_213,-0.6457364298291715,TOC1,OSD-437
AT1G01060,A6_253,0.2283416832582804,LHY,OSD-437
AT2G40080,A6_253,-0.33762965195750455,ELF4,OSD-437
AT2G42830,A6_253,0.7807093722474073,PRR9,OSD-437
AT2G46830,A6_253,-0.9001132163131507,CCA1,OSD-437
AT3G09600,A6_253,0.3615858702379992,GI,OSD-437
AT3G26740,A6_253,0.3245600853510665,ELF3,OSD-437
AT3G46640,A6_253,-1.7203575253045367,TIC,OSD-437
AT5G02810,A6_253,-0.8950280511930231,PRR7,OSD-437
AT5G24470,A6_253,0.452523713104784,PRR5,OSD-437
AT5G61380,A6_253,0.22674091702337587,TOC1,OSD-437
AT1G01060,A6Ex_243,0.9606984591654376,LHY,OSD-437
AT2G40080,A6Ex_243,-0.42031666827813285,ELF4,OSD-437
AT2G42830,A6Ex_243,0.6831204872553622,PRR9,OSD-437
AT2G46830,A6Ex_243,-0.30225691954626244,CCA1,OSD-437
AT3G09600,A6Ex_243,0.8102586189178274,GI,OSD-437
AT3G26740,A6Ex_243,0.16034069855654262,ELF3,OSD-437
AT3G46640,A6Ex_243,-1.7194684775756737,TIC,OSD-437
AT5G02810,A6Ex_243,-0.9100409443542608,PRR7,OSD-437
AT5G24470,A6Ex_243,0.06967314257731784,PRR5,OSD-437
AT5G61380,A6Ex_243,-0.2495561183159782,TOC1,OSD-437
AT1G01060,B4_237,1.0904848789900672,LHY,OSD-437
AT2G40080,B4_237,0.08826588382882274,ELF4,OSD-437
AT2G42830,B4_237,2.2150641557905777,PRR9,OSD-437
AT2G46830,B4_237,1.594165667846843,CCA1,OSD-437
AT3G09600,B4_237,-0.1760925269706835,GI,OSD-437
AT3G26740,B4_237,-0.8207529345434155,ELF3,OSD-437
AT3G46640,B4_237,0.27803611918145554,TIC,OSD-437
AT5G02810,B4_237,0.2767478636240848,PRR7,OSD-437
AT5G24470,B4_237,-0.7733529012291864,PRR5,OSD-437
AT5G61380,B4_237,-1.472561542601877,TOC1,OSD-437
AT1G01060,B4_238,2.088635132564228,LHY,OSD-437
AT2G40080,B4_238,-1.1730810356934727,ELF4,OSD-437
AT2G42830,B4_238,-0.5085252743961161,PRR9,OSD-437
AT2G46830,B4_238,2.4711324160025474,CCA1,OSD-437
AT3G09600,B4_238,0.2791076598827926,GI,OSD-437
AT3G26740,B4_238,-0.9493763086252989,ELF3,OSD-437
AT3G46640,B4_238,0.05370515758961209,TIC,OSD-437
AT5G02810,B4_238,0.011027957324482121,PRR7,OSD-437
AT5G24470,B4_238,-1.3255799018963543,PRR5,OSD-437
AT5G61380,B4_238,-1.054210244601446,TOC1,OSD-437
AT1G01060,B4_269,-0.5180449531233808,LHY,OSD-437
AT2G40080,B4_269,1.5049621217876126,ELF4,OSD-437
AT2G42830,B4_269,-0.9166479283445097,PRR9,OSD-437
AT2G46830,B4_269,-1.3122016554590168,CCA1,OSD-437
AT3G09600,B4_269,-0.106797189492447,GI,OSD-437
AT3G26740,B4_269,0.6540622922112752,ELF3,OSD-437
AT3G46640,B4_269,0.4851170082538958,TIC,OSD-437
AT5G02810,B4_269,-0.6521388664120971,PRR7,OSD-437
AT5G24470,B4_269,0.32949225162623674,PRR5,OSD-437
AT5G61380,B4_269,0.5517021363999217,TOC1,OSD-437
AT1G01060,B4Ex_236,-0.44967214085633794,LHY,OSD-437
AT2G40080,B4Ex_236,1.2888296394812078,ELF4,OSD-437
AT2G42830,B4Ex_236,-0.5763117640703002,PRR9,OSD-437
AT2G46830,B4Ex_236,-0.521289422408218,CCA1,OSD-437
AT3G09600,B4Ex_236,-1.8322398590255045,GI,OSD-437
AT3G26740,B4Ex_236,-0.6400579383854942,ELF3,OSD-437
AT3G46640,B4Ex_236,1.6058376185182561,TIC,OSD-437
AT5G02810,B4Ex_236,0.5031694910525163,PRR7,OSD-437
AT5G24470,B4Ex_236,1.6951234880327481,PRR5,OSD-437
AT5G61380,B4Ex_236,-0.49681133591525245,TOC1,OSD-437
AT1G01060,B6_219,0.1011129600555565,LHY,OSD-437
AT2G40080,B6_219,-1.2637701238104515,ELF4,OSD-437
AT2G42830,B6_219,-0.24612774328500722,PRR9,OSD-437
AT2G46830,B6_219,1.007894832942317,CCA1,OSD-437
AT3G09600,B6_219,-0.7126149202665633,GI,OSD-437
AT3G26740,B6_219,-0.9626617840709636,ELF3,OSD-437
AT3G46640,B6_219,0.25096597658927283,TIC,OSD-437
AT5G02810,B6_219,-0.15123428398434446,PRR7,OSD-437
AT5G24470,B6_219,-1.2489166704248125,PRR5,OSD-437
AT5G61380,B6_219,-1.3621830473233638,TOC1,OSD-437
AT1G01060,B6_232,-1.0675832494596098,LHY,OSD-437
AT2G40080,B6_232,-1.3359180350659694,ELF4,OSD-437
AT2G42830,B6_232,-0.9166479283445097,PRR9,OSD-437
AT2G46830,B6_232,-0.29996326791685457,CCA1,OSD-437
AT3G09600,B6_232,-0.9783210857537047,GI,OSD-437
AT3G26740,B6_232,-0.8897599213127936,ELF3,OSD-437
AT3G46640,B6_232,-0.5594446418369365,TIC,OSD-437
AT5G02810,B6_232,-0.3849201049680072,PRR7,OSD-437
AT5G24470,B6_232,-1.1041079417596433,PRR5,OSD-437
AT5G61380,B6_232,-0.9890243105728221,TOC1,OSD-437
AT1G01060,B6_233,-0.9394514325216045,LHY,OSD-437
AT2G40080,B6_233,-0.8784418215460646,ELF4,OSD-437
AT2G42830,B6_233,-0.4939836987578633,PRR9,OSD-437
AT2G46830,B6_233,-0.35888038211455575,CCA1,OSD-437
AT3G09600,B6_233,-1.1263836101475149,GI,OSD-437
AT3G26740,B6_233,-0.784745455032788,ELF3,OSD-437
AT3G46640,B6_233,-0.3116644718620699,TIC,OSD-437
AT5G02810,B6_233,-0.006497890539184178,PRR7,OSD-437
AT5G24470,B6_233,-0.9452233256545365,PRR5,OSD-437
AT5G61380,B6_233,-0.5668263199450292,TOC1,OSD-437
AT1G01060,B6Ex_220,-1.0512958558279395,LHY,OSD-437
AT2G40080,B6Ex_220,1.452749517499225,ELF4,OSD-437
AT2G42830,B6Ex_220,-0.9166479283445097,PRR9,OSD-437
AT2G46830,B6Ex_220,0.5969044534133011,CCA1,OSD-437
AT3G09600,B6Ex_220,0.0906873145740156,GI,OSD-437
AT3G26740,B6Ex_220,-0.0016814065953162896,ELF3,OSD-437
AT3G46640,B6Ex_220,0.39457611712231566,TIC,OSD-437
AT5G02810,B6Ex_220,1.1692785754150365,PRR7,OSD-437
AT5G24470,B6Ex_220,1.0809937496939344,PRR5,OSD-437
AT5G61380,B6Ex_220,0.4818433486999728,TOC1,OSD-437
AT1G01060,G6_283,-0.7129828468022965,LHY,OSD-437
AT2G40080,G6_283,0.08683194261131216,ELF4,OSD-437
AT2G42830,G6_283,1.0250081990257927,PRR9,OSD-437
AT2G46830,G6_283,-0.2097922389419376,CCA1,OSD-437
AT3G09600,G6_283,0.7305043044907942,GI,OSD-437
AT3G26740,G6_283,-0.038111872244804404,ELF3,OSD-437
AT3G46640,G6_283,0.603010601380664,TIC,OSD-437
AT5G02810,G6_283,1.6661503085392027,PRR7,OSD-437
AT5G24470,G6_283,1.0167272780814287,PRR5,OSD-437
AT5G61380,G6_283,2.1235748686848286,TOC1,OSD-437
AT1G01060,G6_284,-1.3065085977937845,LHY,OSD-437
AT2G40080,G6_284,-0.45579908178065676,ELF4,OSD-437
AT2G42830,G6_284,-0.6249953067113605,PRR9,OSD-437
AT2G46830,G6_284,-0.3051740627376832,CCA1,OSD-437
AT3G09600,G6_284,-0.7770850511731706,GI,OSD-437
AT3G26740,G6_284,-0.06544805822413216,ELF3,OSD-437
AT3G46640,G6_284,-0.09068635851792912,TIC,OSD-437
AT5G02810,G6_284,2.6120136218089587,PRR7,OSD-437
AT5G24470,G6_284,0.3526421452192774,PRR5,OSD-437
AT5G61380,G6_284,0.19528116849084307,TOC1,OSD-437
AT1G01060,G6_286,-1.587058396011696,LHY,OSD-437
AT2G40080,G6_286,0.9058580525632373,ELF4,OSD-437
AT2G42830,G6_286,-0.5770721562995118,PRR9,OSD-437
AT2G46830,G6_286,-1.7083394541310875,CCA1,OSD-437
AT3G09600,G6_286,-1.535073936897974,GI,OSD-437
AT3G26740,G6_286,0.8852156255827338,ELF3,OSD-437
AT3G46640,G6_286,0.0019819833677005958,TIC,OSD-437
AT5G02810,G6_286,1.1041028437997265,PRR7,OSD-437
AT5G24470,G6_286,0.7785580394070821,PRR5,OSD-437
AT5G61380,G6_286,1.6269625830261651,TOC1,OSD-437
AT1G01060,Ground_control_Col-0_Dark_bio_rep1,-0.8090452707661152,LHY,OSD-678
AT1G75530,Ground_control_Col-0_Dark_bio_rep1,-0.4267324083980808,LUX,OSD-678
AT2G40080,Ground_control_Col-0_Dark_bio_rep1,1.0109308801404433,ELF4,OSD-678
AT2G42830,Ground_control_Col-0_Dark_bio_rep1,-0.10240562629569186,PRR9,OSD-678
AT2G46830,Ground_control_Col-0_Dark_bio_rep1,-0.5827100921952737,CCA1,OSD-678
AT3G09600,Ground_control_Col-0_Dark_bio_rep1,-0.27044556623264077,GI,OSD-678
AT3G26740,Ground_control_Col-0_Dark_bio_rep1,-1.0155631631895208,ELF3,OSD-678
AT3G46640,Ground_control_Col-0_Dark_bio_rep1,1.5286955125445292,TIC,OSD-678
AT5G02810,Ground_control_Col-0_Dark_bio_rep1,-0.9201217031223311,PRR7,OSD-678
AT5G24470,Ground_control_Col-0_Dark_bio_rep1,-0.6328440010821295,PRR5,OSD-678
AT5G61380,Ground_control_Col-0_Dark_bio_rep1,0.919926370433216,TOC1,OSD-678
AT1G01060,Ground_control_Ws_Light_bio_rep3,-0.43051940748418055,LHY,OSD-678
AT1G75530,Ground_control_Ws_Light_bio_rep3,4.041011719001595,LUX,OSD-678
AT2G40080,Ground_control_Ws_Light_bio_rep3,0.1253743905423358,ELF4,OSD-678
AT2G42830,Ground_control_Ws_Light_bio_rep3,-0.9756926138345599,PRR9,OSD-678
AT2G46830,Ground_control_Ws_Light_bio_rep3,-0.7141902288222082,CCA1,OSD-678
AT3G09600,Ground_control_Ws_Light_bio_rep3,-0.6799815050987987,GI,OSD-678
AT3G26740,Ground_control_Ws_Light_bio_rep3,0.8915076990623856,ELF3,OSD-678
AT3G46640,Ground_control_Ws_Light_bio_rep3,-0.18232437153766107,TIC,OSD-678
AT5G02810,Ground_control_Ws_Light_bio_rep3,0.6374038302299683,PRR7,OSD-678
AT5G24470,Ground_control_Ws_Light_bio_rep3,1.5943694114881992,PRR5,OSD-678
AT5G61380,Ground_control_Ws_Light_bio_rep3,-1.5387923078388464,TOC1,OSD-678
AT1G01060,Ground_control_Ws_Light_bio_rep2,1.8435575117106373,LHY,OSD-678
AT1G75530,Ground_control_Ws_Light_bio_rep2,-0.4267324083980808,LUX,OSD-678
AT2G40080,Ground_control_Ws_Light_bio_rep2,-0.5638666418550768,ELF4,OSD-678
AT2G42830,Ground_control_Ws_Light_bio_rep2,-0.9756926138345599,PRR9,OSD-678
AT2G46830,Ground_control_Ws_Light_bio_rep2,-0.1514842029687733,CCA1,OSD-678
AT3G09600,Ground_control_Ws_Light_bio_rep2,0.3430947122974913,GI,OSD-678
AT3G26740,Ground_control_Ws_Light_bio_rep2,0.5031233812849759,ELF3,OSD-678
AT3G46640,Ground_control_Ws_Light_bio_rep2,-1.2658646103538123,TIC,OSD-678
AT5G02810,Ground_control_Ws_Light_bio_rep2,0.49202075604036344,PRR7,OSD-678
AT5G24470,Ground_control_Ws_Light_bio_rep2,0.10877795595029725,PRR5,OSD-678
AT5G61380,Ground_control_Ws_Light_bio_rep2,-2.00608345783528,TOC1,OSD-678
AT1G01060,Ground_control_Ws_Light_bio_rep1,1.4286928230063145,LHY,OSD-678
AT1G75530,Ground_control_Ws_Light_bio_rep1,-0.4267324083980808,LUX,OSD-678
AT2G40080,Ground_control_Ws_Light_bio_rep1,-0.8042022418318249,ELF4,OSD-678
AT2G42830,Ground_control_Ws_Light_bio_rep1,-0.15839101821984664,PRR9,OSD-678
AT2G46830,Ground_control_Ws_Light_bio_rep1,-0.21164218415589192,CCA1,OSD-678
AT3G09600,Ground_control_Ws_Light_bio_rep1,0.03759552915847018,GI,OSD-678
AT3G26740,Ground_control_Ws_Light_bio_rep1,0.4417977250402866,ELF3,OSD-678
AT3G46640,Ground_control_Ws_Light_bio_rep1,-1.372701266593941,TIC,OSD-678
AT5G02810,Ground_control_Ws_Light_bio_rep1,0.4982737190317239,PRR7,OSD-678
AT5G24470,Ground_control_Ws_Light_bio_rep1,-0.28986671975115846,PRR5,OSD-678
AT5G61380,Ground_control_Ws_Light_bio_rep1,-1.3427936956830095,TOC1,OSD-678
AT1G01060,Ground_control_phyD_Light_bio_rep3,-0.12830032702798738,LHY,OSD-678
AT1G75530,Ground_control_phyD_Light_bio_rep3,-0.4267324083980808,LUX,OSD-678
AT2G40080,Ground_control_phyD_Light_bio_rep3,-0.3429542984990048,ELF4,OSD-678
AT2G42830,Ground_control_phyD_Light_bio_rep3,-0.8722215260109961,PRR9,OSD-678
AT2G46830,Ground_control_phyD_Light_bio_rep3,-0.5795378913031719,CCA1,OSD-678
AT3G09600,Ground_control_phyD_Light_bio_rep3,-0.22634607749713953,GI,OSD-678
AT3G26740,Ground_control_phyD_Light_bio_rep3,1.122305920832498,ELF3,OSD-678
AT3G46640,Ground_control_phyD_Light_bio_rep3,-0.9037886914287901,TIC,OSD-678
AT5G02810,Ground_control_phyD_Light_bio_rep3,0.6849762328118505,PRR7,OSD-678
AT5G24470,Ground_control_phyD_Light_bio_rep3,1.9062951195695323,PRR5,OSD-678
AT5G61380,Ground_control_phyD_Light_bio_rep3,-0.27024125093458606,TOC1,OSD-678
AT1G01060,Ground_control_phyD_Light_bio_rep2,-0.47159475605536133,LHY,OSD-678
AT1G75530,Ground_control_phyD_Light_bio_rep2,-0.4267324083980808,LUX,OSD-678
AT2G40080,Ground_control_phyD_Light_bio_rep2,-0.9681033222609811,ELF4,OSD-678
AT2G42830,Ground_control_phyD_Light_bio_rep2,-0.7796050500043739,PRR9,OSD-678
AT2G46830,Ground_control_phyD_Light_bio_rep2,-0.6757230386582678,CCA1,OSD-678
AT3G09600,Ground_control_phyD_Light_bio_rep2,-0.2946392847781893,GI,OSD-678
AT3G26740,Ground_control_phyD_Light_bio_rep2,0.8719336113681376,ELF3,OSD-678
AT3G46640,Ground_control_phyD_Light_bio_rep2,-0.898762924682869,TIC,OSD-678
AT5G02810,Ground_control_phyD_Light_bio_rep2,0.3305433327350648,PRR7,OSD-678
AT5G24470,Ground_control_phyD_Light_bio_rep2,0.9940921716875332,PRR5,OSD-678
AT5G61380,Ground_control_phyD_Light_bio_rep2,-0.3005360415079153,TOC1,OSD-678
AT1G01060,Flight_Ws_Dark_bio_rep3,-0.745527312865946,LHY,OSD-678
AT1G75530,Flight_Ws_Dark_bio_rep3,-0.28714354967211064,LUX,OSD-678
AT2G40080,Flight_Ws_Dark_bio_rep3,-0.500146886997334,ELF4,OSD-678
AT2G42830,Flight_Ws_Dark_bio_rep3,-0.5905991501190594,PRR9,OSD-678
AT2G46830,Flight_Ws_Dark_bio_rep3,-0.6789526610683099,CCA1,OSD-678
AT3G09600,Flight_Ws_Dark_bio_rep3,-1.0747694618285637,GI,OSD-678
AT3G26740,Flight_Ws_Dark_bio_rep3,-0.9285820557321115,ELF3,OSD-678
AT3G46640,Flight_Ws_Dark_bio_rep3,0.6612958193526766,TIC,OSD-678
AT5G02810,Flight_Ws_Dark_bio_rep3,-0.9209769200722415,PRR7,OSD-678
AT5G24470,Flight_Ws_Dark_bio_rep3,-0.8031252353114195,PRR5,OSD-678
AT5G61380,Flight_Ws_Dark_bio_rep3,0.3619511574382907,TOC1,OSD-678
AT1G01060,Flight_Ws_Dark_bio_rep2,-0.8829855032268418,LHY,OSD-678
AT1G75530,Flight_Ws_Dark_bio_rep2,1.1428515174640066,LUX,OSD-678
AT2G40080,Flight_Ws_Dark_bio_rep2,0.6315257847497391,ELF4,OSD-678
AT2G42830,Flight_Ws_Dark_bio_rep2,-0.14051061250121064,PRR9,OSD-678
AT2G46830,Flight_Ws_Dark_bio_rep2,-0.6940398993236624,CCA1,OSD-678
AT3G09600,Flight_Ws_Dark_bio_rep2,-1.0951667708546344,GI,OSD-678
AT3G26740,Flight_Ws_Dark_bio_rep2,-0.9070232863703542,ELF3,OSD-678
AT3G46640,Flight_Ws_Dark_bio_rep2,0.5246316781652806,TIC,OSD-678
AT5G02810,Flight_Ws_Dark_bio_rep2,-0.9654023627970796,PRR7,OSD-678
AT5G24470,Flight_Ws_Dark_bio_rep2,-0.8871843277031126,PRR5,OSD-678
AT5G61380,Flight_Ws_Dark_bio_rep2,-0.08644282264508983,TOC1,OSD-678
AT1G01060,Flight_Ws_Dark_bio_rep1,-0.34232734478078847,LHY,OSD-678
AT1G75530,Flight_Ws_Dark_bio_rep1,-0.4267324083980808,LUX,OSD-678
AT2G40080,Flight_Ws_Dark_bio_rep1,-0.12772261715104863,ELF4,OSD-678
AT2G42830,Flight_Ws_Dark_bio_rep1,-0.2391930111790996,PRR9,OSD-678
AT2G46830,Flight_Ws_Dark_bio_rep1,-0.6261955935027043,CCA1,OSD-678
AT3G09600,Flight_Ws_Dark_bio_rep1,-1.1086330789116394,GI,OSD-678
AT3G26740,Flight_Ws_Dark_bio_rep1,-0.9356554604831125,ELF3,OSD-678
AT3G46640,Flight_Ws_Dark_bio_rep1,0.5764625323806899,TIC,OSD-678
AT5G02810,Flight_Ws_Dark_bio_rep1,-0.9525639290938238,PRR7,OSD-678
AT5G24470,Flight_Ws_Dark_bio_rep1,-0.5611653362105511,PRR5,OSD-678
AT5G61380,Flight_Ws_Dark_bio_rep1,0.7358043888289408,TOC1,OSD-678
AT1G01060,Flight_phyD_Dark_bio_rep3,-0.45099650656586815,LHY,OSD-678
AT1G75530,Flight_phyD_Dark_bio_rep3,2.285881080074613,LUX,OSD-678
AT2G40080,Flight_phyD_Dark_bio_rep3,-0.48887418146893685,ELF4,OSD-678
AT2G42830,Flight_phyD_Dark_bio_rep3,0.13552268197749595,PRR9,OSD-678
AT2G46830,Flight_phyD_Dark_bio_rep3,-0.6369474619120249,CCA1,OSD-678
AT3G09600,Flight_phyD_Dark_bio_rep3,-0.4715459538613741,GI,OSD-678
AT3G26740,Flight_phyD_Dark_bio_rep3,-1.0979721672410236,ELF3,OSD-678
AT3G46640,Flight_phyD_Dark_bio_rep3,0.7678718530999905,TIC,OSD-678
AT5G02810,Flight_phyD_Dark_bio_rep3,-0.7521186859719134,PRR7,OSD-678
AT5G24470,Flight_phyD_Dark_bio_rep3,-1.0776679534320652,PRR5,OSD-678
AT5G61380,Flight_phyD_Dark_bio_rep3,-0.48563228674882253,TOC1,OSD-678
AT1G01060,Flight_phyD_Dark_bio_rep2,-0.5179195150826632,LHY,OSD-678
AT1G75530,Flight_phyD_Dark_bio_rep2,-0.4267324083980808,LUX,OSD-678
AT2G40080,Flight_phyD_Dark_bio_rep2,-0.5868791397891984,ELF4,OSD-678
AT2G42830,Flight_phyD_Dark_bio_rep2,1.759343855069681,PRR9,OSD-678
AT2G46830,Flight_phyD_Dark_bio_rep2,-0.6200393873145318,CCA1,OSD-678
AT3G09600,Flight_phyD_Dark_bio_rep2,-0.40620353016392213,GI,OSD-678
AT3G26740,Flight_phyD_Dark_bio_rep2,-1.0432388479315704,ELF3,OSD-678
AT3G46640,Flight_phyD_Dark_bio_rep2,1.1508455039068177,TIC,OSD-678
AT5G02810,Flight_phyD_Dark_bio_rep2,-0.8524003224821072,PRR7,OSD-678
AT5G24470,Flight_phyD_Dark_bio_rep2,-0.7077685335897888,PRR5,OSD-678
AT5G61380,Flight_phyD_Dark_bio_rep2,0.3462414206768909,TOC1,OSD-678
AT1G01060,Flight_phyD_Dark_bio_rep1,-0.5464658922295565,LHY,OSD-678
AT1G75530,Flight_phyD_Dark_bio_rep1,1.4854301002881054,LUX,OSD-678
AT2G40080,Flight_phyD_Dark_bio_rep1,-0.5943319643556287,ELF4,OSD-678
AT2G42830,Flight_phyD_Dark_bio_rep1,2.3465605339007714,PRR9,OSD-678
AT2G46830,Flight_phyD_Dark_bio_rep1,-0.6060394301621872,CCA1,OSD-678
AT3G09600,Flight_phyD_Dark_bio_rep1,-0.7729233277199151,GI,OSD-678
AT3G26740,Flight_phyD_Dark_bio_rep1,-0.7982404582269648,ELF3,OSD-678
AT3G46640,Flight_phyD_Dark_bio_rep1,1.3924844816389248,TIC,OSD-678
AT5G02810,Flight_phyD_Dark_bio_rep1,-0.8906309666038683,PRR7,OSD-678
AT5G24470,Flight_phyD_Dark_bio_rep1,-0.9734786589528563,PRR5,OSD-678
AT5G61380,Flight_phyD_Dark_bio_rep1,-0.17073842450648208,TOC1,OSD-678
AT1G01060,Ground_control_phyD_Light_bio_rep1,-0.5483766780190673,LHY,OSD-678
AT1G75530,Ground_control_phyD_Light_bio_rep1,-0.4267324083980808,LUX,OSD-678
AT2G40080,Ground_control_phyD_Light_bio_rep1,-0.3355622895299839,ELF4,OSD-678
AT2G42830,Ground_control_phyD_Light_bio_rep1,0.16845889915512616,PRR9,OSD-678
AT2G46830,Ground_control_phyD_Light_bio_rep1,-0.5998966711004533,CCA1,OSD-678
AT3G09600,Ground_control_phyD_Light_bio_rep1,-0.37703422432633843,GI,OSD-678
AT3G26740,Ground_control_phyD_Light_bio_rep1,0.6912727669481739,ELF3,OSD-678
AT3G46640,Ground_control_phyD_Light_bio_rep1,-0.5355018229560246,TIC,OSD-678
AT5G02810,Ground_control_phyD_Light_bio_rep1,0.5092232451417452,PRR7,OSD-678
AT5G24470,Ground_control_phyD_Light_bio_rep1,1.0878610309698886,PRR5,OSD-678
AT5G61380,Ground_control_phyD_Light_bio_rep1,-0.5171011558552425,TOC1,OSD-678
AT1G01060,Flight_Col-0_Dark_bio_rep3,-0.27794605386215343,LHY,OSD-678
AT1G75530,Flight_Col-0_Dark_bio_rep3,-0.4267324083980808,LUX,OSD-678
AT2G40080,Flight_Col-0_Dark_bio_rep3,-1.0557429393223219,ELF4,OSD-678
AT2G42830,Flight_Col-0_Dark_bio_rep3,-0.9756926138345599,PRR9,OSD-678
AT2G46830,Flight_Col-0_Dark_bio_rep3,0.5326331982212976,CCA1,OSD-678
AT3G09600,Flight_Col-0_Dark_bio_rep3,1.8943317653510081,GI,OSD-678
AT3G26740,Flight_Col-0_Dark_bio_rep3,2.3068854172006756,ELF3,OSD-678
AT3G46640,Flight_Col-0_Dark_bio_rep3,-1.0440403840847603,TIC,OSD-678
AT5G02810,Flight_Col-0_Dark_bio_rep3,1.9116818814784593,PRR7,OSD-678
AT5G24470,Flight_Col-0_Dark_bio_rep3,1.3058278770715133,PRR5,OSD-678
AT5G61380,Flight_Col-0_Dark_bio_rep3,1.3282900849622237,TOC1,OSD-678
AT1G01060,Flight_Col-0_Dark_bio_rep2,-0.6299026698497063,LHY,OSD-678
AT1G75530,Flight_Col-0_Dark_bio_rep2,-0.4267324083980808,LUX,OSD-678
AT2G40080,Flight_Col-0_Dark_bio_rep2,0.18586727305076317,ELF4,OSD-678
AT2G42830,Flight_Col-0_Dark_bio_rep2,1.6845839255049715,PRR9,OSD-678
AT2G46830,Flight_Col-0_Dark_bio_rep2,-0.40916107417254716,CCA1,OSD-678
AT3G09600,Flight_Col-0_Dark_bio_rep2,-0.09339395117196848,GI,OSD-678
AT3G26740,Flight_Col-0_Dark_bio_rep2,-0.5895647374830422,ELF3,OSD-678
AT3G46640,Flight_Col-0_Dark_bio_rep2,0.37249112705966364,TIC,OSD-678
AT5G02810,Flight_Col-0_Dark_bio_rep2,-0.4300218043344176,PRR7,OSD-678
AT5G24470,Flight_Col-0_Dark_bio_rep2,-0.7946940630781919,PRR5,OSD-678
AT5G61380,Flight_Col-0_Dark_bio_rep2,0.13992687885846208,TOC1,OSD-678
AT1G01060,Flight_Col-0_Dark_bio_rep1,-0.4171298745252477,LHY,OSD-678
AT1G75530,Flight_Col-0_Dark_bio_rep1,-0.4267324083980808,LUX,OSD-678
AT2G40080,Flight_Col-0_Dark_bio_rep1,-0.26476959966967467,ELF4,OSD-678
AT2G42830,Flight_Col-0_Dark_bio_rep1,1.1966529758017472,PRR9,OSD-678
AT2G46830,Flight_Col-0_Dark_bio_rep1,-0.548170937290641,CCA1,OSD-678
AT3G09600,Flight_Col-0_Dark_bio_rep1,-0.6715895398718036,GI,OSD-678
AT3G26740,Flight_Col-0_Dark_bio_rep1,-0.7902102076271104,ELF3,OSD-678
AT3G46640,Flight_Col-0_Dark_bio_rep1,0.7541340536968337,TIC,OSD-678
AT5G02810,Flight_Col-0_Dark_bio_rep1,-0.7960776380530924,PRR7,OSD-678
AT5G24470,Flight_Col-0_Dark_bio_rep1,-0.9558456697934975,PRR5,OSD-678
AT5G61380,Flight_Col-0_Dark_bio_rep1,-0.45989472780963164,TOC1,OSD-678
AT1G01060,Flight_Ws_Light_bio_rep3,0.7954730298256261,LHY,OSD-678
AT1G75530,Flight_Ws_Light_bio_rep3,-0.4267324083980808,LUX,OSD-678
AT2G40080,Flight_Ws_Light_bio_rep3,-1.3138654392340052,ELF4,OSD-678
AT2G42830,Flight_Ws_Light_bio_rep3,-0.9756926138345599,PRR9,OSD-678
AT2G46830,Flight_Ws_Light_bio_rep3,0.829541557900135,CCA1,OSD-678
AT3G09600,Flight_Ws_Light_bio_rep3,0.4191241994235012,GI,OSD-678
AT3G26740,Flight_Ws_Light_bio_rep3,1.4317908249367806,ELF3,OSD-678
AT3G46640,Flight_Ws_Light_bio_rep3,1.0960869456636284,TIC,OSD-678
AT5G02810,Flight_Ws_Light_bio_rep3,2.308499347569772,PRR7,OSD-678
AT5G24470,Flight_Ws_Light_bio_rep3,1.6432875454772922,PRR5,OSD-678
AT5G61380,Flight_Ws_Light_bio_rep3,-0.10973296851540909,TOC1,OSD-678
AT1G01060,Flight_Ws_Light_bio_rep2,2.7202814610806136,LHY,OSD-678
AT1G75530,Flight_Ws_Light_bio_rep2,-0.4267324083980808,LUX,OSD-678
AT2G40080,Flight_Ws_Light_bio_rep2,-0.7469660229192715,ELF4,OSD-678
AT2G42830,Flight_Ws_Light_bio_rep2,-0.11101685860174908,PRR9,OSD-678
AT2G46830,Flight_Ws_Light_bio_rep2,2.6707038519854494,CCA1,OSD-678
AT3G09600,Flight_Ws_Light_bio_rep2,1.5945126678199666,GI,OSD-678
AT3G26740,Flight_Ws_Light_bio_rep2,0.970330785460411,ELF3,OSD-678
AT3G46640,Flight_Ws_Light_bio_rep2,-1.562328081283113,TIC,OSD-678
AT5G02810,Flight_Ws_Light_bio_rep2,1.373295005267693,PRR7,OSD-678
AT5G24470,Flight_Ws_Light_bio_rep2,0.9022034304164482,PRR5,OSD-678
AT5G61380,Flight_Ws_Light_bio_rep2,-1.572164437702392,TOC1,OSD-678
AT1G01060,Flight_Ws_Light_bio_rep1,2.7181259781715474,LHY,OSD-678
AT1G75530,Flight_Ws_Light_bio_rep1,-0.4267324083980808,LUX,OSD-678
AT2G40080,Flight_Ws_Light_bio_rep1,-0.2135344049968405,ELF4,OSD-678
AT2G42830,Flight_Ws_Light_bio_rep1,-0.9756926138345599,PRR9,OSD-678
AT2G46830,Flight_Ws_Light_bio_rep1,2.493068321728808,CCA1,OSD-678
AT3G09600,Flight_Ws_Light_bio_rep1,1.4796022960612574,GI,OSD-678
AT3G26740,Flight_Ws_Light_bio_rep1,1.0120069613616611,ELF3,OSD-678
AT3G46640,Flight_Ws_Light_bio_rep1,-1.107590749007348,TIC,OSD-678
AT5G02810,Flight_Ws_Light_bio_rep1,1.3814810576100092,PRR7,OSD-678
AT5G24470,Flight_Ws_Light_bio_rep1,0.5896767745389545,PRR5,OSD-678
AT5G61380,Flight_Ws_Light_bio_rep1,-1.7418202733111268,TOC1,OSD-678
AT1G01060,Flight_phyD_Light_bio_rep3,-0.6738914580598134,LHY,OSD-678
AT1G75530,Flight_phyD_Light_bio_rep3,-0.4267324083980808,LUX,OSD-678
AT2G40080,Flight_phyD_Light_bio_rep3,-0.4972946409463402,ELF4,OSD-678
AT2G42830,Flight_phyD_Light_bio_rep3,-0.9255212801817362,PRR9,OSD-678
AT2G46830,Flight_phyD_Light_bio_rep3,0.025144191849022852,CCA1,OSD-678
AT3G09600,Flight_phyD_Light_bio_rep3,0.44572246716586617,GI,OSD-678
AT3G26740,Flight_phyD_Light_bio_rep3,1.3063977739216903,ELF3,OSD-678
AT3G46640,Flight_phyD_Light_bio_rep3,-0.388086102637195,TIC,OSD-678
AT5G02810,Flight_phyD_Light_bio_rep3,0.6853576107213922,PRR7,OSD-678
AT5G24470,Flight_phyD_Light_bio_rep3,0.23802073082151629,PRR5,OSD-678
AT5G61380,Flight_phyD_Light_bio_rep3,0.8437384285906242,TOC1,OSD-678
AT1G01060,Flight_phyD_Light_bio_rep2,0.4498989780530856,LHY,OSD-678
AT1G75530,Flight_phyD_Light_bio_rep2,-0.4267324083980808,LUX,OSD-678
AT2G40080,Flight_phyD_Light_bio_rep2,-0.22582604267356823,ELF4,OSD-678
AT2G42830,Flight_phyD_Light_bio_rep2,1.2388930680953176,PRR9,OSD-678
AT2G46830,Flight_phyD_Light_bio_rep2,1.9147369604533144,CCA1,OSD-678
AT3G09600,Flight_phyD_Light_bio_rep2,1.6994694606012903,GI,OSD-678
AT3G26740,Flight_phyD_Light_bio_rep2,1.301816467906005,ELF3,OSD-678
AT3G46640,Flight_phyD_Light_bio_rep2,-0.8708126020590116,TIC,OSD-678
AT5G02810,Flight_phyD_Light_bio_rep2,1.3697993389859173,PRR7,OSD-678
AT5G24470,Flight_phyD_Light_bio_rep2,1.4447743762995573,PRR5,OSD-678
AT5G61380,Flight_phyD_Light_bio_rep2,1.4192359299246942,TOC1,OSD-678
AT1G01060,Flight_phyD_Light_bio_rep1,0.7312221260475402,LHY,OSD-678
AT1G75530,Flight_phyD_Light_bio_rep1,-0.4267324083980808,LUX,OSD-678
AT2G40080,Flight_phyD_Light_bio_rep1,0.60637451113115,ELF4,OSD-678
AT2G42830,Flight_phyD_Light_bio_rep1,-0.2987975423951385,PRR9,OSD-678
AT2G46830,Flight_phyD_Light_bio_rep1,2.0801794306521657,CCA1,OSD-678
AT3G09600,Flight_phyD_Light_bio_rep1,3.108256996720656,GI,OSD-678
AT3G26740,Flight_phyD_Light_bio_rep1,1.0329776523405554,ELF3,OSD-678
AT3G46640,Flight_phyD_Light_bio_rep1,-0.47110273445271095,TIC,OSD-678
AT5G02810,Flight_phyD_Light_bio_rep1,1.3979676129855347,PRR7,OSD-678
AT5G24470,Flight_phyD_Light_bio_rep1,1.0453354105373531,PRR5,OSD-678
AT5G61380,Flight_phyD_Light_bio_rep1,1.6531388832744196,TOC1,OSD-678
AT1G01060,Flight_Col-0_Light_bio_rep3,-0.5047906849759541,LHY,OSD-678
AT1G75530,Flight_Col-0_Light_bio_rep3,-0.4267324083980808,LUX,OSD-678
AT2G40080,Flight_Col-0_Light_bio_rep3,0.10936764725706581,ELF4,OSD-678
AT2G42830,Flight_Col-0_Light_bio_rep3,1.7726014440592928,PRR9,OSD-678
AT2G46830,Flight_Col-0_Light_bio_rep3,0.057130665319415914,CCA1,OSD-678
AT3G09600,Flight_Col-0_Light_bio_rep3,-0.32523712807162014,GI,OSD-678
AT3G26740,Flight_Col-0_Light_bio_rep3,-0.5226849223355422,ELF3,OSD-678
AT3G46640,Flight_Col-0_Light_bio_rep3,0.2512399870208534,TIC,OSD-678
AT5G02810,Flight_Col-0_Light_bio_rep3,-0.3648294940185068,PRR7,OSD-678
AT5G24470,Flight_Col-0_Light_bio_rep3,-0.47305340800118556,PRR5,OSD-678
AT5G61380,Flight_Col-0_Light_bio_rep3,0.25674258800891814,TOC1,OSD-678
AT1G01060,Ground_control_Col-0_Light_bio_rep3,-0.15028558352776133,LHY,OSD-678
AT1G75530,Ground_control_Col-0_Light_bio_rep3,-0.4267324083980808,LUX,OSD-678
AT2G40080,Ground_control_Col-0_Light_bio_rep3,-0.8803986867486995,ELF4,OSD-678
AT2G42830,Ground_control_Col-0_Light_bio_rep3,-0.1863985399513098,PRR9,OSD-678
AT2G46830,Ground_control_Col-0_Light_bio_rep3,-0.6834597331184266,CCA1,OSD-678
AT3G09600,Ground_control_Col-0_Light_bio_rep3,-0.5500023308246024,GI,OSD-678
AT3G26740,Ground_control_Col-0_Light_bio_rep3,0.379666517250314,ELF3,OSD-678
AT3G46640,Ground_control_Col-0_Light_bio_rep3,0.2849446365491959,TIC,OSD-678
AT5G02810,Ground_control_Col-0_Light_bio_rep3,0.04215297665802743,PRR7,OSD-678
AT5G24470,Ground_control_Col-0_Light_bio_rep3,1.1324900909178317,PRR5,OSD-678
AT5G61380,Ground_control_Col-0_Light_bio_rep3,-0.06534412096920099,TOC1,OSD-678
AT1G01060,Flight_Col-0_Light_bio_rep2,0.22016042141786507,LHY,OSD-678
AT1G75530,Flight_Col-0_Light_bio_rep2,-0.4267324083980808,LUX,OSD-678
AT2G40080,Flight_Col-0_Light_bio_rep2,0.08910745515904261,ELF4,OSD-678
AT2G42830,Flight_Col-0_Light_bio_rep2,-0.9756926138345599,PRR9,OSD-678
AT2G46830,Flight_Col-0_Light_bio_rep2,1.3983598004578437,CCA1,OSD-678
AT3G09600,Flight_Col-0_Light_bio_rep2,0.9450414006865069,GI,OSD-678
AT3G26740,Flight_Col-0_Light_bio_rep2,0.7355007274823446,ELF3,OSD-678
AT3G46640,Flight_Col-0_Light_bio_rep2,-0.3692777334954743,TIC,OSD-678
AT5G02810,Flight_Col-0_Light_bio_rep2,1.0370759265232932,PRR7,OSD-678
AT5G24470,Flight_Col-0_Light_bio_rep2,1.445902369421405,PRR5,OSD-678
AT5G61380,Flight_Col-0_Light_bio_rep2,0.1907951288144536,TOC1,OSD-678
AT1G01060,Flight_Col-0_Light_bio_rep1,0.5327368577968652,LHY,OSD-678
AT1G75530,Flight_Col-0_Light_bio_rep1,-0.4267324083980808,LUX,OSD-678
AT2G40080,Flight_Col-0_Light_bio_rep1,0.2762389187023442,ELF4,OSD-678
AT2G42830,Flight_Col-0_Light_bio_rep1,-0.675845987206408,PRR9,OSD-678
AT2G46830,Flight_Col-0_Light_bio_rep1,1.507463960781246,CCA1,OSD-678
AT3G09600,Flight_Col-0_Light_bio_rep1,1.4690751878025807,GI,OSD-678
AT3G26740,Flight_Col-0_Light_bio_rep1,1.1450186181754374,ELF3,OSD-678
AT3G46640,Flight_Col-0_Light_bio_rep1,-0.4350937074458386,TIC,OSD-678
AT5G02810,Flight_Col-0_Light_bio_rep1,0.9598199875540419,PRR7,OSD-678
AT5G24470,Flight_Col-0_Light_bio_rep1,0.7848924690814453,PRR5,OSD-678
AT5G61380,Flight_Col-0_Light_bio_rep1,0.24802954232323726,TOC1,OSD-678
AT1G01060,Ground_control_Ws_Dark_bio_rep3,-0.8934076946566729,LHY,OSD-678
AT1G75530,Ground_control_Ws_Dark_bio_rep3,1.9731176172375064,LUX,OSD-678
AT2G40080,Ground_control_Ws_Dark_bio_rep3,3.594099999062231,ELF4,OSD-678
AT2G42830,Ground_control_Ws_Dark_bio_rep3,0.18607567932245725,PRR9,OSD-678
AT2G46830,Ground_control_Ws_Dark_bio_rep3,-0.5976636560418467,CCA1,OSD-678
AT3G09600,Ground_control_Ws_Dark_bio_rep3,-0.8685380459532506,GI,OSD-678
AT3G26740,Ground_control_Ws_Dark_bio_rep3,-1.0044898066629526,ELF3,OSD-678
AT3G46640,Ground_control_Ws_Dark_bio_rep3,0.36602942171780034,TIC,OSD-678
AT5G02810,Ground_control_Ws_Dark_bio_rep3,-0.9034914143935558,PRR7,OSD-678
AT5G24470,Ground_control_Ws_Dark_bio_rep3,-0.7696937922682002,PRR5,OSD-678
AT5G61380,Ground_control_Ws_Dark_bio_rep3,0.5778564115370128,TOC1,OSD-678
AT1G01060,Ground_control_Ws_Dark_bio_rep2,-0.9184888716607001,LHY,OSD-678
AT1G75530,Ground_control_Ws_Dark_bio_rep2,-0.4267324083980808,LUX,OSD-678
AT2G40080,Ground_control_Ws_Dark_bio_rep2,2.568228678664763,ELF4,OSD-678
AT2G42830,Ground_control_Ws_Dark_bio_rep2,-0.7917830071229831,PRR9,OSD-678
AT2G46830,Ground_control_Ws_Dark_bio_rep2,-0.6475120398262451,CCA1,OSD-678
AT3G09600,Ground_control_Ws_Dark_bio_rep2,-0.9738284410439139,GI,OSD-678
AT3G26740,Ground_control_Ws_Dark_bio_rep2,-0.9713241462718524,ELF3,OSD-678
AT3G46640,Ground_control_Ws_Dark_bio_rep2,0.7069108159524591,TIC,OSD-678
AT5G02810,Ground_control_Ws_Dark_bio_rep2,-1.0476153767465113,PRR7,OSD-678
AT5G24470,Ground_control_Ws_Dark_bio_rep2,-0.9330253448981971,PRR5,OSD-678
AT5G61380,Ground_control_Ws_Dark_bio_rep2,0.2422458433022621,TOC1,OSD-678
AT1G01060,Ground_control_Ws_Dark_bio_rep1,-0.862253970607631,LHY,OSD-678
AT1G75530,Ground_control_Ws_Dark_bio_rep1,-0.4267324083980808,LUX,OSD-678
AT2G40080,Ground_control_Ws_Dark_bio_rep1,1.1254861413364872,ELF4,OSD-678
AT2G42830,Ground_control_Ws_Dark_bio_rep1,-0.8146743716260351,PRR9,OSD-678
AT2G46830,Ground_control_Ws_Dark_bio_rep1,-0.5790019138191503,CCA1,OSD-678
AT3G09600,Ground_control_Ws_Dark_bio_rep1,-0.962731676559268,GI,OSD-678
AT3G26740,Ground_control_Ws_Dark_bio_rep1,-1.0251414538854675,ELF3,OSD-678
AT3G46640,Ground_control_Ws_Dark_bio_rep1,0.5383418195725165,TIC,OSD-678
AT5G02810,Ground_control_Ws_Dark_bio_rep1,-0.9988716589911456,PRR7,OSD-678
AT5G24470,Ground_control_Ws_Dark_bio_rep1,-0.8899796275860716,PRR5,OSD-678
AT5G61380,Ground_control_Ws_Dark_bio_rep1,0.8454801235063514,TOC1,OSD-678
AT1G01060,Ground_control_phyD_Dark_bio_rep3,-0.5994926955381151,LHY,OSD-678
AT1G75530,Ground_control_phyD_Dark_bio_rep3,0.6943377073037187,LUX,OSD-678
AT2G40080,Ground_control_phyD_Dark_bio_rep3,0.1109386266973141,ELF4,OSD-678
AT2G42830,Ground_control_phyD_Dark_bio_rep3,-0.38443834747668937,PRR9,OSD-678
AT2G46830,Ground_control_phyD_Dark_bio_rep3,-0.7164731454259197,CCA1,OSD-678
AT3G09600,Ground_control_phyD_Dark_bio_rep3,-0.6318860114346674,GI,OSD-678
AT3G26740,Ground_control_phyD_Dark_bio_rep3,-0.9751497982315364,ELF3,OSD-678
AT3G46640,Ground_control_phyD_Dark_bio_rep3,0.5282692272816049,TIC,OSD-678
AT5G02810,Ground_control_phyD_Dark_bio_rep3,-1.0353236325267279,PRR7,OSD-678
AT5G24470,Ground_control_phyD_Dark_bio_rep3,-0.9929689008557389,PRR5,OSD-678
AT5G61380,Ground_control_phyD_Dark_bio_rep3,-0.05854738550074499,TOC1,OSD-678
AT1G01060,Ground_control_phyD_Dark_bio_rep2,-0.5989131488467986,LHY,OSD-678
AT1G75530,Ground_control_phyD_Dark_bio_rep2,0.6130212434488301,LUX,OSD-678
AT2G40080,Ground_control_phyD_Dark_bio_rep2,0.3431835524667572,ELF4,OSD-678
AT2G42830,Ground_control_phyD_Dark_bio_rep2,0.09397092031644,PRR9,OSD-678
AT2G46830,Ground_control_phyD_Dark_bio_rep2,-0.535066395727581,CCA1,OSD-678
AT3G09600,Ground_control_phyD_Dark_bio_rep2,-0.5018176784701698,GI,OSD-678
AT3G26740,Ground_control_phyD_Dark_bio_rep2,-1.001893179272981,ELF3,OSD-678
AT3G46640,Ground_control_phyD_Dark_bio_rep2,2.0691667986695084,TIC,OSD-678
AT5G02810,Ground_control_phyD_Dark_bio_rep2,-0.9148671000611185,PRR7,OSD-678
AT5G24470,Ground_control_phyD_Dark_bio_rep2,-1.007032806769291,PRR5,OSD-678
AT5G61380,Ground_control_phyD_Dark_bio_rep2,0.38625769617941574,TOC1,OSD-678
AT1G01060,Ground_control_phyD_Dark_bio_rep1,-0.7886517096524748,LHY,OSD-678
AT1G75530,Ground_control_phyD_Dark_bio_rep1,-0.4267324083980808,LUX,OSD-678
AT2G40080,Ground_control_phyD_Dark_bio_rep1,0.043297867696211016,ELF4,OSD-678
AT2G42830,Ground_control_phyD_Dark_bio_rep1,1.8663386957793422,PRR9,OSD-678
AT2G46830,Ground_control_phyD_Dark_bio_rep1,-0.6739210445703466,CCA1,OSD-678
AT3G09600,Ground_control_phyD_Dark_bio_rep1,-0.5708203402395222,GI,OSD-678
AT3G26740,Ground_control_phyD_Dark_bio_rep1,-1.017338155304442,ELF3,OSD-678
AT3G46640,Ground_control_phyD_Dark_bio_rep1,0.7735056205382839,TIC,OSD-678
AT5G02810,Ground_control_phyD_Dark_bio_rep1,-0.9850895591003124,PRR7,OSD-678
AT5G24470,Ground_control_phyD_Dark_bio_rep1,-1.124758393680101,PRR5,OSD-678
AT5G61380,Ground_control_phyD_Dark_bio_rep1,0.9896837990425845,TOC1,OSD-678
AT1G01060,Ground_control_Col-0_Dark_bio_rep3,-0.5603248485195493,LHY,OSD-678
AT1G75530,Ground_control_Col-0_Dark_bio_rep3,-0.4267324083980808,LUX,OSD-678
AT2G40080,Ground_control_Col-0_Dark_bio_rep3,0.8215690001541694,ELF4,OSD-678
AT2G42830,Ground_control_Col-0_Dark_bio_rep3,1.512532463945614,PRR9,OSD-678
AT2G46830,Ground_control_Col-0_Dark_bio_rep3,-0.49168191293377866,CCA1,OSD-678
AT3G09600,Ground_control_Col-0_Dark_bio_rep3,-0.5785364487345903,GI,OSD-678
AT3G26740,Ground_control_Col-0_Dark_bio_rep3,-0.8243965157070118,ELF3,OSD-678
AT3G46640,Ground_control_Col-0_Dark_bio_rep3,0.16704336119756155,TIC,OSD-678
AT5G02810,Ground_control_Col-0_Dark_bio_rep3,-1.0167394961927767,PRR7,OSD-678
AT5G24470,Ground_control_Col-0_Dark_bio_rep3,-0.7484971209552581,PRR5,OSD-678
AT5G61380,Ground_control_Col-0_Dark_bio_rep3,0.4778808599259059,TOC1,OSD-678
AT1G01060,Ground_control_Col-0_Dark_bio_rep2,-0.45988511801367754,LHY,OSD-678
AT1G75530,Ground_control_Col-0_Dark_bio_rep2,-0.4267324083980808,LUX,OSD-678
AT2G40080,Ground_control_Col-0_Dark_bio_rep2,1.051302116062828,ELF4,OSD-678
AT2G42830,Ground_control_Col-0_Dark_bio_rep2,0.36428024133245485,PRR9,OSD-678
AT2G46830,Ground_control_Col-0_Dark_bio_rep2,-0.5009677851476795,CCA1,OSD-678
AT3G09600,Ground_control_Col-0_Dark_bio_rep2,-0.35921731095730747,GI,OSD-678
AT3G26740,Ground_control_Col-0_Dark_bio_rep2,-0.967259536354117,ELF3,OSD-678
AT3G46640,Ground_control_Col-0_Dark_bio_rep2,0.7438173221272079,TIC,OSD-678
AT5G02810,Ground_control_Col-0_Dark_bio_rep2,-0.887249370575781,PRR7,OSD-678
AT5G24470,Ground_control_Col-0_Dark_bio_rep2,-0.5924908871660669,PRR5,OSD-678
AT5G61380,Ground_control_Col-0_Dark_bio_rep2,1.9427659741066874,TOC1,OSD-678
AT1G01060,Ground_control_Col-0_Light_bio_rep2,1.3483122574514912,LHY,OSD-678
AT1G75530,Ground_control_Col-0_Light_bio_rep2,-0.4267324083980808,LUX,OSD-678
AT2G40080,Ground_control_Col-0_Light_bio_rep2,-1.2772171753497537,ELF4,OSD-678
AT2G42830,Ground_control_Col-0_Light_bio_rep2,-0.8542247153705687,PRR9,OSD-678
AT2G46830,Ground_control_Col-0_Light_bio_rep2,0.3103985596614695,CCA1,OSD-678
AT3G09600,Ground_control_Col-0_Light_bio_rep2,-0.07771945516545398,GI,OSD-678
AT3G26740,Ground_control_Col-0_Light_bio_rep2,0.2839277900968169,ELF3,OSD-678
AT3G46640,Ground_control_Col-0_Light_bio_rep2,-1.9638122125861763,TIC,OSD-678
AT5G02810,Ground_control_Col-0_Light_bio_rep2,0.05830998311720442,PRR7,OSD-678
AT5G24470,Ground_control_Col-0_Light_bio_rep2,-0.11921984490449228,PRR5,OSD-678
AT5G61380,Ground_control_Col-0_Light_bio_rep2,-1.4809409717269848,TOC1,OSD-678
AT1G01060,Ground_control_Col-0_Light_bio_rep1,1.420961451839045,LHY,OSD-678
AT1G75530,Ground_control_Col-0_Light_bio_rep1,-0.4267324083980808,LUX,OSD-678
AT2G40080,Ground_control_Col-0_Light_bio_rep1,-0.9046343072741516,ELF4,OSD-678
AT2G42830,Ground_control_Col-0_Light_bio_rep1,-0.5460330569904558,PRR9,OSD-678
AT2G46830,Ground_control_Col-0_Light_bio_rep1,-0.05888211844854805,CCA1,OSD-678
AT3G09600,Ground_control_Col-0_Light_bio_rep1,0.5071804566826904,GI,OSD-678
AT3G26740,Ground_control_Col-0_Light_bio_rep1,-0.012532742358433088,ELF3,OSD-678
AT3G46640,Ground_control_Col-0_Light_bio_rep1,-1.8831805235312844,TIC,OSD-678
AT5G02810,Ground_control_Col-0_Light_bio_rep1,-0.04349040932475201,PRR7,OSD-678
AT5G24470,Ground_control_Col-0_Light_bio_rep1,-0.8894461382594051,PRR5,OSD-678
AT5G61380,Ground_control_Col-0_Light_bio_rep1,-1.6991851806438536,TOC1,OSD-678
