"pathway","pval","padj","ES","NES","nMoreExtreme","size","leadingEdge","osd_id","phase_shift","tissue","light_regime","is_circadian"
"GO:0000028 (ribosomal small subunit assembly)",0.00259067357512953,0.0139248704663212,0.586931822659509,1.87292510253556,12,24,"AT2G37270;AT5G15520;AT5G61170;AT5G47930;AT3G11940;AT3G02080;AT3G11510;AT5G66470;AT5G09510;AT5G47320;AT3G52580;AT3G04770;AT1G30960;AT5G64140;AT1G04270;AT5G38720;AT3G61110;AT2G36160;AT3G10090","OSD-321",-0.43,"whole_seedling","dark",FALSE
"GO:0000045 (autophagosome assembly)",0.000205634382068682,0.00186712983065567,-0.583106307164957,-2.11143926360694,0,39,"AT3G49590;AT5G43930;AT4G21980;AT4G16520;AT4G04620;AT1G04140;AT3G15580;AT3G19190;AT5G61500;AT3G59950;AT5G50230;AT2G44140;AT4G30790;AT2G45170;AT5G45900;AT1G54210;AT5G66930;AT3G61710;AT1G60490;AT4G15410;AT3G18770;AT3G50590;AT5G17290;AT3G06420;AT1G62040;AT4G17790;AT3G61960;AT3G07525;AT4G09580","OSD-321",-0.43,"whole_seedling","dark",FALSE
"GO:0000082 (G1/S transition of mitotic cell cycle)",0.000394399526720568,0.00312405940902345,0.646170988197458,2.18676523086458,1,30,"AT1G47210;AT4G34160;AT1G76310;AT1G15570;AT5G06150;AT5G67260;AT4G35620;AT3G50070;AT2G22490;AT2G26760;AT3G54180;AT5G65420;AT1G20610;AT3G11520;AT4G37630;AT1G44110;AT1G20930;AT2G38620;AT4G03270;AT5G11300;AT1G70210;AT1G80370;AT4G37490;AT3G12280","OSD-321",-0.43,"whole_seedling","dark",FALSE
"GO:0000103 (sulfate assimilation)",0.204392560348239,0.360525879049129,0.395110475509046,1.22000389927022,1032,21,"AT5G54390;AT1G19920;AT4G14680;AT4G04610;AT1G62180;AT5G63980;AT4G05090;AT3G22890;AT3G03900;AT5G04590","OSD-321",-0.43,"whole_seedling","dark",FALSE
"GO:0000122 (negative regulation of transcription by RNA polymerase II)",0.041370918677753,0.116379874037417,-0.434919306982925,-1.47636082193211,203,30,"AT3G15880;AT1G03850;AT5G47390;AT5G13080;AT3G10490;AT3G52250;AT1G43850;AT1G28480;AT4G25520;AT3G10480;AT5G62090;AT2G47210;AT3G01320;AT5G15020;AT4G25515","OSD-321",-0.43,"whole_seedling","dark",FALSE
"GO:0000160 (phosphorelay signal transduction system)",0.776718718312715,0.854796609584363,-0.25848634975832,-0.785132607195174,3829,19,"AT1G27320;AT5G02810;AT1G10470","OSD-321",-0.43,"whole_seedling","dark",FALSE
"GO:0000162 (tryptophan biosynthetic process)",0.397160323407612,0.567910961262191,0.347015351831361,1.04590988026923,2013,19,"AT5G60890;AT5G05590;AT4G02610;AT2G36230;AT1G69370;AT1G07780;AT4G31500;AT1G29410;AT2G29690","OSD-321",-0.43,"whole_seedling","dark",FALSE
"GO:0000165 (MAPK cascade)",0.000204792135981978,0.00186712983065567,-0.753633653923576,-2.1804015801017,0,16,"AT4G08500;AT1G53570;AT4G08480;AT1G08720;AT4G11330;AT2G18170;AT4G08470;AT3G21220","OSD-321",-0.43,"whole_seedling","dark",FALSE
"GO:0000209 (protein polyubiquitination)",0.000612745098039216,0.00429963146016056,-0.527268279534981,-1.96575053217012,2,44,"AT1G26800;AT3G17000;AT1G14400;AT1G64230;AT5G02880;AT5G41700;AT5G53300;AT2G02760;AT4G38600;AT3G08690;AT2G39100;AT1G17280;AT3G07370;AT3G13550;AT3G17205;AT5G46210","OSD-321",-0.43,"whole_seedling","dark",FALSE
"GO:0000226 (microtubule cytoskeleton organization)",0.000196078431372549,0.00186712983065567,0.517920664571535,2.00315090789617,0,54,"AT1G20010;AT1G75780;AT5G12250;AT4G26760;AT1G50010;AT5G19780;AT2G35880;AT2G29550;AT5G23860;AT5G51600;AT2G18990;AT5G44340;AT4G14960;AT5G55230;AT2G18390;AT3G50360;AT4G15830;AT3G23090;AT3G60840;AT3G01450;AT3G55005;AT4G20890;AT2G01910;AT3G25580;AT1G75640;AT4G09550;AT5G62690;AT5G14790","OSD-321",-0.43,"whole_seedling","dark",FALSE
"GO:0000245 (spliceosomal complex assembly)",0.0663662433428923,0.165777919055689,-0.494726767412277,-1.45336833066886,323,17,"AT5G64270;AT2G32600;AT3G51110;AT3G53030;AT3G13210;AT1G60900;AT2G37340;AT5G22840","OSD-321",-0.43,"whole_seedling","dark",FALSE
"GO:0000278 (mitotic cell cycle)",0.000195771339075959,0.00186712983065567,0.531794629372575,2.01538235348694,0,49,"AT1G20010;AT1G75780;AT5G12250;AT1G50010;AT5G19780;AT3G42660;AT3G43610;AT2G29550;AT2G31270;AT1G03780;AT5G23860;AT3G53760;AT1G08260;AT5G44340;AT5G05620;AT4G14960;AT3G60660;AT4G21820;AT3G61650;AT4G20890;AT3G59550","OSD-321",-0.43,"whole_seedling","dark",FALSE
"GO:0000302 (response to reactive oxygen species)",0.305748063595597,0.482513677275134,-0.329412296340413,-1.10823676129666,1499,29,"AT4G18880;AT4G34890;AT2G43790;AT5G58070;AT1G19020;AT3G56400;AT4G35000;AT4G32320;AT5G01600;AT4G17490;AT3G08640;AT5G13650;AT5G52310;AT2G01980","OSD-321",-0.43,"whole_seedling","dark",FALSE
"GO:0000373 (Group II intron splicing)",0.492144540455617,0.647423101856366,0.293793425817037,0.970673520594867,2505,27,"AT4G14510;AT3G23070;AT3G23990;AT5G16180;AT3G27550;AT3G22310;AT2G15820;AT2G20020;AT4G01037;AT1G30010;AT2G39120;AT4G01400;AT5G26742;AT3G16010;AT5G27270;AT1G70070;AT1G23400","OSD-321",-0.43,"whole_seedling","dark",FALSE
"GO:0000387 (spliceosomal snRNP assembly)",0.18078983925382,0.334878409940922,0.410365974006811,1.24856822456222,910,20,"AT1G13030;AT4G30330;AT2G23930;AT1G54385;AT4G30220;AT2G42510;AT1G15470;AT2G14285;AT4G02840;AT2G18740;AT1G52730;AT5G62290","OSD-321",-0.43,"whole_seedling","dark",FALSE
"GO:0000398 (mRNA splicing, via spliceosome)",0.00020755500207555,0.00186712983065567,-0.404512076773131,-1.85885049658757,0,137,"AT4G25500;AT1G23860;AT1G27650;AT3G53500;AT3G11960;AT5G42820;AT1G55310;AT3G55460;AT1G14650;AT5G56900;AT5G64730;AT4G34140;AT5G64200;AT2G33730;AT1G25682;AT4G21660;AT1G16610;AT5G52040;AT5G08550;AT1G03910;AT3G54230;AT3G51110;AT3G19670;AT1G77180;AT3G47120;AT3G19760;AT5G08290;AT1G33520;AT3G13570;AT4G03430;AT3G61860;AT3G26020;AT2G33340;AT1G10580;AT5G18810;AT5G10370;AT2G43370;AT1G60170;AT1G80070;AT1G76860;AT3G13200;AT1G21190;AT3G10400;AT5G51280;AT4G08580;AT1G56290;AT5G19350;AT3G13210;AT1G65660;AT5G12190;AT4G21110;AT1G80930;AT5G63370;AT4G38780;AT1G60900;AT2G38770;AT3G26560;AT5G13010;AT4G32270;AT1G49590;AT2G37340","OSD-321",-0.43,"whole_seedling","dark",FALSE
"GO:0000423 (mitophagy)",0.000202101859337106,0.00186712983065567,-0.704500369350064,-2.1963207334896,0,21,"AT3G49590;AT5G43930;AT4G21980;AT4G16520;AT4G04620;AT1G04140;AT3G15580;AT2G31260;AT3G59950;AT2G44140;AT2G45170;AT5G45900;AT3G61710;AT3G18770;AT1G05270;AT5G17290;AT3G06420;AT1G62040","OSD-321",-0.43,"whole_seedling","dark",FALSE
"GO:0000462 (maturation of SSU-rRNA from tricistronic rRNA transcript (SSU-rRNA, 5.8S rRNA, LSU-rRNA))",0.79473893981666,0.8635971873098,0.244236894671489,0.779370607173458,3987,24,"AT2G47680;AT5G20290;AT1G17690;AT2G09990;AT3G10530;AT5G43720;AT2G01640;AT2G43650;AT1G06720;AT3G06530;AT4G28450;AT1G15420;AT1G07840;AT1G33390;AT1G12650;AT1G04230;AT2G44820;AT4G28200;AT5G27990;AT1G42440;AT3G56990;AT3G04230;AT5G18380;AT1G15440","OSD-321",-0.43,"whole_seedling","dark",FALSE
"GO:0000463 (maturation of LSU-rRNA from tricistronic rRNA transcript (SSU-rRNA, 5.8S rRNA, LSU-rRNA))",0.00039177277179236,0.00312405940902345,0.695456926695839,2.06735762038581,1,18,"AT2G01250;AT1G80750;AT2G44120;AT3G09500;AT5G02610;AT2G39390;AT2G40360;AT3G13580;AT3G23620;AT3G55170;AT5G65900","OSD-321",-0.43,"whole_seedling","dark",FALSE
"GO:0000723 (telomere maintenance)",0.979895611830659,0.996786202223422,0.188436652057678,0.534610354479107,5068,15,"AT2G05210","OSD-321",-0.43,"whole_seedling","dark",FALSE
"GO:0000724 (double-strand break repair via homologous recombination)",0.0502443792766373,0.134431628109047,0.344377770070826,1.37685888052536,256,64,"AT1G04020;AT4G00020;AT5G08020;AT5G61000;AT3G05740;AT1G10930;AT2G24490;AT3G09660;AT5G01630;AT5G27680;AT5G64630;AT1G60930;AT5G38110;AT4G21070;AT1G65470;AT1G31360;AT5G22750;AT1G27880;AT5G47870;AT1G74560;AT5G56950;AT5G07660;AT2G14050;AT5G21140","OSD-321",-0.43,"whole_seedling","dark",FALSE
"GO:0000902 (cell morphogenesis)",0.5814453125,0.708562911184211,0.311061646688431,0.911255090423472,2976,17,"AT1G62440;AT1G11130;AT5G18410;AT1G47870;AT1G34350;AT3G20780;AT1G20090;AT1G71790","OSD-321",-0.43,"whole_seedling","dark",FALSE
"GO:0000911 (cytokinesis by cell plate formation)",0.0965652600588813,0.212161629764403,0.351438973670354,1.30613256626389,491,45,"AT2G28620;AT4G26760;AT1G18370;AT5G51600;AT2G35190;AT5G66410;AT5G05620;AT5G55230;AT3G19050;AT3G61650;AT1G53140;AT3G05330;AT5G13260;AT5G10470;AT3G50960;AT2G30410;AT1G09630","OSD-321",-0.43,"whole_seedling","dark",FALSE
"GO:0001510 (RNA methylation)",0.717018339577993,0.819153986900701,0.27223891538692,0.82053249198996,3635,19,"AT4G20910;AT3G13180;AT4G40000;AT4G25630;AT5G13830;AT5G26880;AT1G06560;AT4G26600","OSD-321",-0.43,"whole_seedling","dark",FALSE
"GO:0001522 (pseudouridine synthesis)",0.28455925852889,0.458621699346405,0.377042351240634,1.13641174190519,1442,19,"AT4G21770;AT5G51140;AT5G14460;AT1G20410;AT3G06950;AT3G57150;AT2G39140;AT3G19440;AT1G76050","OSD-321",-0.43,"whole_seedling","dark",FALSE
"GO:0001666 (response to hypoxia)",0.00533661740558292,0.0247126436781609,-0.455239787467704,-1.6860799079508,25,43,"AT1G53910;AT5G63790;AT3G20770;AT1G64280;AT4G24230;AT5G25110;AT4G27780;AT3G14230;AT3G01090;AT3G16770;AT1G43850;AT5G03730;AT3G19760;AT4G20380;AT1G17290;AT2G32700;AT4G32551;AT1G35140;AT4G19230;AT2G31810","OSD-321",-0.43,"whole_seedling","dark",FALSE
"GO:0002181 (cytoplasmic translation)",0.000196270853778214,0.00186712983065567,0.67525802029328,2.50961491756238,0,45,"AT2G36620;AT1G27400;AT3G05560;AT1G18540;AT1G41880;AT3G55750;AT5G02450;AT4G26230;AT4G00810;AT5G67510;AT3G49910;AT3G09200;AT5G56710;AT3G53020;AT3G06680;AT1G74060;AT5G27470;AT4G17390;AT4G10450;AT1G33140;AT2G37600;AT3G06700;AT3G11250;AT2G40010;AT2G18020;AT2G19740;AT1G67430;AT3G53740;AT1G51730;AT1G74050;AT1G07070;AT3G04770;AT4G36130;AT5G47700","OSD-321",-0.43,"whole_seedling","dark",FALSE
"GO:0002213 (defense response to insect)",0.00689096068098906,0.0298443045320533,-0.522765079196348,-1.70145217640474,33,25,"AT5G14180;AT5G43580;AT3G28740;AT1G45145;AT3G48520;AT3G62590;AT4G16760;AT5G10300;AT1G02660;AT5G57220;AT3G44260;AT4G08850;AT5G65040;AT4G23100","OSD-321",-0.43,"whole_seedling","dark",FALSE
"GO:0002221 (pattern recognition receptor signaling pathway)",0.283299389002037,0.458457613385016,-0.340246718066703,-1.1260155583841,1390,27,"AT3G09830;AT3G28690;AT1G53570;AT5G24090;AT3G49120;AT2G39660;AT1G61360;AT1G61480","OSD-321",-0.43,"whole_seedling","dark",FALSE
"GO:0002229 (defense response to oomycetes)",0.0144543973941368,0.0533837253452169,-0.389202815618904,-1.53204812406422,70,57,"AT5G24530;AT4G33430;AT4G04960;AT4G28350;AT4G02410;AT3G56400;AT1G08720;AT4G10500;AT3G59700;AT5G60270;AT3G45410;AT5G01560;AT1G59870;AT5G01550;AT5G26920;AT5G59260;AT1G15530;AT5G59270;AT5G10530;AT5G60280;AT2G32800","OSD-321",-0.43,"whole_seedling","dark",FALSE
"GO:0002237 (response to molecule of bacterial origin)",0.000205803663305207,0.00186712983065567,-0.627839453197177,-2.24213491196044,0,37,"AT1G73260;AT1G62810;AT1G08320;AT1G80460;AT3G05360;AT1G07000;AT3G55450;AT1G66340;AT5G24590;AT1G59820;AT5G06839;AT1G16670;AT1G59870;AT3G10490;AT5G26920;AT3G25070;AT2G39660;AT3G05010;AT5G03280;AT4G08850;AT1G69220","OSD-321",-0.43,"whole_seedling","dark",FALSE
"GO:0002238 (response to molecule of fungal origin)",0.000414164423276041,0.00315603775711616,-0.72114699891963,-2.03898340275485,1,15,"AT1G73260;AT3G10985;AT4G27320;AT3G05360;AT1G07000;AT5G54430;AT1G59820;AT1G59870;AT1G10920","OSD-321",-0.43,"whole_seedling","dark",FALSE
"GO:0002239 (response to oomycetes)",0.000200642054574639,0.00186712983065567,-0.688230507839271,-2.22781735042074,0,24,"AT2G39210;AT4G38540;AT5G24530;AT2G02930;AT3G01290;AT3G11340;AT5G09440;AT5G20230;AT5G58950;AT4G10500;AT1G59870;AT1G02360","OSD-321",-0.43,"whole_seedling","dark",FALSE
"GO:0003333 (amino acid transmembrane transport)",0.161290322580645,0.311950755579646,-0.35371891363943,-1.23614927039652,779,34,"AT3G30390;AT5G40780;AT5G41800;AT3G11900;AT2G40420;AT5G04770;AT4G38250;AT3G55740;AT2G41190;AT1G80510;AT3G56200;AT1G24400;AT1G08230;AT5G02170;AT5G02180","OSD-321",-0.43,"whole_seedling","dark",FALSE
"GO:0005975 (carbohydrate metabolic process)",0.000191681042744873,0.00186712983065567,0.372432746691091,1.77383538560399,0,191,"AT2G05790;AT4G36360;AT3G62110;AT3G06770;AT4G34260;AT3G18080;AT3G54690;AT4G23820;AT5G51820;AT3G29320;AT4G10060;AT1G45130;AT5G63810;AT1G55120;AT5G12950;AT2G28470;AT2G41540;AT3G13560;AT5G42100;AT3G62750;AT2G36870;AT1G76130;AT4G29360;AT3G55440;AT3G52840;AT3G61610;AT1G64760;AT1G26560;AT1G05590;AT3G26380;AT2G32810;AT5G66530;AT1G09780;AT5G58480;AT5G49215;AT3G07320;AT2G44450;AT3G03640;AT3G02570;AT3G46970;AT3G15720;AT2G39930;AT1G32860;AT4G18340;AT5G26000;AT5G25980;AT5G15490;AT5G42720;AT4G34700;AT4G34480;AT2G32860;AT3G61490;AT1G22650;AT2G40690;AT5G61410;AT3G42950;AT5G40610;AT2G28100;AT1G64770;AT1G55370;AT5G17520;AT3G20440;AT2G21370;AT1G66250;AT2G22620;AT4G26140;AT1G52400;AT1G11820","OSD-321",-0.43,"whole_seedling","dark",FALSE
"GO:0005982 (starch metabolic process)",0.751915510457652,0.840097237988132,-0.280435299496533,-0.792907579282241,3630,15,"AT4G02280;AT3G01090","OSD-321",-0.43,"whole_seedling","dark",FALSE
"GO:0005983 (starch catabolic process)",0.0562536245892132,0.145968456908217,0.523975949823977,1.48656307154184,290,15,"AT1G69830;AT5G64860;AT2G40840;AT5G04360;AT3G10940;AT3G52180;AT5G26570;AT5G17520;AT4G17090","OSD-321",-0.43,"whole_seedling","dark",FALSE
"GO:0005985 (sucrose metabolic process)",0.21496653822754,0.371867402336147,-0.396725396591401,-1.20502318694034,1059,19,"AT1G62660;AT4G02280;AT3G22200","OSD-321",-0.43,"whole_seedling","dark",FALSE
"GO:0005992 (trehalose biosynthetic process)",0.159156083572306,0.311077799709508,-0.436944814540148,-1.28362117745172,776,17,"AT1G23870;AT1G70290;AT2G18700;AT1G60140","OSD-321",-0.43,"whole_seedling","dark",FALSE
"GO:0006002 (fructose 6-phosphate metabolic process)",0.541851923448676,0.680991352643221,0.330326294440598,0.937162995819963,2802,15,"AT3G55800;AT1G12000","OSD-321",-0.43,"whole_seedling","dark",FALSE
"GO:0006006 (glucose metabolic process)",0.0207059751528298,0.0700280732696829,0.537523964599338,1.62010591891378,104,19,"AT1G42970;AT1G24280;AT5G13110;AT1G12900;AT5G64860;AT5G35790;AT5G55120","OSD-321",-0.43,"whole_seedling","dark",FALSE
"GO:0006012 (galactose metabolic process)",0.0238144543383723,0.0774935216848656,-0.577931620661914,-1.6340537840721,114,15,"AT2G47180;AT1G12780;AT4G10960;AT4G23920;AT4G16130","OSD-321",-0.43,"whole_seedling","dark",FALSE
"GO:0006094 (gluconeogenesis)",0.00731080814068366,0.0313630649046536,0.558237819021356,1.74432077953123,36,22,"AT3G12780;AT3G55800;AT2G21170;AT3G55440;AT4G38970;AT2G21330;AT3G54050;AT1G56190;AT1G13440;AT4G26520","OSD-321",-0.43,"whole_seedling","dark",FALSE
"GO:0006096 (glycolytic process)",0.0113591852722288,0.0441927533952074,0.433007603261505,1.60306252586557,57,44,"AT3G12780;AT2G21170;AT3G55440;AT1G09780;AT1G74030;AT4G38970;AT1G22170;AT2G21330;AT1G78050;AT1G56190;AT1G13440;AT2G29560;AT4G26520;AT3G52990;AT2G36530","OSD-321",-0.43,"whole_seedling","dark",FALSE
"GO:0006098 (pentose-phosphate shunt)",0.399153737658674,0.569408886423038,-0.337954641272578,-1.04076655534026,1980,20,"AT1G09420;AT3G01850;AT2G36460;AT5G24410","OSD-321",-0.43,"whole_seedling","dark",FALSE
"GO:0006099 (tricarboxylic acid cycle)",0.255741775294848,0.424122723767213,-0.31550934139839,-1.13293396071429,1235,38,"AT2G42790;AT5G65750;AT2G05710;AT4G26970;AT3G58750;AT4G26910;AT2G44350;AT4G35830;AT5G67490;AT2G17130","OSD-321",-0.43,"whole_seedling","dark",FALSE
"GO:0006108 (malate metabolic process)",0.724750927915608,0.823207657745653,0.282861362301288,0.813925339227319,3709,16,"AT1G53240;AT2G47510;AT5G12040;AT4G00570;AT5G58330","OSD-321",-0.43,"whole_seedling","dark",FALSE
"GO:0006260 (DNA replication)",0.000193461017604953,0.00186712983065567,0.596321888177798,2.13668707946986,0,38,"AT2G21790;AT2G40550;AT2G31270;AT4G12620;AT5G52950;AT1G10930;AT1G14460;AT2G24490;AT2G02480;AT4G24790;AT5G16690;AT1G26840;AT1G60930;AT2G37560;AT5G44785;AT1G08130;AT1G31360;AT3G27060;AT2G01120;AT5G51795;AT4G11060;AT3G18580;AT1G79950;AT3G02920","OSD-321",-0.43,"whole_seedling","dark",FALSE
"GO:0006261 (DNA-templated DNA replication)",0.03601108033241,0.105749611512736,0.49981246499546,1.5432978723551,181,21,"AT3G42660;AT2G40550;AT1G14460;AT2G02480;AT5G27740;AT4G24790;AT5G13060;AT5G49010;AT5G63960;AT5G22110","OSD-321",-0.43,"whole_seedling","dark",FALSE
"GO:0006270 (DNA replication initiation)",0.000198452073824171,0.00186712983065567,0.760108317333301,2.31268465799277,0,20,"AT2G16440;AT2G07690;AT5G46280;AT1G44900;AT4G02060;AT5G44635;AT1G67630;AT4G12620;AT1G67320;AT2G29680;AT1G79150;AT2G20980;AT5G16690;AT1G26840;AT5G49010;AT3G25100","OSD-321",-0.43,"whole_seedling","dark",FALSE
"GO:0006281 (DNA repair)",0.5046565774156,0.656162547741233,0.215224094691364,0.97644928174462,2600,135,"AT3G42660;AT3G46940;AT3G14890;AT1G04020;AT1G08260;AT5G08020;AT2G36490;AT1G76710;AT1G10930;AT1G14460;AT3G50000;AT2G24490;AT2G02480;AT2G31320;AT5G27740;AT5G27680;AT5G65740;AT4G24790;AT4G30825;AT1G60930;AT4G21070;AT1G14410;AT5G63920;AT1G31360;AT5G22750;AT3G18630;AT1G52500;AT5G52910;AT3G27060;AT5G56950;AT2G02740;AT3G10140;AT1G77620;AT1G77600;AT1G71260;AT5G46740;AT5G49110","OSD-321",-0.43,"whole_seedling","dark",FALSE
"GO:0006284 (base-excision repair)",0.0273017138302112,0.0851587136051148,0.489660313382597,1.56252746442362,136,24,"AT3G12710;AT5G44680;AT2G36490;AT1G15970;AT5G57970;AT3G10010;AT3G48425;AT3G18630;AT1G52500;AT5G04560;AT1G80850","OSD-321",-0.43,"whole_seedling","dark",FALSE
"GO:0006289 (nucleotide-excision repair)",0.948315911730546,0.982592390467795,0.188947389152711,0.66004638873561,4898,34,"AT1G20720;AT5G08020;AT5G61000;AT2G24490","OSD-321",-0.43,"whole_seedling","dark",FALSE
"GO:0006298 (mismatch repair)",0.0682389329209356,0.167672806605728,0.512513174828604,1.45404223158489,352,15,"AT2G29570;AT1G07370;AT3G18524;AT1G65070;AT2G25100;AT3G24495;AT3G20475","OSD-321",-0.43,"whole_seedling","dark",FALSE
"GO:0006302 (double-strand break repair)",1,1,0.117110307218833,0.383103053431368,5066,26,"AT2G31320;AT1G08130;AT5G21140;AT5G61460;AT1G34770;AT2G31970;AT1G11800;AT1G10520;AT5G54260;AT4G29170;AT5G57450;AT4G02390;AT5G20850;AT4G32700;AT5G43500;AT5G40840;AT1G48050;AT1G61410;AT3G20540;AT3G07800;AT5G42470;AT3G06820;AT5G57160;AT1G50840;AT1G80210;AT5G16270","OSD-321",-0.43,"whole_seedling","dark",FALSE
"GO:0006303 (double-strand break repair via nonhomologous end joining)",0.53447918823773,0.675958973359482,-0.332925765544876,-0.941320023951329,2580,15,"AT5G40820;AT1G80420;AT2G45700;AT1G19025;AT5G57160","OSD-321",-0.43,"whole_seedling","dark",FALSE
"GO:0006310 (DNA recombination)",0.199135899450118,0.357715398863128,0.366023167150059,1.20931567916735,1013,27,"AT3G05740;AT1G10930;AT5G27680;AT5G64630;AT1G60930;AT4G21070;AT1G65470;AT5G63920;AT1G31360;AT1G27880","OSD-321",-0.43,"whole_seedling","dark",FALSE
"GO:0006325 (chromatin organization)",0.858730800323363,0.916363897637324,-0.23322549039746,-0.727093983798457,4248,21,"AT1G04400;AT1G18450;AT1G21610;AT4G15890;AT1G20900;AT5G17690","OSD-321",-0.43,"whole_seedling","dark",FALSE
"GO:0006334 (nucleosome assembly)",0.26691042047532,0.440219378427788,-0.341219394349234,-1.14013132713391,1313,28,"AT1G48620;AT2G18050;AT3G18035;AT2G22720;AT1G17520","OSD-321",-0.43,"whole_seedling","dark",FALSE
"GO:0006338 (chromatin remodeling)",0.568901686548745,0.697512862122902,-0.223635984355759,-0.946148865376453,2765,82,"AT1G04400;AT1G06230;AT2G44980;AT3G63070;AT1G30810;AT3G07220;AT4G02020;AT3G07740;AT1G18450;AT1G02580;AT1G04870;AT5G23150;AT5G63950;AT4G38495;AT2G47210;AT4G16420;AT3G49830;AT3G48710;AT3G57300;AT2G18000;AT3G22990;AT1G56460;AT2G48160;AT1G73150;AT5G04240;AT2G19520;AT3G44530;AT4G26630;AT3G06400;AT2G47620;AT2G38950;AT3G33520","OSD-321",-0.43,"whole_seedling","dark",FALSE
"GO:0006351 (DNA-templated transcription)",0.853325046612803,0.91243637310996,-0.191120693142243,-0.810333077972083,4118,84,"AT1G08320;AT3G05380;AT5G65210;AT5G61380;AT5G06839;AT3G61420;AT4G40050;AT3G10490;AT3G12250;AT5G06960;AT3G10480;AT5G06950;AT4G18890;AT4G21710;AT5G45830;AT1G78700;AT3G21430;AT5G15700;AT1G75080;AT5G25520;AT3G03570;AT4G35040","OSD-321",-0.43,"whole_seedling","dark",FALSE
"GO:0006352 (DNA-templated transcription initiation)",0.791494388659185,0.861626802844176,0.237656137794067,0.790899275990269,4019,28,"AT1G08540;AT2G36990;AT2G45100;AT4G15950;AT3G57290;AT1G64860","OSD-321",-0.43,"whole_seedling","dark",FALSE
"GO:0006357 (regulation of transcription by RNA polymerase II)",0.00508797964808141,0.0237439050243799,-0.285782416389667,-1.42307468805191,23,252,"AT4G32040;AT2G24260;AT4G18880;AT2G35940;AT4G02880;AT3G05380;AT4G16150;AT4G08150;AT1G06230;AT5G51780;AT1G05805;AT1G75410;AT3G04740;AT1G30500;AT3G16940;AT5G12840;AT1G03040;AT3G05690;AT5G25220;AT5G14170;AT5G20240;AT2G38560;AT2G34720;AT5G64220;AT2G42280;AT5G13020;AT1G72830;AT4G00450;AT2G32080;AT3G07740;AT1G08970;AT1G18450;AT3G51910;AT1G76510;AT3G01890;AT5G62020;AT4G25400;AT1G67310;AT3G56980;AT5G41410;AT1G72390;AT4G36990;AT3G09180;AT4G11660;AT5G47640;AT3G21430;AT2G26430;AT2G17410;AT1G55325;AT5G12230;AT5G09410;AT3G61740;AT2G22300;AT3G24050;AT3G02990;AT4G19600;AT5G25520;AT1G19700;AT4G33890;AT4G08350;AT4G35040;AT4G16420;AT3G54810;AT3G49830;AT3G57390;AT5G16820;AT5G64610;AT1G79000;AT1G26665;AT2G18000;AT2G45660;AT2G14850;AT3G51960;AT3G53340;AT1G20910;AT1G67970;AT5G03500;AT3G22990;AT5G10140;AT3G08020;AT1G56170;AT5G04670;AT5G53430;AT1G22490;AT1G73150;AT5G11430;AT4G09180;AT5G25830;AT1G77800;AT5G27610;AT4G02590;AT1G23230;AT2G38880;AT1G27630;AT2G14210;AT5G65060;AT2G23760;AT5G51790;AT2G37060;AT5G20170;AT1G79020;AT3G07610;AT5G04150;AT5G14960;AT1G23380;AT5G22220;AT5G02850;AT1G49950;AT4G34680;AT3G20910;AT3G52100;AT5G66320;AT1G77080;AT5G45190;AT5G60440;AT4G17750;AT1G62990;AT3G24520","OSD-321",-0.43,"whole_seedling","dark",FALSE
"GO:0006364 (rRNA processing)",0.00019588638589618,0.00186712983065567,0.457616535638234,1.92969925523641,0,87,"AT3G63140;AT5G16130;AT1G09340;AT1G48830;AT3G17170;AT1G25260;AT5G18570;AT3G19810;AT4G14510;AT3G02560;AT2G04270;AT1G70200;AT1G52930;AT1G29250;AT4G02400;AT1G31660;AT5G66470;AT3G23620;AT5G10605;AT3G01160;AT5G48240;AT1G59760;AT5G10620;AT4G25630;AT5G12220;AT5G46420;AT3G22660;AT1G12244;AT1G31970;AT3G49180;AT5G16750;AT5G08600;AT4G01560;AT2G17250;AT3G11964;AT1G04635;AT5G38720;AT1G63810;AT3G27970;AT5G43720;AT5G57280;AT5G61770;AT3G52905;AT2G01640;AT3G15080;AT2G19385;AT4G32720;AT1G49970;AT5G02250;AT3G15460;AT2G43650;AT1G77030;AT5G35910;AT5G54910;AT1G26550","OSD-321",-0.43,"whole_seedling","dark",FALSE
"GO:0006366 (transcription by RNA polymerase II)",0.508025682182986,0.656418683870602,-0.29810679734322,-0.964978285378019,2531,24,"AT3G61420;AT4G35800;AT1G31240;AT1G07480;AT1G07470;AT1G02680;AT1G16210;AT3G02160;AT4G34340","OSD-321",-0.43,"whole_seedling","dark",FALSE
"GO:0006367 (transcription initiation at RNA polymerase II promoter)",0.121266786931249,0.252589178945307,-0.413331855248268,-1.32226568121273,604,23,"AT4G24440;AT4G31720;AT5G25150;AT5G41370;AT1G07480;AT5G43130;AT1G07470","OSD-321",-0.43,"whole_seedling","dark",FALSE
"GO:0006368 (transcription elongation by RNA polymerase II)",0.423305345074749,0.592627483104649,-0.353222042260269,-1.02193671296577,2066,16,"AT2G38560;AT4G10710;AT4G08350;AT2G42780;AT1G65440;AT2G19560;AT1G79730;AT1G71080;AT5G08565","OSD-321",-0.43,"whole_seedling","dark",FALSE
"GO:0006396 (RNA processing)",0.806156243911942,0.871285563438042,0.20435762323264,0.826771789021374,4137,68,"AT3G27180;AT1G13030;AT3G43920;AT3G59040;AT4G37510;AT4G24770;AT2G04270;AT1G55140;AT2G29670;AT1G54770;AT1G03560;AT1G09700;AT3G53460;AT5G26880;AT3G17040;AT4G26600;AT5G36170;AT1G06710;AT3G21300;AT3G27970;AT4G38020;AT1G04530;AT5G13770;AT2G32630;AT5G30495;AT3G15080","OSD-321",-0.43,"whole_seedling","dark",FALSE
"GO:0006397 (mRNA processing)",0.999793473771169,1,-0.127781433957368,-0.528139729248005,4840,74,"AT5G03560;AT2G45620;AT4G29820;AT2G16940;AT4G04885;AT3G54230;AT5G64390;AT3G19760;AT3G05680;AT5G01160;AT1G20960;AT5G23150","OSD-321",-0.43,"whole_seedling","dark",FALSE
"GO:0006400 (tRNA modification)",0.512532070258536,0.657876985704986,0.293436748460058,0.959919899398423,2596,26,"AT3G63110;AT5G14460;AT5G54880;AT1G03110;AT4G36390;AT2G31580;AT5G20040;AT5G24840;AT3G56330;AT1G09290;AT2G27760;AT1G78010;AT1G48175;AT1G13870;AT2G32320;AT5G15810","OSD-321",-0.43,"whole_seedling","dark",FALSE
"GO:0006402 (mRNA catabolic process)",0.7638805371818,0.843772630061364,-0.249918729903038,-0.799500342030425,3810,23,"AT5G13570;AT3G13300;AT1G77680;AT3G20800;AT5G35430;AT1G54490;AT3G13290;AT4G36090;AT3G03950;AT2G48080","OSD-321",-0.43,"whole_seedling","dark",FALSE
"GO:0006406 (mRNA export from nucleus)",0.0761710794297352,0.179121053971487,-0.419083452113246,-1.38691855728149,373,27,"AT5G59950;AT5G37720;AT1G66260;AT4G32910;AT1G10390;AT3G06290;AT1G80680;AT3G54380;AT4G23910;AT3G14120;AT1G24706;AT2G19430;AT5G09860;AT5G05680;AT5G02530;AT5G45010;AT1G33410","OSD-321",-0.43,"whole_seedling","dark",FALSE
"GO:0006412 (translation)",0.000187336080929187,0.00186712983065567,0.623792457265724,3.1122593812265,0,279,"AT3G25520;AT5G23740;AT3G44890;AT5G60670;AT4G31700;AT1G68590;AT5G39740;AT3G25920;AT4G17560;AT1G27400;AT2G24090;AT5G22440;AT5G07090;AT1G35680;AT2G39460;AT3G05560;AT1G32990;AT1G18540;AT5G16130;AT3G13120;AT5G13510;AT3G27830;AT5G54600;AT3G54210;AT1G48350;AT3G16780;AT1G64880;AT4G01310;AT5G47190;AT4G29410;AT1G48830;AT5G40950;AT3G55280;AT5G02870;AT3G15190;AT5G28060;AT2G20450;AT1G41880;AT3G28900;AT1G64510;AT1G78630;AT3G27160;AT2G33450;AT3G55750;AT4G15000;AT3G56340;AT1G70600;AT1G05190;AT2G27530;AT5G59850;AT3G10610;AT5G30510;AT3G09500;AT4G28360;AT5G02450;AT5G14320;AT5G02610;AT2G42710;AT3G60245;AT3G20230;AT4G36420;AT1G69620;AT1G08360;AT2G43030;AT2G37270;AT1G17560;AT4G27090;AT2G37190;AT1G57860;AT5G15520;AT4G31850;AT4G30800;AT3G48930;AT4G26230;AT5G10360;AT1G75350;AT5G64670;AT5G61170;AT3G49010;AT5G15220;AT2G34480;AT2G19730;AT5G67510;AT3G22230;AT5G20290;AT2G33800;AT3G02560;AT1G02780;AT2G18400;AT3G49910;AT3G05590;AT3G53430;AT4G37660;AT5G27850;AT1G26880;AT3G53890;AT2G32060;AT5G56710;AT5G53070;AT2G05220;AT5G47930;AT5G02960;AT3G04920;AT3G24830;AT2G39390;AT5G56670;AT3G62250;AT1G79850;AT1G77750;AT5G23535;AT1G23410;AT1G09690;AT3G06680;AT1G07320;AT3G11940;AT3G06040;AT3G47370;AT5G27330;AT3G27850;AT1G74060;AT3G14600;AT4G17390;AT2G32220;AT2G36170;AT5G09770;AT3G60770;AT4G10450;AT1G33140;AT5G27820;AT3G02080;AT3G11510;AT2G37600;AT4G39880;AT2G17360;AT1G74970;AT5G45590;AT3G16080;AT3G06700;AT4G13170;AT5G46430;AT4G14320;AT4G18100;AT3G09630;AT1G52300;AT1G15930;AT5G35530;AT5G15200;AT5G65220;AT5G58420;AT3G07110;AT2G19720;AT3G57290;AT2G18020;AT3G22300;AT1G29070;AT2G47110;AT1G31817;AT1G24240;AT3G55170;AT2G19740;AT1G67430;AT1G43170;AT3G53740;AT1G26910;AT5G09510;AT5G47320;AT1G47278;AT5G62300;AT4G34620","OSD-321",-0.43,"whole_seedling","dark",FALSE
"GO:0006413 (translational initiation)",0.998440545808967,1,0.138194658376407,0.509890581320207,5121,43,"AT1G22780;AT5G35620;AT1G16720;AT1G29550;AT1G17220;AT3G57290;AT2G40290;AT4G18040;AT2G24050;AT5G25780;AT2G04520;AT5G05470;AT2G40780;AT4G20980","OSD-321",-0.43,"whole_seedling","dark",FALSE
"GO:0006414 (translational elongation)",0.529668585036714,0.672701451882071,0.312031075442943,0.949377167093214,2668,20,"AT3G08740;AT5G12110;AT4G00810;AT4G25890;AT2G18110;AT5G47700;AT1G62750;AT5G19510;AT5G60390","OSD-321",-0.43,"whole_seedling","dark",FALSE
"GO:0006417 (regulation of translation)",0.740769681578433,0.835099903202653,0.278989867056914,0.802785224315698,3791,16,"AT1G48630;AT5G18410;AT4G26650;AT5G55550;AT3G17040;AT3G16810;AT1G43190;AT3G07810","OSD-321",-0.43,"whole_seedling","dark",FALSE
"GO:0006457 (protein folding)",0.0538282160901671,0.141766545991354,0.280428693704559,1.2830601194954,276,143,"AT3G62030;AT5G42980;AT1G55490;AT4G21870;AT5G16070;AT5G55220;AT2G44650;AT1G56340;AT2G28000;AT4G24190;AT5G20720;AT2G04030;AT5G13120;AT2G18390;AT1G61770;AT3G60210;AT3G23990;AT1G36390;AT1G11660;AT1G08450;AT2G30695;AT2G33210;AT3G03960;AT3G56070;AT4G34960;AT5G17710;AT2G07340;AT3G17830;AT4G39960;AT1G52260;AT2G15790;AT5G42020;AT4G38740;AT2G29960;AT1G23100;AT4G24280;AT3G16110;AT3G13860;AT2G30410;AT1G08780;AT5G18820;AT1G14980;AT2G22360;AT4G37910;AT1G80030;AT5G56000;AT4G34870;AT1G26230;AT3G07770;AT4G26780;AT1G01940;AT1G09210;AT3G55920;AT1G77510","OSD-321",-0.43,"whole_seedling","dark",FALSE
"GO:0006465 (signal peptide processing)",0.385592379440365,0.561622492845118,0.347099091904875,1.05607414936316,1942,20,"AT3G24590;AT3G05230;AT3G15710;AT1G34640;AT4G04200;AT1G29960;AT1G53530;AT5G27430;AT2G22425;AT3G08980;AT2G39960;AT1G52600;AT1G73990","OSD-321",-0.43,"whole_seedling","dark",FALSE
"GO:0006468 (protein phosphorylation)",0.0501822860819215,0.134431628109047,-0.23877482866847,-1.21358823496307,233,303,"AT5G58350;AT3G17410;AT5G02800;AT1G48490;AT3G63260;AT4G38470;AT3G20410;AT2G19130;AT4G24480;AT4G18950;AT1G34300;AT3G28690;AT5G44290;AT3G46930;AT1G72710;AT4G28350;AT3G08730;AT5G01810;AT1G53570;AT2G43790;AT3G08720;AT3G50500;AT1G14370;AT2G24360;AT4G19110;AT1G74360;AT5G41990;AT1G70530;AT2G30360;AT3G29160;AT1G10940;AT1G60940;AT5G66880;AT3G51550;AT3G61160;AT1G56140;AT2G30740;AT4G24100;AT3G04530;AT1G18160;AT2G39840;AT1G76360;AT4G36450;AT4G14780;AT5G57035;AT1G30640;AT5G18525;AT3G57770;AT5G18610;AT3G58640;AT5G57610;AT2G28960;AT2G02800;AT5G01950;AT1G22870;AT1G51860;AT3G24550;AT1G59580;AT3G46330;AT2G43930;AT2G33580;AT3G25070;AT1G06840;AT3G21630;AT2G39660;AT3G53030;AT1G56145;AT4G11570;AT1G07150;AT2G23200;AT4G39400;AT1G51790;AT5G47750;AT4G28980;AT5G37450;AT2G17290;AT5G35980;AT1G11050;AT4G08850;AT2G05940;AT5G66210;AT1G51890;AT2G45490;AT5G49780;AT1G55610;AT1G77280;AT1G69220;AT4G21230;AT2G32800","OSD-321",-0.43,"whole_seedling","dark",FALSE
"GO:0006470 (protein dephosphorylation)",0.000204373594931535,0.00186712983065567,-0.572860798286404,-2.10162733651305,0,41,"AT3G55270;AT1G22280;AT5G46410;AT1G64040;AT4G26080;AT2G35680;AT3G09100;AT5G27840;AT3G58500;AT5G11860;AT3G25800;AT1G10430;AT2G39840;AT4G31750;AT1G25490;AT5G57050;AT5G27930;AT4G11240;AT1G17720;AT4G18140;AT3G16800;AT3G05580;AT2G29400","OSD-321",-0.43,"whole_seedling","dark",FALSE
"GO:0006486 (protein glycosylation)",0.991665051366544,1,0.154278449111657,0.642445243014863,5115,80,"AT5G22940;AT4G38040;AT1G08280;AT1G08660;AT1G26810;AT2G20370;AT1G27120;AT1G11730;AT5G37000;AT1G76400;AT4G13990;AT5G19670;AT1G53290;AT5G43710;AT1G71990;AT2G35520;AT3G48820;AT2G25300;AT1G32930;AT3G45400","OSD-321",-0.43,"whole_seedling","dark",FALSE
"GO:0006487 (protein N-linked glycosylation)",0.956487497538886,0.988481228668942,0.189861136136562,0.631841603178851,4857,28,"AT2G45790;AT1G76400;AT1G61790;AT2G35520;AT1G11755;AT5G14480;AT3G24090;AT5G02410;AT1G32210;AT5G38460;AT3G27540;AT2G40190","OSD-321",-0.43,"whole_seedling","dark",FALSE
"GO:0006499 (N-terminal protein myristoylation)",0.0421526498874565,0.118027419684878,-0.393863716285522,-1.43469752040609,205,40,"AT1G67800;AT5G24430;AT5G21170;AT3G62290;AT1G12220;AT5G24270;AT4G39910;AT5G63020;AT4G20260;AT1G07110;AT4G33400;AT1G52320;AT4G23650;AT3G49370;AT3G19240;AT5G17060;AT5G39950;AT4G29040;AT1G12290","OSD-321",-0.43,"whole_seedling","dark",FALSE
"GO:0006506 (GPI anchor biosynthetic process)",0.966492776886035,0.991190207300499,-0.184041461966204,-0.595746276131167,4816,24,"AT5G62130;AT3G01380;AT1G16040;AT3G45100;AT5G46850;AT1G48140;AT5G14850;AT3G57170;AT2G34980;AT1G20575;AT4G35530;AT5G22130;AT1G16560;AT2G22530;AT2G48030;AT1G53710;AT5G17250;AT1G61280;AT1G11880;AT1G74340;AT3G21530;AT3G58130;AT2G27340;AT4G17910","OSD-321",-0.43,"whole_seedling","dark",FALSE
"GO:0006508 (proteolysis)",0.107720663526521,0.230775229334396,-0.285105818731739,-1.2330643515272,525,94,"AT1G11910;AT3G10450;AT4G01870;AT4G01610;AT5G60360;AT4G29210;AT5G58870;AT1G02305;AT5G04200;AT1G20160;AT3G47060;AT4G33090;AT2G26140;AT5G10540;AT1G79340;AT5G20520;AT4G04460;AT1G79320;AT4G30910;AT1G09730;AT2G22990;AT4G29490;AT1G02170;AT3G61540;AT1G56180;AT1G06430;AT5G24260","OSD-321",-0.43,"whole_seedling","dark",FALSE
"GO:0006511 (ubiquitin-dependent protein catabolic process)",0.0002106149957877,0.00186712983065567,-0.48374009022562,-2.38180344872852,0,227,"AT5G66160;AT5G48655;AT5G03240;AT3G17000;AT1G12760;AT1G14400;AT1G64230;AT5G02880;AT5G41700;AT2G39940;AT4G33210;AT3G02340;AT4G03510;AT2G17200;AT3G61790;AT1G80570;AT5G53300;AT3G53970;AT5G57360;AT4G27470;AT4G12570;AT2G02760;AT2G22010;AT3G61180;AT5G25350;AT5G08139;AT4G21350;AT4G38600;AT2G18915;AT2G40930;AT1G05890;AT1G77000;AT3G58040;AT5G47430;AT5G01450;AT1G49850;AT5G45360;AT2G30110;AT5G43190;AT2G47970;AT3G18290;AT3G23280;AT1G19310;AT4G33160;AT1G68050;AT4G28270;AT1G76920;AT5G02310;AT2G40830;AT4G05050;AT5G05530;AT2G25490;AT3G22630;AT1G29150;AT2G42620;AT3G08690;AT5G01520;AT5G01980;AT3G58030;AT2G23780;AT4G23570;AT3G63000;AT1G17280;AT4G17410;AT1G55860;AT4G05460;AT3G50080;AT4G09560;AT4G25230;AT5G18650;AT1G71980;AT2G17190;AT1G47570;AT4G02890;AT2G31510;AT4G11260;AT1G75950;AT4G34370;AT3G17205;AT5G46210;AT4G30640;AT1G04810;AT5G23540;AT4G27880;AT2G01735;AT5G62540;AT4G02570;AT5G01720;AT1G70320;AT5G58290;AT1G74770;AT2G44410;AT4G15475;AT5G66140;AT5G20620;AT4G29040;AT3G61415;AT1G68070","OSD-321",-0.43,"whole_seedling","dark",FALSE
"GO:0006520 (amino acid metabolic process)",0.408602150537634,0.581509443554742,-0.294901834650735,-1.03059993029862,1975,34,"AT5G18170;AT1G08630;AT1G35580;AT5G07440;AT2G38230;AT1G80360;AT1G51720","OSD-321",-0.43,"whole_seedling","dark",FALSE
"GO:0006606 (protein import into nucleus)",0.00184729064039409,0.0104976807449517,-0.495894155682832,-1.83665223336034,8,43,"AT1G09270;AT4G16143;AT5G62600;AT2G16950;AT3G08947;AT5G53480;AT3G01340;AT3G06720;AT4G32910;AT5G19820;AT1G10390;AT1G14850;AT1G27310;AT3G08943;AT5G58590;AT1G02690;AT2G46520;AT2G41620;AT2G31660;AT3G59020","OSD-321",-0.43,"whole_seedling","dark",FALSE
"GO:0006612 (protein targeting to membrane)",0.612047697368421,0.735539482228337,-0.26151813964453,-0.907652003650527,2976,33,"AT5G20350;AT3G11820;AT3G09320;AT3G52400;AT4G00840;AT3G09740;AT3G51390;AT3G48760;AT4G24630","OSD-321",-0.43,"whole_seedling","dark",FALSE
"GO:0006623 (protein targeting to vacuole)",0.000205846027171676,0.00186712983065567,-0.60661818781652,-2.15133903341392,0,36,"AT4G20110;AT4G29380;AT2G14720;AT4G23700;AT1G09070;AT5G18525;AT2G26890;AT3G52850;AT4G35870;AT3G54300;AT2G14740;AT3G61710;AT1G48090;AT1G30900;AT3G53720;AT5G39510;AT2G34940","OSD-321",-0.43,"whole_seedling","dark",FALSE
"GO:0006629 (lipid metabolic process)",0.00102585145670907,0.00642063476827054,-0.447782515817953,-1.78382952200888,4,61,"AT3G51730;AT1G11910;AT5G18630;AT2G30550;AT5G14180;AT3G02040;AT3G01420;AT1G71340;AT1G18460;AT5G58070;AT1G04010;AT3G22960;AT4G34920;AT1G76680;AT5G42870;AT1G06800;AT3G48080;AT5G24230;AT1G73920;AT2G26560;AT5G20520;AT5G18640;AT4G04460;AT5G01800","OSD-321",-0.43,"whole_seedling","dark",FALSE
"GO:0006631 (fatty acid metabolic process)",0.647988505747126,0.761892735272989,-0.240631938696065,-0.891232902342627,3156,43,"AT2G01490;AT4G24230;AT1G73680;AT4G23850;AT3G15730;AT3G15290;AT3G12800;AT2G04350;AT5G27600;AT3G05970;AT3G02610","OSD-321",-0.43,"whole_seedling","dark",FALSE
"GO:0006633 (fatty acid biosynthetic process)",0.000195236235845373,0.00186712983065567,0.608809308433809,2.44556246881393,0,66,"AT1G10670;AT1G66430;AT4G25050;AT3G11170;AT3G55360;AT1G19440;AT2G22230;AT2G26640;AT2G15090;AT5G46290;AT2G05990;AT5G10160;AT1G11600;AT2G30200;AT5G49460;AT2G16280;AT1G49430;AT4G30950;AT5G04530;AT5G16390;AT2G28630;AT4G14070;AT5G15530;AT2G26250;AT1G68530;AT1G54580;AT1G25450;AT1G24360;AT1G62640;AT2G44620;AT5G05580;AT5G43760;AT1G52670;AT1G74960;AT1G30120;AT1G65290","OSD-321",-0.43,"whole_seedling","dark",FALSE
"GO:0006635 (fatty acid beta-oxidation)",0.000203086921202275,0.00186712983065567,-0.644158702570718,-2.20348844964528,0,31,"AT2G33150;AT2G42790;AT4G14430;AT3G06860;AT4G39850;AT5G65110;AT3G51840;AT1G65520;AT3G07560;AT1G76150;AT4G29010;AT3G05290;AT4G16760;AT3G58750;AT4G16210;AT1G79810","OSD-321",-0.43,"whole_seedling","dark",FALSE
"GO:0006636 (unsaturated fatty acid biosynthetic process)",0.000390625,0.00312405940902345,0.690107276292346,2.02166925802192,1,17,"AT2G29980;AT2G31360;AT3G11170;AT3G15850;AT1G06350;AT1G06360;AT4G30950;AT1G06080;AT5G05580;AT1G74960;AT3G12120","OSD-321",-0.43,"whole_seedling","dark",FALSE
"GO:0006744 (ubiquinone biosynthetic process)",0.918066366243343,0.956186768993932,-0.219969756906215,-0.646209381523122,4481,17,"AT4G39850;AT4G23660","OSD-321",-0.43,"whole_seedling","dark",FALSE
"GO:0006749 (glutathione metabolic process)",0.00349938246191848,0.0171179425610565,-0.491727742974358,-1.74388620143588,16,36,"AT1G53580;AT2G29480;AT2G02930;AT1G17170;AT2G29420;AT5G62480;AT2G02390;AT2G47730;AT1G78340;AT2G29490;AT2G29450;AT1G02920","OSD-321",-0.43,"whole_seedling","dark",FALSE
"GO:0006813 (potassium ion transport)",0.0755662457406294,0.179121053971487,-0.439716876011737,-1.40667245269823,376,23,"AT1G31120;AT2G35060;AT1G70300;AT2G26650;AT4G23640;AT5G09400","OSD-321",-0.43,"whole_seedling","dark",FALSE
"GO:0006816 (calcium ion transport)",0.717099918765231,0.819153986900701,-0.246125015683359,-0.841925486782516,3530,31,"AT1G07810;AT5G48410;AT5G17850;AT4G03560;AT5G11210;AT2G24710;AT2G24720;AT5G48400;AT3G07520;AT5G01490;AT3G04110;AT4G32060;AT3G13320;AT1G10130;AT4G08230","OSD-321",-0.43,"whole_seedling","dark",FALSE
"GO:0006817 (phosphate ion transport)",0.138021358049567,0.280705599817024,-0.422036622961322,-1.2997057849329,684,20,"AT5G43350;AT3G01970;AT2G33770;AT1G69480;AT1G76430;AT2G32295;AT2G03240;AT3G52190","OSD-321",-0.43,"whole_seedling","dark",FALSE
"GO:0006833 (water transport)",0.14262916417315,0.286209189440787,0.40804172173958,1.28554702631848,714,23,"AT4G23400;AT2G39010;AT3G16240;AT2G16850;AT3G24715","OSD-321",-0.43,"whole_seedling","dark",FALSE
"GO:0006869 (lipid transport)",0.0846790074832611,0.195313266302388,0.401959043424337,1.37016858950912,429,31,"AT2G38540;AT1G27950;AT3G51600;AT3G43720;AT2G13820;AT3G08770;AT2G15050;AT3G18280;AT5G64080;AT1G48750;AT5G01870;AT2G44300;AT3G20320;AT1G19800","OSD-321",-0.43,"whole_seedling","dark",FALSE
"GO:0006874 (intracellular calcium ion homeostasis)",0.188151174668029,0.344276617477669,-0.350372892028011,-1.20922148117687,920,32,"AT1G07810;AT5G48410;AT3G51860;AT1G53210;AT5G23630;AT5G11210;AT2G24710;AT2G24720;AT5G48400;AT3G07520;AT5G01490;AT1G55730;AT3G12030;AT3G04110;AT1G07670;AT1G29020;AT3G13320;AT1G10130","OSD-321",-0.43,"whole_seedling","dark",FALSE
"GO:0006879 (intracellular iron ion homeostasis)",0.631472899455974,0.746850069690563,-0.286387039698149,-0.881958749488915,3133,20,"AT5G67330;AT5G54680;AT4G22220;AT3G19860","OSD-321",-0.43,"whole_seedling","dark",FALSE
"GO:0006886 (intracellular protein transport)",0.0329692973418504,0.0992375849989697,-0.279557121627598,-1.32341347450035,159,168,"AT4G14160;AT5G66160;AT3G51890;AT4G30600;AT3G11820;AT5G22770;AT3G62290;AT3G07100;AT5G45130;AT4G19640;AT5G42080;AT5G22780;AT3G52400;AT3G06540;AT1G16240;AT3G09030;AT1G23900;AT4G23460;AT4G02080;AT4G32640;AT2G38020;AT5G60460;AT5G11490;AT3G61450;AT1G18200;AT1G04830;AT3G08530;AT3G09740;AT4G24550;AT4G01810;AT3G56190;AT5G05760;AT4G11380;AT5G43670;AT1G48550;AT1G05520;AT2G46520;AT1G75850;AT1G22860;AT2G17790;AT3G11130;AT4G13730;AT5G46630;AT3G59020;AT5G17060;AT5G64813;AT2G42700;AT3G54860;AT5G51430;AT1G12360;AT3G27530;AT3G61480;AT1G31730","OSD-321",-0.43,"whole_seedling","dark",FALSE
"GO:0006887 (exocytosis)",0.00328407224958949,0.0166247825246472,-0.480961233727136,-1.78134489782065,15,43,"AT5G61010;AT3G11820;AT5G58430;AT1G07000;AT1G18740;AT3G52400;AT3G46060;AT3G14090;AT5G05570;AT5G50380;AT3G10380","OSD-321",-0.43,"whole_seedling","dark",FALSE
"GO:0006888 (endoplasmic reticulum to Golgi vesicle-mediated transport)",0.600247780301466,0.725600730404584,-0.221971068582232,-0.932621858756084,2906,80,"AT4G14160;AT2G01470;AT3G07100;AT3G03160;AT5G01430;AT4G02080;AT4G01810;AT5G58060;AT5G05760;AT5G12210;AT5G17190;AT3G63460;AT1G02130;AT3G52760;AT3G52190;AT2G42700;AT1G15880;AT3G27530;AT2G36300;AT3G03180;AT1G52360;AT3G13870;AT1G05785;AT1G30890;AT2G17980;AT3G12070;AT3G62560;AT3G61570;AT5G24350;AT1G21900;AT4G30260","OSD-321",-0.43,"whole_seedling","dark",FALSE
"GO:0006890 (retrograde vesicle-mediated transport, Golgi to endoplasmic reticulum)",0.69515557306026,0.800159952164965,0.250918811332844,0.855313692848771,3529,31,"AT2G35190;AT1G30630;AT1G79990;AT4G08520;AT3G15980","OSD-321",-0.43,"whole_seedling","dark",FALSE
"GO:0006891 (intra-Golgi vesicle-mediated transport)",0.203189604252806,0.360525879049129,0.360720715050488,1.20044765103157,1031,28,"AT1G30630;AT1G79990;AT4G31490;AT4G08520;AT3G15980;AT1G31780;AT1G67930;AT3G29100;AT2G45200;AT3G18480;AT1G73430;AT5G54750;AT1G26670;AT2G34840;AT5G11980","OSD-321",-0.43,"whole_seedling","dark",FALSE
"GO:0006893 (Golgi to plasma membrane transport)",0.0747491296334221,0.178567365235397,-0.499831836510507,-1.44610596997458,364,16,"AT1G59820;AT5G49830;AT5G05570;AT3G10380","OSD-321",-0.43,"whole_seedling","dark",FALSE
"GO:0006896 (Golgi to vacuole transport)",0.788361979705943,0.86133196330849,-0.271292278357608,-0.767056444380157,3806,15,"AT1G10290;AT1G23900;AT3G52850;AT5G39510","OSD-321",-0.43,"whole_seedling","dark",FALSE
"GO:0006897 (endocytosis)",0.00184729064039409,0.0104976807449517,-0.4961856749191,-1.83773193847528,8,43,"AT1G04440;AT1G72710;AT3G59290;AT1G20760;AT1G03900;AT2G43160;AT1G21630;AT4G28860;AT4G28880;AT2G26890;AT3G13670;AT3G08530;AT5G25250;AT1G60490;AT4G28540;AT3G11130;AT5G46630;AT4G16144;AT3G01780;AT5G13300","OSD-321",-0.43,"whole_seedling","dark",FALSE
"GO:0006900 (vesicle budding from membrane)",0.0452240924761712,0.123548774818393,-0.495735697931591,-1.50575943898261,222,19,"AT2G01600;AT5G35200;AT4G25940;AT2G25430;AT4G40080;AT4G29160;AT5G10410;AT4G32285","OSD-321",-0.43,"whole_seedling","dark",FALSE
"GO:0006906 (vesicle fusion)",0.338268099776922,0.516077516949485,-0.319441765587361,-1.0843650765325,1667,30,"AT3G11820;AT3G52400;AT1G16240;AT3G17440;AT3G61450;AT2G36900;AT3G09740;AT5G58060;AT5G05760","OSD-321",-0.43,"whole_seedling","dark",FALSE
"GO:0006913 (nucleocytoplasmic transport)",0.452681714640712,0.62217897765687,-0.354283980571079,-1.001708607716,2185,15,"AT2G42810;AT4G13350;AT1G14850;AT1G27310;AT1G80680","OSD-321",-0.43,"whole_seedling","dark",FALSE
"GO:0006914 (autophagy)",0.00160513643659711,0.00956724885971743,-0.580802604915475,-1.88007085658347,7,24,"AT3G49590;AT3G62770;AT4G21980;AT3G15580;AT5G54730;AT5G47480;AT2G31260;AT2G44140;AT4G30790;AT1G54710;AT5G45900;AT1G54210;AT5G66930;AT1G22860;AT4G36630","OSD-321",-0.43,"whole_seedling","dark",FALSE
"GO:0006950 (response to stress)",0.479350729402096,0.639842880487941,-0.258901842766197,-0.981160521612469,2332,48,"AT4G25580;AT1G22770;AT5G59820;AT5G39580;AT5G64100;AT1G75490;AT1G17780;AT5G05410;AT3G11020;AT4G33420;AT3G46080;AT3G01190;AT5G17820;AT5G65300;AT5G52300;AT3G03670;AT5G13240;AT2G40340;AT5G52310;AT2G31130;AT5G44070;AT5G64120","OSD-321",-0.43,"whole_seedling","dark",FALSE
"GO:0006952 (defense response)",0.191386554621849,0.348080682424027,-0.228595317408292,-1.11597945146494,910,212,"AT5G46760;AT5G40780;AT1G16130;AT2G01530;AT5G43580;AT2G39940;AT3G11820;AT5G58430;AT4G24230;AT4G26090;AT1G07310;AT5G64930;AT1G23120;AT1G66340;AT1G12220;AT5G48770;AT3G11340;AT1G27170;AT3G11840;AT2G47730;AT5G15130;AT3G16510;AT1G09070;AT1G70880;AT5G45250;AT3G16720;AT1G19610;AT1G16120;AT3G52450;AT3G57770;AT1G72900;AT5G13530;AT4G19520;AT5G23950;AT4G11650;AT1G27180;AT3G49120;AT3G25510;AT1G16110;AT4G23570;AT1G08370","OSD-321",-0.43,"whole_seedling","dark",FALSE
"GO:0006955 (immune response)",0.659095518150477,0.771132686084143,-0.257579255124342,-0.87436891097356,3249,30,"AT5G61010;AT1G28380;AT5G60360;AT5G58430","OSD-321",-0.43,"whole_seedling","dark",FALSE
"GO:0006970 (response to osmotic stress)",0.00020703933747412,0.00186712983065567,-0.431973487539611,-2.00201816082894,0,145,"AT3G20250;AT4G39090;AT1G15380;AT1G78290;AT1G27320;AT3G06190;AT4G08500;AT3G59770;AT4G28300;AT1G78080;AT3G56880;AT1G22190;AT2G30250;AT4G16830;AT3G62770;AT3G46930;AT5G49450;AT1G32230;AT3G08730;AT3G19420;AT5G53450;AT3G61890;AT2G43790;AT3G12630;AT3G50500;AT5G19000;AT3G56400;AT1G43700;AT4G04920;AT1G10940;AT1G60940;AT5G66880;AT2G38470;AT5G54110;AT3G21780;AT1G65690;AT1G16540;AT5G17850;AT5G57050;AT1G61340;AT1G20440;AT5G67030;AT1G29290;AT2G41010;AT5G41580;AT3G14440;AT3G05010;AT2G23030;AT5G03280;AT1G69310;AT1G58340;AT2G35510;AT2G47770;AT3G16690;AT2G22660;AT4G11230;AT4G21440;AT1G33270;AT1G20780;AT5G08560;AT3G56200;AT5G21010;AT3G45640;AT3G51960;AT2G18250;AT2G35300;AT5G52310;AT1G58200;AT1G05100;AT5G38710;AT5G53210;AT1G55960;AT5G15970;AT5G64750;AT2G37180;AT4G02590;AT3G03740;AT5G01270","OSD-321",-0.43,"whole_seedling","dark",FALSE
"GO:0006974 (DNA damage response)",0.997247886770199,1,0.14664220237308,0.561785072006065,5072,52,"AT1G10930;AT3G54650;AT3G50000;AT5G54770;AT5G45610;AT1G13220;AT4G02485;AT2G27470;AT3G24515;AT1G68790;AT5G44010;AT5G51795;AT1G77320;AT3G48190","OSD-321",-0.43,"whole_seedling","dark",FALSE
"GO:0006979 (response to oxidative stress)",0.000634517766497462,0.00434067835717582,-0.334533391056322,-1.6547732560235,2,238,"AT2G47180;AT1G15380;AT4G35090;AT1G09970;AT1G72060;AT2G19810;AT5G21940;AT3G30775;AT5G44380;AT1G08830;AT3G62770;AT5G20250;AT3G01420;AT3G46930;AT1G14870;AT1G32230;AT1G45145;AT2G40000;AT2G24150;AT2G24550;AT5G54500;AT3G20340;AT2G43790;AT5G16970;AT1G73680;AT1G19020;AT5G39610;AT4G35770;AT3G07700;AT5G59820;AT3G57520;AT4G37520;AT1G27730;AT2G05710;AT4G26970;AT5G56550;AT5G01820;AT4G11850;AT5G20230;AT5G39580;AT5G07470;AT4G24520;AT5G64100;AT3G01090;AT3G10020;AT1G50290;AT3G14430;AT2G29450;AT1G49540;AT4G17070;AT3G02860;AT3G49120;AT5G61640;AT5G18040;AT1G52200;AT4G17410;AT1G43850;AT4G11600;AT4G37530;AT3G03170;AT2G31570;AT2G39800;AT5G24890;AT4G35000;AT5G03280;AT1G09940;AT2G28190;AT5G16980;AT1G13340;AT4G33420;AT3G63080;AT2G19310;AT2G35510;AT4G20830;AT4G36430;AT3G01190;AT2G18150;AT5G17820;AT1G49570;AT1G78380;AT5G54810;AT3G22380","OSD-321",-0.43,"whole_seedling","dark",FALSE
"GO:0006995 (cellular response to nitrogen starvation)",0.00506996552423444,0.0237439050243799,-0.509442488414139,-1.729334427896,24,30,"AT4G35090;AT5G45380;AT4G21980;AT4G16520;AT3G05630;AT4G04620;AT3G15580;AT1G29290;AT2G45170;AT5G45900;AT3G61710;AT1G70460;AT1G79600;AT3G16690;AT4G04955;AT1G20630","OSD-321",-0.43,"whole_seedling","dark",FALSE
"GO:0007005 (mitochondrion organization)",0.548317683881064,0.686966288652141,0.257487624250714,0.943412481306623,2802,42,"AT2G32390;AT3G23990;AT3G03060;AT2G29530;AT2G18330;AT4G36580;AT3G27280;AT5G54100;AT1G03560;AT5G26860;AT5G13610;AT1G06710;AT2G32630;AT1G30010;AT1G03860;AT2G20530","OSD-321",-0.43,"whole_seedling","dark",FALSE
"GO:0007010 (cytoskeleton organization)",0.0140652471185778,0.0525209765275312,0.584060236739816,1.68061633603848,71,16,"AT3G53750;AT1G68060;AT1G14840;AT4G34490;AT4G09200;AT2G37620;AT1G24764;AT2G01750","OSD-321",-0.43,"whole_seedling","dark",FALSE
"GO:0007015 (actin filament organization)",0.0344490115482482,0.102159137694805,0.406565417358491,1.48187837688006,175,41,"AT3G56480;AT2G29890;AT4G27370;AT4G35950;AT4G34490;AT2G44690;AT2G17800;AT2G20290;AT1G04160;AT2G31900;AT4G28950;AT5G62880;AT1G50360;AT1G75840;AT3G48040;AT3G05520;AT3G58160;AT5G54280;AT2G40820;AT1G20090;AT1G71790;AT3G46010;AT4G35020","OSD-321",-0.43,"whole_seedling","dark",FALSE
"GO:0007017 (microtubule-based process)",0.000196232339089482,0.00186712983065567,0.673358597907274,2.25885825947205,0,29,"AT1G20010;AT1G75780;AT5G12250;AT1G50010;AT1G04820;AT2G47500;AT5G19780;AT5G62700;AT5G19770;AT2G29550;AT5G23860;AT5G55280;AT5G44340;AT4G14960;AT3G10310;AT4G20890;AT4G15930;AT5G20110;AT5G27000","OSD-321",-0.43,"whole_seedling","dark",FALSE
"GO:0007018 (microtubule-based movement)",0.000195541650371529,0.00186712983065567,0.630239479080087,2.45276006369214,0,56,"AT5G66310;AT3G45850;AT2G28620;AT2G47500;AT3G50240;AT3G12020;AT1G72250;AT1G18370;AT4G14330;AT2G22610;AT3G23670;AT4G27180;AT3G20150;AT5G54670;AT4G39050;AT1G18550;AT3G51150;AT5G65930;AT3G10310;AT3G19050;AT1G01950;AT2G21380;AT3G49650;AT1G21730;AT5G47820;AT2G21300;AT5G06670;AT3G16060;AT5G27000;AT1G59540;AT2G37420;AT5G10470;AT5G60930;AT4G05190;AT5G27550;AT3G44730;AT4G21270;AT3G16630;AT5G23910","OSD-321",-0.43,"whole_seedling","dark",FALSE
"GO:0007030 (Golgi organization)",0.992837785520712,1,0.155069595505021,0.541701724351732,5128,34,"AT1G71830;AT1G09580;AT5G47490;AT1G31780;AT4G04210;AT1G57620;AT4G22150;AT1G18190;AT1G04200;AT3G07680;AT1G73430;AT4G02030;AT1G26690;AT1G09330;AT5G11980;AT1G14010;AT1G11890","OSD-321",-0.43,"whole_seedling","dark",FALSE
"GO:0007031 (peroxisome organization)",0.000809552722121028,0.00536201387265217,-0.623583207007877,-1.96442162171847,3,22,"AT3G61070;AT4G39850;AT1G01820;AT3G05290;AT2G45740;AT3G21865;AT1G79810;AT3G47430;AT5G17550;AT5G08470;AT5G27520","OSD-321",-0.43,"whole_seedling","dark",FALSE
"GO:0007033 (vacuole organization)",0.000810536980749747,0.00536201387265217,-0.609162402843687,-2.00536020135654,3,26,"AT4G19640;AT4G33240;AT1G15130;AT2G38020;AT2G26890;AT3G14270;AT3G54300;AT5G54800;AT4G36630;AT4G18710;AT4G38360;AT4G16144;AT3G54860;AT2G01690;AT2G27600","OSD-321",-0.43,"whole_seedling","dark",FALSE
"GO:0007034 (vacuolar transport)",0.59516554946171,0.722358187048285,-0.272230930843204,-0.909617148407143,2929,28,"AT5G45130;AT3G52850;AT2G17990;AT3G28715;AT4G29160;AT3G28710;AT3G28430;AT1G08190;AT5G63880;AT5G04850;AT2G06530;AT1G73030;AT3G10640","OSD-321",-0.43,"whole_seedling","dark",FALSE
"GO:0007059 (chromosome segregation)",0.7515625,0.840097237988132,0.272199326444981,0.79740792371384,3847,17,"AT3G23890;AT3G60660;AT5G06590;AT5G63920","OSD-321",-0.43,"whole_seedling","dark",FALSE
"GO:0007062 (sister chromatid cohesion)",0.682196017784651,0.789773082127615,0.297488163891251,0.843998505675849,3528,15,"AT2G40550;AT1G04730;AT3G59550","OSD-321",-0.43,"whole_seedling","dark",FALSE
"GO:0007131 (reciprocal meiotic recombination)",0.374556912170146,0.557221611242732,0.307438627824044,1.04797430966517,1901,31,"AT1G65010;AT4G27595;AT3G02930","OSD-321",-0.43,"whole_seedling","dark",FALSE
"GO:0007166 (cell surface receptor signaling pathway)",0.118567311650885,0.248724264933605,-0.363126644254503,-1.28780926709308,575,36,"AT5G04720;AT1G16130;AT2G23450;AT3G28690;AT5G66790;AT1G16120;AT3G57770;AT1G16110;AT3G46510;AT5G66200","OSD-321",-0.43,"whole_seedling","dark",FALSE
"GO:0007186 (G protein-coupled receptor signaling pathway)",0.758466842425471,0.842429961513162,-0.262637421280025,-0.797741170895104,3739,19,"AT4G34390;AT4G34460;AT5G11210;AT3G05010;AT5G02630;AT2G23460;AT5G18520;AT3G13290;AT3G26090;AT3G63420;AT5G27210","OSD-321",-0.43,"whole_seedling","dark",FALSE
"GO:0007267 (cell-cell signaling)",0.0073458341387976,0.0313630649046536,0.620699460983566,1.76097566602831,37,15,"AT5G67070;AT1G72970;AT3G23805;AT2G30370;AT3G51480;AT4G13950;AT1G42540;AT3G16570","OSD-321",-0.43,"whole_seedling","dark",FALSE
"GO:0007275 (multicellular organism development)",0.598237022526934,0.724625125877695,0.30230279286155,0.898643695240053,3053,18,"AT5G64760;AT4G27060;AT5G17520;AT4G27760;AT5G45940;AT5G56280;AT3G27060","OSD-321",-0.43,"whole_seedling","dark",FALSE
"GO:0007623 (circadian rhythm)",0.462268041237113,0.626646937870056,-0.226201606660237,-0.996155122314648,2241,104,"AT3G61070;AT1G04400;AT1G18330;AT2G47890;AT5G57360;AT1G22770;AT2G18915;AT5G06980;AT5G61380;AT5G24470;AT3G14620;AT5G02810;AT1G68050;AT3G12700;AT2G25930;AT3G06500;AT1G10470;AT2G18170;AT3G06080;AT2G17840;AT3G22170;AT1G72390;AT1G15950;AT5G17300;AT3G55960;AT3G48360;AT3G07650;AT3G12320;AT4G08920;AT3G24050;AT4G26700;AT2G46830;AT4G04970;AT3G54810;AT5G02840","OSD-321",-0.43,"whole_seedling","dark",TRUE
"GO:0008104 (protein localization)",0.541547861507128,0.680991352643221,-0.284207419518778,-0.940558598198153,2658,27,"AT1G59820;AT5G49830;AT5G10450;AT1G34760;AT1G34220;AT2G19710;AT1G13340;AT5G65430;AT1G79910;AT1G25420;AT5G16050;AT1G78300;AT4G29440;AT3G02520","OSD-321",-0.43,"whole_seedling","dark",FALSE
"GO:0008284 (positive regulation of cell population proliferation)",0.149938549774683,0.298423076407776,-0.441696309186895,-1.29757973457416,731,17,"AT3G04740;AT1G49540;AT3G48750;AT5G59340;AT1G65660;AT4G16850;AT5G13680;AT4G37120;AT5G14960;AT5G22220;AT3G11220","OSD-321",-0.43,"whole_seedling","dark",FALSE
"GO:0008285 (negative regulation of cell population proliferation)",0.931925808997632,0.968945314363687,0.203883176982109,0.660078611698052,4722,25,"AT1G30210;AT4G32980;AT2G29125;AT5G13060;AT3G25717;AT1G67265","OSD-321",-0.43,"whole_seedling","dark",FALSE
"GO:0008356 (asymmetric cell division)",0.287360812658722,0.460083003246146,0.396090228525863,1.13973810701707,1470,16,"AT5G61040;AT2G37630;AT2G02080;AT4G37650;AT1G46264;AT5G08010;AT5G03150;AT3G09730;AT3G12280;AT3G54220","OSD-321",-0.43,"whole_seedling","dark",FALSE
"GO:0008360 (regulation of cell shape)",0.0032862942199884,0.0166247825246472,0.647402030963891,1.83673306378931,16,15,"AT3G28300;AT4G16340;AT1G63680;AT4G35950;AT2G44690;AT2G17800;AT4G28950;AT5G62880;AT1G75840;AT3G48040;AT1G20090;AT4G35020","OSD-321",-0.43,"whole_seedling","dark",FALSE
"GO:0008380 (RNA splicing)",0.0135551447935921,0.0513219947530972,-0.369074350670596,-1.5018889390653,65,68,"AT4G25500;AT3G53500;AT1G07350;AT1G55310;AT3G55460;AT5G64730;AT5G64200;AT5G47010;AT1G25682;AT3G52250;AT1G16610;AT5G52040;AT3G19670;AT1G77180;AT3G13570;AT3G61860;AT3G63400;AT3G49430;AT3G19840;AT1G02140;AT1G60170;AT2G29210;AT2G27100;AT5G51300;AT1G65660;AT1G32490;AT2G24590;AT1G51510;AT5G13010;AT1G49590;AT2G37340;AT4G37120;AT2G26460","OSD-321",-0.43,"whole_seedling","dark",FALSE
"GO:0009058 (biosynthetic process)",0.629019129019129,0.745412432420306,-0.234475268402703,-0.90816404628862,3090,53,"AT5G11520;AT3G51440;AT1G21100;AT1G74020;AT3G51430;AT1G21130;AT4G02860;AT1G21120;AT1G21110;AT1G74010;AT1G17290;AT5G36160;AT1G74910;AT1G03210;AT1G33030","OSD-321",-0.43,"whole_seedling","dark",FALSE
"GO:0009089 (lysine biosynthetic process via diaminopimelate)",0.0001933114247052,0.00186712983065567,0.741740043323089,2.10437780103909,0,15,"AT4G33680;AT1G31230;AT3G02020;AT3G14390;AT3G59890;AT5G14060;AT1G14810;AT2G44040;AT5G52100;AT5G13280;AT5G11880","OSD-321",-0.43,"whole_seedling","dark",FALSE
"GO:0009098 (L-leucine biosynthetic process)",0.015464913976416,0.0565832017444921,0.596465425421556,1.6922217044142,79,15,"AT5G23020;AT5G14200;AT2G43100;AT1G31180;AT5G23010;AT3G58990;AT1G50110;AT3G49680","OSD-321",-0.43,"whole_seedling","dark",FALSE
"GO:0009266 (response to temperature stimulus)",0.799958839267339,0.86770310133142,-0.225334925384343,-0.804714167794683,3886,37,"AT4G33210;AT3G04740;AT5G02810;AT5G67060;AT1G52740;AT3G12580;AT3G07370;AT4G08920;AT4G34270;AT3G11670;AT2G18950;AT5G10140","OSD-321",-0.43,"whole_seedling","dark",FALSE
"GO:0009269 (response to desiccation)",0.0527485852869846,0.139888318690594,-0.47482981719893,-1.48030947571425,260,21,"AT1G54100;AT4G39090;AT1G32640;AT1G76180;AT1G52330;AT2G21620;AT1G01470","OSD-321",-0.43,"whole_seedling","dark",FALSE
"GO:0009294 (DNA-mediated transformation)",0.494080505130229,0.648009725682784,0.300505588458614,0.972896903870958,2503,25,"AT5G03760;AT5G66750;AT2G23380;AT3G44750;AT5G09790;AT5G38110;AT5G10550;AT5G65630;AT5G22750;AT5G22650;AT4G14140;AT5G56950","OSD-321",-0.43,"whole_seedling","dark",FALSE
"GO:0009395 (phospholipid catabolic process)",0.0401392586524677,0.113980347682951,-0.536569491683089,-1.55239480271247,195,16,"AT3G05630;AT3G15730;AT4G11850;AT4G35790;AT2G42010;AT1G07230;AT3G16785;AT4G19860","OSD-321",-0.43,"whole_seedling","dark",FALSE
"GO:0009407 (toxin catabolic process)",0.0169176810398184,0.0599098342965396,-0.445670971622266,-1.56850132483343,81,35,"AT2G29480;AT2G02930;AT1G17170;AT2G29420;AT5G62480;AT2G02390;AT2G47730;AT1G78340;AT2G29490;AT2G29450;AT1G02920","OSD-321",-0.43,"whole_seedling","dark",FALSE
"GO:0009408 (response to heat)",0.0259983361064892,0.0832499911495026,-0.279450447336208,-1.332312912955,124,178,"AT2G47180;AT1G30650;AT1G15380;AT4G17230;AT1G78080;AT1G64280;AT3G23540;AT4G26080;AT5G02490;AT1G66340;AT2G27580;AT3G08720;AT1G68820;AT5G58070;AT5G59820;AT5G67300;AT1G13930;AT5G01820;AT2G25140;AT2G38470;AT2G31260;AT1G21760;AT3G05690;AT1G59870;AT3G44110;AT1G16540;AT2G38560;AT5G52640;AT5G57050;AT3G12580;AT1G20440;AT5G67030;AT5G18040;AT3G24500;AT3G06010;AT3G51910;AT2G19540;AT5G09590;AT4G36990;AT5G03280;AT1G09090;AT5G05410;AT1G58340;AT4G11260;AT2G19310;AT4G23100","OSD-321",-0.43,"whole_seedling","dark",FALSE
"GO:0009409 (response to cold)",0.204817027632562,0.360525879049129,0.217563865793723,1.09545038519389,1096,304,"AT1G63940;AT3G12780;AT3G17390;AT5G12250;AT3G11630;AT3G23000;AT3G11170;AT5G51820;AT1G42970;AT4G09650;AT4G37930;AT5G59010;AT5G11790;AT3G52150;AT1G74520;AT1G53240;AT1G55490;AT2G39730;AT4G02380;AT2G39460;AT2G26640;AT1G09340;AT4G34710;AT3G55280;AT4G02330;AT4G16860;AT5G65020;AT2G16280;AT3G54890;AT1G35720;AT5G04530;AT1G09780;AT2G27710;AT1G67090;AT3G02870;AT1G12080;AT5G20720;AT2G33800;AT1G01120;AT5G06290;AT5G54590;AT4G38840;AT3G05890;AT3G13960;AT4G24770;AT2G26250;AT2G28900;AT5G54770;AT1G68530;AT1G74710;AT2G46590;AT1G70200;AT5G63980;AT3G01500;AT2G19620;AT1G25450;AT1G16880;AT2G42200;AT2G20180;AT5G61410","OSD-321",-0.43,"whole_seedling","dark",FALSE
"GO:0009411 (response to UV)",0.169326586220319,0.321560267837956,0.355909007943291,1.23345366574054,869,33,"AT3G12610;AT5G63310;AT1G20340;AT3G55120;AT4G13770;AT2G34640;AT5G63890;AT5G51100;AT1G16190;AT5G37890;AT5G59920","OSD-321",-0.43,"whole_seedling","dark",FALSE
"GO:0009414 (response to water deprivation)",0.000216076058772688,0.00186712983065567,-0.416890915291389,-2.12111828582512,0,309,"AT2G47180;AT2G32150;AT1G62810;AT1G62660;AT3G19290;AT4G02280;AT4G39090;AT1G15380;AT4G24020;AT3G16857;AT1G04400;AT1G27320;AT4G34890;AT1G07200;AT1G47128;AT4G37790;AT1G78080;AT3G19580;AT2G46680;AT1G22190;AT3G30775;AT3G62770;AT3G46930;AT2G18050;AT5G61590;AT1G32230;AT5G58430;AT1G46768;AT2G41430;AT3G61430;AT4G34100;AT3G15500;AT4G34000;AT1G07000;AT3G61890;AT1G68820;AT5G58070;AT1G76180;AT1G19020;AT5G60410;AT5G26340;AT3G12630;AT5G47120;AT3G50500;AT2G26650;AT4G30960;AT3G49210;AT4G25620;AT3G46620;AT4G23450;AT5G13750;AT2G37170;AT3G53420;AT5G67300;AT1G27730;AT1G08920;AT5G01820;AT4G35300;AT2G29970;AT5G59550;AT3G13380;AT5G13330;AT1G08720;AT5G66880;AT1G08930;AT1G56280;AT2G38470;AT2G41870;AT4G27410;AT2G47190;AT5G62470;AT3G11410;AT5G37500;AT2G33700;AT1G59870;AT3G52450;AT3G57540;AT2G39550;AT4G20260;AT2G42620;AT5G57050;AT1G36730;AT2G17840;AT3G50980;AT1G30270;AT3G23920;AT5G08520;AT1G69600;AT1G20440;AT1G75380;AT2G26740;AT5G67030;AT1G69270;AT2G22430;AT4G17410;AT3G24500;AT5G13030;AT3G06010;AT2G41010;AT2G45960;AT2G39800;AT3G14440;AT1G19490;AT5G65790;AT5G27930;AT4G39400;AT5G05410;AT1G69310;AT5G47640;AT2G47800;AT5G59220;AT1G15690;AT3G11020;AT1G79600;AT3G02130;AT1G55610;AT1G02205;AT3G48170;AT5G66400;AT5G09410;AT3G47600;AT4G08920;AT3G11130;AT1G62280;AT1G75080;AT1G60650;AT4G18710;AT2G14260;AT3G22380;AT3G50970;AT4G38680;AT1G13740;AT3G56200;AT3G16800;AT5G52300;AT2G32700;AT3G20310;AT5G24030;AT1G02930;AT1G52890;AT2G36270","OSD-321",-0.43,"whole_seedling","dark",FALSE
"GO:0009416 (response to light stimulus)",0.000192752505782575,0.00186712983065567,0.37061385104449,1.75140722272428,0,180,"AT5G40850;AT1G77760;AT2G42610;AT1G75780;AT1G37130;AT4G25050;AT4G20940;AT5G04140;AT1G42970;AT4G37930;AT5G24314;AT2G39730;AT4G02380;AT2G26640;AT2G34420;AT1G55480;AT4G10340;AT1G66180;AT4G27430;AT2G16280;AT3G49110;AT4G01900;AT3G54890;AT1G26945;AT1G60950;AT5G04530;AT1G15820;AT5G54270;AT5G28490;AT5G18570;AT1G15550;AT3G02570;AT5G38970;AT3G19710;AT3G23290;AT3G57180;AT1G01120;AT2G32390;AT3G18680;AT4G13670;AT5G43470;AT5G35220;AT2G26250;AT2G30980;AT1G68530;AT1G21600;AT2G46590;AT5G63980;AT4G32890;AT5G02200;AT1G70940;AT1G25450;AT1G16880;AT1G62480;AT2G34640;AT1G05200;AT3G51480;AT4G20130;AT5G43760;AT1G42540;AT4G38740;AT2G45050;AT5G63420;AT2G36530;AT5G51810;AT3G26650;AT3G47470;AT1G71720;AT1G61520;AT5G63570;AT3G60530;AT1G29910;AT1G43560;AT5G63590;AT2G42070;AT1G29930;AT2G32400;AT2G05070;AT2G18790;AT5G17880;AT1G07720","OSD-321",-0.43,"whole_seedling","dark",FALSE
"GO:0009451 (RNA modification)",0.000193498452012384,0.00186712983065567,0.493364864482074,2.31316744758541,0,170,"AT3G26780;AT3G24000;AT4G24770;AT1G18485;AT1G47580;AT1G06150;AT4G13650;AT4G04370;AT3G22150;AT5G55740;AT4G22760;AT5G48910;AT2G13600;AT5G52850;AT4G30700;AT4G01030;AT5G03800;AT4G21065;AT1G31920;AT3G63370;AT3G49170;AT1G19720;AT3G49740;AT2G21090;AT2G22410;AT2G29760;AT5G50250;AT3G23330;AT4G14050;AT3G25970;AT1G17630;AT5G42450;AT2G02980;AT5G40405;AT1G31430;AT5G56310;AT2G27610;AT4G02750;AT5G08490;AT3G28640;AT5G59600;AT4G19191;AT3G53360;AT2G41080;AT4G18520;AT1G56690;AT2G42920;AT4G35130;AT3G62890;AT3G03580;AT2G01510;AT3G22690;AT4G38010;AT1G29710;AT5G50390;AT5G37570;AT2G35030;AT4G39530;AT1G09190;AT3G49142;AT5G27110;AT5G47460;AT3G01580;AT2G20540;AT1G56570;AT2G36980;AT2G40720;AT5G50990;AT2G04860;AT3G47840;AT3G20730;AT3G14730;AT4G31070;AT4G08210;AT1G53600;AT1G71490;AT3G28660;AT5G15300;AT2G22070;AT1G20230;AT1G43980;AT1G74630;AT5G15340;AT3G02010;AT4G33990;AT3G05340;AT1G74600;AT4G16835;AT5G09950;AT5G43790;AT3G57430;AT1G68930;AT4G21300;AT4G14170;AT1G09410;AT3G26540;AT1G03510;AT3G61170;AT5G04780;AT4G32430;AT3G15930;AT2G15690;AT5G39680;AT1G71420;AT3G16610;AT4G39952;AT1G28690;AT3G26782;AT2G17210;AT5G39350;AT2G02750;AT2G03380;AT5G06540;AT3G15130;AT1G50270;AT3G21470;AT1G15510;AT2G33680;AT3G11460;AT4G33170;AT3G46790;AT1G08070;AT5G13270;AT1G04840;AT2G03880;AT3G08820;AT4G37170;AT2G44880;AT1G25360;AT3G56550;AT5G08305","OSD-321",-0.43,"whole_seedling","dark",FALSE
"GO:0009553 (embryo sac development)",0.340798442064265,0.518082480107797,0.260240802556085,1.0644002766145,1749,72,"AT1G72970;AT5G14200;AT1G14350;AT4G00020;AT3G23940;AT1G17560;AT5G05620;AT3G06430;AT1G31070;AT3G61650;AT1G31660;AT2G35020;AT4G13235;AT1G72440;AT5G62230;AT1G17690;AT5G52520;AT5G07180","OSD-321",-0.43,"whole_seedling","dark",FALSE
"GO:0009555 (pollen development)",0.805194805194805,0.871285563438042,-0.181755928712824,-0.87841868660792,3843,196,"AT4G29380;AT2G35060;AT3G55610;AT3G48780;AT3G48520;AT2G43790;AT3G07100;AT4G26750;AT5G01450;AT1G21630;AT3G06540;AT4G33240;AT1G12790;AT4G16760;AT5G05570;AT5G05850;AT1G77850;AT3G10490;AT4G02080;AT3G48750;AT4G00330;AT5G18480;AT4G17530;AT4G25640;AT3G45040;AT3G14270;AT1G67360;AT1G79530;AT2G39800;AT2G36850;AT5G12210;AT1G34220;AT3G11020;AT1G53320;AT3G48360;AT2G37690;AT1G47270;AT5G24710;AT1G74260;AT3G07160;AT3G55220;AT4G29860;AT3G08590;AT4G18530;AT1G78900;AT4G04970;AT3G01780;AT2G01690;AT3G57390;AT1G42470;AT2G20400;AT3G50590;AT3G45640;AT1G15330;AT2G34830;AT5G17020;AT1G72520","OSD-321",-0.43,"whole_seedling","dark",FALSE
"GO:0009556 (microsporogenesis)",0.478339713882732,0.639842880487941,-0.319051503488486,-0.982552371559297,2373,20,"AT3G09880;AT1G15110;AT1G31810;AT5G07280;AT2G36850;AT5G03470;AT3G07160","OSD-321",-0.43,"whole_seedling","dark",FALSE
"GO:0009561 (megagametogenesis)",0.980228291887485,0.996786202223422,-0.176008702883119,-0.592143392976568,4808,29,"AT5G22000;AT1G01960;AT1G55420;AT4G33620;AT5G40740;AT3G23440;AT3G03650;AT1G29940;AT4G14220;AT2G47990;AT3G06400;AT3G56990","OSD-321",-0.43,"whole_seedling","dark",FALSE
"GO:0009567 (double fertilization forming a zygote and endosperm)",0.483877509632935,0.644456329201386,-0.321565650577888,-0.976731180809686,2385,19,"AT5G02100;AT5G61230;AT3G05690;AT1G29300","OSD-321",-0.43,"whole_seedling","dark",FALSE
"GO:0009585 (red, far-red light phototransduction)",0.169252468265162,0.321560267837956,-0.40979160027272,-1.26199596081067,839,20,"AT2G26670;AT2G46370;AT4G02440;AT1G25540;AT2G25930;AT3G22170;AT4G16250","OSD-321",-0.43,"whole_seedling","dark",FALSE
"GO:0009611 (response to wounding)",0.000208333333333333,0.00186712983065567,-0.42619055596978,-2.04495649438704,0,187,"AT1G73260;AT2G33150;AT5G56980;AT1G62810;AT3G14050;AT4G32940;AT1G80440;AT1G15380;AT3G51440;AT5G46050;AT1G22640;AT4G08500;AT1G73500;AT1G78080;AT3G61060;AT5G43580;AT3G13790;AT5G08790;AT2G39940;AT1G64280;AT1G74020;AT3G48520;AT1G32640;AT4G14720;AT1G79380;AT1G33980;AT1G19020;AT4G24220;AT1G01720;AT4G35770;AT3G29035;AT5G59820;AT5G50200;AT2G46370;AT1G27730;AT5G56550;AT5G20230;AT3G17800;AT5G24090;AT5G63970;AT5G54640;AT1G66760;AT1G76680;AT4G16760;AT5G20900;AT2G02220;AT5G10300;AT1G01470;AT5G06320;AT5G47010;AT3G17860;AT1G61340;AT5G47240;AT3G24550;AT1G59580","OSD-321",-0.43,"whole_seedling","dark",FALSE
"GO:0009615 (response to virus)",0.0114519427402863,0.0441927533952074,-0.437717000102662,-1.61584415350802,55,42,"AT3G51440;AT5G02490;AT3G61890;AT2G22010;AT3G51430;AT5G42900;AT5G24590;AT3G13460;AT1G70690;AT2G43570;AT4G13350;AT3G12580;AT3G13060;AT1G50030;AT5G09590","OSD-321",-0.43,"whole_seedling","dark",FALSE
"GO:0009617 (response to bacterium)",0.000822199383350463,0.00538004379105411,-0.386064167292706,-1.71584903532133,3,110,"AT5G56980;AT5G24530;AT1G62660;AT3G44300;AT2G33830;AT3G09830;AT5G49450;AT3G50260;AT1G80460;AT2G41430;AT1G64280;AT4G24230;AT1G07000;AT5G02490;AT4G23630;AT4G19660;AT1G19020;AT4G34390;AT3G56400;AT3G53180;AT1G08720;AT5G54640;AT4G10500;AT2G02220;AT1G59870;AT1G29640;AT1G01340;AT5G06320;AT1G61340;AT2G28400;AT3G10260;AT5G26920;AT3G12580;AT4G31550;AT1G43850;AT1G69900;AT5G57220;AT1G60490;AT5G01600;AT5G49520","OSD-321",-0.43,"whole_seedling","dark",FALSE
"GO:0009620 (response to fungus)",0.000205380981721093,0.00186712983065567,-0.496502356501811,-2.12616102870087,0,89,"AT5G24530;AT3G10985;AT1G76600;AT2G01650;AT3G51440;AT1G73500;AT3G44326;AT1G22190;AT3G06380;AT5G08790;AT1G28190;AT3G11820;AT3G05360;AT1G07000;AT4G19660;AT2G43790;AT3G51430;AT1G25280;AT1G21010;AT1G32940;AT2G18280;AT1G08720;AT4G16760;AT4G10500;AT2G47900;AT1G59870;AT4G15760;AT5G05190;AT5G26920;AT3G24550;AT1G43850;AT2G39660;AT1G18290;AT1G53320;AT3G16030;AT1G06620;AT5G17350;AT1G79670;AT4G20000;AT2G45220;AT4G37240;AT1G17250;AT2G32700;AT3G55150;AT5G12340;AT4G32551;AT5G42650;AT3G50480","OSD-321",-0.43,"whole_seedling","dark",FALSE
"GO:0009624 (response to nematode)",0.109665427509294,0.234108465817712,-0.296185579460498,-1.24155490987242,530,79,"AT1G73260;AT3G10985;AT1G69850;AT4G32650;AT4G18210;AT5G52450;AT4G17500;AT3G11900;AT5G27350;AT5G67330;AT2G47260;AT5G46040;AT2G38290;AT3G17700;AT3G51860;AT5G04770;AT5G06680;AT2G39350;AT5G13740;AT1G43850;AT1G72140;AT5G54800;AT1G58340;AT2G47800","OSD-321",-0.43,"whole_seedling","dark",FALSE
"GO:0009625 (response to insect)",0.317447814100039,0.496372945683698,0.320109067827423,1.09116437888215,1611,31,"AT2G22330;AT4G19840;AT5G61420;AT4G02380;AT1G16410;AT5G23010;AT4G13770;AT3G14210;AT5G26000","OSD-321",-0.43,"whole_seedling","dark",FALSE
"GO:0009626 (plant-type hypersensitive response)",0.0010231225700839,0.00642063476827054,-0.443192456378567,-1.78435689508469,4,64,"AT5G46180;AT1G28380;AT5G48380;AT4G33430;AT1G02860;AT4G26090;AT5G64930;AT4G19660;AT1G12220;AT4G23270;AT1G29340;AT5G45110;AT5G22290;AT5G45250;AT1G14780;AT1G59870;AT4G24290;AT2G26560;AT3G21220;AT3G25070;AT1G29690;AT4G05200;AT3G55830;AT5G10530;AT4G20380","OSD-321",-0.43,"whole_seedling","dark",FALSE
"GO:0009627 (systemic acquired resistance)",0.245140167792101,0.410345767775846,-0.315011818402504,-1.14746968576577,1197,40,"AT3G01420;AT1G02860;AT1G64280;AT5G64930;AT4G19660;AT2G46370;AT5G45110;AT3G04740;AT2G38470;AT1G59870;AT2G43570;AT3G12250","OSD-321",-0.43,"whole_seedling","dark",FALSE
"GO:0009630 (gravitropism)",0.161675474652574,0.311950755579646,0.335709708904908,1.22361848129406,825,41,"AT3G48550;AT5G14090;AT5G65683;AT3G15540;AT1G05630;AT2G18390;AT5G35220;AT3G23050;AT1G68130;AT1G70940;AT1G17400;AT1G72490;AT2G18040;AT1G42540;AT4G35987;AT5G02750","OSD-321",-0.43,"whole_seedling","dark",FALSE
"GO:0009631 (cold acclimation)",0.0939979654120041,0.208039614625097,-0.335744731944943,-1.29727785612197,461,52,"AT4G08500;AT1G76180;AT4G04800;AT5G59820;AT1G18740;AT2G15970;AT4G04920;AT3G04740;AT4G31420;AT3G50980;AT1G20440;AT1G56070;AT2G17870;AT1G29395;AT4G25470;AT5G66400;AT3G50970;AT1G11760;AT4G16420;AT4G38680","OSD-321",-0.43,"whole_seedling","dark",FALSE
"GO:0009637 (response to blue light)",0.0587772754079025,0.149931863540497,0.357411120776939,1.36923906605416,298,52,"AT3G28860;AT5G38150;AT5G50000;AT3G45780;AT5G55280;AT1G08540;AT5G39760;AT1G09780;AT1G53090;AT5G28490;AT2G36910;AT5G48560;AT1G05630;AT4G18390;AT4G34530;AT5G43470;AT5G02200;AT1G63980;AT5G43630;AT3G01490;AT2G34640;AT1G66840","OSD-321",-0.43,"whole_seedling","dark",FALSE
"GO:0009638 (phototropism)",0.0857769798523838,0.196705181207658,0.440964675829297,1.38927172767308,429,23,"AT1G14280;AT3G45780;AT3G15540;AT5G64330;AT2G44830;AT2G02950","OSD-321",-0.43,"whole_seedling","dark",FALSE
"GO:0009639 (response to red or far red light)",0.22820666267704,0.390285258328346,0.374682422502293,1.18044760719111,1143,23,"AT3G28860;AT3G14870;AT1G53380;AT2G36910;AT1G15550;AT4G38860;AT4G36110","OSD-321",-0.43,"whole_seedling","dark",FALSE
"GO:0009640 (photomorphogenesis)",0.507591300779647,0.656418683870602,-0.243736885842374,-0.970973714268244,2473,61,"AT2G45430;AT4G11110;AT3G48780;AT1G69640;AT2G46370;AT4G39070;AT5G24470;AT4G28860;AT4G28880;AT1G78600;AT1G79810;AT4G37580;AT5G46210;AT5G54190;AT4G08920","OSD-321",-0.43,"whole_seedling","dark",FALSE
"GO:0009641 (shade avoidance)",0.0674656872221148,0.167137216904169,0.512978818203229,1.45536330031993,348,15,"AT2G46970;AT4G25260;AT4G16780;AT1G70560;AT3G58850","OSD-321",-0.43,"whole_seedling","dark",FALSE
"GO:0009644 (response to high light intensity)",0.385183665093372,0.561622492845118,-0.274462241750329,-1.03688890359712,1876,47,"AT2G47180;AT3G59770;AT5G04410;AT2G41430;AT5G58070;AT5G61230;AT3G18780;AT1G27730;AT1G07350;AT5G61510;AT1G01470;AT2G17840","OSD-321",-0.43,"whole_seedling","dark",FALSE
"GO:0009646 (response to absence of light)",0.000205212394828648,0.00186712983065567,-0.564843380493637,-2.13391769217172,0,47,"AT3G06850;AT1G21400;AT1G04400;AT5G18170;AT5G63190;AT2G43400;AT5G47390;AT4G33980;AT3G13450;AT4G24230;AT3G48390;AT5G42900;AT4G15400;AT1G67070;AT3G47340;AT5G20230;AT3G53200;AT1G29640;AT4G24800;AT2G28400;AT2G47270","OSD-321",-0.43,"whole_seedling","dark",FALSE
"GO:0009651 (response to salt stress)",0.000217108119843682,0.00186712983065567,-0.402855230271199,-2.06987099860586,0,343,"AT2G47180;AT1G54100;AT3G20250;AT3G55270;AT1G62660;AT3G19290;AT5G13180;AT4G39090;AT3G60140;AT5G44610;AT3G48680;AT1G13960;AT5G46180;AT1G27320;AT4G08500;AT1G28380;AT1G73500;AT1G78080;AT5G02020;AT3G22200;AT1G08830;AT2G30250;AT4G16830;AT3G62770;AT2G42400;AT3G46930;AT5G49450;AT5G05100;AT5G14640;AT4G32150;AT1G32230;AT2G46500;AT3G08730;AT3G05360;AT3G19420;AT4G34000;AT5G62530;AT3G61890;AT1G66340;AT2G43790;AT3G08720;AT5G26340;AT3G50500;AT2G26650;AT4G30960;AT5G39610;AT3G49210;AT2G26190;AT5G67300;AT1G13930;AT1G27730;AT1G08920;AT5G01820;AT2G40140;AT1G26440;AT5G13330;AT5G24090;AT1G76520;AT1G10940;AT1G60940;AT5G66880;AT5G27150;AT1G08930;AT3G16460;AT2G38470;AT3G16940;AT2G41870;AT2G47190;AT1G10170;AT3G21780;AT2G47900;AT2G33700;AT1G59870;AT3G62260;AT3G44110;AT2G40830;AT3G57530;AT3G57540;AT1G16540;AT3G02140;AT5G37370;AT4G24800;AT5G01520;AT1G15100;AT2G17840;AT1G61340;AT3G16450;AT3G12360;AT5G22270;AT5G08520;AT1G69270;AT4G17410;AT5G22360;AT3G06010;AT2G41010;AT3G51390;AT2G45960;AT5G41580;AT5G27600;AT2G39800;AT1G77180;AT3G07370;AT4G23650;AT1G70170;AT5G03280;AT3G23490;AT5G19330;AT1G69310;AT1G21610;AT2G28190;AT3G05680;AT1G60490;AT3G55980;AT1G15690;AT2G26430;AT3G01470;AT3G48360;AT2G19310;AT2G15390;AT2G35510","OSD-321",-0.43,"whole_seedling","dark",FALSE
"GO:0009658 (chloroplast organization)",0.000192455735180908,0.00186712983065567,0.399392191728417,1.84539338369824,0,152,"AT3G63140;AT5G24314;AT1G35680;AT1G09340;AT2G21170;AT2G47940;AT4G38160;AT2G31270;AT1G69200;AT5G55280;AT5G44650;AT4G04850;AT1G08540;AT3G52750;AT1G44000;AT5G45390;AT2G28000;AT5G18570;AT1G63680;AT5G08050;AT3G54090;AT3G19180;AT1G11750;AT3G57180;AT5G48470;AT3G53890;AT4G23940;AT3G18680;AT4G13670;AT3G26900;AT5G35220;AT5G22640;AT3G63190;AT3G19570;AT2G04270;AT3G04340;AT1G21600;AT2G48120;AT3G62910;AT4G37920;AT4G34740;AT2G37860;AT3G44160;AT4G01800;AT1G32080;AT4G28740;AT4G20130;AT5G55580;AT2G24060;AT2G20570;AT4G20360;AT1G49510;AT4G39460;AT5G63420;AT2G32480;AT5G22370;AT1G12410;AT3G02380;AT2G25870;AT4G16390;AT3G48870;AT3G56940;AT2G31840;AT3G23400;AT5G42310;AT5G39980;AT5G53080","OSD-321",-0.43,"whole_seedling","dark",FALSE
"GO:0009664 (plant-type cell wall organization)",0.000196540880503145,0.00186712983065567,0.636705912461232,2.45080592871116,0,53,"AT2G28950;AT1G69530;AT5G02260;AT2G37640;AT2G35620;AT3G49720;AT5G65810;AT1G20190;AT3G29030;AT2G03090;AT2G40610;AT2G26330;AT5G04310;AT1G64760;AT3G15370;AT1G31420","OSD-321",-0.43,"whole_seedling","dark",FALSE
"GO:0009682 (induced systemic resistance)",0.558203125,0.69286243556701,0.316772037621967,0.92798368059809,2857,17,"AT2G22330;AT5G61420","OSD-321",-0.43,"whole_seedling","dark",FALSE
"GO:0009693 (ethylene biosynthetic process)",0.159952371502282,0.31162241956108,0.4193077556341,1.27577424337951,805,20,"AT1G77330;AT2G19590;AT5G65800;AT1G05010;AT4G37770;AT1G31340;AT1G62380","OSD-321",-0.43,"whole_seedling","dark",FALSE
"GO:0009694 (jasmonic acid metabolic process)",0.461241059346607,0.626646937870056,0.351338124652401,0.9967752945693,2385,15,"AT2G23610;AT2G23600;AT1G44350;AT3G50440;AT2G23560","OSD-321",-0.43,"whole_seedling","dark",FALSE
"GO:0009695 (jasmonic acid biosynthetic process)",0.0541632983023444,0.141766545991354,-0.473758619863448,-1.47696995593551,267,21,"AT2G33150;AT4G29010;AT4G16760;AT4G05160;AT1G76690;AT4G08850;AT5G44585;AT1G72520;AT5G42650;AT2G35690;AT1G55020;AT5G63380;AT2G06050","OSD-321",-0.43,"whole_seedling","dark",FALSE
"GO:0009723 (response to ethylene)",0.000205888408482602,0.00186712983065567,-0.456963137777142,-1.99924057457533,0,100,"AT4G32940;AT3G51440;AT1G13960;AT5G60360;AT3G20770;AT5G24520;AT5G47390;AT5G44790;AT4G16110;AT1G74840;AT1G32230;AT1G02120;AT5G64930;AT1G66340;AT2G43790;AT3G51430;AT5G25350;AT2G21240;AT5G39610;AT5G13330;AT1G08720;AT4G34460;AT3G51550;AT3G15210;AT2G35550;AT1G19000;AT2G25490;AT3G16350;AT4G24800;AT1G25490;AT3G16770;AT5G03730;AT5G03280;AT4G37580;AT5G20730;AT1G54490;AT5G54190;AT4G38495;AT4G19040;AT5G08560;AT5G06100;AT2G01570;AT5G17490;AT3G04720","OSD-321",-0.43,"whole_seedling","dark",FALSE
"GO:0009733 (response to auxin)",0.199655106342211,0.357715398863128,0.232347534436345,1.11652983915381,1041,205,"AT2G06850;AT3G28860;AT1G04250;AT4G32460;AT4G29080;AT2G04160;AT2G22670;AT4G03190;AT3G42660;AT2G21210;AT4G16780;AT4G34760;AT1G14350;AT3G15540;AT2G34680;AT1G77690;AT3G55120;AT4G34770;AT1G75590;AT4G38825;AT3G28910;AT5G18060;AT2G36910;AT4G32280;AT3G63300;AT3G01220;AT5G18030;AT4G34790;AT1G04240;AT4G38840;AT3G23050;AT1G53230;AT5G18010;AT4G38860;AT2G22240;AT1G19840;AT1G31040;AT2G20180;AT4G12550;AT4G14550;AT1G54990;AT4G34750;AT2G25170;AT4G34800;AT2G42580;AT4G36110","OSD-321",-0.43,"whole_seedling","dark",FALSE
"GO:0009734 (auxin-activated signaling pathway)",0.245614035087719,0.410345767775846,-0.292188241790236,-1.13559384156024,1203,54,"AT1G56010;AT1G10210;AT2G04550;AT3G26810;AT2G28350;AT4G04920;AT5G20990;AT3G45600;AT1G77850;AT1G16540;AT2G23810;AT5G17300;AT4G11260;AT1G14000;AT3G48360;AT4G37580;AT3G20630;AT4G10100","OSD-321",-0.43,"whole_seedling","dark",FALSE
"GO:0009735 (response to cytokinin)",0.418467583497053,0.589970691487649,0.260615000636318,1.01703032017047,2129,57,"AT1G05850;AT4G34160;AT5G24314;AT3G10520;AT2G18300;AT4G16780;AT1G13430;AT2G26980;AT5G65800;AT1G21600;AT1G31040;AT2G34640;AT4G20130;AT5G49720;AT2G40670;AT4G28720","OSD-321",-0.43,"whole_seedling","dark",FALSE
"GO:0009736 (cytokinin-activated signaling pathway)",0.00387201956388832,0.0186476462196862,-0.460847798972322,-1.72914900408598,18,45,"AT1G67030;AT3G16857;AT1G27320;AT1G78080;AT4G16110;AT5G61380;AT5G24470;AT5G02810;AT3G11540;AT1G10480;AT1G68360;AT1G10470","OSD-321",-0.43,"whole_seedling","dark",FALSE
"GO:0009737 (response to abscisic acid)",0.000216403375892664,0.00186712983065567,-0.376407825451,-1.95412491397804,0,376,"AT2G47180;AT1G54100;AT2G32150;AT1G62810;AT1G62660;AT3G14050;AT3G19290;AT5G13180;AT5G44610;AT3G48680;AT3G17410;AT5G46050;AT4G21534;AT4G37790;AT4G38470;AT3G19580;AT2G35940;AT2G46680;AT3G55610;AT1G75750;AT3G63210;AT4G16830;AT3G01420;AT3G46930;AT4G25580;AT5G47390;AT4G32150;AT4G33980;AT3G11820;AT5G56140;AT5G27420;AT5G04760;AT3G09770;AT4G26080;AT2G04550;AT4G34000;AT1G32640;AT3G61890;AT1G66340;AT2G43790;AT5G42900;AT1G76180;AT5G26340;AT3G58490;AT3G50500;AT5G14270;AT5G39610;AT3G49210;AT3G46620;AT4G23450;AT2G26190;AT4G34390;AT3G15730;AT5G67300;AT1G27730;AT2G05710;AT1G08920;AT5G01820;AT1G63840;AT5G59550;AT2G15970;AT4G21540;AT5G13330;AT2G30470;AT5G66880;AT1G08930;AT5G62000;AT1G80080;AT3G15210;AT1G43670;AT3G29575;AT3G13460;AT2G41870;AT2G46270;AT4G27410;AT2G47190;AT3G11410;AT5G08450;AT3G21780;AT5G02310;AT5G37500;AT2G33700;AT3G15040;AT1G65690;AT3G61600;AT4G35890;AT3G57540;AT2G39550;AT5G13530;AT2G25930;AT1G49540;AT3G02140;AT3G02860;AT5G01520;AT5G57050;AT2G17840;AT1G61340;AT5G39520;AT3G50980;AT2G28400;AT1G16610;AT1G20440;AT4G32910;AT4G02020;AT4G34990;AT2G22570;AT1G69270;AT3G24500;AT5G37740;AT1G12420;AT5G41580;AT2G39800;AT1G77180;AT3G07370;AT5G19330;AT1G58340;AT5G59220;AT1G29395;AT3G48360;AT3G55830;AT2G47770;AT3G48170;AT2G23460;AT5G66400;AT5G63110;AT4G21440;AT1G27540;AT2G19450;AT1G18100;AT1G20630;AT1G48000;AT3G22380;AT1G80510;AT1G10840;AT3G08590;AT4G05100;AT3G50970;AT4G38680;AT5G08560;AT3G63150;AT1G31760;AT1G13740;AT3G56200;AT5G52300;AT4G04740;AT2G01570;AT2G23430;AT5G17490;AT5G63320;AT3G04110;AT3G01770;AT3G20310;AT4G22330;AT2G36270;AT5G58940;AT5G51300;AT1G68670","OSD-321",-0.43,"whole_seedling","dark",FALSE
"GO:0009738 (abscisic acid-activated signaling pathway)",0.000205973223480947,0.00186712983065567,-0.453297592109779,-1.94599983944274,0,91,"AT4G15230;AT1G62810;AT3G19290;AT4G37790;AT2G46680;AT5G01810;AT4G34000;AT2G43790;AT4G21350;AT2G28350;AT3G15730;AT2G30360;AT4G04920;AT5G66880;AT3G04740;AT5G63910;AT3G11410;AT3G01090;AT5G01560;AT3G57530;AT5G13530;AT5G01550;AT1G25490;AT4G01026;AT2G29940;AT1G01360;AT2G28400;AT1G75380;AT1G18720;AT5G05440;AT4G34990;AT1G69270;AT2G22430;AT1G08970;AT3G21220;AT4G23650;AT5G45830;AT2G17290","OSD-321",-0.43,"whole_seedling","dark",FALSE
"GO:0009739 (response to gibberellin)",0.212389380530973,0.370604078491728,-0.278049020390058,-1.14696214405569,1031,73,"AT5G44610;AT3G63010;AT1G75750;AT5G47390;AT1G74840;AT5G04760;AT1G66340;AT3G50500;AT5G27320;AT4G30270;AT3G05120;AT5G66880;AT1G50420;AT1G19000;AT2G38560;AT3G16350","OSD-321",-0.43,"whole_seedling","dark",FALSE
"GO:0009740 (gibberellic acid mediated signaling pathway)",0.623035566583954,0.742707744719881,-0.257885916840851,-0.901239587864719,3012,34,"AT1G67030;AT4G30270;AT2G39840;AT3G11540;AT1G10480;AT1G68360;AT1G08970;AT3G11440;AT5G06100;AT2G01570;AT5G17490;AT4G26150;AT5G48170","OSD-321",-0.43,"whole_seedling","dark",FALSE
"GO:0009741 (response to brassinosteroid)",0.241052427935771,0.406480564754437,0.319319602259512,1.14415734504437,1245,38,"AT5G54380;AT4G34160;AT1G30570;AT5G26230;AT4G02330;AT4G34760;AT1G17560;AT3G57180;AT4G08950;AT5G18010;AT4G38860","OSD-321",-0.43,"whole_seedling","dark",FALSE
"GO:0009742 (brassinosteroid mediated signaling pathway)",0.389030862984077,0.561622492845118,0.270400039135022,1.0359003274476,1978,52,"AT5G54380;AT3G54030;AT5G59010;AT4G30610;AT1G71830;AT4G30410;AT5G46570;AT3G57180;AT2G30980;AT4G08950;AT3G50750;AT2G42580;AT4G38740;AT5G41260;AT2G01950;AT4G28720;AT3G61460;AT3G05800;AT4G00710","OSD-321",-0.43,"whole_seedling","dark",FALSE
"GO:0009744 (response to sucrose)",0.0399017802332719,0.113842993840899,-0.346865544116047,-1.39653082177484,194,64,"AT3G06850;AT1G21400;AT4G37220;AT1G28330;AT3G63210;AT5G08790;AT3G13450;AT2G24150;AT5G61230;AT1G67070;AT4G34390;AT3G47340;AT4G01000;AT4G35300;AT2G30470","OSD-321",-0.43,"whole_seedling","dark",FALSE
"GO:0009749 (response to glucose)",0.488395765472313,0.647423101856366,-0.255332792560281,-0.978260322117425,2398,50,"AT4G37220;AT1G28330;AT3G63210;AT4G34390;AT3G47340;AT5G01820;AT4G35300;AT3G01090;AT1G16540","OSD-321",-0.43,"whole_seedling","dark",FALSE
"GO:0009750 (response to fructose)",0.0546697038724374,0.142472561606958,-0.529526286317622,-1.49719171090162,263,15,"AT4G37220;AT1G28330;AT4G34390;AT3G47340;AT4G35300;AT1G43670;AT5G03730;AT2G23460;AT3G16690","OSD-321",-0.43,"whole_seedling","dark",FALSE
"GO:0009751 (response to salicylic acid)",0.000206398348813209,0.00186712983065567,-0.500923400833313,-2.20241980378321,0,103,"AT1G73260;AT5G24530;AT1G62810;AT4G32940;AT4G05320;AT3G51440;AT1G13960;AT5G46050;AT3G01420;AT5G08790;AT5G56140;AT2G40000;AT1G02860;AT1G64280;AT5G04760;AT1G02120;AT4G19660;AT3G51430;AT2G29420;AT4G23270;AT5G67300;AT3G56400;AT5G45110;AT5G13330;AT1G76680;AT4G10500;AT3G15040;AT1G65510;AT4G35890;AT5G06320;AT2G14560;AT1G61340;AT4G37610;AT2G28400;AT5G08520;AT1G12160","OSD-321",-0.43,"whole_seedling","dark",FALSE
"GO:0009753 (response to jasmonic acid)",0.00267985982271697,0.0141515404673299,-0.36656685454757,-1.59974858926286,12,99,"AT5G56980;AT1G62810;AT4G32940;AT5G46760;AT3G51440;AT1G13960;AT5G46050;AT4G20860;AT5G08790;AT2G39940;AT1G74020;AT1G32640;AT4G12570;AT3G51430;AT3G15510;AT4G35770;AT2G46370;AT5G67300;AT3G56400;AT5G13330;AT5G37500;AT4G35890;AT1G61340;AT2G28400;AT1G12160;AT3G16770;AT1G70170;AT5G03280;AT3G48360;AT1G06620;AT4G23100;AT1G02205","OSD-321",-0.43,"whole_seedling","dark",FALSE
"GO:0009755 (hormone-mediated signaling pathway)",0.49687688897844,0.648850080618267,-0.314536868659005,-0.968649082874151,2465,20,"AT4G39270;AT3G13380;AT4G39400;AT4G08850;AT1G55610;AT5G46210;AT2G42430;AT3G47580;AT4G00210","OSD-321",-0.43,"whole_seedling","dark",FALSE
"GO:0009768 (photosynthesis, light harvesting in photosystem I)",0.0110431867481759,0.0434509700810581,0.564399020106131,1.70110777067335,55,19,"AT2G34420;AT4G10340;AT3G54890;AT1G15820;AT5G54270;AT1G08380;AT3G47470;AT1G61520;AT1G29910;AT1G29930;AT2G05070;AT3G61470;AT1G19150;AT1G45474","OSD-321",-0.43,"whole_seedling","dark",FALSE
"GO:0009773 (photosynthetic electron transport in photosystem I)",0.0001933114247052,0.00186712983065567,0.784816350253275,2.22658884366867,0,15,"AT4G09650;AT1G70760;AT4G22890;AT1G15980;AT2G46820;AT2G05620;AT1G18730;AT5G64040;AT1G55670;AT1G64770;AT3G54050;AT1G55370","OSD-321",-0.43,"whole_seedling","dark",FALSE
"GO:0009785 (blue light signaling pathway)",0.77550184350676,0.854796609584363,-0.2672664201532,-0.785153697936456,3785,17,"AT1G04400;AT4G28860;AT4G28880;AT5G20730;AT4G08920","OSD-321",-0.43,"whole_seedling","dark",FALSE
"GO:0009787 (regulation of abscisic acid-activated signaling pathway)",0.0137013902881322,0.0515514809590973,-0.542347627011184,-1.67021606638073,67,20,"AT1G15380;AT4G16830;AT4G26080;AT5G60410;AT5G62470;AT5G08520","OSD-321",-0.43,"whole_seedling","dark",FALSE
"GO:0009788 (negative regulation of abscisic acid-activated signaling pathway)",0.00284842319430315,0.0149108761997435,-0.450375674944539,-1.74019823529903,13,52,"AT1G67030;AT5G01810;AT4G26080;AT1G01720;AT1G20110;AT1G08720;AT3G26000;AT3G51550;AT5G58950;AT1G10430;AT3G11410;AT5G66070;AT2G39550;AT5G13530;AT3G02140;AT5G57050;AT2G22430","OSD-321",-0.43,"whole_seedling","dark",FALSE
"GO:0009789 (positive regulation of abscisic acid-activated signaling pathway)",0.00590992459751376,0.0269528379371461,-0.442230461460755,-1.65929481211925,28,45,"AT2G33150;AT3G17410;AT1G18470;AT3G01650;AT1G67800;AT5G58430;AT3G50500;AT4G23450;AT3G15730;AT5G66880;AT4G35790;AT5G62470;AT3G01090;AT5G01520;AT1G15100;AT1G25490;AT5G26920;AT5G37740;AT5G03280;AT5G35980","OSD-321",-0.43,"whole_seedling","dark",FALSE
"GO:0009791 (post-embryonic development)",0.49553208773355,0.648500688729559,-0.284689410354934,-0.973843596228609,2439,31,"AT5G13570;AT3G16640;AT3G51550;AT4G33650;AT3G13300;AT3G42170;AT1G50030","OSD-321",-0.43,"whole_seedling","dark",FALSE
"GO:0009809 (lignin biosynthetic process)",0.157542339503742,0.308926672251637,0.366924433874517,1.25074517477031,799,31,"AT3G17390;AT1G05850;AT4G39330;AT2G22420;AT4G37980","OSD-321",-0.43,"whole_seedling","dark",FALSE
"GO:0009813 (flavonoid biosynthetic process)",0.114516463035825,0.242742643477348,-0.480753671739718,-1.3592911832945,552,15,"AT5G24530;AT5G63600;AT2G26670;AT4G25640","OSD-321",-0.43,"whole_seedling","dark",FALSE
"GO:0009825 (multidimensional cell growth)",0.508248232521603,0.656418683870602,0.290481405495246,0.959730830447551,2587,27,"AT1G05850;AT5G60920;AT1G20330;AT5G25810;AT5G55540","OSD-321",-0.43,"whole_seedling","dark",FALSE
"GO:0009826 (unidimensional cell growth)",0.000194817845314631,0.00186712983065567,0.544517134073694,2.38838563880033,0,109,"AT3G18000;AT2G06850;AT2G28950;AT5G07830;AT1G75780;AT1G69530;AT5G02260;AT2G37640;AT2G35620;AT5G54380;AT5G15580;AT2G28620;AT1G20190;AT3G02170;AT3G29030;AT2G03090;AT2G18300;AT1G30570;AT4G28250;AT2G40610;AT4G16780;AT1G21270;AT3G15370;AT1G31420;AT1G18620;AT3G49110;AT5G28490;AT2G05520;AT1G77460;AT4G38400;AT2G39700;AT2G20370;AT3G54180;AT3G23090;AT1G68530;AT1G75500;AT4G34490;AT3G03220;AT5G64340;AT1G74160;AT4G27060","OSD-321",-0.43,"whole_seedling","dark",FALSE
"GO:0009827 (plant-type cell wall modification)",0.00117302052785924,0.00720569752827817,0.505990707642286,1.83107577401158,5,40,"AT5G06700;AT1G70370;AT4G36360;AT4G25260;AT1G45130;AT5G63810;AT2G34070;AT2G28470;AT3G52840;AT4G34980;AT5G20740;AT2G32810","OSD-321",-0.43,"whole_seedling","dark",FALSE
"GO:0009828 (plant-type cell wall loosening)",0.000197355437142293,0.00186712983065567,0.671248750992292,2.19585664340043,0,26,"AT2G28950;AT1G69530;AT5G02260;AT2G37640;AT1G20190;AT3G29030;AT2G03090;AT4G28250;AT2G40610;AT3G15370;AT4G38400;AT2G39700;AT3G03220","OSD-321",-0.43,"whole_seedling","dark",FALSE
"GO:0009832 (plant-type cell wall biogenesis)",0.00867678958785249,0.035776899533474,0.502335879260244,1.69999993043081,43,30,"AT2G35620;AT3G49720;AT5G65810;AT1G78580;AT5G09870;AT1G68060","OSD-321",-0.43,"whole_seedling","dark",FALSE
"GO:0009833 (plant-type primary cell wall biogenesis)",0.083805430748193,0.194041805040047,0.491236798591917,1.41351959377539,428,16,"AT1G02730;AT5G09870;AT4G39350;AT2G32540;AT1G76670","OSD-321",-0.43,"whole_seedling","dark",FALSE
"GO:0009834 (plant-type secondary cell wall biogenesis)",0.00467927471241958,0.0221804990305243,0.4539850631175,1.70556153088605,23,47,"AT1G03870;AT2G06850;AT5G06700;AT2G36570;AT2G04780;AT4G03210;AT5G44130;AT1G29890;AT5G67230;AT1G75500;AT3G06550","OSD-321",-0.43,"whole_seedling","dark",FALSE
"GO:0009845 (seed germination)",0.442585708384965,0.612161338876147,-0.243573264267627,-1.0067246379883,2142,74,"AT1G09970;AT5G13200;AT1G74360;AT3G15730;AT4G29010;AT4G21540;AT4G34460;AT5G08450;AT5G01560;AT2G38560;AT4G03560;AT5G01550;AT1G09090;AT4G32320;AT4G03430;AT3G01150;AT1G60170;AT3G54810;AT2G36270;AT5G44280;AT3G27660;AT5G11310;AT1G49590;AT3G16390;AT1G74350;AT3G55850;AT3G63420;AT5G57710;AT3G33520;AT1G34120;AT4G18010","OSD-321",-0.43,"whole_seedling","dark",FALSE
"GO:0009846 (pollen germination)",0.342880523731588,0.519934698454448,-0.272582157089509,-1.06862681873884,1675,56,"AT4G29380;AT1G29760;AT3G09840;AT3G06540;AT3G54150;AT5G23630;AT3G10380;AT2G17420;AT3G61710;AT2G41210;AT3G02130;AT3G01150;AT3G04080;AT3G19090;AT3G07160;AT3G55220","OSD-321",-0.43,"whole_seedling","dark",FALSE
"GO:0009853 (photorespiration)",0.438863729930012,0.611564734763582,-0.283951178702353,-1.00701770338451,2131,36,"AT2G13360;AT1G80380;AT3G48680","OSD-321",-0.43,"whole_seedling","dark",FALSE
"GO:0009860 (pollen tube growth)",0.755936403055957,0.841435139843363,-0.20417114544994,-0.857834646605489,3660,80,"AT3G22200;AT1G72150;AT5G64070;AT3G09840;AT3G16640;AT5G27840;AT1G59820;AT3G06540;AT2G38020;AT3G10380;AT4G17530;AT2G17420;AT5G49680;AT3G27960;AT1G60420","OSD-321",-0.43,"whole_seedling","dark",FALSE
"GO:0009862 (systemic acquired resistance, salicylic acid mediated signaling pathway)",0.261163457599345,0.431924179875839,-0.393952485066489,-1.1573217850709,1274,17,"AT1G64280;AT4G19660;AT3G56400;AT5G45110;AT5G06950;AT4G20380;AT4G26120","OSD-321",-0.43,"whole_seedling","dark",FALSE
"GO:0009863 (salicylic acid mediated signaling pathway)",0.0333940497874924,0.100016009811296,-0.48399536428292,-1.52468980518403,164,22,"AT3G11820;AT1G33980;AT3G11340;AT3G52400;AT5G05190;AT5G47010;AT5G06960;AT1G28480;AT2G01570;AT5G17490;AT2G04880","OSD-321",-0.43,"whole_seedling","dark",FALSE
"GO:0009867 (jasmonic acid mediated signaling pathway)",0.00184049079754601,0.0104976807449517,-0.502046346682348,-1.85331767760097,8,42,"AT2G39940;AT1G32230;AT3G11820;AT3G15500;AT1G32640;AT1G79380;AT1G33980;AT3G52400;AT4G34460;AT5G63970;AT1G25540;AT5G47010;AT3G17860;AT1G28480;AT1G15750;AT4G11260;AT3G11910;AT4G02570;AT5G06600;AT3G11670;AT2G01570;AT5G17490;AT1G17440;AT1G19180;AT1G48500;AT4G28910","OSD-321",-0.43,"whole_seedling","dark",FALSE
"GO:0009873 (ethylene-activated signaling pathway)",0.000204498977505112,0.00186712983065567,-0.577894616537475,-2.13331361874641,0,42,"AT1G53910;AT5G59430;AT1G73500;AT1G78080;AT3G20770;AT5G44790;AT4G16110;AT1G32230;AT1G25560;AT3G46060;AT5G05550;AT5G22270;AT3G11100;AT3G24500;AT3G16770;AT5G47230;AT1G53170;AT5G03280;AT2G33710;AT1G54490;AT4G17490","OSD-321",-0.43,"whole_seedling","dark",FALSE
"GO:0009903 (chloroplast avoidance movement)",0.0577864838393732,0.149075308713549,0.496200439898134,1.47503565107325,294,18,"AT5G38150;AT3G45780;AT2G40480;AT5G42880;AT3G51720;AT3G13190;AT1G66840;AT3G56270","OSD-321",-0.43,"whole_seedling","dark",FALSE
"GO:0009904 (chloroplast accumulation movement)",0.003125,0.0162176724137931,0.634611166157932,1.85909340401656,15,17,"AT5G67385;AT5G38150;AT3G45780;AT2G40480;AT5G42880;AT3G51720;AT3G13190;AT1G66840;AT3G56270","OSD-321",-0.43,"whole_seedling","dark",FALSE
"GO:0009908 (flower development)",0.962209302325581,0.988481228668942,0.171905567498877,0.707010106375546,4964,74,"AT1G65010;AT2G21540;AT1G53160;AT1G70560;AT1G24260;AT4G31820;AT2G33810","OSD-321",-0.43,"whole_seedling","dark",FALSE
"GO:0009909 (regulation of flower development)",0.072234762979684,0.174639868729999,-0.322756107248242,-1.31007312939641,351,67,"AT1G04400;AT1G27320;AT2G30140;AT2G39940;AT5G57660;AT5G41990;AT3G18990;AT5G02810;AT4G16280;AT1G52740;AT1G25540;AT4G35900;AT5G14170;AT2G25930;AT1G43850;AT3G01890","OSD-321",-0.43,"whole_seedling","dark",FALSE
"GO:0009910 (negative regulation of flower development)",0.242150625897804,0.407191834610274,-0.30197463234508,-1.14082776359185,1179,47,"AT1G13260;AT1G14400;AT3G04240;AT5G60410;AT5G22290;AT2G38560;AT1G80680;AT2G27550;AT5G23150;AT3G57390;AT1G61040;AT5G11530;AT5G10140;AT4G26150;AT1G30970;AT5G17690;AT3G19980;AT5G65060;AT3G05040","OSD-321",-0.43,"whole_seedling","dark",FALSE
"GO:0009911 (positive regulation of flower development)",0.314214978337116,0.493883595193064,-0.310868827552856,-1.09407656974199,1522,35,"AT1G04400;AT5G41990;AT5G62000;AT1G68050;AT1G25540;AT4G35900;AT3G44110;AT2G43410;AT4G04885;AT5G64390;AT4G39400","OSD-321",-0.43,"whole_seedling","dark",FALSE
"GO:0009926 (auxin polar transport)",0.0996302782642537,0.217309519982177,0.365229368725877,1.31592128699637,511,39,"AT3G28860;AT3G14370;AT1G70560;AT1G14350;AT1G77690;AT1G29430;AT2G36910;AT5G55540;AT1G23080;AT1G29440;AT1G70940;AT1G53700;AT1G77110;AT1G54990","OSD-321",-0.43,"whole_seedling","dark",FALSE
"GO:0009933 (meristem structural organization)",0.185367777558667,0.340217689299748,0.412985006427016,1.24474348568584,939,19,"AT3G18730;AT5G55540;AT2G45190;AT5G64630","OSD-321",-0.43,"whole_seedling","dark",FALSE
"GO:0009934 (regulation of meristem structural organization)",0.0098599881680142,0.0398369991754668,0.573078739963099,1.72726858663859,49,19,"AT1G62360;AT3G49670;AT3G18730;AT1G04020;AT5G65700;AT4G24190;AT3G22780;AT1G65470;AT1G20930;AT5G43810","OSD-321",-0.43,"whole_seedling","dark",FALSE
"GO:0009938 (negative regulation of gibberellic acid mediated signaling pathway)",0.380410022779043,0.561291259100451,-0.372760073440801,-1.05394822982572,1836,15,"AT3G15880;AT2G40830;AT3G11540;AT2G01570;AT5G17490;AT4G26150","OSD-321",-0.43,"whole_seedling","dark",FALSE
"GO:0009944 (polarity specification of adaxial/abaxial axis)",0.0877571008814887,0.197425956156716,0.472352693144467,1.40414438651362,447,18,"AT2G26330;AT2G26580;AT2G45190;AT3G44750;AT2G37630;AT5G22650;AT1G32240","OSD-321",-0.43,"whole_seedling","dark",FALSE
"GO:0009958 (positive gravitropism)",0.00334777471445451,0.0167946698175135,0.527542464896503,1.7982481719421,16,31,"AT3G28860;AT5G14090;AT1G70560;AT2G02950;AT4G31820;AT2G36910;AT4G16340;AT4G24670;AT1G70940;AT1G17400;AT4G16515;AT5G57090;AT2G38120;AT3G20130;AT2G23050;AT4G35020;AT5G50375","OSD-321",-0.43,"whole_seedling","dark",FALSE
"GO:0009959 (negative gravitropism)",0.394319294809011,0.567263843648208,0.351185391199537,1.04395508448515,2012,18,"AT3G14870;AT5G14090;AT1G53380;AT5G35220;AT4G37650;AT2G20180","OSD-321",-0.43,"whole_seedling","dark",FALSE
"GO:0009960 (endosperm development)",0.0506688285366842,0.13496741052692,-0.446736538918711,-1.45400082498103,249,25,"AT1G53580;AT5G41700;AT2G35230;AT4G02020;AT3G46330;AT5G12210;AT3G02610;AT3G26744;AT1G02680","OSD-321",-0.43,"whole_seedling","dark",FALSE
"GO:0009965 (leaf morphogenesis)",0.000392927308447937,0.00312405940902345,0.481312800457166,1.87828678455157,1,57,"AT3G49720;AT3G25520;AT5G65810;AT5G39740;AT5G67100;AT1G30210;AT2G26330;AT1G69780;AT2G31070;AT3G15030;AT5G55540;AT2G19730;AT2G23380;AT4G18390;AT1G68130;AT3G53020;AT1G53230;AT2G48120;AT5G08370;AT4G34740;AT2G37630","OSD-321",-0.43,"whole_seedling","dark",FALSE
"GO:0010015 (root morphogenesis)",0.0631039242752909,0.15961580846103,0.483647702251594,1.45772199323413,319,19,"AT3G25520;AT5G25460;AT4G29140","OSD-321",-0.43,"whole_seedling","dark",FALSE
"GO:0010017 (red or far-red light signaling pathway)",0.464877663772691,0.627480613433095,0.306614735741326,0.992675472739272,2355,25,"AT2G46970;AT3G62090;AT4G16780;AT2G02950","OSD-321",-0.43,"whole_seedling","dark",FALSE
"GO:0010020 (chloroplast fission)",0.0163411717815863,0.0592613579067165,0.50937012346937,1.62542232998135,81,24,"AT5G46290;AT5G55280;AT3G52750;AT1G63680;AT3G29185;AT3G19180;AT4G23940;AT2G21280;AT5G21920;AT5G53280;AT1G75010","OSD-321",-0.43,"whole_seedling","dark",FALSE
"GO:0010025 (wax biosynthetic process)",0.00651272942569568,0.0288284052519765,0.539618426028653,1.7652542428491,32,26,"AT1G10670;AT3G55360;AT4G13840;AT4G24510;AT1G49430;AT1G06350;AT2G47240;AT1G06360;AT1G01120;AT1G68530;AT5G02890","OSD-321",-0.43,"whole_seedling","dark",FALSE
"GO:0010026 (trichome differentiation)",0.316199057956174,0.495707898150044,-0.38260725765733,-1.10695357726025,1543,16,"AT1G67030;AT5G24520;AT5G04470;AT1G10480;AT1G68360","OSD-321",-0.43,"whole_seedling","dark",FALSE
"GO:0010027 (thylakoid membrane organization)",0.000196927924379677,0.00186712983065567,0.51777589076724,1.97801412976369,0,51,"AT3G12780;AT5G24314;AT2G20890;AT1G35680;AT1G74730;AT5G22830;AT2G34860;AT3G47450;AT1G44575;AT5G18570;AT5G08050;AT3G26900;AT5G35220;AT5G53860;AT3G62910;AT2G45770;AT3G24590;AT1G28530;AT1G65260;AT1G56190;AT4G20130;AT2G18710;AT4G14870;AT4G31780;AT3G61320;AT2G26300;AT1G32500;AT4G13200;AT2G30170;AT3G58830;AT2G31530;AT3G22690","OSD-321",-0.43,"whole_seedling","dark",FALSE
"GO:0010029 (regulation of seed germination)",0.0604822231303637,0.153629950736198,-0.358028598471544,-1.36436053792905,295,49,"AT1G27320;AT2G45210;AT5G66730;AT4G28300;AT5G13200;AT3G50500;AT5G39610;AT5G66880;AT5G02310;AT2G42160;AT3G06500;AT1G08970;AT2G15230;AT1G60190;AT2G19450;AT3G16740;AT2G01570;AT2G26000;AT1G66700;AT4G26150;AT1G20450","OSD-321",-0.43,"whole_seedling","dark",FALSE
"GO:0010030 (positive regulation of seed germination)",0.415719130261321,0.588853920981918,0.325096225646699,1.02422488652816,2083,23,"AT4G32460;AT4G34220;AT5G47550;AT5G11420","OSD-321",-0.43,"whole_seedling","dark",FALSE
"GO:0010038 (response to metal ion)",0.239330202164591,0.404710060963718,-0.395453041439994,-1.18342875152816,1171,18,"AT5G44610;AT5G39020;AT2G33740;AT2G46800;AT2G19110;AT2G26530;AT5G39000;AT2G14260;AT5G39030;AT5G56795;AT5G44070","OSD-321",-0.43,"whole_seedling","dark",FALSE
"GO:0010039 (response to iron ion)",0.71125223258583,0.815569226698419,0.272195626802516,0.828174926814901,3583,20,"AT4G24120;AT5G21105;AT5G24380","OSD-321",-0.43,"whole_seedling","dark",FALSE
"GO:0010043 (response to zinc ion)",0.511494252873563,0.657876985704986,-0.260307997100709,-0.964107478899912,2491,43,"AT5G21940;AT1G67070;AT5G56550;AT3G02530;AT2G32520;AT2G46800;AT3G16450;AT3G22460;AT5G03630;AT5G13740;AT3G58810;AT4G39260;AT5G01600;AT2G19110;AT3G07720;AT4G31510;AT4G38220;AT4G35040;AT1G57720","OSD-321",-0.43,"whole_seedling","dark",FALSE
"GO:0010044 (response to aluminum ion)",0.509215158417892,0.656418683870602,-0.339422844662815,-0.959689976967442,2458,15,"AT1G34370;AT4G11850;AT5G22890;AT5G27920;AT5G40820;AT5G62090;AT4G29860;AT2G32700","OSD-321",-0.43,"whole_seedling","dark",FALSE
"GO:0010051 (xylem and phloem pattern formation)",0.887379405394763,0.935412071879249,0.215898128748141,0.718490485032286,4506,28,"AT1G68060;AT1G20330;AT1G19300;AT2G01950;AT5G02030;AT3G51060;AT1G05470;AT3G15380;AT1G19850","OSD-321",-0.43,"whole_seedling","dark",FALSE
"GO:0010053 (root epidermal cell differentiation)",0.917500510516643,0.956186768993932,-0.220135198379954,-0.658774356716446,4492,18,"AT4G31170;AT3G18780;AT3G27560;AT4G31230;AT4G26690;AT3G13870;AT1G78870","OSD-321",-0.43,"whole_seedling","dark",FALSE
"GO:0010073 (meristem maintenance)",0.246071133167907,0.410345767775846,-0.328400634580463,-1.14766892348937,1189,34,"AT4G29840;AT3G28690;AT1G27470;AT1G17240;AT5G23630;AT2G26140;AT1G71040;AT3G02130;AT2G04865;AT1G17250;AT2G32700;AT1G17930;AT4G32551;AT2G25010;AT3G01300","OSD-321",-0.43,"whole_seedling","dark",FALSE
"GO:0010075 (regulation of meristem growth)",0.269177676986788,0.442745796573897,0.381914574341703,1.15109670109617,1364,19,"AT3G49670;AT5G65700;AT4G24190;AT1G13710;AT5G09970;AT4G20270;AT5G03150","OSD-321",-0.43,"whole_seedling","dark",FALSE
"GO:0010078 (maintenance of root meristem identity)",0.840126009056901,0.899921454541378,0.227363473498122,0.756646170578249,4266,28,"AT2G20140;AT1G70560;AT4G24670;AT3G24770;AT2G27230;AT4G26540;AT4G20270","OSD-321",-0.43,"whole_seedling","dark",FALSE
"GO:0010082 (regulation of root meristem growth)",0.672114402451481,0.782616770359365,-0.252332980207581,-0.870862064443022,3289,32,"AT3G16857;AT4G16110;AT2G43790;AT3G19960","OSD-321",-0.43,"whole_seedling","dark",FALSE
"GO:0010087 (phloem or xylem histogenesis)",0.285686274509804,0.458621699346405,0.284617288878035,1.10080832764346,1456,54,"AT2G26330;AT1G70560;AT5G40830;AT5G65800;AT3G63300;AT1G05630;AT4G24670;AT5G62940;AT4G28650;AT3G24770;AT2G18290;AT1G46480;AT3G15770;AT1G78770;AT4G16670;AT1G08590;AT5G61480;AT1G09540;AT4G18750;AT4G17350;AT5G43870;AT5G35750;AT4G31910;AT2G36120","OSD-321",-0.43,"whole_seedling","dark",FALSE
"GO:0010088 (phloem development)",0.0346718903036239,0.102316068445008,0.52231513200079,1.55266577545631,176,18,"AT3G24770;AT1G79430;AT2G39830;AT3G01680;AT4G20270;AT3G01670;AT5G01170;AT3G15380;AT1G69970;AT3G28455","OSD-321",-0.43,"whole_seedling","dark",FALSE
"GO:0010089 (xylem development)",0.38638147566719,0.561622492845118,0.309619868812749,1.03865518334206,1968,29,"AT2G06850;AT4G03210;AT2G13820;AT3G24770;AT2G28250;AT1G79430;AT2G27230;AT5G56780;AT5G64080;AT5G02030;AT5G61480;AT1G09540","OSD-321",-0.43,"whole_seedling","dark",FALSE
"GO:0010090 (trichome morphogenesis)",0.756173439626677,0.841435139843363,0.232415006136114,0.826166966675373,3888,37,"AT1G19835;AT1G33240;AT5G23940;AT2G41940;AT2G46225;AT1G74030;AT5G18410;AT4G01800;AT1G56580","OSD-321",-0.43,"whole_seedling","dark",FALSE
"GO:0010091 (trichome branching)",0.646733767515295,0.761892735272989,0.269279729017533,0.880895019949181,3276,26,"AT3G55360;AT4G14750;AT2G02480;AT5G65930;AT5G38110;AT5G65530;AT1G64690;AT1G17920;AT2G42260;AT4G22910","OSD-321",-0.43,"whole_seedling","dark",FALSE
"GO:0010099 (regulation of photomorphogenesis)",0.722654649733716,0.822378259243283,-0.279297266507508,-0.820496946440987,3527,17,"AT5G08790;AT4G02440;AT1G78600;AT3G13550;AT5G11170;AT2G16365","OSD-321",-0.43,"whole_seedling","dark",FALSE
"GO:0010100 (negative regulation of photomorphogenesis)",0.976802629035376,0.996786202223422,0.191663069293662,0.543763966811908,5052,15,"AT3G28910;AT2G20180;AT2G31380","OSD-321",-0.43,"whole_seedling","dark",FALSE
"GO:0010105 (negative regulation of ethylene-activated signaling pathway)",0.0579680458828349,0.149075308713549,-0.503151047509229,-1.47811650017995,282,17,"AT1G66340;AT5G25350;AT3G15210;AT2G25490;AT1G50640;AT5G03730","OSD-321",-0.43,"whole_seedling","dark",FALSE
"GO:0010114 (response to red light)",0.550029486927462,0.686966288652141,0.248059187233168,0.950312707436084,2797,52,"AT1G69530;AT2G31360;AT2G37640;AT1G06350;AT1G08540;AT2G02950;AT5G28490;AT1G15550;AT4G32280","OSD-321",-0.43,"whole_seedling","dark",FALSE
"GO:0010118 (stomatal movement)",0.0155086848635236,0.0565832017444921,-0.450621590647212,-1.57479718789167,74,34,"AT4G12290;AT4G24020;AT1G04400;AT2G39940;AT4G32150;AT4G34460;AT3G51550;AT5G37500;AT1G16540;AT1G30270;AT2G47800;AT5G59220;AT4G08920;AT3G11130;AT3G08590","OSD-321",-0.43,"whole_seedling","dark",FALSE
"GO:0010119 (regulation of stomatal movement)",0.0297231270358306,0.0912924616100512,-0.367649075773361,-1.44720452743088,145,57,"AT1G69850;AT4G18950;AT5G44790;AT4G16110;AT3G11820;AT4G26080;AT1G66340;AT2G26670;AT1G05805;AT3G15730;AT2G46370;AT4G33050;AT3G11410;AT2G25930;AT4G03560;AT1G25490;AT1G30270;AT1G75380;AT2G39660;AT4G23650;AT5G03280;AT2G17290","OSD-321",-0.43,"whole_seedling","dark",FALSE
"GO:0010143 (cutin biosynthetic process)",0.00803134182174339,0.0338699761776685,0.591270017078278,1.7576452668607,40,18,"AT2G38530;AT3G05600;AT5G23940;AT1G49430;AT2G47240;AT1G64670;AT4G00400;AT3G48720;AT1G01610;AT4G01950","OSD-321",-0.43,"whole_seedling","dark",FALSE
"GO:0010150 (leaf senescence)",0.000206185567010309,0.00186712983065567,-0.567190646167032,-2.49781544813211,0,104,"AT5G24530;AT3G10985;AT5G11520;AT4G32940;AT5G13180;AT5G44610;AT1G27320;AT1G73500;AT3G10500;AT1G69490;AT1G34190;AT3G62770;AT5G37600;AT5G08790;AT1G17020;AT5G47390;AT4G16110;AT1G54115;AT4G12570;AT5G64930;AT2G43790;AT5G25110;AT1G73680;AT3G14067;AT5G39610;AT3G29035;AT1G04010;AT3G27110;AT3G11340;AT3G56400;AT5G17860;AT3G19190;AT5G62000;AT1G76680;AT4G10500;AT3G01090;AT3G15040;AT1G54130;AT4G35890;AT5G51640;AT1G73220;AT2G43570;AT1G29640;AT1G11190;AT5G39520;AT2G28400;AT4G30790;AT2G35980;AT1G32450","OSD-321",-0.43,"whole_seedling","dark",FALSE
"GO:0010152 (pollen maturation)",0.656036446469248,0.76985173640251,-0.303475679688745,-0.858052345710534,3167,15,"AT3G26810;AT3G06540;AT5G23630;AT5G54800;AT3G02130","OSD-321",-0.43,"whole_seedling","dark",FALSE
"GO:0010154 (fruit development)",0.117977528089888,0.248724264933605,-0.409604052194991,-1.32589736125989,587,24,"AT3G22200;AT3G48520;AT2G28350;AT4G34460;AT4G36890;AT4G31160;AT5G46210;AT2G21060;AT5G20490;AT1G17580","OSD-321",-0.43,"whole_seedling","dark",FALSE
"GO:0010162 (seed dormancy process)",0.0245047988564427,0.0788871064790295,-0.533747678165372,-1.59728787545094,119,18,"AT4G23050;AT1G29760;AT3G63210;AT1G66340;AT2G38560;AT2G41280;AT5G45830;AT2G44950;AT3G26744","OSD-321",-0.43,"whole_seedling","dark",FALSE
"GO:0010167 (response to nitrate)",0.417514462397766,0.589970691487649,0.324792675731769,1.02326854390512,2092,23,"AT2G15620;AT1G05850;AT4G15690;AT4G15680;AT4G15700","OSD-321",-0.43,"whole_seedling","dark",FALSE
"GO:0010182 (sugar mediated signaling pathway)",0.0680799021606197,0.167672806605728,-0.415595599486492,-1.39818193279614,333,29,"AT3G20770;AT5G49450;AT5G64930;AT1G66340;AT3G01090;AT1G16540;AT5G47010;AT1G16610;AT5G67030;AT5G03730;AT5G03280;AT5G45830;AT3G48360;AT5G46210;AT3G47990;AT2G36270","OSD-321",-0.43,"whole_seedling","dark",FALSE
"GO:0010183 (pollen tube guidance)",0.0476190476190476,0.128550074738416,-0.443865572073293,-1.46120369351905,234,26,"AT3G22200;AT2G43790;AT2G15890;AT5G60410;AT1G59820;AT5G59700;AT5G18480;AT1G60420;AT5G12210;AT4G08850;AT3G19090;AT1G02140;AT3G45640;AT1G15330","OSD-321",-0.43,"whole_seedling","dark",FALSE
"GO:0010187 (negative regulation of seed germination)",0.503462321792261,0.656026661729309,-0.291371433410577,-0.964267250403477,2471,27,"AT1G22190;AT1G03790;AT4G18550;AT2G42620;AT5G19330;AT4G11260;AT3G44680;AT2G01570;AT5G17490;AT2G36270;AT4G26150;AT2G23070","OSD-321",-0.43,"whole_seedling","dark",FALSE
"GO:0010193 (response to ozone)",0.160896130346232,0.311950755579646,-0.377295669818489,-1.24862569355711,789,27,"AT3G10985;AT1G11650;AT1G08830;AT1G32230;AT2G46370;AT3G17800","OSD-321",-0.43,"whole_seedling","dark",FALSE
"GO:0010196 (nonphotochemical quenching)",0.0271484375,0.0851587136051148,0.540598625017555,1.58368366581883,138,17,"AT1G74730;AT4G10340;AT4G04850;AT1G44575;AT1G15820;AT5G08050;AT4G03280;AT5G43050;AT4G31040;AT1G71720;AT1G56500;AT3G15840","OSD-321",-0.43,"whole_seedling","dark",FALSE
"GO:0010197 (polar nucleus fusion)",0.973751726860075,0.996786202223422,0.179395216844355,0.586855734360183,4933,26,"AT2G31170;AT5G23420;AT1G31817;AT5G42020;AT1G72440;AT2G20585;AT1G19520","OSD-321",-0.43,"whole_seedling","dark",FALSE
"GO:0010207 (photosystem II assembly)",0.000797925393975663,0.00536201387265217,0.636706830998265,2.00596294353663,3,23,"AT1G54500;AT3G15095;AT2G20890;AT1G55480;AT4G10340;AT1G16720;AT1G71500;AT5G35220;AT5G02120;AT5G66570;AT1G34000;AT4G19100","OSD-321",-0.43,"whole_seedling","dark",FALSE
"GO:0010214 (seed coat development)",0.387392778775185,0.561622492845118,0.331964764515128,1.0458644131918,1941,23,"AT5G15740;AT1G53500;AT1G24260;AT5G67360","OSD-321",-0.43,"whole_seedling","dark",FALSE
"GO:0010218 (response to far red light)",0.634697855750487,0.749192370905477,0.243071415081762,0.896849607607733,3255,43,"AT3G28860;AT4G16780;AT2G02950;AT5G28490;AT4G32280;AT5G02200;AT1G14920;AT2G34640;AT5G15840;AT5G44110;AT3G25717;AT5G04190;AT4G14130;AT1G67265;AT2G44910;AT2G05070;AT3G17609;AT2G18790","OSD-321",-0.43,"whole_seedling","dark",FALSE
"GO:0010224 (response to UV-B)",0.0871258712587126,0.197425956156716,-0.334437181300475,-1.30432755189168,424,55,"AT3G55270;AT1G15380;AT5G03240;AT2G43790;AT5G59820;AT2G46370;AT3G05210;AT3G17800;AT1G67500;AT5G63860;AT5G14170;AT2G22880;AT5G26920;AT5G52250;AT4G39400;AT5G05410","OSD-321",-0.43,"whole_seedling","dark",FALSE
"GO:0010228 (vegetative to reproductive phase transition of meristem)",0.568247422680412,0.697512862122902,-0.215072042627767,-0.950332789342813,2755,106,"AT2G45430;AT3G48680;AT1G14400;AT3G04240;AT2G02760;AT5G42900;AT5G41990;AT3G01090;AT2G43410;AT3G10490;AT3G12140;AT4G10710;AT2G39800;AT1G77180;AT3G10480;AT4G12050;AT2G27550;AT1G04870;AT5G63110;AT5G10625;AT1G20960;AT2G44950;AT4G38680;AT5G06780;AT3G57300;AT2G39810;AT5G55390;AT1G20900","OSD-321",-0.43,"whole_seedling","dark",FALSE
"GO:0010229 (inflorescence development)",0.976927627686847,0.996786202223422,0.183508616225423,0.553097935903363,4953,19,"AT4G31820;AT2G33810;AT1G73177;AT2G19760;AT2G27990;AT1G69690;AT1G23290;AT5G49160;AT1G73590","OSD-321",-0.43,"whole_seedling","dark",FALSE
"GO:0010267 (ta-siRNA processing)",0.791416972743089,0.861626802844176,0.270151494649525,0.766442115907664,4093,15,"AT3G49500;AT3G43920;AT1G69440;AT3G15390;AT1G09700;AT5G56130","OSD-321",-0.43,"whole_seedling","dark",FALSE
"GO:0010268 (brassinosteroid homeostasis)",0.613465828432367,0.735670176725667,-0.29496254740656,-0.895926280388771,3024,19,"AT5G47950;AT4G15400;AT2G38050;AT4G39400;AT5G48000;AT5G05690;AT1G73340","OSD-321",-0.43,"whole_seedling","dark",FALSE
"GO:0010286 (heat acclimation)",0.122684232194319,0.253800370381374,-0.335707690760835,-1.26140603220704,595,46,"AT5G58070;AT5G60410;AT5G46170;AT1G77000;AT1G13080;AT2G41160;AT4G17250;AT1G20440;AT1G17780;AT5G18040;AT3G16770;AT5G05410;AT4G38580;AT3G11020;AT1G54490","OSD-321",-0.43,"whole_seedling","dark",FALSE
"GO:0010305 (leaf vascular tissue pattern formation)",0.00804552590266876,0.0338699761776685,0.514519556984397,1.72601457019511,40,29,"AT5G55540;AT3G63300;AT4G20910;AT2G32010;AT1G11130;AT2G42580;AT4G16670;AT2G01950;AT1G05470;AT5G46700;AT1G19850;AT1G09700;AT4G18750;AT4G17350;AT5G43870;AT4G13750;AT2G36120;AT3G54720","OSD-321",-0.43,"whole_seedling","dark",FALSE
"GO:0010311 (lateral root formation)",0.176602238046796,0.33119796667966,-0.309180793658493,-1.19463794659674,867,52,"AT2G17500;AT3G18830;AT4G37070;AT3G05090;AT1G21410;AT3G24300;AT4G13510;AT3G53180;AT1G71090;AT2G30340","OSD-321",-0.43,"whole_seedling","dark",FALSE
"GO:0010315 (auxin export across the plasma membrane)",0.15020297699594,0.298423076407776,0.457183033183391,1.29706604719974,776,15,"AT1G53500;AT2G36910;AT1G23080;AT1G75500;AT1G70940;AT1G77110;AT1G78570;AT5G57090;AT3G14790;AT3G62150","OSD-321",-0.43,"whole_seedling","dark",FALSE
"GO:0010345 (suberin biosynthetic process)",0.939050595819496,0.97466975635058,0.214749338340818,0.617934972227549,4806,16,"AT1G64670;AT1G17840;AT5G23190;AT5G41040;AT1G04220","OSD-321",-0.43,"whole_seedling","dark",FALSE
"GO:0010374 (stomatal complex development)",0.318721835313396,0.497073950411048,-0.377155935006097,-1.1079782372173,1555,17,"AT5G46760;AT1G32640;AT5G19420;AT3G24140;AT5G10890;AT5G12350;AT5G53210;AT4G17880","OSD-321",-0.43,"whole_seedling","dark",FALSE
"GO:0010380 (regulation of chlorophyll biosynthetic process)",0.888796852350383,0.935412071879249,-0.241055248579612,-0.681563747387308,4291,15,"AT3G16857","OSD-321",-0.43,"whole_seedling","dark",FALSE
"GO:0010411 (xyloglucan metabolic process)",0.000193573364305072,0.00186712983065567,0.622141567732536,2.17331552928886,0,34,"AT2G06850;AT1G11545;AT4G30290;AT1G68560;AT4G02500;AT4G37800;AT3G23730;AT4G03210;AT2G36870;AT3G44990;AT1G29890;AT5G48070;AT1G74380;AT3G06550;AT1G65310;AT5G13870","OSD-321",-0.43,"whole_seedling","dark",FALSE
"GO:0010431 (seed maturation)",0.0282087447108604,0.08753435214401,-0.512380174667212,-1.57792817226892,139,20,"AT4G02280;AT5G66730;AT5G58070;AT3G10420;AT3G22960;AT3G14180;AT4G32320;AT2G41945;AT5G23660;AT5G63110;AT5G17490","OSD-321",-0.43,"whole_seedling","dark",FALSE
"GO:0010468 (regulation of gene expression)",0.151083591331269,0.299185269675737,-0.268445053794668,-1.1802776666482,731,103,"AT5G48160;AT3G07780;AT5G39610;AT5G61380;AT3G14230;AT5G05550;AT5G62470;AT5G67060;AT1G29160;AT1G68050;AT3G13224;AT1G33680;AT1G52740;AT5G14170;AT3G48750;AT4G10070;AT2G42280;AT1G30810;AT3G11100;AT4G28490;AT2G25970;AT1G17640;AT4G20480;AT3G63500;AT4G30760;AT5G15540;AT4G08920;AT1G14740;AT4G00830;AT1G04970;AT2G46830;AT1G64810","OSD-321",-0.43,"whole_seedling","dark",FALSE
"GO:0010492 (maintenance of shoot apical meristem identity)",0.199274632278864,0.357715398863128,-0.397294514876074,-1.22350988329718,988,20,"AT5G48160;AT3G16857;AT3G07780;AT3G08850","OSD-321",-0.43,"whole_seedling","dark",FALSE
"GO:0010497 (plasmodesmata-mediated intercellular transport)",0.0719779136265036,0.174639868729999,0.474680684623387,1.43069525714192,364,19,"AT1G04520;AT1G62360;AT2G33330;AT2G43800;AT1G12770;AT1G11130","OSD-321",-0.43,"whole_seedling","dark",FALSE
"GO:0010540 (basipetal auxin transport)",0.528126812294607,0.672161397465863,0.334103784948296,0.947880048565859,2731,15,"AT3G28860;AT4G31820;AT5G55540","OSD-321",-0.43,"whole_seedling","dark",FALSE
"GO:0010555 (response to mannitol)",0.306179775280899,0.482513677275134,-0.343084215986749,-1.11057118265567,1525,24,"AT4G02280;AT3G05360;AT4G34390;AT2G41870;AT3G57540;AT4G17410;AT1G77180;AT3G05010;AT2G23460","OSD-321",-0.43,"whole_seedling","dark",FALSE
"GO:0010584 (pollen exine formation)",0.0141335518230234,0.0525209765275312,-0.57336980063461,-1.68439948047085,68,17,"AT2G02970;AT3G54150;AT1G27600;AT4G01810;AT4G39400;AT3G51050;AT5G05690;AT5G63370","OSD-321",-0.43,"whole_seedling","dark",FALSE
"GO:0010628 (positive regulation of gene expression)",0.176434800243358,0.33119796667966,-0.411785170313028,-1.25076610302425,869,19,"AT3G12977;AT2G21230;AT5G54230;AT1G02140;AT3G09600;AT4G38495;AT1G51510;AT5G04240;AT1G23230","OSD-321",-0.43,"whole_seedling","dark",FALSE
"GO:0010629 (negative regulation of gene expression)",0.0760032428050263,0.179121053971487,-0.427769499076642,-1.39226848572674,374,25,"AT5G13180;AT4G02370;AT5G60120;AT1G06230;AT5G61380;AT3G15210;AT4G16430;AT1G75380;AT2G21230;AT4G37180;AT3G10930;AT4G02360;AT2G47700;AT1G02816","OSD-321",-0.43,"whole_seedling","dark",FALSE
"GO:0010928 (regulation of auxin mediated signaling pathway)",0.873391872575046,0.925672371989749,-0.235042647808741,-0.703386238323773,4276,18,"AT1G59870;AT5G50320;AT1G79570;AT4G37900;AT5G13680;AT2G35050;AT3G11220;AT1G27340","OSD-321",-0.43,"whole_seedling","dark",FALSE
"GO:0012501 (programmed cell death)",0.047328864513508,0.128342236203297,-0.437526635041319,-1.46192693418692,232,28,"AT1G73260;AT1G32230;AT1G64280;AT1G12220;AT1G08720;AT4G35790;AT2G26560;AT3G16770;AT1G29690;AT5G51290;AT4G38360","OSD-321",-0.43,"whole_seedling","dark",FALSE
"GO:0015031 (protein transport)",0.491013071895425,0.647423101856366,-0.26188265502953,-0.976345417449424,2403,44,"AT1G61250;AT1G11180;AT3G49870;AT3G59920;AT5G53480;AT1G34220;AT4G32160;AT2G19710;AT1G13340;AT1G79910;AT1G25420;AT3G15920;AT2G44100;AT3G27325;AT1G03550;AT1G26170;AT5G67560;AT4G29440;AT2G06530;AT5G24350","OSD-321",-0.43,"whole_seedling","dark",FALSE
"GO:0015693 (magnesium ion transport)",0.95813763528691,0.988481228668942,-0.199007246428211,-0.595547062498271,4691,18,"AT2G47600;AT2G21120;AT2G03620;AT5G09720;AT3G58970;AT4G38730;AT5G09690;AT1G16010","OSD-321",-0.43,"whole_seedling","dark",FALSE
"GO:0015706 (nitrate transmembrane transport)",0.153875894065339,0.303715699106014,0.455719386345135,1.29291356016239,795,15,"AT5G62720;AT3G16180;AT1G52190;AT1G69870","OSD-321",-0.43,"whole_seedling","dark",FALSE
"GO:0015979 (photosynthesis)",0.000194969779684149,0.00186712983065567,0.60591894284492,2.27635691944333,0,47,"AT4G09650;AT1G20020;AT2G39470;AT1G12000;AT1G55480;AT4G10340;AT4G22890;AT1G15820;AT5G54270;AT1G67090;AT1G76450;AT1G67740;AT3G55330;AT5G27390;AT3G56650;AT1G20950;AT5G38410;AT1G11750;AT5G64040;AT1G55670;AT2G28605;AT3G03630;AT3G01500;AT1G76550;AT2G31040","OSD-321",-0.43,"whole_seedling","dark",FALSE
"GO:0015986 (proton motive force-driven ATP synthesis)",0.0106487872214553,0.0421748020218165,0.568149818002992,1.71241273616988,53,19,"AT4G09650;AT5G13450;AT4G04640;AT4G32260;AT2G19680;AT4G26210;AT4G29480;AT3G52300;AT2G33040","OSD-321",-0.43,"whole_seedling","dark",FALSE
"GO:0015995 (chlorophyll biosynthetic process)",0.000194590387234871,0.00186712983065567,0.62943906807723,2.26786874078481,0,39,"AT1G10670;AT4G18480;AT3G48730;AT2G40490;AT5G45930;AT5G58250;AT4G27430;AT5G08280;AT4G03205;AT1G69740;AT3G51820;AT5G18660;AT5G13630;AT1G03475;AT1G08520;AT3G14930;AT2G26540;AT2G20180;AT3G14110;AT3G03710;AT1G63970;AT3G59400;AT3G56940;AT5G16440;AT5G63570;AT1G03630;AT1G74470;AT4G25080;AT5G14220;AT2G40400","OSD-321",-0.43,"whole_seedling","dark",FALSE
"GO:0016024 (CDP-diacylglycerol biosynthetic process)",0.785810941426638,0.860105794070611,0.271319233196265,0.769755086667833,4064,15,"AT4G00400;AT3G18850;AT4G01950;AT4G30580;AT1G32200;AT3G60620;AT2G45150","OSD-321",-0.43,"whole_seedling","dark",FALSE
"GO:0016036 (cellular response to phosphate starvation)",0.146106557377049,0.292213114754098,-0.300293821036208,-1.21657798136891,712,66,"AT4G35090;AT1G27320;AT1G62300;AT5G43350;AT5G60410;AT3G05630;AT2G33770;AT5G42870;AT3G04530;AT2G47190;AT1G69480;AT5G23630","OSD-321",-0.43,"whole_seedling","dark",FALSE
"GO:0016117 (carotenoid biosynthetic process)",0.0876953125,0.197425956156716,0.479987770860157,1.40612416925651,448,17,"AT1G10670;AT5G17230;AT3G53130;AT1G31800;AT1G06820;AT4G14210;AT2G48120;AT1G63970;AT3G11945;AT5G57030","OSD-321",-0.43,"whole_seedling","dark",FALSE
"GO:0016126 (sterol biosynthetic process)",0.333532814681827,0.513521111095806,0.344519722266503,1.08541916395117,1671,23,"AT3G52940;AT5G13710;AT1G20330;AT4G22756;AT2G22830;AT1G07420;AT1G58440;AT4G12110;AT1G11680;AT4G34640","OSD-321",-0.43,"whole_seedling","dark",FALSE
"GO:0016132 (brassinosteroid biosynthetic process)",0.872593768604882,0.925672371989749,0.233462261516385,0.710325855035326,4396,20,"AT1G78490;AT5G38970;AT2G45400;AT2G32440;AT3G19820;AT4G31910;AT3G50660;AT1G50430","OSD-321",-0.43,"whole_seedling","dark",FALSE
"GO:0016192 (vesicle-mediated transport)",0.000831427977551445,0.00538193163963408,-0.352677704005602,-1.64719079726176,3,153,"AT3G51890;AT4G32150;AT3G11820;AT4G35860;AT3G13720;AT3G62290;AT3G60190;AT4G26750;AT1G03900;AT1G59820;AT1G18740;AT5G61210;AT5G02040;AT3G52400;AT3G06540;AT1G16240;AT5G56230;AT1G23900;AT4G23460;AT2G38020;AT4G11740;AT3G59920;AT4G27540;AT1G08770;AT5G11490;AT4G17530;AT3G56110;AT1G01960;AT2G36900;AT3G08530;AT5G22360;AT4G24550;AT5G58060;AT5G05987;AT3G54300;AT5G05760;AT4G11380;AT1G04260;AT4G29160;AT1G02130;AT5G05380;AT1G22860;AT2G33120;AT5G51510;AT4G36630;AT3G11130;AT2G39805;AT3G15060;AT5G17060;AT2G42700;AT3G54860;AT1G06400;AT5G01640;AT1G80910;AT1G12360;AT2G27600;AT1G62880;AT1G31730;AT3G19770;AT5G47200;AT3G28430;AT2G44100","OSD-321",-0.43,"whole_seedling","dark",FALSE
"GO:0016226 (iron-sulfur cluster assembly)",0.831869254341164,0.894259448416752,-0.222392386431525,-0.767529843323863,4071,32,"AT1G67810;AT4G22220;AT1G55805;AT2G26060;AT5G09590;AT5G65720;AT5G50960;AT3G20970;AT2G16710","OSD-321",-0.43,"whole_seedling","dark",FALSE
"GO:0016310 (phosphorylation)",0.554090253451473,0.690605243432271,-0.202563355554598,-0.962323741941597,2688,172,"AT3G17410;AT3G20830;AT1G48490;AT3G08760;AT1G03740;AT2G23450;AT5G58540;AT5G42440;AT3G63280;AT5G66790;AT5G45430;AT5G55560;AT3G09840;AT2G43790;AT4G19110;AT5G39020;AT5G59680;AT1G76360;AT1G61590;AT5G57035;AT1G30640;AT3G57770;AT5G10450;AT5G19280;AT1G69790;AT3G58640;AT5G51770;AT2G28960;AT1G71530;AT1G51860;AT3G21070;AT2G23200;AT1G51790;AT5G37450;AT5G46080;AT1G11050;AT5G59270;AT2G45490;AT5G49780;AT1G70740;AT1G77280;AT4G21230","OSD-321",-0.43,"whole_seedling","dark",FALSE
"GO:0016311 (dephosphorylation)",0.386939768809572,0.561622492845118,-0.308084899875491,-1.04581348471364,1907,30,"AT3G17790;AT1G43670;AT2G39840;AT2G01890;AT3G10550;AT5G04540;AT1G50030;AT1G22620","OSD-321",-0.43,"whole_seedling","dark",FALSE
"GO:0016554 (cytidine to uridine editing)",0.213889988128215,0.371867402336147,0.391113243338233,1.20766143017118,1080,21,"AT3G14330;AT3G20930;AT5G66520;AT1G11430;AT4G30700;AT5G61030;AT4G14050;AT1G72530;AT3G02330;AT4G20020","OSD-321",-0.43,"whole_seedling","dark",FALSE
"GO:0016579 (protein deubiquitination)",0.162644494017441,0.311982819429958,-0.418535146921324,-1.27126864305367,801,19,"AT2G40930;AT4G39910;AT3G20630;AT3G11910;AT4G24560;AT5G23540;AT5G06600","OSD-321",-0.43,"whole_seedling","dark",FALSE
"GO:0016925 (protein sumoylation)",0.492027334851936,0.647423101856366,-0.343849928916873,-0.972207190975327,2375,15,"AT5G60410;AT2G21470;AT5G41580;AT1G09730;AT5G55160;AT5G55170","OSD-321",-0.43,"whole_seedling","dark",FALSE
"GO:0017148 (negative regulation of translation)",0.230400957510473,0.391225514003562,0.373974486110636,1.17821723349491,1154,23,"AT3G20390;AT3G12930;AT1G20340;AT1G78630;AT3G02830;AT3G24830;AT4G13170;AT3G07110","OSD-321",-0.43,"whole_seedling","dark",FALSE
"GO:0018119 (peptidyl-cysteine S-nitrosylation)",0.0046394741929248,0.0221663766995296,0.64114754865582,1.8189885806047,23,15,"AT3G12780;AT1G53240;AT4G21280;AT1G09340;AT3G55440;AT4G05180;AT3G52960;AT1G02560;AT4G20360;AT5G20630;AT3G26650;AT1G32060","OSD-321",-0.43,"whole_seedling","dark",FALSE
"GO:0019252 (starch biosynthetic process)",0.000196232339089482,0.00186712983065567,0.663533024063787,2.22589725073259,0,29,"AT1G10670;AT1G66430;AT5G51820;AT3G55800;AT5G48300;AT3G16000;AT1G03310;AT5G04360;AT1G27680;AT2G39930;AT5G39790;AT5G19220;AT5G24300;AT2G36390;AT1G11720;AT2G21590;AT4G18240;AT5G65685;AT3G20440","OSD-321",-0.43,"whole_seedling","dark",FALSE
"GO:0019432 (triglyceride biosynthetic process)",0.60557034609871,0.730567832367582,-0.308996619033267,-0.893984382038409,2956,16,"AT1G12640;AT3G49210;AT1G48300;AT3G51520;AT2G19450","OSD-321",-0.43,"whole_seedling","dark",FALSE
"GO:0019722 (calcium-mediated signaling)",0.492557775166471,0.647423101856366,0.263746872055577,0.976432570056314,2514,44,"AT5G67070;AT3G23805;AT4G04850;AT3G43810;AT2G32390;AT4G14020;AT1G05200;AT3G51480;AT4G13950;AT1G42540;AT1G64150;AT4G33000;AT3G16570","OSD-321",-0.43,"whole_seedling","dark",FALSE
"GO:0019748 (secondary metabolic process)",0.860042528513435,0.916363897637324,0.247845023686877,0.703156814357788,4448,15,"AT2G35450;AT5G36890","OSD-321",-0.43,"whole_seedling","dark",FALSE
"GO:0019760 (glucosinolate metabolic process)",0.0169180595189564,0.0599098342965396,-0.470438305633386,-1.58268841211157,82,29,"AT4G01120;AT3G19290;AT5G63790;AT5G61590;AT5G54680;AT5G13330;AT4G37260;AT1G68360;AT3G11580;AT5G57220;AT2G44730;AT3G53340;AT1G20910;AT4G30550","OSD-321",-0.43,"whole_seedling","dark",FALSE
"GO:0019761 (glucosinolate biosynthetic process)",0.00059206631142688,0.00429963146016056,0.623715511498341,2.04036111425294,2,26,"AT2G22330;AT1G62560;AT5G23020;AT5G14200;AT2G43100;AT1G16410;AT1G16400;AT4G12030;AT5G23010;AT3G58990;AT4G13770;AT1G74090;AT1G18590;AT1G24100;AT3G19710","OSD-321",-0.43,"whole_seedling","dark",FALSE
"GO:0019762 (glucosinolate catabolic process)",0.419641096430684,0.590242850587084,0.341343296962842,1.02881421520109,2127,19,"AT2G43910;AT3G03640;AT3G14210;AT5G26000;AT5G25980;AT2G32860","OSD-321",-0.43,"whole_seedling","dark",FALSE
"GO:0022900 (electron transport chain)",0.105489353389334,0.226802109787068,0.4783678783407,1.37648965021666,539,16,"AT5G66190;AT1G20020;AT1G10960;AT1G32550;AT4G14890","OSD-321",-0.43,"whole_seedling","dark",FALSE
"GO:0030001 (metal ion transport)",0.184343946461164,0.339373259234314,-0.408732618244425,-1.2414942085259,908,19,"AT1G80830;AT3G08650;AT2G47600;AT5G67330;AT5G03280;AT1G68100;AT2G19110;AT1G60960;AT3G13320;AT3G12100","OSD-321",-0.43,"whole_seedling","dark",FALSE
"GO:0030036 (actin cytoskeleton organization)",0.00664192225043954,0.028974182570758,0.617736605072639,1.77751910598993,33,16,"AT1G29170;AT5G01730;AT2G34150;AT3G25500;AT2G31650;AT3G12110;AT4G34490;AT5G18410","OSD-321",-0.43,"whole_seedling","dark",FALSE
"GO:0030048 (actin filament-based movement)",0.809394935240673,0.873218191782948,0.26483605937874,0.751361786771613,4186,15,"AT4G27370;AT2G20290;AT1G04160;AT2G31900;AT1G50360;AT3G58160;AT5G54280","OSD-321",-0.43,"whole_seedling","dark",FALSE
"GO:0030148 (sphingolipid biosynthetic process)",0.556463140698387,0.69212977417444,-0.31014007230432,-0.928122027408023,2724,18,"AT3G48780;AT5G23450;AT1G75000;AT3G06470","OSD-321",-0.43,"whole_seedling","dark",FALSE
"GO:0030150 (protein import into mitochondrial matrix)",0.989540161831458,1,0.161837059120592,0.52941771719203,5013,26,"AT5G11690;AT3G29760;AT1G55900;AT3G20000;AT4G00026;AT2G36070;AT4G26780;AT5G61880;AT3G54826;AT3G09700;AT1G68730;AT1G64220;AT5G55200","OSD-321",-0.43,"whole_seedling","dark",FALSE
"GO:0030154 (cell differentiation)",0.519594462858257,0.665523120512065,0.239680057344599,0.966239061164174,2664,67,"AT1G30210;AT3G60630;AT5G10480;AT2G31070;AT3G15030;AT4G04890;AT4G18390;AT2G30980;AT1G53230;AT4G32890;AT2G45050;AT5G16600;AT1G73690;AT5G60970;AT1G78570;AT1G74560;AT1G17920;AT3G60530;AT4G36710;AT4G36920;AT4G16515;AT3G54010;AT4G36240;AT1G09840;AT3G12280;AT4G21750;AT1G08010;AT3G08550","OSD-321",-0.43,"whole_seedling","dark",FALSE
"GO:0030163 (protein catabolic process)",0.751295336787565,0.840097237988132,0.253980360338283,0.81046243203029,3769,24,"AT2G47940;AT5G64760;AT1G75990;AT2G41110;AT2G34640;AT5G56280;AT4G19006","OSD-321",-0.43,"whole_seedling","dark",FALSE
"GO:0030244 (cellulose biosynthetic process)",0.0123723487824038,0.0474404711274336,0.50215929736592,1.65910020524822,62,27,"AT5G06700;AT1G05850;AT1G02730;AT5G09870;AT4G39350;AT2G32540","OSD-321",-0.43,"whole_seedling","dark",FALSE
"GO:0030422 (siRNA processing)",0.0214061272584446,0.0715916033865759,0.478952985178331,1.58242812625766,108,27,"AT3G49500;AT2G27040;AT2G27840;AT4G20910;AT3G43920;AT2G16390;AT2G40030;AT4G15950;AT2G19910;AT1G63020","OSD-321",-0.43,"whole_seedling","dark",FALSE
"GO:0030488 (tRNA methylation)",0.58984375,0.717345328282828,0.309253586920069,0.905958379352694,3019,17,"AT5G17660;AT2G39670;AT2G13440;AT2G45730;AT1G36310;AT5G24840;AT5G01230;AT4G17610;AT5G14600","OSD-321",-0.43,"whole_seedling","dark",FALSE
"GO:0030968 (endoplasmic reticulum unfolded protein response)",0.675560081466395,0.784259618725743,-0.261033214760717,-0.863865675900401,3316,27,"AT4G21810;AT4G34460;AT3G63310;AT3G58460;AT4G29330;AT4G04860;AT4G15470","OSD-321",-0.43,"whole_seedling","dark",FALSE
"GO:0031047 (regulatory ncRNA-mediated gene silencing)",0.142429682824656,0.286209189440787,0.408193587786496,1.2860254846099,713,23,"AT3G49500;AT3G42670;AT2G27040;AT5G21150;AT3G49250;AT1G69440;AT1G15215;AT5G43810;AT1G63020","OSD-321",-0.43,"whole_seedling","dark",FALSE
"GO:0031124 (mRNA 3'-end processing)",0.155932905363429,0.306769964146354,-0.457168090729315,-1.29260490671484,752,15,"AT4G29820;AT4G04885;AT1G17760;AT2G36480;AT3G26990;AT5G43620;AT1G71800;AT1G73840;AT1G66500;AT5G65180","OSD-321",-0.43,"whole_seedling","dark",FALSE
"GO:0031145 (anaphase-promoting complex-dependent catabolic process)",0.078726313733151,0.184409497538354,0.493778116032993,1.42083216076398,402,16,"AT1G50490;AT4G33270;AT5G13840;AT4G33260;AT2G18290;AT1G78770;AT4G22910","OSD-321",-0.43,"whole_seedling","dark",FALSE
"GO:0031146 (SCF-dependent proteasomal ubiquitin-dependent protein catabolic process)",0.000204582651391162,0.00186712983065567,-0.514367752387469,-2.01651927904868,0,56,"AT1G15740;AT5G57900;AT1G21410;AT2G39940;AT1G55590;AT1G80570;AT5G57360;AT3G26810;AT5G25350;AT1G77000;AT5G43190;AT4G33160;AT1G21760;AT2G25490;AT2G42620;AT1G47056;AT5G27920;AT3G50080;AT3G58530;AT1G75950;AT4G30640;AT5G01720;AT4G15475;AT3G61415;AT5G67250;AT2G17020;AT1G12820","OSD-321",-0.43,"whole_seedling","dark",FALSE
"GO:0031347 (regulation of defense response)",0.103962418300654,0.224320343430084,-0.3481831603372,-1.29808914985206,508,44,"AT3G07780;AT4G14720;AT4G08480;AT5G42950;AT3G56400;AT4G35580;AT5G20900;AT2G02220;AT3G17860;AT3G27960;AT5G40820;AT3G43440;AT5G55390;AT5G13220;AT2G18950;AT4G23810;AT1G19180;AT1G48500;AT4G02590;AT1G72300;AT1G74950;AT1G80840","OSD-321",-0.43,"whole_seedling","dark",FALSE
"GO:0031348 (negative regulation of defense response)",0.0429584599797366,0.119643242831188,-0.447053518482709,-1.47169840038812,211,26,"AT5G48380;AT2G39940;AT3G11820;AT1G64280;AT3G09840;AT2G46370;AT4G37460;AT1G59870","OSD-321",-0.43,"whole_seedling","dark",FALSE
"GO:0031408 (oxylipin biosynthetic process)",0.469343780607248,0.630680705190989,0.332153320462677,0.987379191774572,2395,18,"AT2G23610;AT2G23600;AT3G15850;AT3G50440","OSD-321",-0.43,"whole_seedling","dark",FALSE
"GO:0031425 (chloroplast RNA processing)",0.0168001562805235,0.0599098342965396,0.576951293356987,1.6601605583128,85,16,"AT3G52380;AT3G18110;AT3G18680;AT3G03710;AT4G16390;AT3G63370;AT2G29760;AT5G39980;AT5G53080;AT2G02980","OSD-321",-0.43,"whole_seedling","dark",FALSE
"GO:0031507 (heterochromatin formation)",0.183356017888392,0.338589947143595,0.339063529880504,1.20527109091901,942,37,"AT5G59870;AT5G66750;AT1G54690;AT2G27040;AT2G23380;AT1G51060;AT5G64630;AT3G54560;AT1G65470","OSD-321",-0.43,"whole_seedling","dark",FALSE
"GO:0031647 (regulation of protein stability)",0.73342736248237,0.829930962808997,-0.264604372871697,-0.814876755781936,3639,20,"AT4G39910;AT4G31670;AT4G17895;AT3G11910;AT4G24560;AT5G06600;AT2G22310;AT4G39370;AT5G63460;AT3G49600;AT1G04860","OSD-321",-0.43,"whole_seedling","dark",FALSE
"GO:0032259 (methylation)",0.981920684292379,0.996823359096142,0.167463868536773,0.591991948171656,5050,36,"AT1G48600;AT3G25470;AT4G35160;AT5G10910;AT4G35987;AT1G77520;AT1G23360;AT1G77530","OSD-321",-0.43,"whole_seedling","dark",FALSE
"GO:0032502 (developmental process)",0.0760719225449516,0.179121053971487,0.451392140411627,1.41046103185452,384,22,"AT3G53900;AT3G55240;AT3G57180;AT3G58850;AT5G55580;AT5G22370;AT1G26910;AT4G02990;AT1G26210","OSD-321",-0.43,"whole_seedling","dark",FALSE
"GO:0032508 (DNA duplex unwinding)",0.204523487338102,0.360525879049129,0.432965968347811,1.22836023293899,1057,15,"AT3G09660;AT5G27680;AT3G23700;AT1G31360;AT2G21660;AT2G14050;AT1G79890;AT1G79950","OSD-321",-0.43,"whole_seedling","dark",FALSE
"GO:0032543 (mitochondrial translation)",0.00646425073457395,0.0288257699423223,0.595169160002637,1.76923609661337,32,18,"AT4G02790;AT5G49030;AT3G18240;AT3G02760;AT4G39880;AT4G21460;AT1G47278;AT4G32915;AT4G19540;AT3G59650;AT1G62750;AT4G10650;AT2G44065;AT5G64320","OSD-321",-0.43,"whole_seedling","dark",FALSE
"GO:0032544 (plastid translation)",0.000197589409207666,0.00186712983065567,0.700766884959039,2.18968009223083,0,22,"AT1G68590;AT3G63140;AT5G54600;AT3G56910;AT1G09340;AT2G38140;AT4G31850;AT2G33800;AT3G63190;AT1G79850;AT1G70200;AT3G62910;AT4G37920","OSD-321",-0.43,"whole_seedling","dark",FALSE
"GO:0032875 (regulation of DNA endoreduplication)",0.297082754514785,0.471883425377046,0.368644146664557,1.12162654033441,1496,20,"AT1G14350;AT1G63100;AT3G54180;AT2G39830;AT2G18290;AT1G78770;AT2G38620;AT1G69380;AT5G11510;AT3G12280","OSD-321",-0.43,"whole_seedling","dark",FALSE
"GO:0032968 (positive regulation of transcription elongation by RNA polymerase II)",0.206225680933852,0.36194711347574,-0.422327775703829,-1.22187238411044,1006,16,"AT1G03740;AT5G44290;AT5G53450;AT1G71530","OSD-321",-0.43,"whole_seedling","dark",FALSE
"GO:0032981 (mitochondrial respiratory chain complex I assembly)",0.989055533036076,1,-0.1668826260663,-0.54315565179134,4879,25,"AT5G11770;AT3G60150;AT3G03100;AT1G76060;AT4G31010;AT3G62790;AT4G26965;AT5G60870;AT1G76200;AT1G79010;AT1G62730;AT1G66345;AT2G47690;AT1G52620;AT2G02510;AT3G28700;AT2G44525;AT1G14450;AT3G16010;AT1G22800;AT4G01400;AT1G16700;AT1G72420;AT4G19540;AT1G17350","OSD-321",-0.43,"whole_seedling","dark",FALSE
"GO:0034063 (stress granule assembly)",0.140085766795998,0.282992052386545,-0.436851269889589,-1.30731666912056,685,18,"AT1G26110;AT3G14010;AT3G14100;AT4G00660;AT5G60980;AT1G54170;AT2G45810;AT3G61240","OSD-321",-0.43,"whole_seedling","dark",FALSE
"GO:0034599 (cellular response to oxidative stress)",0.230706075533662,0.391225514003562,-0.311135431986335,-1.15235797697267,1123,43,"AT1G65970;AT1G08830;AT1G65980;AT5G63030;AT1G07380;AT4G04800;AT3G07700;AT5G07470;AT1G60740;AT5G61640;AT1G77370;AT4G35000;AT4G32320;AT2G28190","OSD-321",-0.43,"whole_seedling","dark",FALSE
"GO:0034605 (cellular response to heat)",0.395765472312704,0.567263843648208,-0.262223508222418,-1.03220998856048,1943,57,"AT4G18880;AT5G07100;AT2G30250;AT1G76010;AT1G76560;AT2G25140;AT2G38470;AT5G52640;AT3G51910;AT3G26020;AT3G02990;AT1G80510;AT5G56010;AT1G33270;AT5G16820;AT5G19350;AT1G67970","OSD-321",-0.43,"whole_seedling","dark",FALSE
"GO:0034976 (response to endoplasmic reticulum stress)",0.455257489719992,0.622875020025989,0.289402233650407,0.993889588982675,2324,32,"AT5G48580;AT1G56340;AT5G01660;AT4G24190;AT2G32920;AT1G52260;AT1G04980;AT5G42020;AT5G11340;AT3G16110","OSD-321",-0.43,"whole_seedling","dark",FALSE
"GO:0035196 (miRNA processing)",0.900675814048741,0.946259755771975,-0.231286001593523,-0.669153189622633,4397,16,"AT2G33730;AT3G20550;AT4G21710;AT5G23080;AT5G20170;AT1G24706;AT1G01040;AT3G62800","OSD-321",-0.43,"whole_seedling","dark",FALSE
"GO:0035556 (intracellular signal transduction)",0.00930136420008268,0.0378339273543904,-0.326015793345187,-1.4732446474825,44,122,"AT5G58350;AT1G10210;AT1G48490;AT3G26500;AT3G20410;AT5G24430;AT2G17440;AT2G04550;AT5G45430;AT4G35470;AT5G55560;AT2G43790;AT1G12970;AT4G19110;AT3G05630;AT5G41990;AT2G01450;AT5G07920;AT3G04530;AT4G36450;AT1G30640;AT5G05850;AT3G57530;AT3G10550;AT5G04540;AT4G11330;AT2G18170;AT1G12680;AT4G35310;AT1G59580;AT3G21630;AT3G16785;AT4G23650;AT3G49370;AT2G17290;AT5G66210","OSD-321",-0.43,"whole_seedling","dark",FALSE
"GO:0036297 (interstrand cross-link repair)",0.711192731490431,0.815569226698419,0.289917066009546,0.822518675302428,3678,15,"AT5G65740;AT5G22750;AT1G48360;AT5G44010;AT1G79950;AT5G08110","OSD-321",-0.43,"whole_seedling","dark",FALSE
"GO:0036503 (ERAD pathway)",0.00325534079348932,0.0166247825246472,-0.438178219733266,-1.69306871384694,15,52,"AT4G21810;AT4G03510;AT4G34100;AT4G27470;AT5G25270;AT1G18260;AT1G19310;AT4G28270;AT4G10790;AT3G58460;AT3G58030;AT2G23780;AT4G29960;AT1G17280;AT5G42220;AT4G29330","OSD-321",-0.43,"whole_seedling","dark",FALSE
"GO:0040029 (epigenetic regulation of gene expression)",0.462343525548943,0.626646937870056,-0.245565882996765,-0.996756552659523,2252,67,"AT3G20770;AT5G61060;AT3G52250;AT3G63270;AT3G11100;AT5G27650;AT5G26040;AT5G03280;AT1G54490;AT5G63110;AT3G61740;AT4G00830;AT3G44680;AT4G38495;AT4G38130;AT1G08460;AT5G55390;AT5G11530;AT4G24680;AT1G79350;AT5G53430;AT1G30970;AT3G18520;AT5G04240;AT2G19520;AT2G27350;AT2G46020;AT3G07610;AT4G15180","OSD-321",-0.43,"whole_seedling","dark",FALSE
"GO:0042023 (DNA endoreduplication)",0.414566382218694,0.588606042678429,0.339766739603663,1.03376493594276,2088,20,"AT3G50630;AT1G15570;AT2G29680;AT3G54180;AT4G37630;AT1G47870;AT3G48160;AT2G42260;AT4G22910;AT3G20780","OSD-321",-0.43,"whole_seedling","dark",FALSE
"GO:0042026 (protein refolding)",0.224545102593883,0.387324217081712,0.335702373637154,1.17270283756126,1159,34,"AT1G55490;AT2G28000;AT3G13470;AT5G56500;AT3G23990;AT2G33210;AT3G17830;AT4G39960;AT5G42020;AT4G24280;AT3G13860;AT5G18820;AT5G59610;AT2G22360;AT4G37910;AT1G80030;AT1G26230","OSD-321",-0.43,"whole_seedling","dark",FALSE
"GO:0042127 (regulation of cell population proliferation)",0.0541394981229006,0.141766545991354,0.473582366877157,1.47979863637974,273,22,"AT1G44900;AT4G34160;AT4G37750;AT5G67260;AT3G50070;AT1G11130;AT5G13060;AT1G63980;AT3G59900;AT1G78570;AT5G50915;AT2G26300","OSD-321",-0.43,"whole_seedling","dark",FALSE
"GO:0042147 (retrograde transport, endosome to Golgi)",0.347552305504774,0.525694693250939,-0.322113769536676,-1.07629286503592,1710,28,"AT4G29950;AT5G01430;AT1G48550;AT1G75850;AT2G17790;AT5G05710;AT3G61480;AT3G03180;AT1G05785;AT1G50730;AT4G19490;AT5G28350;AT1G50500;AT4G39890","OSD-321",-0.43,"whole_seedling","dark",FALSE
"GO:0042254 (ribosome biogenesis)",0.000394399526720568,0.00312405940902345,0.648463452185257,2.19452336397964,1,30,"AT5G46580;AT4G12600;AT3G28900;AT2G47610;AT1G52980;AT1G69620;AT3G62870;AT1G26880;AT3G09200;AT1G48630;AT4G22380;AT2G48120;AT3G11250;AT2G40010;AT5G66470","OSD-321",-0.43,"whole_seedling","dark",FALSE
"GO:0042273 (ribosomal large subunit biogenesis)",0.0114443567482242,0.0441927533952074,0.519608960373819,1.68225140625269,57,25,"AT2G20450;AT1G41880;AT3G55750;AT1G25260;AT4G27090;AT5G67510;AT3G49910;AT1G13160;AT2G18220;AT1G07070;AT1G02870;AT3G22660;AT3G55510","OSD-321",-0.43,"whole_seedling","dark",FALSE
"GO:0042538 (hyperosmotic salinity response)",0.130620549338759,0.267461124836506,-0.323413686174297,-1.24963215657988,641,52,"AT5G46050;AT5G46180;AT3G19580;AT3G55610;AT5G58070;AT2G40950;AT4G30960;AT2G25090;AT5G59820;AT1G18260;AT5G19660;AT5G49480","OSD-321",-0.43,"whole_seedling","dark",FALSE
"GO:0042542 (response to hydrogen peroxide)",0.00264657980456026,0.0140994782508432,-0.433545078847811,-1.70659588803294,12,57,"AT1G73260;AT1G34370;AT4G14030;AT4G35090;AT3G17790;AT1G35580;AT4G12570;AT1G22770;AT2G43790;AT5G39610;AT3G29035;AT2G47900;AT3G02860;AT2G18170;AT4G37610;AT4G17410;AT5G05410;AT5G01600;AT3G48360;AT2G19310;AT1G20630;AT1G11760;AT3G10930;AT5G58940;AT1G31770;AT4G23810;AT2G01980","OSD-321",-0.43,"whole_seedling","dark",FALSE
"GO:0042545 (cell wall modification)",0.000193573364305072,0.00186712983065567,0.650743685407937,2.27323077324378,0,34,"AT3G14310;AT3G10720;AT4G33220;AT2G26440;AT5G53370;AT4G02330;AT1G11580;AT3G49220;AT1G25570;AT5G19730;AT5G47500;AT3G43270;AT2G27370;AT1G53840;AT5G06200;AT1G53830;AT1G28340;AT3G11550;AT5G09760","OSD-321",-0.43,"whole_seedling","dark",FALSE
"GO:0042546 (cell wall biogenesis)",0.000194401244167963,0.00186712983065567,0.521420662395861,1.95229631693375,0,46,"AT2G06850;AT1G11545;AT4G30290;AT1G02730;AT4G37800;AT2G33570;AT3G23730;AT4G03210;AT2G36870;AT3G44990;AT5G44670;AT1G01050;AT5G45750;AT5G48070;AT1G65310;AT5G13870;AT4G14130;AT1G64440;AT1G07410;AT1G14720;AT1G01200;AT4G39990;AT5G65270","OSD-321",-0.43,"whole_seedling","dark",FALSE
"GO:0042594 (response to starvation)",0.227933647347942,0.390285258328346,-0.414436968356951,-1.19904281868719,1112,16,"AT1G03380;AT3G62770;AT5G54730;AT2G26890;AT1G54710;AT5G65040","OSD-321",-0.43,"whole_seedling","dark",FALSE
"GO:0042631 (cellular response to water deprivation)",0.165501644736842,0.316292032163743,-0.354747490159432,-1.23122346568719,804,33,"AT3G20660;AT3G06190;AT3G17000;AT1G18390;AT1G64660;AT5G19000;AT2G15970;AT5G24090;AT1G79410;AT3G10550","OSD-321",-0.43,"whole_seedling","dark",FALSE
"GO:0042742 (defense response to bacterium)",0.00021381227282446,0.00186712983065567,-0.384668909091442,-1.95520966073652,0,302,"AT1G73260;AT5G56980;AT5G24530;AT4G39090;AT4G33300;AT2G47130;AT5G46050;AT5G46180;AT1G27320;AT5G04720;AT1G48490;AT5G48380;AT3G05200;AT4G33430;AT3G20770;AT3G30775;AT1G08830;AT3G09830;AT3G01420;AT3G50260;AT2G39940;AT4G04960;AT1G32230;AT5G58430;AT1G80460;AT5G65210;AT4G28350;AT5G27420;AT2G40000;AT1G02860;AT1G64280;AT4G24230;AT1G02120;AT4G26090;AT1G79380;AT4G19660;AT1G66340;AT2G43790;AT5G67330;AT1G33980;AT2G27080;AT2G39050;AT4G02410;AT2G24570;AT1G12220;AT1G59820;AT4G23270;AT4G34390;AT4G18360;AT5G67300;AT3G56400;AT5G45110;AT4G11850;AT5G45410;AT3G19190;AT5G63970;AT4G37460;AT2G38470;AT5G45250;AT3G59700;AT4G22305;AT1G10170;AT5G60270;AT3G45410;AT1G70690;AT5G02310;AT1G52740;AT5G01560;AT5G18525;AT1G59870;AT5G22250;AT1G31280;AT1G16540;AT2G42010;AT4G11650;AT5G52640;AT5G01550;AT5G06320;AT3G49120;AT5G47010;AT4G31750;AT3G50950;AT5G26920;AT5G59260;AT3G46510;AT4G31550;AT4G25030;AT1G15530;AT3G25070;AT3G21630;AT5G57220;AT5G03280;AT1G33520;AT3G44260;AT4G05200;AT5G59270;AT5G52830;AT2G05940;AT5G49520;AT5G18370;AT1G51890;AT4G23100;AT2G33340;AT1G02205;AT1G69220;AT5G60280;AT4G26120;AT2G32800","OSD-321",-0.43,"whole_seedling","dark",FALSE
"GO:0042744 (hydrogen peroxide catabolic process)",0.463219081980357,0.626646937870056,-0.309143134710526,-0.988961659789624,2310,23,"AT4G35090;AT1G65970;AT1G65980;AT1G60740;AT3G27820;AT3G52880;AT4G35000;AT4G32320;AT4G33420;AT1G20630","OSD-321",-0.43,"whole_seedling","dark",FALSE
"GO:0042752 (regulation of circadian rhythm)",0.0982050753043119,0.214979837575257,-0.375194174103696,-1.32046419135015,475,35,"AT1G04400;AT4G33980;AT5G57360;AT1G22770;AT5G42900;AT2G18915;AT5G52660;AT1G10470;AT1G77180;AT3G09600;AT4G08920;AT4G02570;AT3G22380;AT5G02840;AT3G60250;AT5G10140","OSD-321",-0.43,"whole_seedling","dark",TRUE
"GO:0042761 (very long-chain fatty acid biosynthetic process)",0.000987947046038332,0.00632706512462847,0.646077574032263,2.01879288570824,4,22,"AT2G31360;AT3G55360;AT4G13840;AT4G24510;AT3G15850;AT2G32720;AT1G67730;AT1G06350;AT1G06360;AT5G10480;AT3G28910;AT1G01120","OSD-321",-0.43,"whole_seedling","dark",FALSE
"GO:0043067 (regulation of programmed cell death)",0.274033596437968,0.447550866736394,-0.362676963586655,-1.14251067213205,1353,22,"AT5G42050;AT3G23280;AT3G27090;AT1G29030;AT4G20380;AT5G51290;AT5G45100;AT4G19700","OSD-321",-0.43,"whole_seedling","dark",FALSE
"GO:0043068 (positive regulation of programmed cell death)",0.0635742389728722,0.16013260193167,-0.517870620086185,-1.46423628013708,306,15,"AT3G50260;AT2G31880;AT5G39610;AT4G28530;AT1G79340;AT1G02170;AT3G11440;AT5G06100;AT1G12290","OSD-321",-0.43,"whole_seedling","dark",FALSE
"GO:0043069 (negative regulation of programmed cell death)",0.121679172581626,0.252589178945307,-0.436844236533363,-1.32688110876379,599,19,"AT3G11820;AT1G02120;AT4G34180;AT5G47120;AT3G52400","OSD-321",-0.43,"whole_seedling","dark",FALSE
"GO:0043161 (proteasome-mediated ubiquitin-dependent protein catabolic process)",0.00103455410717981,0.00642063476827054,-0.392051784989536,-1.71622897188349,4,101,"AT3G53230;AT4G22820;AT1G14400;AT5G02880;AT1G12440;AT3G53970;AT2G02760;AT3G09840;AT4G38600;AT5G03340;AT4G03020;AT5G38470;AT2G47970;AT1G23390;AT3G22630;AT3G63000;AT4G08455;AT3G54130;AT1G14570;AT3G07370;AT4G12040;AT4G15410;AT1G04810;AT5G23540;AT5G45100;AT4G37880;AT1G51350;AT5G58290;AT1G74770;AT5G66140;AT4G19700;AT4G29040;AT2G22690;AT5G66810;AT5G42790","OSD-321",-0.43,"whole_seedling","dark",FALSE
"GO:0043622 (cortical microtubule organization)",0.0397273612463486,0.113842993840899,0.379222506305344,1.43188352581642,203,48,"AT2G28620;AT3G53760;AT5G66410;AT4G16340;AT5G55230;AT4G18570;AT3G02180;AT5G65930;AT3G23090;AT5G01840;AT1G53510;AT2G07340;AT5G49720;AT1G11160;AT3G50960;AT3G20860;AT1G08780;AT5G64740;AT1G20090;AT3G08670;AT4G18830;AT4G35020","OSD-321",-0.43,"whole_seedling","dark",FALSE
"GO:0044027 (negative regulation of gene expression via chromosomal CpG island methylation)",0.491784264450029,0.647423101856366,0.343641362979867,0.974938945636316,2543,15,"AT4G19020;AT3G43920;AT4G14140;AT4G08590;AT5G13960;AT1G69770;AT1G57820;AT5G49160","OSD-321",-0.43,"whole_seedling","dark",FALSE
"GO:0045010 (actin nucleation)",0.016796875,0.0599098342965396,0.56364757170854,1.651205554887,85,17,"AT3G07540;AT3G25500;AT2G43800;AT5G48360;AT3G05470;AT2G46225;AT5G67470;AT5G18410","OSD-321",-0.43,"whole_seedling","dark",FALSE
"GO:0045036 (protein targeting to chloroplast)",0.749259039715471,0.840097237988132,0.257722873184876,0.805304384151141,3791,22,"AT1G02280;AT4G24280;AT4G26670;AT2G24820;AT5G57180;AT5G55510;AT5G49910;AT3G46740","OSD-321",-0.43,"whole_seedling","dark",FALSE
"GO:0045037 (protein import into chloroplast stroma)",0.0302435192458759,0.0919525181111984,0.467394746037103,1.54424048932231,153,27,"AT5G01590;AT2G20890;AT3G16290;AT2G24020;AT1G79560;AT2G04030;AT4G23940;AT5G53170;AT5G22640;AT2G28900;AT3G04340;AT2G15290;AT5G64580;AT1G04940;AT3G48870","OSD-321",-0.43,"whole_seedling","dark",FALSE
"GO:0045087 (innate immune response)",0.211601307189542,0.370302287581699,-0.293149225722173,-1.15768406754299,1035,58,"AT1G09970;AT2G23770;AT4G11850;AT1G79090;AT5G43560;AT2G02220;AT1G04300;AT5G18610;AT2G33580;AT3G21630;AT4G39260;AT1G61360;AT3G16030;AT2G35110;AT1G61480;AT2G44950;AT4G00830;AT1G17250;AT4G29040;AT1G67520","OSD-321",-0.43,"whole_seedling","dark",FALSE
"GO:0045088 (regulation of innate immune response)",0.0435978004713276,0.120393926072198,0.44974932770786,1.48594122587085,221,27,"AT1G29750;AT5G51560;AT2G02780;AT1G53440;AT4G22730;AT3G14840;AT2G45340;AT1G44830;AT2G37630;AT2G24230;AT1G14390;AT5G58150;AT1G56120","OSD-321",-0.43,"whole_seedling","dark",FALSE
"GO:0045292 (mRNA cis splicing, via spliceosome)",0.125791300796406,0.259336859861084,-0.444767856190168,-1.33100776480147,615,18,"AT1G23860;AT1G14650;AT1G03910;AT3G19670;AT3G13200;AT2G24590;AT3G49130;AT1G13350;AT3G25840","OSD-321",-0.43,"whole_seedling","dark",FALSE
"GO:0045324 (late endosome to vacuole transport)",0.0920705739200973,0.206046414497764,-0.454740965135337,-1.38124105930149,453,19,"AT4G29380;AT4G19640;AT5G13530;AT2G26890;AT3G61710;AT3G19770;AT1G24560;AT2G30330;AT5G07120;AT2G06530;AT1G73030","OSD-321",-0.43,"whole_seedling","dark",FALSE
"GO:0045454 (cell redox homeostasis)",0.302741590511375,0.479606414441704,0.309473921955273,1.10008874047135,1556,37,"AT3G11630;AT1G76080;AT5G15230;AT3G26060;AT3G02730;AT1G67740;AT4G36910;AT5G06290;AT3G52960;AT3G04340;AT5G16400","OSD-321",-0.43,"whole_seedling","dark",FALSE
"GO:0045489 (pectin biosynthetic process)",0.000193573364305072,0.00186712983065567,0.723734053782131,2.52820666507223,0,34,"AT5G06700;AT5G15740;AT3G49720;AT4G32460;AT4G02130;AT5G65810;AT2G33570;AT1G24170;AT3G02250;AT5G47780;AT2G38650;AT3G25140;AT1G13250;AT1G19300;AT1G02720;AT1G70090;AT2G30575;AT3G02350;AT1G14020","OSD-321",-0.43,"whole_seedling","dark",FALSE
"GO:0045490 (pectin catabolic process)",0.000195618153364632,0.00186712983065567,0.709564459631159,2.59978307483945,0,42,"AT3G54920;AT3G14310;AT3G07010;AT3G10720;AT4G33220;AT1G04680;AT5G48900;AT2G26440;AT5G53370;AT4G24780;AT5G04310;AT4G02330;AT3G53190;AT1G11580;AT3G49220;AT5G19730;AT5G47500;AT5G63180;AT1G67750;AT3G43270;AT3G27400;AT1G53840;AT1G53830","OSD-321",-0.43,"whole_seedling","dark",FALSE
"GO:0045492 (xylan biosynthetic process)",0.997146351406441,1,-0.144758845619564,-0.487009975100277,4891,29,"AT1G67330;AT1G27930;AT1G27600;AT4G36890;AT1G08990;AT1G77130;AT5G61840;AT3G46440","OSD-321",-0.43,"whole_seedling","dark",FALSE
"GO:0045814 (negative regulation of gene expression, epigenetic)",0.762533525892304,0.843772630061364,-0.234340449651841,-0.824741410469307,3695,35,"AT5G61060;AT3G10490;AT4G02020;AT3G10480;AT1G21610;AT5G16680;AT5G11530;AT5G44280;AT5G17690;AT3G18520;AT5G01270;AT2G27350;AT3G44530","OSD-321",-0.43,"whole_seedling","dark",FALSE
"GO:0045892 (negative regulation of DNA-templated transcription)",0.00020755500207555,0.00186712983065567,-0.424465136778151,-1.95575124632107,0,139,"AT1G13260;AT5G13180;AT4G36900;AT5G63190;AT3G19580;AT5G08790;AT5G47390;AT4G33980;AT1G62300;AT3G48390;AT5G42900;AT2G35270;AT1G27730;AT3G56400;AT2G30470;AT1G30500;AT4G37460;AT5G62000;AT5G24470;AT4G35580;AT5G02810;AT3G15210;AT3G29575;AT4G05420;AT3G10490;AT3G02140;AT2G34720;AT4G24800;AT3G02860;AT1G50640;AT1G75380;AT5G08550;AT1G68840;AT1G15750;AT2G40260;AT4G36990;AT3G10480;AT5G06950;AT4G11660;AT2G36080;AT1G02580;AT5G52830;AT2G20080;AT4G19190;AT1G17760;AT4G27310;AT5G67450;AT1G75080;AT3G26744;AT1G60650;AT2G46830;AT2G47210;AT4G21670;AT1G13740;AT4G38130;AT5G63320;AT2G32700;AT3G20310;AT3G48710;AT2G39810;AT2G33550;AT5G11530;AT5G04280;AT4G32551;AT3G01320;AT5G44280;AT5G37380;AT1G74660;AT1G69260;AT5G17690;AT4G28910","OSD-321",-0.43,"whole_seedling","dark",FALSE
"GO:0045893 (positive regulation of DNA-templated transcription)",0.000210659363808721,0.00186712983065567,-0.35906643473626,-1.75877508165567,0,219,"AT1G07530;AT3G19290;AT5G46760;AT4G18880;AT1G73500;AT5G04410;AT3G10500;AT2G46680;AT1G34190;AT5G61600;AT2G42400;AT5G49450;AT5G08790;AT5G61590;AT1G46768;AT4G17500;AT1G64280;AT2G24550;AT1G77450;AT4G34000;AT1G32640;AT3G62420;AT3G61890;AT2G40950;AT5G39610;AT3G54620;AT4G28530;AT5G13330;AT3G04740;AT5G22290;AT1G56280;AT1G34180;AT4G27410;AT2G47190;AT5G62470;AT5G67060;AT1G25540;AT4G35900;AT3G05690;AT1G75490;AT2G30040;AT2G30340;AT5G64220;AT1G35660;AT3G56850;AT5G08520;AT1G69600;AT4G32910;AT2G22430;AT3G22170;AT3G24500;AT3G16770;AT5G47230;AT1G50030;AT3G24140;AT1G77180;AT1G20980;AT5G24890;AT1G03970;AT5G06950;AT5G05410;AT3G24310;AT3G11020;AT5G49520;AT3G01470;AT5G20730;AT5G17800;AT3G11440;AT3G58680;AT2G35110;AT5G09410;AT3G47600;AT5G44080;AT3G26744;AT4G00830;AT4G31510;AT2G42430;AT2G46830;AT3G54810;AT5G06100;AT2G01570;AT2G32700;AT3G01770;AT1G61040;AT2G36270;AT2G16365;AT1G49720;AT4G00210;AT2G45660;AT2G20880;AT2G04880;AT1G28470;AT3G22990;AT2G40340;AT4G23810;AT1G56170","OSD-321",-0.43,"whole_seedling","dark",FALSE
"GO:0045944 (positive regulation of transcription by RNA polymerase II)",0.726710634789777,0.823879100081819,-0.209982049463277,-0.870516828513184,3525,75,"AT2G37520;AT4G04920;AT3G04740;AT1G25540;AT5G20240;AT3G54350;AT3G06010;AT1G43850;AT4G25520;AT3G26730;AT1G66750;AT1G55325;AT5G12230;AT5G62090;AT3G09600;AT4G19600;AT1G11760;AT3G57390;AT1G79000;AT1G26665;AT2G45660;AT5G10140;AT4G25515;AT1G16710;AT3G12980;AT1G26660;AT1G27630;AT2G14210;AT2G46020;AT3G06400;AT2G27980","OSD-321",-0.43,"whole_seedling","dark",FALSE
"GO:0046685 (response to arsenic-containing substance)",0.0441085110788983,0.121248053285373,-0.542731245790367,-1.53452763996922,212,15,"AT1G30400;AT5G44610;AT4G13180;AT5G52640;AT2G21045;AT5G42790;AT4G10380;AT4G18910;AT5G44070","OSD-321",-0.43,"whole_seedling","dark",FALSE
"GO:0046686 (response to cadmium ion)",0.321693328131096,0.49912212251268,0.271384911496884,1.07323992514903,1648,60,"AT5G35630;AT1G68560;AT1G75040;AT4G25100;AT4G28630;AT5G64940;AT3G48670;AT3G56240;AT2G30860;AT3G02570;AT3G09200;AT3G06930","OSD-321",-0.43,"whole_seedling","dark",FALSE
"GO:0046777 (protein autophosphorylation)",0.000206185567010309,0.00186712983065567,-0.416249801907305,-1.8392712994064,0,106,"AT5G58350;AT1G09970;AT4G05150;AT1G16130;AT4G08500;AT1G73500;AT2G03890;AT5G14640;AT5G24430;AT2G46500;AT1G67580;AT1G12970;AT5G41990;AT4G00720;AT3G29160;AT1G08720;AT2G01450;AT3G51550;AT3G61160;AT3G59700;AT3G45410;AT1G16670;AT4G28860;AT2G30040;AT1G10470;AT3G24550;AT4G32300;AT4G28490;AT5G07280;AT5G03730;AT3G21630;AT2G39660;AT4G23650;AT4G03260;AT2G17290;AT1G08680;AT5G35980;AT1G09020;AT1G69220;AT5G60280;AT4G08920;AT4G28540;AT4G18710;AT5G25440;AT5G38210;AT1G35670","OSD-321",-0.43,"whole_seedling","dark",FALSE
"GO:0046854 (phosphatidylinositol phosphate biosynthetic process)",0.376313662085691,0.557221611242732,-0.340409797126075,-1.06124727230552,1861,21,"AT2G03890;AT2G46500;AT5G64090;AT5G64070;AT4G33240","OSD-321",-0.43,"whole_seedling","dark",FALSE
"GO:0046856 (phosphatidylinositol dephosphorylation)",0.0877931449188214,0.197425956156716,-0.432298229655201,-1.38293989651185,437,23,"AT1G65580;AT1G17340;AT3G19420;AT3G10550;AT5G04540;AT3G51830;AT1G22620;AT3G14205;AT5G20840","OSD-321",-0.43,"whole_seedling","dark",FALSE
"GO:0048229 (gametophyte development)",0.0233393177737881,0.0767774278678714,0.505300576871162,1.59196381003488,116,23,"AT3G48610;AT2G31270;AT3G49670;AT1G18370;AT5G65700;AT5G62270;AT3G57550;AT2G41880;AT3G25100;AT2G26870","OSD-321",-0.43,"whole_seedling","dark",FALSE
"GO:0048278 (vesicle docking)",0.19338370430876,0.350653584318897,-0.414638625523843,-1.24084333541153,946,18,"AT3G11820;AT3G52400;AT1G16240;AT3G61450;AT3G09740;AT5G05760","OSD-321",-0.43,"whole_seedling","dark",FALSE
"GO:0048316 (seed development)",0.375244427062964,0.557221611242732,0.267498535036501,1.04104827706343,1918,56,"AT4G24120;AT4G34160;AT4G34710;AT4G15802;AT5G24380;AT5G67260;AT3G54650;AT4G14510;AT3G50070;AT3G23070;AT5G53550","OSD-321",-0.43,"whole_seedling","dark",FALSE
"GO:0048354 (mucilage biosynthetic process involved in seed coat development)",0.1791015625,0.333805388931889,0.428754272049124,1.25603563507434,916,17,"AT2G35620;AT5G09870;AT1G21070;AT1G02720;AT3G46550","OSD-321",-0.43,"whole_seedling","dark",FALSE
"GO:0048364 (root development)",0.739617539115318,0.835099903202653,0.190324074053694,0.896348798702514,3828,175,"AT3G14310;AT5G55730;AT3G28860;AT1G44900;AT3G14370;AT1G78580;AT3G18130;AT3G56370;AT3G48610;AT4G16780;AT5G65683;AT1G70560;AT1G26960;AT2G05520;AT3G23940;AT1G23080;AT3G44750;AT1G05630;AT1G76240;AT1G48630;AT2G39830;AT1G06150;AT1G70940;AT2G27230;AT1G01950;AT1G53700;AT2G02080;AT4G09510;AT2G25170;AT5G59030;AT4G30340;AT5G55580","OSD-321",-0.43,"whole_seedling","dark",FALSE
"GO:0048366 (leaf development)",0.251550387596899,0.418324125230203,0.248101668945925,1.10326693843046,1297,118,"AT1G10670;AT3G49500;AT1G30210;AT1G14280;AT1G70560;AT1G04020;AT3G47450;AT2G31070;AT1G19300;AT3G15030;AT5G41920;AT5G05620;AT4G18390;AT3G13960;AT4G21310;AT1G11130;AT1G53230;AT5G64630;AT4G21550;AT3G61650;AT1G31040;AT4G37650;AT2G42200;AT3G52910;AT2G37860;AT4G30340;AT1G65470;AT2G24060;AT4G20360","OSD-321",-0.43,"whole_seedling","dark",FALSE
"GO:0048367 (shoot system development)",0.817197712418301,0.880059074912016,-0.204727210512451,-0.808494135431922,4000,58,"AT1G01550;AT3G16857;AT2G46080;AT3G22200;AT4G29900","OSD-321",-0.43,"whole_seedling","dark",FALSE
"GO:0048443 (stamen development)",0.443359375,0.612161338876147,0.343389366914994,1.00595914645822,2269,17,"AT3G28860;AT4G03190;AT2G36910","OSD-321",-0.43,"whole_seedling","dark",FALSE
"GO:0048467 (gynoecium development)",0.273516071780714,0.447550866736394,0.380676298240723,1.14736451690984,1386,19,"AT3G49500;AT1G70560;AT4G24670;AT4G17460;AT3G53020;AT1G74720;AT1G75520","OSD-321",-0.43,"whole_seedling","dark",FALSE
"GO:0048481 (plant ovule development)",0.395613004308656,0.567263843648208,0.279868159238504,1.03611612100787,2019,44,"AT2G25840;AT1G71830;AT1G24260;AT5G49030;AT1G17560;AT4G17300;AT2G30370;AT5G21150;AT3G55400;AT1G11130;AT5G62230;AT3G58780;AT5G52520;AT5G07180;AT1G32240;AT4G36920","OSD-321",-0.43,"whole_seedling","dark",FALSE
"GO:0048510 (regulation of timing of transition from vegetative to reproductive phase)",0.351583248212462,0.530458935899504,-0.310333782641766,-1.07103684344192,1720,32,"AT1G75410;AT5G61060;AT5G12840;AT3G06500;AT2G34720;AT1G10480;AT5G03730;AT1G72390;AT5G63110;AT5G23150;AT1G27360;AT2G19520;AT1G04080;AT3G06400;AT5G14530","OSD-321",-0.43,"whole_seedling","dark",FALSE
"GO:0048527 (lateral root development)",0.065439672801636,0.16414451261077,-0.370225247844894,-1.36669652325799,319,42,"AT1G13260;AT1G56010;AT5G47390;AT3G16640;AT5G39610;AT5G13080;AT5G47040;AT1G60940;AT4G34460;AT3G07360","OSD-321",-0.43,"whole_seedling","dark",FALSE
"GO:0048544 (recognition of pollen)",0.862005707297187,0.916832925429164,-0.220858928699652,-0.74303232321545,4228,29,"AT5G03700;AT2G19130;AT1G34300","OSD-321",-0.43,"whole_seedling","dark",FALSE
"GO:0048564 (photosystem I assembly)",0.021264256717572,0.0715144276199908,0.577784582354034,1.63922260882827,109,15,"AT5G44650;AT2G34860;AT3G56010;AT3G55250;AT5G35220;AT1G22700;AT4G15510;AT5G42270;AT3G22690;AT2G15820;AT5G44660;AT2G30950","OSD-321",-0.43,"whole_seedling","dark",FALSE
"GO:0048573 (photoperiodism, flowering)",0.00123279227450175,0.00746435213887167,-0.497715039254941,-1.88619108428187,5,48,"AT1G18390;AT4G33980;AT5G64930;AT1G25560;AT1G27650;AT5G41990;AT5G42820;AT2G29950;AT5G62640;AT4G02440;AT3G44110;AT3G10490;AT2G25930;AT2G42280;AT1G30810;AT4G00450;AT1G10390;AT3G10480;AT2G35510;AT3G09600","OSD-321",-0.43,"whole_seedling","dark",FALSE
"GO:0048574 (long-day photoperiodism, flowering)",0.230379233421213,0.391225514003562,-0.39148798030417,-1.1891149337254,1135,19,"AT1G04400;AT2G42400;AT3G13670;AT1G18450;AT1G80680;AT1G72390;AT5G47640","OSD-321",-0.43,"whole_seedling","dark",FALSE
"GO:0048653 (anther development)",0.327589582925397,0.505663920310484,0.316293293101177,1.08624113612768,1672,32,"AT3G49670;AT1G60800;AT2G23950;AT1G02065;AT5G65700;AT5G43270;AT4G30520;AT2G42200;AT5G66350;AT1G75520;AT3G51060;AT5G12330;AT5G45780","OSD-321",-0.43,"whole_seedling","dark",FALSE
"GO:0048767 (root hair elongation)",0.162728580234231,0.311982819429958,-0.319516651862502,-1.21087251236132,791,48,"AT2G24260;AT4G14430;AT5G58650;AT2G47000;AT3G18780;AT2G26650;AT3G06810;AT1G10480;AT5G16910;AT5G05980;AT4G05530;AT4G30160;AT4G28710;AT3G20630","OSD-321",-0.43,"whole_seedling","dark",FALSE
"GO:0048768 (root hair cell tip growth)",0.103227099619162,0.223534942340776,-0.423076438720378,-1.35343900632493,514,23,"AT5G44610;AT5G64070;AT3G18780;AT3G16640;AT5G27840","OSD-321",-0.43,"whole_seedling","dark",FALSE
"GO:0048825 (cotyledon development)",0.202048050413549,0.360525879049129,0.351228278131483,1.19724126702903,1025,31,"AT3G14370;AT1G70560;AT4G31820;AT3G15030;AT4G04890;AT4G24670;AT3G54180;AT1G53700;AT2G26700","OSD-321",-0.43,"whole_seedling","dark",FALSE
"GO:0048868 (pollen tube development)",0.0189591797252854,0.064849012469442,0.439660662371316,1.57535263297238,97,38,"AT3G28180;AT1G79500;AT4G31590;AT2G24630;AT3G06430;AT1G16340;AT2G34090;AT2G47510;AT5G62270;AT1G25450;AT5G04480;AT4G07960;AT3G59760;AT4G05450;AT2G32440;AT4G01220","OSD-321",-0.43,"whole_seedling","dark",FALSE
"GO:0050821 (protein stabilization)",0.907261247040253,0.948214011663597,0.211693761244824,0.685365639754988,4597,25,"AT5G52060;AT2G28000;AT2G04030;AT1G55670;AT5G17710;AT5G56000;AT3G07770;AT5G62100;AT3G54826;AT5G56030;AT5G06130","OSD-321",-0.43,"whole_seedling","dark",FALSE
"GO:0050826 (response to freezing)",0.0126608127424954,0.0482392991834319,-0.56085237476143,-1.67840111493045,61,18,"AT2G43790;AT5G58070;AT5G60410;AT1G16670;AT5G10450;AT5G65430;AT5G09410;AT3G26744;AT3G45640;AT3G06510;AT3G27660","OSD-321",-0.43,"whole_seedling","dark",FALSE
"GO:0050829 (defense response to Gram-negative bacterium)",0.0453559455728653,0.123548774818393,0.50522134574945,1.52274530349614,229,19,"AT3G23820;AT3G14310;AT4G33220;AT2G20890","OSD-321",-0.43,"whole_seedling","dark",FALSE
"GO:0050832 (defense response to fungus)",0.000209599664640537,0.00186712983065567,-0.373524148401505,-1.81167395455221,0,202,"AT2G01650;AT4G33300;AT2G19810;AT5G04720;AT1G47128;AT5G43580;AT3G13790;AT4G33430;AT5G61600;AT3G62770;AT3G01420;AT1G49050;AT1G03850;AT2G39940;AT3G11820;AT1G45145;AT5G58430;AT1G64280;AT3G05360;AT4G24230;AT1G15010;AT4G19660;AT3G60190;AT5G25110;AT2G15890;AT4G21980;AT1G59820;AT4G34390;AT3G52400;AT5G67300;AT3G10190;AT2G35000;AT3G56400;AT5G45110;AT2G40140;AT5G24090;AT3G19190;AT3G04570;AT4G34460;AT2G41160;AT3G51550;AT1G80080;AT5G39580;AT2G38470;AT2G31260;AT3G09030;AT3G45410;AT5G02310;AT1G25540;AT3G61980;AT1G59870;AT4G15330;AT1G01470;AT2G14560;AT3G49120;AT3G12140;AT5G13020;AT4G23570;AT1G20440;AT1G75380;AT1G17780;AT1G10920;AT2G39660;AT4G31180;AT5G45900;AT5G57220;AT1G70170;AT5G03280;AT2G31865;AT3G61710;AT3G12500;AT4G11260;AT5G25910;AT5G66910;AT4G23100;AT4G20830;AT5G10520;AT1G02205;AT5G60280;AT4G26120","OSD-321",-0.43,"whole_seedling","dark",FALSE
"GO:0051017 (actin filament bundle assembly)",0.785743547726342,0.860105794070611,-0.264450386793281,-0.776880982625701,3835,17,"AT1G76030;AT3G55770;AT1G01780","OSD-321",-0.43,"whole_seedling","dark",FALSE
"GO:0051085 (chaperone cofactor-dependent protein refolding)",0.549512670565302,0.686966288652141,0.25624032648233,0.945438344453846,2818,43,"AT1G55490;AT2G44650;AT3G13470;AT5G20720;AT3G60210;AT5G56500;AT3G17830;AT4G39960;AT5G42020;AT1G23100;AT4G24280;AT1G14980;AT5G59610;AT2G22360;AT4G37910;AT1G80030","OSD-321",-0.43,"whole_seedling","dark",FALSE
"GO:0051211 (anisotropic cell growth)",0.0742315870867968,0.178037511658373,0.506266805564082,1.4363207657753,383,15,"AT5G66410;AT4G16340;AT1G77460;AT4G18570;AT1G74720;AT3G50960;AT1G20090;AT4G35020","OSD-321",-0.43,"whole_seedling","dark",FALSE
"GO:0051225 (spindle assembly)",0.00176609105180534,0.0104234001292825,0.563805649791382,1.89135039297983,8,29,"AT1G50710;AT3G43610;AT1G03780;AT3G53760;AT3G47690;AT4G27180;AT5G54670;AT5G67270;AT5G17620;AT3G19570;AT5G43160;AT4G30710;AT1G80260;AT4G05190;AT5G27550;AT4G21270;AT2G41350","OSD-321",-0.43,"whole_seedling","dark",FALSE
"GO:0051301 (cell division)",0.358794946550049,0.538639795070148,0.250126421947659,1.04804508538983,1845,83,"AT4G30290;AT3G25520;AT4G26760;AT1G78580;AT5G39740;AT1G75710;AT3G18730;AT5G55280;AT3G60630;AT1G63680;AT5G65800;AT3G60660;AT3G24770;AT2G18290;AT1G46480;AT5G38110;AT2G25170;AT3G15770;AT1G78770;AT1G65470","OSD-321",-0.43,"whole_seedling","dark",FALSE
"GO:0051302 (regulation of cell division)",0.00922291993720565,0.0377700530761755,0.50867430971439,1.70640602117599,46,29,"AT3G56370;AT2G26330;AT5G10480;AT1G08260;AT3G51800;AT3G54650;AT3G22780;AT5G10150;AT2G28150;AT2G40360;AT5G03150;AT1G72440;AT1G69380","OSD-321",-0.43,"whole_seedling","dark",FALSE
"GO:0051321 (meiotic cell cycle)",0.5655090765588,0.697172065559849,0.286126674025535,0.926344686973018,2865,25,"AT3G43610;AT3G53760;AT5G08020;AT5G61000","OSD-321",-0.43,"whole_seedling","dark",FALSE
"GO:0051453 (regulation of intracellular pH)",0.453959298811203,0.622513662606706,-0.324932386584796,-1.00066316423685,2252,20,"AT5G27150;AT5G47560;AT3G05030;AT4G30190;AT1G54370;AT2G24520;AT1G79610;AT3G47950;AT2G01980;AT3G06370","OSD-321",-0.43,"whole_seedling","dark",FALSE
"GO:0051510 (regulation of unidimensional cell growth)",0.435268302413724,0.60796175882381,0.321623719313518,1.01328465676081,2181,23,"AT3G14310;AT5G54380","OSD-321",-0.43,"whole_seedling","dark",FALSE
"GO:0051555 (flavonol biosynthetic process)",0.0223223428220356,0.0738354416421179,-0.567178666401115,-1.64095280775024,108,16,"AT4G34131;AT4G34138;AT2G15490;AT5G63600;AT2G15480","OSD-321",-0.43,"whole_seedling","dark",FALSE
"GO:0051592 (response to calcium ion)",0.0726975699407801,0.175055748417398,-0.480151493558621,-1.43689647827044,355,18,"AT4G30960;AT2G30360;AT5G37500;AT3G51860;AT4G20260;AT1G01340;AT3G59690;AT2G36850","OSD-321",-0.43,"whole_seedling","dark",FALSE
"GO:0051603 (proteolysis involved in protein catabolic process)",0.000204624514016779,0.00186712983065567,-0.579211223665969,-2.10984884371155,0,40,"AT4G16190;AT4G32940;AT4G39090;AT1G47128;AT4G01610;AT5G60360;AT3G19390;AT2G22010;AT1G02305;AT1G77000;AT5G22000;AT5G53350;AT2G41790","OSD-321",-0.43,"whole_seedling","dark",FALSE
"GO:0051607 (defense response to virus)",0.0946029140160066,0.208611553984014,-0.344508739684993,-1.30151705784196,460,47,"AT3G20250;AT1G04400;AT2G19810;AT5G24590;AT5G42950;AT3G49870;AT5G03210;AT3G11410;AT1G31280;AT5G06320;AT2G26560;AT2G35980;AT2G21120;AT3G61260;AT5G20320","OSD-321",-0.43,"whole_seedling","dark",FALSE
"GO:0051707 (response to other organism)",0.000409668168783286,0.00315603775711616,-0.673221661822327,-1.97773621170867,1,17,"AT4G34131;AT2G15490;AT3G54950;AT2G15480;AT5G64930;AT5G61210;AT2G30110;AT1G70690;AT2G35980;AT3G16770","OSD-321",-0.43,"whole_seedling","dark",FALSE
"GO:0051726 (regulation of cell cycle)",0.687959736740225,0.794917008671047,0.246132528699648,0.859810169630153,3553,34,"AT1G07370;AT3G50000;AT1G26330;AT5G09790;AT2G36010;AT1G18040;AT5G45610;AT2G18040;AT1G73690;AT2G38620;AT3G27060","OSD-321",-0.43,"whole_seedling","dark",FALSE
"GO:0051865 (protein autoubiquitination)",0.00223078483066315,0.0125507707295254,-0.61616898234982,-1.87156637105763,10,19,"AT1G26800;AT3G19910;AT3G12630;AT3G46620;AT5G10650;AT3G11840;AT5G59550;AT3G52450;AT2G37150;AT3G58030","OSD-321",-0.43,"whole_seedling","dark",FALSE
"GO:0052544 (defense response by callose deposition in cell wall)",0.626294198085564,0.743647154334338,0.306041799997309,0.880626374185482,3205,16,"AT2G22330;AT5G46330;AT1G24100","OSD-321",-0.43,"whole_seedling","dark",FALSE
"GO:0055046 (microgametogenesis)",0.0342534757203304,0.102082140513064,-0.504115360038156,-1.5524758138707,169,20,"AT2G24260;AT3G26500;AT1G12970;AT5G22000;AT5G12840;AT5G05850;AT1G60490;AT4G33620;AT1G74260;AT3G55220;AT5G40740","OSD-321",-0.43,"whole_seedling","dark",FALSE
"GO:0060586 (multicellular organismal-level iron ion homeostasis)",0.0180577849117175,0.0621187800963082,-0.499830588600656,-1.61796265186141,89,24,"AT5G67330;AT1G20110;AT3G18290;AT1G07030;AT3G47640;AT3G13440;AT3G56980;AT1G58340;AT5G01600","OSD-321",-0.43,"whole_seedling","dark",FALSE
"GO:0061025 (membrane fusion)",0.179870654810024,0.334204117887761,-0.398213792689641,-1.24145457872883,889,21,"AT4G32150;AT3G11820;AT5G61210;AT3G52400;AT3G21520;AT5G05760;AT4G15410","OSD-321",-0.43,"whole_seedling","dark",FALSE
"GO:0061077 (chaperone-mediated protein folding)",0.566307541625857,0.697172065559849,0.310412762402601,0.922751884673792,2890,18,"AT5G48580;AT5G55220;AT3G47650;AT4G29520;AT5G48570;AT2G30695;AT3G25220;AT3G54010;AT3G25230;AT3G53990;AT5G56030","OSD-321",-0.43,"whole_seedling","dark",FALSE
"GO:0070417 (cellular response to cold)",0.527276295133438,0.672161397465863,0.283421866325101,0.95077099431587,2686,29,"AT1G16390;AT3G61580;AT5G12140;AT3G05740;AT1G10930;AT1G01120;AT1G60930;AT1G05200","OSD-321",-0.43,"whole_seedling","dark",FALSE
"GO:0070588 (calcium ion transmembrane transport)",0.669751870815282,0.781377182617829,0.255485372625351,0.870879853002198,3400,31,"AT2G38170;AT4G35920;AT1G35720;AT2G41560;AT4G00900;AT5G07320;AT2G28260;AT2G17780;AT5G61810;AT1G64150","OSD-321",-0.43,"whole_seedling","dark",FALSE
"GO:0071215 (cellular response to abscisic acid stimulus)",0.120867978097749,0.252589178945307,-0.382384507868441,-1.2980281566413,595,30,"AT1G27320;AT4G21534;AT1G18390;AT4G02370;AT4G21540;AT1G80080;AT3G07360","OSD-321",-0.43,"whole_seedling","dark",FALSE
"GO:0071230 (cellular response to amino acid stimulus)",0.31958341841944,0.497129761985796,-0.367722029815018,-1.10044120806041,1564,18,"AT3G08850;AT5G48410;AT5G11210;AT2G24710;AT2G24720;AT5G48400;AT3G07520","OSD-321",-0.43,"whole_seedling","dark",FALSE
"GO:0071365 (cellular response to auxin stimulus)",0.46662657847264,0.628432215303197,-0.308586046387122,-0.987179511227666,2327,23,"AT1G21410;AT3G53970;AT5G54500;AT2G46370;AT3G13300;AT4G23570;AT1G79570","OSD-321",-0.43,"whole_seedling","dark",FALSE
"GO:0071456 (cellular response to hypoxia)",0.000209643605870021,0.00186712983065567,-0.58865454106311,-2.8710828646572,0,211,"AT3G52800;AT1G10140;AT5G24530;AT1G13260;AT4G32480;AT1G76600;AT1G14200;AT1G13360;AT4G34131;AT1G26800;AT4G17230;AT1G73500;AT5G63790;AT4G38470;AT1G69890;AT3G02040;AT1G03220;AT1G26270;AT3G56880;AT3G30775;AT1G30720;AT4G20860;AT5G20250;AT5G42050;AT1G68620;AT1G19530;AT5G27420;AT2G41430;AT2G40000;AT2G46500;AT2G18670;AT5G04340;AT4G19880;AT4G24230;AT1G15010;AT1G55810;AT4G27470;AT5G19120;AT5G66650;AT3G49780;AT3G08720;AT5G58070;AT1G25560;AT2G15890;AT1G19020;AT5G24590;AT4G34150;AT1G01720;AT2G36220;AT2G36460;AT5G59820;AT5G64260;AT1G07870;AT2G26190;AT3G14100;AT1G23710;AT1G27730;AT3G13310;AT3G56400;AT3G05120;AT2G40140;AT5G20230;AT2G47730;AT3G15210;AT3G18290;AT1G09070;AT1G76680;AT5G35735;AT5G03380;AT3G10020;AT4G27280;AT4G24160;AT1G03610;AT1G72900;AT5G65207;AT3G04640;AT4G19520;AT1G63090;AT1G02360;AT5G06320;AT4G27657;AT5G13190;AT1G61340;AT5G26920;AT1G78850;AT4G23570;AT2G25735;AT2G26560;AT3G24500;AT5G25250;AT1G67360;AT1G68840;AT2G41010;AT4G24570;AT5G57220;AT1G07150;AT1G78070;AT5G19230;AT5G05410;AT4G11660;AT3G07350;AT5G42200;AT3G55980;AT1G68690","OSD-321",-0.43,"whole_seedling","dark",FALSE
"GO:0071472 (cellular response to salt stress)",0.000411184210526316,0.00315603775711616,-0.580956708169741,-2.01632866049454,1,33,"AT1G34370;AT3G06190;AT1G78080;AT1G08830;AT4G16830;AT1G67580;AT5G19000;AT5G24270;AT1G79410;AT3G45410;AT1G53210;AT4G20260;AT5G62460","OSD-321",-0.43,"whole_seedling","dark",FALSE
"GO:0071555 (cell wall organization)",0.0001953125,0.00186712983065567,0.711003718640311,2.08288538564179,0,17,"AT5G45280;AT3G05910;AT4G19410;AT3G28180;AT4G31590;AT3G62060;AT2G24630;AT2G46930;AT5G26670","OSD-321",-0.43,"whole_seedling","dark",FALSE
"GO:0071577 (zinc ion transmembrane transport)",0.112652723131083,0.239635828003223,-0.48152843901713,-1.36148177359302,543,15,"AT3G08650;AT2G32270;AT2G46800;AT5G59520;AT3G58810;AT1G68100","OSD-321",-0.43,"whole_seedling","dark",FALSE
"GO:0071805 (potassium ion transmembrane transport)",0.0272136474411048,0.0851587136051148,-0.447757547234467,-1.53165451252183,133,31,"AT1G31120;AT4G32650;AT2G35060;AT1G70300;AT4G23640;AT5G27150;AT5G09400;AT3G05030;AT4G01840;AT1G54370;AT4G18160;AT1G79610;AT5G14880;AT3G02850;AT2G01980;AT3G06370","OSD-321",-0.43,"whole_seedling","dark",FALSE
"GO:0072583 (clathrin-dependent endocytosis)",0.00812347684809098,0.0339606462677137,-0.491462928928702,-1.6811585142007,39,31,"AT2G01600;AT5G35200;AT3G51890;AT4G25940;AT5G22770;AT5G42080;AT5G22780;AT2G25430;AT4G40080;AT1G59610;AT4G12780;AT5G24710;AT5G10410;AT3G11130;AT4G32285;AT4G34660","OSD-321",-0.43,"whole_seedling","dark",FALSE
"GO:0072593 (reactive oxygen species metabolic process)",0.71943477370469,0.820264647292089,-0.282118417524397,-0.816220772710297,3512,16,"AT5G62530;AT4G34460;AT3G49120;AT1G60490","OSD-321",-0.43,"whole_seedling","dark",FALSE
"GO:0072657 (protein localization to membrane)",0.531799729364005,0.673986183320276,0.333159057589177,0.945199778974834,2750,15,"AT2G35880;AT1G55130;AT5G37310;AT2G24170;AT1G14670","OSD-321",-0.43,"whole_seedling","dark",FALSE
"GO:0080022 (primary root development)",0.0859359844810863,0.196705181207658,0.384383151519349,1.35133978521066,442,35,"AT3G29030;AT2G21170;AT5G65020;AT1G70560;AT1G14350;AT1G75710;AT1G35720;AT1G69780;AT3G17170","OSD-321",-0.43,"whole_seedling","dark",FALSE
"GO:0080147 (root hair cell development)",0.170515097690941,0.321787112256886,0.380502010064739,1.24473656806472,863,26,"AT3G14310;AT3G61440;AT1G75120;AT1G75110;AT4G30980;AT5G06270;AT4G35987;AT4G31600;AT3G06440;AT3G11600;AT3G29100","OSD-321",-0.43,"whole_seedling","dark",FALSE
"GO:0080156 (mitochondrial mRNA modification)",0.0669423114786375,0.166525915331156,0.423618457501187,1.40976595194912,339,28,"AT3G22150;AT3G20930;AT2G13600;AT1G15480;AT4G30700;AT5G61030;AT1G12700;AT3G18970;AT5G08490;AT1G72530;AT1G06710;AT4G11690;AT3G02330;AT2G20540;AT4G20020;AT3G12770;AT1G74600;AT5G19020","OSD-321",-0.43,"whole_seedling","dark",FALSE
"GO:0080188 (gene silencing by siRNA-directed DNA methylation)",0.00349922239502333,0.0171179425610565,0.489213359172223,1.72939017889921,17,36,"AT1G05490;AT3G48670;AT3G42670;AT5G43990;AT1G15910;AT1G13790;AT3G14980;AT3G12550;AT2G16390;AT4G24970;AT1G54440;AT4G00380;AT3G49250","OSD-321",-0.43,"whole_seedling","dark",FALSE
"GO:0090332 (stomatal closure)",0.0301044439893508,0.0919525181111984,-0.552513217459574,-1.59852295091123,146,16,"AT5G02800;AT4G24480;AT3G58490;AT2G39050;AT4G20260;AT3G14270","OSD-321",-0.43,"whole_seedling","dark",FALSE
"GO:0090333 (regulation of stomatal closure)",0.0364163045727292,0.106420462877587,-0.406274127225547,-1.45885302176263,175,38,"AT1G47128;AT5G58430;AT3G09770;AT1G07000;AT2G43790;AT3G16640;AT2G26650;AT5G13750;AT3G56400;AT5G27150;AT4G35790;AT3G59700;AT3G05030;AT5G13740;AT3G21220;AT3G05010;AT1G60490","OSD-321",-0.43,"whole_seedling","dark",FALSE
"GO:0090351 (seedling development)",0.875887243966741,0.926685625427026,-0.214858855894988,-0.729351840664483,4318,30,"AT2G05710;AT3G05290;AT4G39400;AT4G27310;AT5G27520;AT4G29040;AT5G07120;AT3G03140;AT4G38490;AT1G74350;AT5G57710;AT1G34120;AT4G18010;AT1G73030","OSD-321",-0.43,"whole_seedling","dark",FALSE
"GO:0098542 (defense response to other organism)",0.0172520024645718,0.0603820086260012,-0.362671016879146,-1.47583159810664,83,68,"AT1G14200;AT4G22820;AT3G05200;AT5G27420;AT5G45500;AT4G26090;AT4G26750;AT1G12220;AT1G29340;AT4G22470;AT4G22305;AT5G63020;AT5G05400;AT3G50950;AT5G06960;AT5G06330;AT1G15890;AT1G10920;AT3G21220;AT5G10520;AT3G14470;AT3G49530;AT1G61180;AT3G46730;AT4G22330;AT1G12290;AT3G46710","OSD-321",-0.43,"whole_seedling","dark",FALSE
"GO:0099402 (plant organ development)",0.0378636907134316,0.10948650367724,0.475724673162918,1.51805822731687,189,24,"AT3G28180;AT4G31590;AT3G18010;AT2G24630;AT3G61590;AT2G37860;AT2G26260;AT5G22790;AT1G74720;AT4G07960","OSD-321",-0.43,"whole_seedling","dark",FALSE
"GO:0140964 (intracellular auxin homeostasis)",0.0180217079664141,0.0621187800963082,-0.577080889146424,-1.66960177002519,87,16,"AT2G17500;AT5G47390;AT1G71090;AT1G28130;AT4G27260;AT1G14130;AT5G12210;AT4G37390","OSD-321",-0.43,"whole_seedling","dark",FALSE
"GO:0160062 (cutin-based cuticle development)",0.0237022526934378,0.0774935216848656,0.542092988242189,1.61145863558326,120,18,"AT2G38530;AT3G55360;AT1G19440;AT2G16280;AT1G01120;AT2G26250;AT1G68530;AT1G25450","OSD-321",-0.43,"whole_seedling","dark",FALSE
"GO:1900055 (regulation of leaf senescence)",0.0291985918409609,0.0901412937859407,-0.565455786700005,-1.59877939698879,140,15,"AT5G13180;AT3G27110;AT4G27410;AT3G01090;AT3G52250;AT4G02020;AT1G73980;AT3G44680","OSD-321",-0.43,"whole_seedling","dark",FALSE
"GO:1900056 (negative regulation of leaf senescence)",0.294378400161193,0.470068426782594,-0.365166589776381,-1.12456858806795,1460,20,"AT3G61060;AT5G64930;AT3G56400;AT3G22170;AT5G45900;AT1G70170","OSD-321",-0.43,"whole_seedling","dark",FALSE
"GO:1900057 (positive regulation of leaf senescence)",0.00241789240378803,0.0131132542980216,-0.606652315623097,-1.8682490598228,11,20,"AT3G19290;AT4G36900;AT3G04060;AT2G45210;AT1G77450;AT5G39610;AT3G29035;AT1G34180;AT2G42620","OSD-321",-0.43,"whole_seedling","dark",FALSE
"GO:1900150 (regulation of defense response to fungus)",0.000609260763606824,0.00429963146016056,-0.569858865260209,-1.94932929186187,2,31,"AT1G13960;AT1G53570;AT1G07000;AT1G01440;AT5G67300;AT1G08720;AT5G18610;AT1G70260;AT5G05190;AT4G23570;AT5G05600;AT4G11260;AT3G25020;AT5G44585;AT4G19040","OSD-321",-0.43,"whole_seedling","dark",FALSE
"GO:1900425 (negative regulation of defense response to bacterium)",0.00614376407945935,0.0278086163596581,-0.621783970780205,-1.79893605508831,29,16,"AT1G13960;AT1G33970;AT3G59700;AT1G20160;AT1G70260;AT5G62570;AT5G18650;AT5G66210","OSD-321",-0.43,"whole_seedling","dark",FALSE
"GO:1900426 (positive regulation of defense response to bacterium)",0.388652482269504,0.561622492845118,-0.316548655666383,-1.0420769123356,1917,26,"AT1G07000;AT4G26750;AT1G14370;AT4G35580;AT5G18610;AT1G60490;AT4G08920;AT5G25440;AT3G55150","OSD-321",-0.43,"whole_seedling","dark",FALSE
"GO:1901259 (chloroplast rRNA processing)",0.000199282582702272,0.00186712983065567,0.682867249267233,2.17905924244622,0,24,"AT3G52150;AT3G52380;AT5G46580;AT1G01080;AT1G12800;AT3G28460;AT2G33800;AT3G57180;AT4G24770;AT2G04270;AT2G31890;AT1G06190;AT1G60000;AT2G17240;AT2G25870;AT4G09730;AT5G50250;AT3G53460;AT2G37220;AT1G45230;AT3G46630","OSD-321",-0.43,"whole_seedling","dark",FALSE
"GO:1901703 (protein localization involved in auxin polar transport)",0.535749265426053,0.676144775233719,0.317342736550158,0.943352347927633,2734,18,"AT4G09160;AT1G30690;AT4G31820","OSD-321",-0.43,"whole_seedling","dark",FALSE
"GO:1902074 (response to salt)",0.00662114628595075,0.028974182570758,-0.467597969227969,-1.67905526014357,31,38,"AT1G15380;AT4G28300;AT5G42050;AT5G04760;AT5G39610;AT4G35300;AT3G01090;AT5G08450;AT1G65690;AT1G60490;AT1G14000;AT2G14260;AT2G41900;AT2G29210;AT2G32700;AT1G79440;AT4G32551;AT1G20840;AT5G52310;AT1G11390;AT5G64750;AT4G02590;AT5G49620","OSD-321",-0.43,"whole_seedling","dark",FALSE
"GO:1902531 (regulation of intracellular signal transduction)",0.214653220827331,0.371867402336147,-0.329054674996967,-1.17511725489285,1042,37,"AT4G26080;AT5G06750;AT3G51370;AT3G02750;AT3G11410;AT5G10740;AT1G72770;AT4G33920;AT4G31750;AT5G57050;AT5G27930;AT5G59220;AT3G63340;AT1G17550;AT3G16800;AT1G68410;AT1G07430","OSD-321",-0.43,"whole_seedling","dark",FALSE
"GO:1902584 (positive regulation of response to water deprivation)",0.56625025599017,0.697172065559849,-0.318600131534282,-0.921769120316384,2764,16,"AT3G17410;AT2G42620;AT5G26920;AT1G67360;AT3G05500","OSD-321",-0.43,"whole_seedling","dark",FALSE
"GO:1902600 (proton transmembrane transport)",0.778120501747892,0.854796609584363,-0.226468771355103,-0.82004781965892,3783,39,"AT4G23700;AT5G27150;AT3G05030;AT4G30190;AT1G32450;AT1G54370;AT1G15690;AT2G24520;AT5G41610;AT3G53720;AT1G78900;AT1G79610;AT3G47950;AT2G01980;AT3G06370","OSD-321",-0.43,"whole_seedling","dark",FALSE
"GO:1905392 (plant organ morphogenesis)",0.752180085175421,0.840097237988132,-0.263764925716596,-0.801165879777164,3708,19,"AT3G49780;AT4G34460;AT2G22860;AT5G59790","OSD-321",-0.43,"whole_seedling","dark",FALSE
"GO:1990110 (callus formation)",0.76247745039086,0.843772630061364,-0.25031131810944,-0.800756247921983,3803,23,"AT3G16857;AT2G47260;AT3G54150;AT1G21120;AT4G02020;AT1G21110;AT5G20730;AT2G42430;AT5G48150","OSD-321",-0.43,"whole_seedling","dark",FALSE
"GO:1990641 (response to iron ion starvation)",0.612135017601988,0.735539482228337,-0.313642051494945,-0.886796919854406,2955,15,"AT3G53480;AT3G07700;AT4G26970","OSD-321",-0.43,"whole_seedling","dark",FALSE
"GO:1990961 (xenobiotic detoxification by transmembrane export across the plasma membrane)",0.0326969943135662,0.09891251546114,-0.441538363233736,-1.51038040715442,160,31,"AT1G47530;AT5G52450;AT5G65380;AT1G15170;AT1G33110;AT1G66760;AT3G23560;AT2G04100;AT3G21690;AT4G25640;AT1G58340;AT1G71140;AT4G21903;AT2G04090","OSD-321",-0.43,"whole_seedling","dark",FALSE
"GO:2000012 (regulation of auxin polar transport)",0.0581938497469833,0.149075308713549,0.412570982263852,1.42982385692415,298,33,"AT1G17140;AT5G11790;AT5G14090;AT4G31820;AT1G68130;AT5G18010;AT2G19620;AT4G38430;AT3G25540;AT1G10030;AT3G15380;AT4G16515;AT1G13580;AT1G77140","OSD-321",-0.43,"whole_seedling","dark",FALSE
"GO:2000022 (regulation of jasmonic acid mediated signaling pathway)",0.00226944501753662,0.0125573157457589,-0.518583905661492,-1.82511223494437,10,35,"AT1G15380;AT1G64280;AT4G14720;AT4G19660;AT5G67300;AT3G56400;AT5G45110;AT4G04920;AT5G20900;AT3G22160;AT3G17860;AT4G31550;AT5G05600;AT3G43440;AT4G26120","OSD-321",-0.43,"whole_seedling","dark",FALSE
"GO:2000024 (regulation of leaf development)",0.906243959017978,0.948214011663597,0.231219280101659,0.655988205838617,4687,15,"AT2G26580;AT2G45190;AT3G07050;AT4G27760","OSD-321",-0.43,"whole_seedling","dark",FALSE
"GO:2000028 (regulation of photoperiodism, flowering)",0.0100266011868222,0.040240092763113,-0.380445031416349,-1.53172669173009,48,64,"AT1G04400;AT4G33980;AT5G42900;AT5G56550;AT5G62640;AT4G35900;AT3G53310;AT2G25930;AT2G42280;AT3G46510;AT5G27650;AT1G77180;AT1G70170;AT3G12130;AT4G37900;AT5G16680;AT5G64610;AT2G18000;AT3G24870;AT5G10140;AT4G26150;AT2G23070;AT2G47700;AT4G09180;AT5G01270;AT5G65060;AT5G15850;AT2G19520;AT5G54930;AT1G76380;AT4G39100;AT4G03110","OSD-321",-0.43,"whole_seedling","dark",FALSE
"GO:2000031 (regulation of salicylic acid mediated signaling pathway)",0.000607164541590771,0.00429963146016056,-0.636381492416972,-2.00473898160887,2,22,"AT1G15380;AT1G28380;AT1G64280;AT4G19660;AT5G67300;AT3G56400;AT5G45110;AT1G08720;AT1G14780;AT4G24290","OSD-321",-0.43,"whole_seedling","dark",FALSE
"GO:2000067 (regulation of root morphogenesis)",0.8833984375,0.932992735745614,0.23542897701334,0.689689185473524,4522,17,"AT2G31650;AT5G10150;AT2G28150","OSD-321",-0.43,"whole_seedling","dark",FALSE
"GO:2000070 (regulation of response to water deprivation)",0.478804013925865,0.639842880487941,-0.339814198998173,-0.983145342009561,2337,16,"AT5G60410;AT3G56400;AT5G56550;AT3G10550","OSD-321",-0.43,"whole_seedling","dark",FALSE
"GO:2000280 (regulation of root development)",0.198885908809573,0.357715398863128,-0.339423814366454,-1.194573432898,963,35,"AT1G53910;AT5G04340;AT1G09560;AT4G34460;AT2G47270;AT1G29290;AT5G65790;AT4G29860;AT5G44585;AT1G66700;AT5G52310","OSD-321",-0.43,"whole_seedling","dark",FALSE
"GO:2000377 (regulation of reactive oxygen species metabolic process)",0.0704711616571893,0.172453818364341,-0.406520569823824,-1.3905942379963,346,31,"AT3G10500;AT5G47390;AT1G32230;AT2G46370;AT3G11540;AT5G22270;AT1G09020;AT4G08920;AT5G44585;AT2G01570;AT5G17490;AT4G22750;AT2G01980","OSD-321",-0.43,"whole_seedling","dark",FALSE
"00010 (KEGG:00010)",0.118577847235788,0.248724264933605,0.285521731901314,1.22113703732996,606,94,"AT3G12780;AT5G51820;AT2G21170;AT3G55440;AT3G61610;AT4G34240;AT1G09780;AT5G01330;AT1G34430;AT3G50520;AT4G17260;AT1G74030;AT4G38970;AT5G24760;AT4G16155;AT2G21330;AT1G54220;AT5G50850;AT3G54050;AT1G56190;AT4G36250;AT1G13440;AT2G29560;AT4G26520;AT1G30120","OSD-321",-0.43,"whole_seedling","dark",FALSE
"00020 (KEGG:00020)",0.693396226415094,0.799663847321622,0.226984263798762,0.87370694783051,3527,53,"AT1G10670;AT1G53240;AT5G49460;AT1G60810;AT1G34430;AT2G47510;AT4G16155;AT1G65930;AT1G54220;AT5G50850;AT5G23250;AT1G30120;AT5G08300;AT2G20420;AT3G55410","OSD-321",-0.43,"whole_seedling","dark",FALSE
"00030 (KEGG:00030)",0.170342654588421,0.321787112256886,0.315031611485824,1.20348782157049,864,51,"AT5G51820;AT1G24280;AT5G13110;AT5G35790;AT3G60750;AT5G41670;AT4G38970;AT3G04790;AT5G44520;AT2G21330;AT5G61410;AT2G01290;AT3G54050;AT4G26520;AT1G64190","OSD-321",-0.43,"whole_seedling","dark",FALSE
"00040 (KEGG:00040)",0.000194439043359907,0.00186712983065567,0.584383131476587,2.07731009772027,0,37,"AT3G54920;AT3G07010;AT4G33220;AT1G04680;AT5G48900;AT4G24780;AT5G39320;AT5G04310;AT4G34240;AT3G53190;AT1G26570;AT5G19730;AT5G63180;AT1G67750;AT3G15720;AT3G43270;AT3G27400;AT1G53830;AT5G15490;AT5G17310;AT5G61410;AT3G03250;AT4G36250","OSD-321",-0.43,"whole_seedling","dark",FALSE
"00051 (KEGG:00051)",0.388954171562867,0.561622492845118,0.280828444156666,1.03967124741873,1985,44,"AT1G66430;AT1G12000;AT2G21170;AT3G55440;AT3G02570;AT1G20950;AT4G38970;AT2G45790;AT1G76550;AT2G21330;AT3G54050;AT4G26520","OSD-321",-0.43,"whole_seedling","dark",FALSE
"00052 (KEGG:00052)",0.135341448318548,0.276188311483951,-0.358364204841844,-1.2612325366879,655,35,"AT1G62660;AT3G56310;AT1G12780;AT3G13790;AT4G10960;AT4G23920","OSD-321",-0.43,"whole_seedling","dark",FALSE
"00053 (KEGG:00053)",0.295405245513705,0.470460205818123,0.327932104971146,1.10978446623791,1497,30,"AT5G39320;AT4G09010;AT1G77490;AT4G34240;AT1G26570;AT3G02870;AT5G55120;AT5G15490;AT4G08390;AT3G47930;AT4G36250;AT5G21100;AT3G29360","OSD-321",-0.43,"whole_seedling","dark",FALSE
"00061 (KEGG:00061)",0.0367081113084665,0.106754990375347,0.463441519505181,1.51605665996201,185,26,"AT2G22230;AT2G05990;AT5G10160;AT2G30200;AT5G16390;AT5G15530;AT3G02630;AT1G24360;AT1G62640;AT1G74960;AT5G35360;AT3G25110;AT5G16240","OSD-321",-0.43,"whole_seedling","dark",FALSE
"00071 (KEGG:00071)",0.0101093459872086,0.0403034853264872,-0.461997593488053,-1.62596149086876,48,35,"AT1G54100;AT2G33150;AT3G48000;AT5G42250;AT5G65110;AT3G51840;AT3G06810;AT4G23850;AT3G23790;AT4G16760;AT2G04350;AT1G22440;AT4G16210;AT5G27600;AT3G05970;AT5G47720;AT1G23800;AT1G64710","OSD-321",-0.43,"whole_seedling","dark",FALSE
"00100 (KEGG:00100)",0.189307799720726,0.345343319490537,0.38828089711427,1.2232899874393,948,23,"AT3G52940;AT5G13710;AT1G20330;AT4G22756;AT2G22830;AT1G07420;AT1G58440;AT4G12110;AT1G11680;AT4G34640","OSD-321",-0.43,"whole_seedling","dark",FALSE
"00130 (KEGG:00130)",0.619644300727567,0.741602125324046,-0.286020858760603,-0.891686604630106,3065,21,"AT1G06570;AT5G53970;AT4G23660;AT4G05160;AT1G64970;AT5G36160","OSD-321",-0.43,"whole_seedling","dark",FALSE
"00190 (KEGG:00190)",0.338622291021672,0.516077516949485,0.238220436765368,1.05429186177593,1749,114,"AT5G09650;AT4G09650;AT5G57350;AT5G62670;AT5G13450;AT4G04640;AT4G32260;AT1G16780;AT5G52840;AT1G01050;AT4G28220;AT1G22450;AT4G34700;AT2G19680;AT4G26210;AT2G44620;AT5G08670;AT2G20360;AT2G01090;AT1G65290;AT1G04630;AT4G29480;AT4G23710;AT3G52300;AT2G33040;AT3G27240;AT3G52730;AT5G40650;AT3G06310;AT1G15120;AT3G60330","OSD-321",-0.43,"whole_seedling","dark",FALSE
"00195 (KEGG:00195)",0.000194931773879142,0.00186712983065567,0.748176319011813,2.76051232886202,0,43,"AT4G09650;AT4G05390;AT5G66190;AT1G20020;AT4G21280;AT4G28660;AT2G30570;AT1G10960;AT1G52230;AT4G04640;AT1G20340;AT1G30380;AT4G32260;AT1G30510;AT1G60950;AT1G44575;AT1G67740;AT3G55330;AT4G02770;AT1G32550;AT4G03280;AT1G79040;AT4G05180;AT1G06680;AT4G14890;AT5G64040;AT1G55670;AT4G28750;AT5G66570;AT1G08380","OSD-321",-0.43,"whole_seedling","dark",FALSE
"00196 (KEGG:00196)",0.0170421155729677,0.0599962197364125,0.555403095271641,1.65102507045396,86,18,"AT2G34420;AT4G10340;AT3G54890;AT1G15820;AT5G54270;AT3G47470;AT1G61520;AT1G29910;AT1G29930;AT2G05070;AT3G61470;AT1G19150;AT1G45474","OSD-321",-0.43,"whole_seedling","dark",FALSE
"00230 (KEGG:00230)",0.000193648334624322,0.00186712983065567,0.400215272887917,1.79026168900375,0,122,"AT5G03300;AT3G09820;AT5G51820;AT2G21790;AT5G67100;AT4G22570;AT5G63310;AT1G27450;AT4G34900;AT1G19920;AT1G67630;AT5G47840;AT4G14680;AT4G11010;AT1G08260;AT5G50370;AT5G41880;AT1G67320;AT4G09320;AT5G35170;AT5G63400;AT4G13720;AT1G78650;AT5G66005;AT1G36280;AT1G16350;AT4G01590;AT5G11160;AT3G57550;AT4G18440;AT4G34740;AT3G22890;AT5G60040;AT3G03710;AT2G41880;AT3G52090;AT1G80050;AT3G52990;AT3G03900;AT5G63960;AT5G22110;AT3G27060;AT2G29540","OSD-321",-0.43,"whole_seedling","dark",FALSE
"00240 (KEGG:00240)",0.0404118904216048,0.11421576541693,0.317771500413607,1.35190913582576,207,91,"AT2G21790;AT5G67100;AT4G26510;AT5G26667;AT5G63310;AT1G67630;AT3G46940;AT4G11010;AT1G08260;AT3G53900;AT5G41880;AT1G67320;AT4G09320;AT4G13720;AT1G78650;AT3G18680;AT4G01590;AT4G34570;AT2G16370;AT5G60040;AT3G03710;AT3G54470;AT3G52090;AT5G63960;AT5G22110;AT3G27060;AT2G29540;AT3G20330;AT2G41680;AT5G45140;AT5G23300;AT3G27740;AT5G40870;AT3G22320;AT4G35460;AT4G25280;AT3G49000","OSD-321",-0.43,"whole_seedling","dark",FALSE
"00250 (KEGG:00250)",0.369529652351738,0.552002110957187,-0.284243867241358,-1.04929392951321,1806,42,"AT2G13360;AT2G38400;AT5G11520;AT5G18170;AT5G07440;AT5G37600;AT5G62530;AT3G47340","OSD-321",-0.43,"whole_seedling","dark",FALSE
"00260 (KEGG:00260)",0.338370951913641,0.516077516949485,0.28710130544754,1.0670198610745,1723,45,"AT4G37930;AT1G72810;AT4G13930;AT1G11860;AT1G31230;AT3G02020;AT5G26780;AT2G17630;AT5G14060;AT1G14810;AT3G10050;AT4G16155;AT3G04520;AT4G33010;AT4G02610;AT5G13280;AT4G11640","OSD-321",-0.43,"whole_seedling","dark",FALSE
"00270 (KEGG:00270)",0.000387596899224806,0.00312405940902345,0.45063348684109,1.85335724783889,1,74,"AT3G17390;AT3G01120;AT3G23810;AT3G61440;AT1G31230;AT3G02020;AT3G25900;AT3G04940;AT1G77330;AT1G62800;AT4G19020;AT4G01850;AT2G19590;AT5G14060;AT5G65800;AT1G14810;AT1G05010;AT4G17260;AT5G15950;AT3G03630;AT5G17920;AT2G36880;AT4G37770;AT3G57050;AT1G70310;AT5G13280;AT3G03780;AT2G30970;AT2G43750;AT1G62380","OSD-321",-0.43,"whole_seedling","dark",FALSE
"00280 (KEGG:00280)",0.000204624514016779,0.00186712983065567,-0.562683965116097,-2.04964625108831,0,40,"AT3G06850;AT1G54100;AT3G45300;AT2G33150;AT1G21400;AT1G10070;AT3G48000;AT1G03090;AT2G14170;AT4G34030;AT1G55510;AT3G13450;AT2G26800;AT3G06810","OSD-321",-0.43,"whole_seedling","dark",FALSE
"00290 (KEGG:00290)",0.0023278370514064,0.0127396173176969,0.515175792095576,1.81115520148162,11,35,"AT5G23020;AT5G14200;AT2G43100;AT1G31180;AT5G23010;AT3G58990;AT1G50110;AT5G57850;AT5G49030;AT3G49680;AT3G23940;AT3G19710;AT5G16715;AT4G04350;AT3G10050;AT4G13430;AT5G50850;AT3G58610;AT1G30120","OSD-321",-0.43,"whole_seedling","dark",FALSE
"00300 (KEGG:00300)",0.00352595494613124,0.0171179425610565,0.619334909466332,1.84107267539829,17,18,"AT4G33680;AT2G19940;AT1G31230;AT3G02020;AT3G14390;AT3G59890;AT3G57560;AT5G14060;AT1G14810;AT2G44040;AT5G52100;AT5G13280;AT5G11880","OSD-321",-0.43,"whole_seedling","dark",FALSE
"00330 (KEGG:00330)",0.139064733510312,0.28187531842831,-0.306356581919953,-1.225302119889,680,62,"AT1G54100;AT5G11520;AT3G48000;AT5G46180;AT5G18170;AT5G07440;AT3G55610;AT3G30775;AT5G37600;AT5G62530","OSD-321",-0.43,"whole_seedling","dark",FALSE
"00340 (KEGG:00340)",0.129480901077375,0.266032431565119,0.447427517790719,1.3300502920715,660,18,"AT1G43710;AT1G58080;AT4G34240;AT3G27180;AT1G31860;AT5G10330;AT2G36230;AT4G26900;AT5G63890;AT4G36250","OSD-321",-0.43,"whole_seedling","dark",FALSE
"00350 (KEGG:00350)",0.323618700667881,0.500818657588854,-0.349489725315173,-1.10096802682004,1598,22,"AT1G06570;AT5G11520;AT5G42250;AT5G53970","OSD-321",-0.43,"whole_seedling","dark",FALSE
"00360 (KEGG:00360)",0.621244427214577,0.742041954728522,0.226285524498771,0.918510347025224,3204,69,"AT4G08770;AT5G64110;AT3G28200;AT3G49110;AT1G62800;AT5G04230;AT4G21960;AT5G40150;AT2G22420;AT4G11290;AT5G42180;AT1G44970;AT5G10330","OSD-321",-0.43,"whole_seedling","dark",FALSE
"00380 (KEGG:00380)",0.376726238830219,0.557221611242732,-0.307567830610459,-1.05210433318364,1854,31,"AT1G54100;AT3G44300;AT3G48000;AT4G35090","OSD-321",-0.43,"whole_seedling","dark",FALSE
"00400 (KEGG:00400)",0.902840675174969,0.94688168372009,-0.203708052951976,-0.722439739754211,4385,36,"AT5G11520;AT4G33510;AT5G53970","OSD-321",-0.43,"whole_seedling","dark",FALSE
"00410 (KEGG:00410)",0.523713011755168,0.669374167890894,-0.293750865687144,-0.956075816143878,2583,25,"AT1G54100;AT3G48000;AT3G06810;AT3G17810;AT4G16210;AT5G64370;AT1G23800;AT5G12200","OSD-321",-0.43,"whole_seedling","dark",FALSE
"00450 (KEGG:00450)",0.087890625,0.197425956156716,0.479826955966222,1.40565306202657,449,17,"AT3G01120;AT1G19920;AT4G14680;AT3G55400;AT5G17920;AT3G57050;AT5G49810;AT3G22890;AT3G03780","OSD-321",-0.43,"whole_seedling","dark",FALSE
"00460 (KEGG:00460)",0.10077059869591,0.219003250595443,0.435087340969369,1.35951356913499,509,22,"AT3G18080;AT4G37930;AT4G13930;AT3G61440;AT1G26560;AT5G26780;AT2G44450;AT4G39640","OSD-321",-0.43,"whole_seedling","dark",FALSE
"00480 (KEGG:00480)",0.442268461852305,0.612161338876147,-0.258424156925332,-1.00436923579383,2167,54,"AT2G29480;AT2G02930;AT1G09420;AT4G29210;AT1G65820;AT2G47730;AT1G63770;AT2G29490;AT5G40760;AT1G02920;AT4G11600;AT2G31570;AT4G35000;AT4G32320;AT4G30910;AT3G63080;AT4G23100","OSD-321",-0.43,"whole_seedling","dark",FALSE
"00500 (KEGG:00500)",0.00019588638589618,0.00186712983065567,0.488644907220716,2.06054117389743,0,87,"AT3G23820;AT1G66430;AT4G33220;AT3G18080;AT1G02730;AT5G51820;AT3G29320;AT1G78580;AT5G39320;AT5G47780;AT5G48300;AT3G61130;AT2G38650;AT5G64860;AT1G26560;AT1G26570;AT3G25140;AT5G19730;AT2G44450;AT2G40840;AT1G27680;AT3G46970;AT3G15720;AT3G43270;AT4G10120;AT2G30575;AT5G19220;AT3G02350;AT1G53830;AT5G15490;AT5G17310;AT5G24300;AT2G36390;AT2G21590;AT3G03250","OSD-321",-0.43,"whole_seedling","dark",FALSE
"00510 (KEGG:00510)",0.625128521488793,0.743647154334338,-0.249679301568668,-0.904093600367982,3039,39,"AT3G45040;AT2G41490;AT2G05320;AT5G14950;AT5G19690;AT4G38240;AT2G47760;AT2G39630;AT2G13290;AT1G30000;AT1G24320;AT1G02145;AT1G16900;AT5G03080;AT1G48140;AT5G63840;AT1G78800;AT1G34130;AT1G20575;AT1G12990;AT4G16710;AT4G18230;AT3G21160;AT1G67490;AT1G67880;AT2G44660;AT5G07630;AT3G57220;AT5G66680;AT1G74340;AT2G40190;AT3G27540;AT5G38460;AT1G51590;AT1G32210;AT5G02410;AT1G16570;AT5G14480","OSD-321",-0.43,"whole_seedling","dark",FALSE
"00520 (KEGG:00520)",0.000194287934719254,0.00186712983065567,0.44865764693582,1.90874377016553,0,91,"AT3G23820;AT1G66430;AT1G08200;AT1G02730;AT5G51820;AT1G53500;AT5G39320;AT5G47780;AT5G48300;AT3G61130;AT2G38650;AT5G20080;AT1G05590;AT1G26570;AT3G25140;AT1G27680;AT3G02570;AT2G30575;AT1G31070;AT5G19220;AT3G02350;AT2G45790;AT5G15490;AT5G17310;AT3G42850;AT2G21590;AT2G35020;AT3G03250;AT1G63000;AT2G27860;AT3G10700;AT5G52560;AT2G45310;AT4G30440;AT1G64440;AT5G15470;AT1G18580;AT4G33030;AT3G29360;AT1G78570;AT5G17770;AT3G58790;AT4G39210","OSD-321",-0.43,"whole_seedling","dark",FALSE
"00561 (KEGG:00561)",0.279877425944842,0.45414072889163,-0.32679643536085,-1.12785343444543,1369,32,"AT1G54100;AT3G56310;AT3G48000;AT1G80460;AT5G07920;AT2G38110;AT1G06520","OSD-321",-0.43,"whole_seedling","dark",FALSE
"00562 (KEGG:00562)",0.458096172718351,0.625337632599654,0.267226254660686,0.993153690746996,2333,45,"AT3G48610;AT2G21170;AT3G55440;AT5G10170;AT4G39800;AT3G02870;AT5G63980;AT3G50110;AT2G22240;AT3G07960;AT3G56960","OSD-321",-0.43,"whole_seedling","dark",FALSE
"00564 (KEGG:00564)",0.285096747632771,0.458621699346405,-0.293965542323779,-1.10456185113853,1384,46,"AT4G25970;AT3G05630;AT3G15730;AT4G11850;AT1G15110;AT5G07920;AT2G45670;AT2G38110;AT2G32260;AT2G42010;AT1G06520;AT1G07230;AT3G16785","OSD-321",-0.43,"whole_seedling","dark",FALSE
"00565 (KEGG:00565)",0.0938082418720232,0.208039614625097,-0.493847301420275,-1.39631233659677,452,15,"AT3G05630;AT3G15730;AT4G11850;AT2G45670;AT2G42010;AT1G07230;AT3G16785","OSD-321",-0.43,"whole_seedling","dark",FALSE
"00592 (KEGG:00592)",0.00342534757203304,0.0170418118873049,-0.590806503177366,-1.81945022819968,16,20,"AT3G06860;AT5G65110;AT3G51840;AT3G01420;AT4G29010;AT1G76680;AT4G16760","OSD-321",-0.43,"whole_seedling","dark",FALSE
"00620 (KEGG:00620)",0.447363020726452,0.61627583175589,-0.247425177649213,-1.00430346473679,2179,67,"AT1G54100;AT4G15530;AT3G48000;AT2G22780;AT5G36880;AT3G22960;AT5G03860;AT1G59900;AT5G11670;AT2G19900","OSD-321",-0.43,"whole_seedling","dark",FALSE
"00630 (KEGG:00630)",0.440901705930138,0.612161338876147,-0.294484610865875,-1.00735026329945,2170,31,"AT2G42790;AT3G21720;AT2G22780;AT4G18360;AT2G05710;AT4G26970;AT5G03860","OSD-321",-0.43,"whole_seedling","dark",FALSE
"00640 (KEGG:00640)",0.367255738370912,0.549970036067883,-0.31695631313085,-1.05906002975753,1807,28,"AT1G54100;AT3G48000;AT2G14170;AT3G06810;AT5G36880","OSD-321",-0.43,"whole_seedling","dark",FALSE
"00650 (KEGG:00650)",0.836521396174325,0.897657540992769,0.244902393302456,0.738139772505221,4241,19,"AT1G65960;AT2G02010;AT4G11820;AT5G50850;AT1G30120;AT5G48230;AT4G13360","OSD-321",-0.43,"whole_seedling","dark",FALSE
"00670 (KEGG:00670)",0.005859375,0.0269262881679389,0.611154139494485,1.79037604467372,29,17,"AT3G59970;AT2G44160;AT4G37930;AT4G13930;AT1G11860;AT5G26780;AT5G47435;AT4G34570;AT2G16370;AT1G66520","OSD-321",-0.43,"whole_seedling","dark",FALSE
"00710 (KEGG:00710)",0.021624780829924,0.0719233041967639,0.363668346483103,1.47129686025951,110,68,"AT3G12780;AT1G42970;AT5G38420;AT1G53240;AT3G55800;AT2G21170;AT3G55440;AT1G12900;AT5G38430;AT1G62800;AT1G67090;AT3G60750;AT5G38410;AT4G38970;AT3G04790;AT5G44520;AT2G21330;AT5G61410;AT2G01290;AT3G54050;AT1G56190;AT4G00570","OSD-321",-0.43,"whole_seedling","dark",FALSE
"00770 (KEGG:00770)",0.420776071139854,0.590459661599516,-0.329244990292042,-1.02644033990091,2081,21,"AT1G10070;AT1G10060;AT3G17810;AT4G32180;AT3G61530;AT5G65780;AT5G64370;AT2G27490;AT5G12200;AT3G48560","OSD-321",-0.43,"whole_seedling","dark",FALSE
"00860 (KEGG:00860)",0.0266381489403072,0.084400871905605,0.42938578004258,1.52634011602315,136,37,"AT4G18480;AT3G48730;AT5G26710;AT5G45930;AT5G08280;AT1G69740;AT3G51820;AT5G13630;AT3G09150;AT1G03475;AT1G08520;AT1G19670;AT3G56940;AT5G63570;AT1G03630;AT1G74470;AT4G25080;AT5G14220","OSD-321",-0.43,"whole_seedling","dark",FALSE
"00900 (KEGG:00900)",0.274329351869982,0.447550866736394,0.327755123844404,1.12560432314487,1400,32,"AT2G38700;AT2G26930;AT3G54250;AT4G17190;AT5G62790;AT4G11820;AT5G60600;AT2G02500;AT1G63970;AT5G48230;AT5G16440;AT1G74470;AT1G31910","OSD-321",-0.43,"whole_seedling","dark",FALSE
"00903 (KEGG:00903)",0.0380110951304705,0.10948650367724,-0.377477653728115,-1.43052736771514,184,48,"AT5G25140;AT3G48000;AT1G18270;AT4G37330;AT3G26220;AT3G26210;AT3G26170;AT5G25180;AT4G37370;AT4G13310;AT3G56630;AT4G16210;AT5G57220;AT3G26230;AT4G37340;AT3G48360","OSD-321",-0.43,"whole_seedling","dark",FALSE
"00906 (KEGG:00906)",0.387071498530852,0.561622492845118,0.353567634451885,1.05103668587886,1975,18,"AT5G17230;AT3G53130;AT1G06820;AT4G14210;AT2G32640","OSD-321",-0.43,"whole_seedling","dark",FALSE
"00910 (KEGG:00910)",0.0263821532492726,0.0840320436828681,0.436864590989833,1.53584385845441,135,35,"AT5G65010;AT5G35630;AT2G15620;AT1G77760;AT1G70410;AT1G37130;AT5G04140;AT1G11860;AT3G52720;AT5G04230","OSD-321",-0.43,"whole_seedling","dark",FALSE
"00920 (KEGG:00920)",0.0431272154391493,0.119643242831188,0.435674822591186,1.48509647169257,218,31,"AT5G54390;AT3G01120;AT3G61440;AT1G19920;AT4G14680;AT3G04940;AT5G63980;AT3G03630;AT4G05090;AT3G57050;AT3G22890;AT2G43750;AT3G03900;AT5G04590;AT3G59760","OSD-321",-0.43,"whole_seedling","dark",FALSE
"00940 (KEGG:00940)",0.228144989339019,0.390285258328346,0.271777398599419,1.13173354991911,1176,80,"AT3G18080;AT4G08770;AT5G64110;AT3G28200;AT3G49110;AT1G26560;AT5G04230;AT2G44450;AT4G21960;AT5G40150;AT2G22420;AT4G11290;AT5G42180;AT1G44970","OSD-321",-0.43,"whole_seedling","dark",FALSE
"00945 (KEGG:00945)",0.0814860426929392,0.190134099616858,-0.361639855958194,-1.33941213362988,396,43,"AT5G25140;AT4G37330;AT3G26220;AT3G26210;AT3G26170;AT5G25180;AT4G37370;AT4G13310;AT3G56630;AT5G57220;AT3G26230;AT4G37340;AT3G48360","OSD-321",-0.43,"whole_seedling","dark",FALSE
"00960 (KEGG:00960)",0.353975385817543,0.532732955655401,0.376306294787052,1.08281041336317,1811,16,"AT2G30670;AT2G29290;AT2G29360;AT1G62800;AT5G10330;AT2G29310","OSD-321",-0.43,"whole_seedling","dark",FALSE
"00966 (KEGG:00966)",0.0064453125,0.0288257699423223,0.602985187289008,1.76644509928101,32,17,"AT2G22330;AT5G23020;AT1G16410;AT1G16400;AT4G13770;AT1G74090;AT3G49680;AT1G18590;AT1G24100;AT3G19710","OSD-321",-0.43,"whole_seedling","dark",FALSE
"00970 (KEGG:00970)",0.000583203732503888,0.00429963146016056,0.504896310233496,1.89042605709773,2,46,"AT2G25840;AT5G26710;AT3G11710;AT1G48520;AT5G49030;AT1G72550;AT2G31170;AT4G17300;AT3G02660;AT2G04842;AT5G16715;AT3G58140;AT3G55400;AT4G04350;AT5G27470;AT3G02760;AT5G26830;AT5G56680;AT1G66520;AT5G22800;AT5G52520;AT1G29880;AT3G46100;AT4G26300","OSD-321",-0.43,"whole_seedling","dark",FALSE
"01040 (KEGG:01040)",0.337715855572998,0.516077516949485,0.320878438177337,1.07642333908861,1720,29,"AT2G29980;AT3G11170;AT3G55360;AT3G15850;AT4G30950;AT5G10480;AT3G02630;AT1G06080;AT1G24360;AT5G05580","OSD-321",-0.43,"whole_seedling","dark",FALSE
"03008 (KEGG:03008)",0.65968992248062,0.771132686084143,0.219299914708843,0.901932719703567,3403,74,"AT4G12600;AT1G52980;AT3G50000;AT5G08180;AT4G22380;AT3G05060;AT4G02400;AT4G26100;AT1G56110;AT5G20020;AT3G07050;AT3G51270;AT5G14050;AT4G25630;AT5G66540;AT5G20010;AT5G16750;AT3G26480;AT5G42540;AT3G57150;AT2G44680;AT1G04635;AT5G38720;AT1G63810;AT2G46230;AT3G57000","OSD-321",-0.43,"whole_seedling","dark",FALSE
"03010 (KEGG:03010)",0.000191168036704263,0.00186712983065567,0.677282638936241,3.24091959138635,0,198,"AT3G25520;AT2G36620;AT5G23740;AT3G44890;AT1G57660;AT5G60670;AT4G31700;AT1G77940;AT5G39740;AT3G25920;AT1G27400;AT5G22440;AT1G35680;AT2G01250;AT2G39460;AT1G32990;AT1G18540;AT5G16130;AT3G13120;AT3G27830;AT3G54210;AT1G48350;AT3G16780;AT4G01310;AT4G29410;AT3G04840;AT3G55280;AT1G22780;AT5G02870;AT5G28060;AT2G20450;AT1G41880;AT3G28900;AT1G78630;AT3G55750;AT4G15000;AT1G80750;AT3G56340;AT1G70600;AT3G10610;AT5G30510;AT3G09500;AT3G23390;AT2G47610;AT5G02450;AT5G02610;AT3G60245;AT1G69620;AT1G08360;AT2G43030;AT2G37270;AT1G17560;AT4G27090;AT2G37190;AT1G57860;AT5G15520;AT3G62870;AT4G30800;AT3G48930;AT4G26230;AT5G10360;AT5G61170;AT5G15220;AT2G34480;AT2G19730;AT5G67510;AT3G22230;AT5G20290;AT2G33800;AT1G02780;AT2G18400;AT3G49910;AT3G05590;AT3G53430;AT5G27850;AT1G26880;AT3G53890;AT2G32060;AT3G09200;AT5G56710;AT1G09590;AT2G05220;AT5G47930;AT5G02960;AT3G04920;AT5G52650;AT3G24830;AT2G39390;AT5G56670;AT3G62250;AT1G79850;AT1G77750;AT1G23410;AT3G53020;AT1G09690;AT3G06680;AT3G44590;AT3G27850;AT1G74060;AT3G14600;AT4G17390;AT2G32220;AT2G36170;AT3G60770;AT4G10450;AT1G33140;AT3G02080;AT3G11510;AT2G37600;AT2G43460;AT2G17360;AT1G74970;AT3G16080;AT3G06700;AT3G11250;AT2G40010;AT4G13170;AT4G18100;AT1G52300;AT4G39200;AT3G18740;AT5G35530;AT5G15200;AT5G58420;AT3G13580;AT2G19720;AT2G18020;AT2G47110;AT4G34670;AT3G55170;AT3G18760;AT2G19740;AT1G67430;AT1G26910;AT5G09510;AT5G47320;AT5G62300;AT4G34620;AT2G25210;AT1G71720;AT4G34555;AT1G74050;AT3G53870;AT5G41520;AT2G31610;AT3G46040","OSD-321",-0.43,"whole_seedling","dark",FALSE
"03013 (KEGG:03013)",0.277754763877382,0.451914507714011,-0.244257792374042,-1.08865771237579,1340,113,"AT5G59950;AT1G33980;AT5G18110;AT5G37720;AT5G57870;AT5G47010;AT1G66260;AT1G36730;AT5G53480;AT1G16610;AT4G32910;AT1G10390;AT1G14850;AT1G76820;AT3G19760;AT4G34110;AT1G02140;AT5G19485;AT2G41620;AT3G11400;AT1G10840;AT2G29210;AT1G07920;AT4G18300;AT5G17020;AT1G54290;AT2G03820;AT5G55160;AT5G20920;AT5G44320;AT3G56150;AT1G51510;AT5G55170;AT3G14120;AT4G11420;AT5G01940;AT3G05040;AT1G24706;AT2G19430;AT3G07300;AT5G09860;AT2G45000","OSD-321",-0.43,"whole_seedling","dark",FALSE
"03015 (KEGG:03015)",0.00123992560446373,0.00746435213887167,-0.409796638208132,-1.71217735812409,5,78,"AT5G44090;AT5G19400;AT5G59950;AT3G09880;AT3G09100;AT4G32850;AT1G33980;AT5G47880;AT3G58500;AT3G25800;AT1G27595;AT1G10430;AT5G37720;AT5G47010;AT1G66260;AT1G25490;AT1G16610;AT2G33410;AT3G19760;AT4G34110;AT1G58470;AT3G26020;AT5G03470;AT1G17720;AT1G02140;AT1G17760;AT2G25850;AT2G29210;AT1G17980;AT5G01400;AT1G03960;AT5G18580;AT1G51510;AT1G13320;AT3G20650","OSD-321",-0.43,"whole_seedling","dark",FALSE
"03018 (KEGG:03018)",0.0828559738134206,0.192584155350113,-0.335562640641425,-1.31553451988605,404,56,"AT4G14990;AT5G13570;AT5G10960;AT1G75660;AT1G79090;AT3G13300;AT2G17510;AT1G80780;AT4G34110;AT3G20800;AT5G35430;AT1G54490;AT3G45630;AT1G76860;AT1G21190;AT1G02080;AT5G27720","OSD-321",-0.43,"whole_seedling","dark",FALSE
"03020 (KEGG:03020)",0.96140972632408,0.988481228668942,0.186479301726566,0.620587147850192,4882,28,"AT4G01590;AT5G60040;AT3G52090;AT2G29540;AT5G45140;AT3G22320;AT3G49000;AT4G16265;AT2G04630;AT5G59180;AT3G25940;AT5G51940","OSD-321",-0.43,"whole_seedling","dark",FALSE
"03022 (KEGG:03022)",0.202609050142682,0.360525879049129,-0.358845203975514,-1.20725744326708,993,29,"AT4G24440;AT3G61420;AT3G13445;AT4G31720;AT5G25150;AT4G36650;AT1G07470;AT1G02680;AT1G54360;AT1G32750","OSD-321",-0.43,"whole_seedling","dark",FALSE
"03030 (KEGG:03030)",0.000195618153364632,0.00186712983065567,0.602040953721615,2.20582620874114,0,42,"AT2G16440;AT2G07690;AT5G46280;AT1G44900;AT2G29570;AT1G07370;AT5G67100;AT4G02060;AT5G44635;AT1G67630;AT1G08260;AT5G61000;AT5G41880;AT1G67320;AT2G24490;AT1G78650;AT5G27740;AT4G20325;AT2G25100;AT1G08130;AT5G63960;AT5G22110","OSD-321",-0.43,"whole_seedling","dark",FALSE
"03040 (KEGG:03040)",0.000621375310687655,0.00429963146016056,-0.384842806672636,-1.7152455422791,2,113,"AT5G59950;AT5G02490;AT5G64270;AT5G42820;AT1G14650;AT5G37720;AT2G32600;AT5G37370;AT5G64200;AT3G06480;AT1G66260;AT2G33730;AT3G12580;AT4G21660;AT5G09590;AT1G77180;AT3G19760;AT5G08290;AT4G03430;AT2G33340;AT1G10580;AT3G62310;AT3G19840;AT1G02140;AT2G41020;AT1G60170;AT1G80070;AT1G20960;AT1G76860;AT3G13200;AT1G21190;AT5G27720;AT3G09440;AT1G02840;AT1G65660;AT5G12190;AT4G21110;AT1G32490;AT1G55150;AT1G09140;AT1G60900;AT1G03140;AT2G38770;AT1G51510;AT3G26560;AT5G13010;AT5G25060","OSD-321",-0.43,"whole_seedling","dark",FALSE
"03050 (KEGG:03050)",0.960504885993485,0.988481228668942,-0.176767047254577,-0.695821336009861,4717,57,"AT1G53780;AT3G53970;AT5G38650;AT3G13330;AT3G22630;AT1G29150;AT1G04810;AT5G23540;AT5G58290;AT5G66140;AT4G29040;AT5G42790","OSD-321",-0.43,"whole_seedling","dark",FALSE
"03060 (KEGG:03060)",0.574269005847953,0.702662482765179,0.252448279269281,0.931446999342744,2945,43,"AT5G28750;AT5G03940;AT1G21650;AT2G45770;AT1G67680;AT3G24590;AT3G15710;AT4G01800;AT5G42020;AT2G18710;AT1G29960;AT1G53530;AT2G43640;AT5G27430;AT3G08980;AT2G46470;AT2G39960;AT1G48160;AT5G61970;AT1G52600","OSD-321",-0.43,"whole_seedling","dark",FALSE
"03410 (KEGG:03410)",0.00855365474339036,0.035512414865662,0.471806798250938,1.66785724047615,43,36,"AT3G12710;AT2G29570;AT1G07370;AT5G44680;AT1G08260;AT1G78650;AT1G15970;AT2G31320;AT5G57970;AT5G13920;AT1G08130;AT3G18630;AT1G52500;AT5G63960;AT5G22110","OSD-321",-0.43,"whole_seedling","dark",FALSE
"03420 (KEGG:03420)",0.559718969555035,0.693314443769817,0.24373731910066,0.946410746205485,2867,55,"AT2G29570;AT1G07370;AT1G08260;AT5G61000;AT2G24490;AT1G78650;AT5G27740;AT1G18040;AT1G18340;AT1G08130;AT1G16190;AT5G63960;AT5G22110;AT1G73690","OSD-321",-0.43,"whole_seedling","dark",FALSE
"03430 (KEGG:03430)",0.0177235131941709,0.061673727993589,0.470407907707098,1.60349207199339,89,31,"AT2G29570;AT1G07370;AT5G61000;AT2G24490;AT1G78650;AT3G18524;AT5G27740;AT1G29630;AT1G65070;AT1G08130;AT5G63960;AT1G23750;AT3G18580;AT3G02920;AT1G21690;AT2G42120","OSD-321",-0.43,"whole_seedling","dark",FALSE
"03440 (KEGG:03440)",0.676130800861563,0.784259618725743,0.252739414040399,0.86797903793574,3452,32,"AT5G61000;AT1G10930;AT2G24490;AT1G78650;AT5G01630;AT5G63920;AT5G63960;AT1G23750;AT3G18580;AT3G02920;AT2G42120;AT5G45400;AT2G31970","OSD-321",-0.43,"whole_seedling","dark",FALSE
"04070 (KEGG:04070)",0.581034130390354,0.708562911184211,-0.252318830343379,-0.92567016795855,2842,41,"AT5G57580;AT3G19420;AT5G64070;AT4G33240;AT5G07920;AT3G14270;AT5G09290;AT2G41210;AT1G60490","OSD-321",-0.43,"whole_seedling","dark",FALSE
"04075 (KEGG:04075)",0.00227366680446465,0.0125573157457589,-0.322275575912378,-1.52419052317038,10,167,"AT3G19290;AT3G60690;AT1G78290;AT5G13370;AT3G16857;AT1G27320;AT2G45210;AT3G63010;AT4G33430;AT3G20770;AT1G08320;AT2G39940;AT4G16110;AT5G65210;AT1G64280;AT4G26080;AT4G34000;AT1G32640;AT1G66340;AT2G43790;AT5G25350;AT3G50500;AT5G27320;AT2G46370;AT3G05120;AT1G10940;AT1G60940;AT5G66880;AT5G06839;AT3G11410;AT5G20900;AT1G28130;AT2G25490;AT3G12250;AT1G10470;AT5G57050;AT4G01026;AT5G53590;AT3G17860;AT1G01360;AT3G56850;AT5G06960;AT5G05440;AT4G27260;AT5G03730;AT3G12830;AT1G03970;AT2G23030;AT5G06950;AT5G03280;AT4G39400;AT5G59220;AT1G51950;AT3G43440;AT5G20730;AT4G37390","OSD-321",-0.43,"whole_seedling","dark",FALSE
"04120 (KEGG:04120)",0.0240641711229947,0.0778851129894773,-0.337963775367888,-1.42984163985877,116,82,"AT3G17000;AT1G14400;AT1G64230;AT3G61790;AT4G12570;AT2G02760;AT4G38600;AT1G77000;AT3G58040;AT2G30110;AT2G21470;AT4G05420;AT1G06590;AT3G08690;AT1G17280;AT3G07370;AT5G18650;AT1G75950;AT2G33340;AT3G17205;AT5G46210;AT4G27880;AT5G62540","OSD-321",-0.43,"whole_seedling","dark",FALSE
"04130 (KEGG:04130)",0.0202186919744172,0.0687663986926505,-0.439563870113559,-1.54700789713175,97,35,"AT4G32150;AT3G11820;AT5G61210;AT3G52400;AT1G16240;AT3G61450;AT2G36900;AT5G22360;AT1G29060;AT3G09740;AT5G58060;AT5G05760","OSD-321",-0.43,"whole_seedling","dark",FALSE
"04141 (KEGG:04141)",0.00184842883548983,0.0104976807449517,-0.371983638806359,-1.65056354492656,8,109,"AT3G53230;AT2G01650;AT3G17000;AT1G64230;AT4G34100;AT2G01470;AT5G02490;AT3G09840;AT3G07100;AT5G03340;AT5G38470;AT2G34250;AT5G19660;AT4G32640;AT5G52640;AT3G08690;AT5G60460;AT3G12580;AT2G23780;AT3G63000;AT1G17280;AT3G54130;AT5G09590;AT4G29330;AT3G07370;AT2G17190;AT3G63460;AT1G75950;AT4G04860;AT4G15410","OSD-321",-0.43,"whole_seedling","dark",FALSE
"04144 (KEGG:04144)",0.000205086136177194,0.00186712983065567,-0.483344603916164,-1.92066367327938,0,60,"AT5G22770;AT5G02490;AT3G59290;AT4G12570;AT4G26750;AT5G22780;AT3G05630;AT3G15730;AT4G21560;AT3G12400;AT4G11850;AT4G33650;AT1G15130;AT2G42010;AT1G48790;AT3G12580;AT3G08530;AT5G09590;AT3G16785;AT2G41210;AT4G29160;AT4G05000;AT5G13860;AT3G11130;AT5G46630;AT4G16144;AT3G09440;AT1G77740;AT2G27600","OSD-321",-0.43,"whole_seedling","dark",FALSE
"04145 (KEGG:04145)",0.0719056974459725,0.174639868729999,0.340961733970261,1.33057736745383,365,57,"AT1G20010;AT1G75780;AT5G12250;AT5G62700;AT5G19770;AT2G29550;AT5G23860;AT5G44340;AT4G14960","OSD-321",-0.43,"whole_seedling","dark",FALSE
"04146 (KEGG:04146)",0.000610749185667752,0.00429963146016056,-0.476405386199903,-1.87531011835311,2,57,"AT2G13360;AT2G33150;AT4G35090;AT5G65110;AT4G34890;AT3G51840;AT1G08830;AT1G29260;AT2G26800;AT4G23850;AT3G23790;AT4G18360;AT4G16760;AT3G12800;AT3G56350;AT2G04350;AT4G05530;AT5G27600;AT1G79810;AT3G05970;AT2G28190;AT5G17550;AT5G17380;AT5G08470","OSD-321",-0.43,"whole_seedling","dark",FALSE
"04626 (KEGG:04626)",0.000619578686493185,0.00429963146016056,-0.399168981372967,-1.79429972557318,2,118,"AT4G08500;AT3G20410;AT4G33430;AT2G30250;AT2G39940;AT5G57580;AT5G04170;AT1G80460;AT4G26090;AT1G32640;AT3G10300;AT2G43790;AT1G12220;AT3G10190;AT4G23550;AT2G38470;AT5G45250;AT5G20900;AT3G17700;AT2G41410;AT5G52640;AT1G01340;AT3G17860;AT4G26470;AT3G50770;AT4G35310;AT4G23570;AT3G21220;AT4G37010;AT3G25070;AT3G21630;AT4G23650;AT2G17290;AT5G07390;AT3G43440;AT4G11260;AT3G03000;AT2G46430;AT5G19450;AT5G56010;AT1G35670;AT4G01010;AT1G74740;AT4G04740;AT5G57940;AT3G45640;AT4G01250;AT5G13220;AT1G18210;AT3G56800;AT4G30360;AT1G19180;AT2G27480;AT1G48500;AT2G23980","OSD-321",-0.43,"whole_seedling","dark",FALSE
"04650 (KEGG:04650)",0.177469455373783,0.331790720916204,-0.447751983334464,-1.26598164304541,856,15,"AT1G10210;AT4G36450;AT4G11330;AT1G59580;AT3G45640;AT2G46070;AT1G01560","OSD-321",-0.43,"whole_seedling","dark",FALSE
"04712 (KEGG:04712)",0.0931512433754586,0.207692772266763,-0.401760433600412,-1.35163649534913,456,29,"AT1G04400;AT5G57360;AT1G22770;AT2G18915;AT5G61380;AT5G24470;AT5G02810;AT1G68050;AT2G25930","OSD-321",-0.43,"whole_seedling","dark",FALSE
"GO:0000028 (ribosomal small subunit assembly)",0.000248138957816377,0.00495057527143089,0.699069785109097,2.30062293071563,0,25,"AT5G09500;AT5G47320;AT1G30960;AT3G02080;AT5G38720;AT5G47930;AT3G11940;AT3G52580;AT3G11510;AT2G36160;AT5G61170;AT1G15440;AT2G07696;AT1G72370;AT5G09510;AT3G10090;AT1G04270;AT5G64140;AT2G37270;AT3G61110","OSD-193",-0.24,"root","unknown",FALSE
"GO:0000045 (autophagosome assembly)",0.700026062027626,0.830516357085203,0.234881221187453,0.864102453100092,2685,39,"AT4G17790;AT3G13970;AT5G17290;AT1G54210;AT2G44140;AT4G04620;AT1G49180;AT4G16520;AT4G15780;AT4G30790","OSD-193",-0.24,"root","unknown",FALSE
"GO:0000082 (G1/S transition of mitotic cell cycle)",0.173343605546995,0.345794114142738,0.335942518647208,1.21263186024085,674,36,"AT5G67260;AT1G47210;AT5G43080;AT1G20610;AT1G15570;AT1G77390;AT1G47230;AT1G80370;AT1G14750;AT2G17620;AT5G65420","OSD-193",-0.24,"root","unknown",FALSE
"GO:0000103 (sulfate assimilation)",0.0242238143978164,0.0930864817425525,-0.542745210390573,-1.59519839315408,141,22,"AT1G62180;AT5G43780;AT5G63980;AT5G04590;AT4G21990;AT2G17640;AT4G04610;AT1G19920;AT2G14750;AT5G54390;AT5G63990","OSD-193",-0.24,"root","unknown",FALSE
"GO:0000122 (negative regulation of transcription by RNA polymerase II)",0.00199252801992528,0.0176439800025268,0.544722528588365,1.86235009009355,7,29,"AT5G14070;AT5G47390;AT2G19385;AT1G70060;AT5G13080;AT4G25520;AT1G03850;AT1G03760;AT3G62930;AT4G15690;AT4G20400","OSD-193",-0.24,"root","unknown",FALSE
"GO:0000160 (phosphorelay signal transduction system)",0.43743961352657,0.630366990247015,0.315964613086468,1.00703722183251,1810,22,"AT3G21510;AT1G59940;AT3G56380;AT1G80100;AT2G41310;AT5G39340;AT5G35750","OSD-193",-0.24,"root","unknown",FALSE
"GO:0000162 (tryptophan biosynthetic process)",0.16571018651363,0.345559467439685,0.414289373080658,1.2664224381841,692,19,"AT5G57890;AT1G07780;AT4G02610;AT2G04400;AT5G05730;AT2G29690","OSD-193",-0.24,"root","unknown",FALSE
"GO:0000165 (MAPK cascade)",0.0530654301906234,0.157067885066837,-0.553074995710789,-1.49705385796572,308,16,"AT3G21220;AT4G29810;AT2G18170;AT1G51660;AT4G11330;AT4G08480;AT1G09000;AT5G40440;AT1G54960;AT1G53570;AT5G66850;AT4G08500","OSD-193",-0.24,"root","unknown",FALSE
"GO:0000209 (protein polyubiquitination)",0.588173178458289,0.754947806345793,0.244287772835079,0.926550894532155,2227,45,"AT4G36410;AT3G24515;AT5G53300;AT1G26800;AT3G08690;AT5G50870;AT1G50490;AT1G63800;AT3G08505;AT3G07370;AT3G55380;AT1G64230;AT3G17205;AT3G26750;AT5G02880","OSD-193",-0.24,"root","unknown",FALSE
"GO:0000226 (microtubule cytoskeleton organization)",0.0494864612511671,0.149684296160708,-0.393592241304771,-1.41477775278651,317,55,"AT3G16800;AT3G23090;AT5G27930;AT4G20890;AT4G03260;AT5G12250;AT2G29550;AT5G14790;AT3G60840;AT4G14960;AT2G01910;AT5G19780;AT1G20010;AT1G64740;AT2G35880","OSD-193",-0.24,"root","unknown",FALSE
"GO:0000245 (spliceosomal complex assembly)",0.14477717519453,0.315924478728063,0.462092018559044,1.31424615507942,613,15,"AT2G37340;AT1G60900;AT5G22840;AT2G32600;AT2G33435;AT5G64270","OSD-193",-0.24,"root","unknown",FALSE
"GO:0000278 (mitotic cell cycle)",0.83656117146906,0.916756013999803,-0.218305148691466,-0.772818713220565,5312,51,"AT4G20890;AT5G12250;AT2G29550;AT4G14960;AT5G19780;AT2G27960;AT5G01450;AT1G20010;AT1G64740;AT1G69960;AT2G32900","OSD-193",-0.24,"root","unknown",FALSE
"GO:0000302 (response to reactive oxygen species)",0.155126937026047,0.330252817153013,-0.389697854458079,-1.25951932642011,940,33,"AT5G58070;AT1G18150;AT3G08640;AT1G07890;AT2G40300;AT5G52310;AT4G35970;AT4G08390;AT5G19790;AT5G01600;AT3G56240","OSD-193",-0.24,"root","unknown",FALSE
"GO:0000373 (Group II intron splicing)",0.0491803278688525,0.149498409591387,0.441079399535819,1.46751306195195,197,26,"AT3G23990;AT3G01370;AT1G71310;AT3G27550;AT5G16180;AT5G54890;AT3G22310;AT4G31010;AT3G27750","OSD-193",-0.24,"root","unknown",FALSE
"GO:0000387 (spliceosomal snRNP assembly)",0.00360317079029546,0.0254192965564787,0.593232814597064,1.84038680451965,14,20,"AT2G42510;AT2G14285;AT2G23930;AT1G20580;AT4G02840;AT2G47640;AT1G13030;AT3G07590;AT5G62290;AT4G30330;AT4G30220;AT1G54385;AT1G54380","OSD-193",-0.24,"root","unknown",FALSE
"GO:0000398 (mRNA splicing, via spliceosome)",0.000347584289190129,0.00505652382607544,0.571590592723633,2.65891109278698,0,133,"AT5G25340;AT4G21660;AT2G36130;AT2G47580;AT2G37340;AT1G23860;AT1G07170;AT3G05760;AT2G30260;AT1G27650;AT1G09770;AT1G55310;AT1G51380;AT2G33340;AT4G08580;AT1G77180;AT2G23930;AT1G73720;AT3G07860;AT1G60900;AT5G44200;AT2G30000;AT1G28060;AT1G09760;AT4G12600;AT1G10320;AT1G14650;AT1G76860;AT5G16780;AT3G54230;AT5G56900;AT5G64730;AT3G61360;AT1G20580;AT1G60170;AT3G55200;AT5G18810;AT1G80060;AT4G15900;AT2G46610;AT5G44500;AT4G20440;AT5G17900;AT1G30460;AT1G30480;AT2G43810;AT5G06160;AT3G61860;AT4G24500;AT2G43370;AT1G80070;AT5G19350;AT1G03910;AT5G64200;AT3G13200;AT5G42820;AT1G44910;AT5G62290;AT4G31580;AT2G41500;AT4G30220;AT5G16260;AT4G21110;AT1G80930;AT3G55460;AT5G41690;AT1G65660;AT1G03330;AT1G25682;AT4G14342;AT4G37120;AT1G56290;AT3G59810;AT3G50670;AT1G20920;AT3G53500;AT5G52040;AT4G36690;AT5G27860;AT5G13010;AT2G43770;AT1G31870","OSD-193",-0.24,"root","unknown",FALSE
"GO:0000423 (mitophagy)",0.856482274362048,0.926213574575596,-0.248190294853829,-0.710961275329512,5000,20,"AT3G61710;AT1G04140;AT3G18770;AT1G05270;AT3G49590;AT4G21980","OSD-193",-0.24,"root","unknown",FALSE
"GO:0000462 (maturation of SSU-rRNA from tricistronic rRNA transcript (SSU-rRNA, 5.8S rRNA, LSU-rRNA))",0.000248138957816377,0.00495057527143089,0.679853110014232,2.23738128543631,0,25,"AT5G59240;AT1G06720;AT5G27990;AT3G04230;AT4G28200;AT1G12650;AT5G43720;AT1G42440;AT2G43650;AT1G33390;AT3G06530;AT1G15440;AT1G15420;AT1G17690;AT2G09990;AT5G18380;AT1G07840;AT5G20290;AT3G56990;AT2G47680","OSD-193",-0.24,"root","unknown",FALSE
"GO:0000463 (maturation of LSU-rRNA from tricistronic rRNA transcript (SSU-rRNA, 5.8S rRNA, LSU-rRNA))",0.000237755587256301,0.00495057527143089,0.772403725573169,2.32237192415689,0,18,"AT3G13580;AT2G40360;AT5G02610;AT4G28820;AT4G27010;AT5G61770;AT3G55170;AT2G44120;AT5G65900;AT3G18600;AT1G80750;AT3G09500;AT4G25730;AT2G01250;AT5G14520","OSD-193",-0.24,"root","unknown",FALSE
"GO:0000723 (telomere maintenance)",0.0646695197337137,0.181252644758253,0.486288289291567,1.46211396023366,271,18,"AT1G51190;AT2G31970;AT1G07745;AT5G06310;AT3G20840;AT5G13820;AT5G16850;AT1G79950;AT1G56260;AT5G40820;AT1G48050","OSD-193",-0.24,"root","unknown",FALSE
"GO:0000724 (double-strand break repair via homologous recombination)",0.00702370500438982,0.0416648908512833,0.39057001352037,1.61106577190898,23,67,"AT3G23255;AT5G63690;AT5G38110;AT4G26110;AT1G71310;AT1G07745;AT2G45280;AT3G15150;AT1G31360;AT4G02110;AT1G65470;AT5G61460;AT5G01630;AT1G14750;AT5G64520;AT3G02920;AT1G35530;AT3G13782;AT5G27680;AT1G66740;AT1G04020;AT1G67500;AT2G24490;AT1G74560;AT2G06510;AT4G21070;AT4G26720;AT3G02680;AT4G31400;AT5G43210;AT5G08020;AT1G60930;AT3G05740;AT2G19480;AT2G30350","OSD-193",-0.24,"root","unknown",FALSE
"GO:0000902 (cell morphogenesis)",0.872285418821096,0.938321110738891,-0.249705023780702,-0.68690768411983,5060,17,"AT2G22640;AT1G62440;AT3G27000;AT1G12040","OSD-193",-0.24,"root","unknown",FALSE
"GO:0000911 (cytokinesis by cell plate formation)",0.343189017951426,0.527336417856759,0.279988481585927,1.06195891452692,1299,45,"AT4G26760;AT3G48860;AT4G00100;AT5G66410;AT4G22970;AT3G43210;AT4G25070;AT5G23700;AT2G32980;AT1G18370;AT2G35630;AT2G41670;AT5G13260;AT2G28620;AT1G71440;AT2G30410;AT3G19050","OSD-193",-0.24,"root","unknown",FALSE
"GO:0001510 (RNA methylation)",0.0040650406504065,0.0267068799720255,0.601553459599699,1.83886155065824,16,19,"AT4G26600;AT4G15520;AT5G26880;AT5G01160;AT4G17610;AT5G13830;AT3G05680;AT5G66180;AT5G52470;AT2G22400;AT4G25630;AT5G26180;AT3G54170;AT1G06560;AT4G09980","OSD-193",-0.24,"root","unknown",FALSE
"GO:0001522 (pseudouridine synthesis)",0.00741272118603539,0.0431349775682631,0.578813270133951,1.76934809446255,30,19,"AT2G20490;AT3G06950;AT3G57150;AT3G52260;AT3G03920;AT3G04820;AT4G21770;AT5G51140;AT1G34150;AT1G78910;AT3G19440","OSD-193",-0.24,"root","unknown",FALSE
"GO:0001666 (response to hypoxia)",0.236994219653179,0.413724194880264,0.309884716127568,1.14394350935414,901,40,"AT5G57090;AT5G25110;AT3G16770;AT2G31810;AT4G24230;AT3G14230","OSD-193",-0.24,"root","unknown",FALSE
"GO:0002181 (cytoplasmic translation)",0.000263991552270327,0.00495057527143089,0.68055143292038,2.58124068851051,0,45,"AT1G27400;AT1G17470;AT4G10450;AT3G53740;AT3G55750;AT3G49910;AT1G51730;AT2G19740;AT5G67510;AT1G74050;AT5G56710;AT5G47700;AT2G37600;AT1G33140;AT1G41880;AT4G17390;AT5G02450;AT3G09200;AT2G20280;AT4G36130;AT4G39520;AT1G67430;AT1G18540;AT1G01100;AT2G36620;AT3G05560;AT1G72370;AT2G18020;AT5G27770;AT1G07070;AT1G74060;AT4G26230","OSD-193",-0.24,"root","unknown",FALSE
"GO:0002213 (defense response to insect)",0.79996632429702,0.893563846701059,-0.250344088523501,-0.771767336895057,4750,27,"AT5G10290;AT3G52430;AT5G44572;AT2G35690;AT5G60890;AT5G44568;AT3G62590;AT4G23100;AT4G16760;AT4G08850;AT1G45145;AT5G44574","OSD-193",-0.24,"root","unknown",FALSE
"GO:0002221 (pattern recognition receptor signaling pathway)",0.234064080944351,0.412141652613828,-0.397171220474736,-1.19244099079451,1387,24,"AT5G15080;AT2G39660;AT5G13160;AT3G49120;AT3G01300;AT3G09830;AT3G28690","OSD-193",-0.24,"root","unknown",FALSE
"GO:0002229 (defense response to oomycetes)",0.0713946493588729,0.195614936135746,-0.389955333719271,-1.37652527788376,450,50,"AT5G24660;AT5G03140;AT4G29810;AT4G39950;AT2G32800;AT5G01550;AT2G37710;AT3G59730;AT3G45440;AT2G22330;AT5G60300;AT3G45390;AT1G18670;AT3G53810;AT4G02410;AT4G04960","OSD-193",-0.24,"root","unknown",FALSE
"GO:0002237 (response to molecule of bacterial origin)",0.0597576948264571,0.169478173652163,-0.432347500188157,-1.42395189696114,364,36,"AT3G22600;AT3G55450;AT3G55150;AT2G39660;AT5G24590;AT2G42490;AT2G25000;AT1G16670;AT3G05360;AT1G79550;AT5G18520;AT1G08320","OSD-193",-0.24,"root","unknown",FALSE
"GO:0002239 (response to oomycetes)",0.681884057971014,0.820066344756534,0.269010896676737,0.857387108593323,2822,22,"AT4G02520;AT3G01290;AT4G38540;AT5G60950;AT2G39210","OSD-193",-0.24,"root","unknown",FALSE
"GO:0003333 (amino acid transmembrane transport)",0.0841519318925999,0.216948651419319,-0.416364333723271,-1.37131076870848,513,36,"AT1G77690;AT3G11900;AT1G58360;AT2G38120;AT3G30390;AT2G39130;AT3G55740;AT2G41190;AT1G47670;AT2G39890;AT5G65990;AT5G58970;AT5G49630;AT5G63850;AT5G01240","OSD-193",-0.24,"root","unknown",FALSE
"GO:0005975 (carbohydrate metabolic process)",0.00526523627747795,0.0328271363830513,-0.335008471712487,-1.47001364263658,39,207,"AT2G44350;AT2G28470;AT5G13420;AT4G21760;AT2G36870;AT4G23500;AT2G22620;AT1G60270;AT1G23460;AT3G29360;AT1G22650;AT3G13560;AT1G70730;AT5G15490;AT4G26140;AT5G24410;AT1G45130;AT3G12700;AT4G19720;AT4G31140;AT3G04010;AT4G10180;AT3G16920;AT3G61490;AT3G06510;AT2G26600;AT3G55440;AT3G07020;AT5G42720;AT5G14500;AT5G55180;AT1G23190;AT1G12230;AT3G26380;AT3G01260;AT2G41540;AT5G41870;AT4G33440;AT1G05650;AT4G27820;AT1G30000;AT3G09260;AT3G06770;AT3G24180;AT1G30080;AT1G64770;AT1G62660;AT3G62110;AT3G16850;AT3G08590;AT4G34480;AT1G67070;AT3G02570;AT4G23730;AT1G51590;AT3G55430;AT3G23640;AT2G44480;AT3G62740;AT3G21160;AT1G73740;AT5G14650;AT2G28100;AT5G49900;AT3G01590","OSD-193",-0.24,"root","unknown",FALSE
"GO:0005985 (sucrose metabolic process)",0.015511892450879,0.0718012597536899,-0.605123415801819,-1.66461978962889,89,17,"AT1G12240;AT1G71880;AT2G02860;AT4G33950;AT3G03250;AT1G09960;AT1G62660;AT5G37180","OSD-193",-0.24,"root","unknown",FALSE
"GO:0005992 (trehalose biosynthetic process)",0.170117322291235,0.345794114142738,-0.457985042231309,-1.27950428889955,985,18,"AT5G10100;AT1G78090;AT1G78580;AT5G51460;AT4G22590","OSD-193",-0.24,"root","unknown",FALSE
"GO:0006002 (fructose 6-phosphate metabolic process)",0.90505120638778,0.952234329585803,-0.243527471264481,-0.647098681621284,5213,15,"AT4G29220;AT5G56630;AT1G07110;AT3G24090;AT3G55800;AT4G04040;AT2G22480;AT1G12000","OSD-193",-0.24,"root","unknown",FALSE
"GO:0006006 (glucose metabolic process)",0.00876288659793814,0.047804675994109,-0.602215125889649,-1.70282618457436,50,19,"AT4G26850;AT1G24280;AT5G40760;AT3G01260;AT4G29130;AT5G13110;AT2G19860","OSD-193",-0.24,"root","unknown",FALSE
"GO:0006012 (galactose metabolic process)",0.0186142709410548,0.0799806410316457,-0.596117823672037,-1.63984651778863,107,17,"AT1G64440;AT4G20460;AT1G09350;AT4G10960;AT5G44480;AT3G06580;AT1G30620","OSD-193",-0.24,"root","unknown",FALSE
"GO:0006094 (gluconeogenesis)",0.0170998632010944,0.0762628935464867,-0.56100024539271,-1.62694953642226,99,21,"AT3G04120;AT5G42740;AT1G13440;AT3G55440;AT3G52930;AT1G79550;AT2G36460;AT4G24620;AT5G65690;AT1G56190;AT3G12780","OSD-193",-0.24,"root","unknown",FALSE
"GO:0006096 (glycolytic process)",0.00145114479200258,0.0145352371789111,-0.541595186984974,-1.85519600329746,8,44,"AT1G78050;AT2G36580;AT3G52990;AT3G04120;AT5G42740;AT5G56350;AT1G13440;AT3G55440;AT1G22170;AT4G29130;AT3G52930;AT1G79550;AT2G19860;AT2G36530;AT4G29220;AT2G36460;AT4G24620;AT5G56630;AT3G08590;AT1G74030;AT1G50460;AT1G32440;AT1G56190;AT3G12780;AT5G63680;AT1G09780","OSD-193",-0.24,"root","unknown",FALSE
"GO:0006098 (pentose-phosphate shunt)",0.142096219931271,0.311185628595007,-0.466312042676276,-1.31854601838251,826,19,"AT5G13420;AT5G24410;AT1G12230;AT3G52930;AT2G36460;AT2G45290;AT3G02360;AT3G60750","OSD-193",-0.24,"root","unknown",FALSE
"GO:0006099 (tricarboxylic acid cycle)",0.0129011449766167,0.0668016913619728,-0.480331143041176,-1.62272841352381,79,41,"AT5G51040;AT5G65165;AT2G44350;AT4G35260;AT3G27380;AT1G04410;AT5G03290;AT2G17130;AT4G26970;AT2G05710;AT5G58330;AT2G46505;AT5G55070;AT5G66760;AT2G20420","OSD-193",-0.24,"root","unknown",FALSE
"GO:0006108 (malate metabolic process)",0.0522233712512927,0.157067885066837,-0.544566678852781,-1.4980356844887,302,17,"AT3G15020;AT1G04410;AT3G47520;AT2G22780;AT2G13560;AT5G58330;AT1G53240;AT5G11670","OSD-193",-0.24,"root","unknown",FALSE
"GO:0006260 (DNA replication)",0.00788229111928534,0.0450100922792836,0.450702037940632,1.66377250674934,29,40,"AT5G55300;AT2G02480;AT1G47720;AT2G31270;AT4G11060;AT5G45720;AT1G26840;AT1G31360;AT5G51795;AT1G31010;AT1G21690;AT5G44785;AT3G02920;AT1G08130;AT2G24490;AT4G32700;AT4G18820;AT4G29910;AT3G18580;AT1G79950","OSD-193",-0.24,"root","unknown",FALSE
"GO:0006261 (DNA-templated DNA replication)",0.0385170919595571,0.127155530420533,0.486943959660787,1.53326523109541,159,21,"AT2G02480;AT5G63960;AT5G45720;AT1G19080;AT1G63160;AT5G49010;AT5G27740;AT5G13060;AT1G21690","OSD-193",-0.24,"root","unknown",FALSE
"GO:0006270 (DNA replication initiation)",0.00869565217391304,0.047804675994109,0.544297118872598,1.73477483154387,35,22,"AT2G20980;AT1G26840;AT5G49010;AT2G29680;AT2G16440;AT1G79150;AT1G80190","OSD-193",-0.24,"root","unknown",FALSE
"GO:0006281 (DNA repair)",0.00140056022408964,0.0142623716153128,0.339549516196549,1.58341612972552,3,135,"AT2G02480;AT4G26110;AT5G67380;AT5G10950;AT3G10140;AT3G12380;AT5G49110;AT1G08390;AT1G15940;AT1G71310;AT5G45720;AT1G07745;AT1G63160;AT1G31360;AT1G51130;AT5G65740;AT5G64610;AT5G47690;AT3G57300;AT5G27740;AT1G71260;AT2G21800;AT1G21690;AT1G30480;AT3G05480;AT1G49980;AT1G79050;AT5G22010;AT3G18630;AT1G35530;AT5G27680;AT1G77620;AT1G04020;AT3G20010;AT2G02740;AT2G22260;AT4G31880;AT5G05130;AT1G67500;AT2G24490;AT1G80810;AT3G61420;AT4G31150;AT2G06510;AT4G21070;AT4G18820;AT4G14970;AT4G31400;AT1G79950;AT1G77470;AT2G41460;AT1G21710;AT5G08020;AT1G52500;AT5G66130;AT2G18760;AT1G60930;AT3G52115;AT2G19480;AT2G19490;AT1G76710;AT4G37010;AT1G03190;AT4G30825;AT5G63920","OSD-193",-0.24,"root","unknown",FALSE
"GO:0006284 (base-excision repair)",0.745404868355688,0.868265823450279,0.24732835661195,0.822884937045605,3000,26,"AT4G12740;AT3G12710;AT5G04560;AT1G80420;AT3G07930;AT5G44680;AT3G18630;AT3G12040;AT3G47830;AT3G10010;AT2G41460;AT1G21710;AT1G52500","OSD-193",-0.24,"root","unknown",FALSE
"GO:0006289 (nucleotide-excision repair)",0.987451984635083,0.996833350582445,0.162474914636534,0.58224323104054,3855,35,"AT2G06040;AT3G02920;AT4G17020;AT1G18340;AT2G24490;AT1G20720;AT5G41360;AT3G61420;AT2G06510;AT2G41460;AT1G21710;AT5G08020","OSD-193",-0.24,"root","unknown",FALSE
"GO:0006298 (mismatch repair)",0.118449389806174,0.274138549892319,0.463740101732106,1.34579172895771,494,16,"AT4G12740;AT2G29570;AT2G25100;AT4G02070;AT1G07370;AT3G24320;AT3G18524;AT4G25540;AT4G17380;AT5G16630;AT3G20475;AT4G09140;AT4G02460","OSD-193",-0.24,"root","unknown",FALSE
"GO:0006302 (double-strand break repair)",0.87953303527074,0.940444620204088,0.217556522300128,0.723831216158059,3540,26,"AT2G31970;AT5G40840;AT5G61460;AT1G08130;AT3G20540;AT4G32700;AT5G57450;AT5G57160;AT4G29170;AT3G06820;AT1G48050","OSD-193",-0.24,"root","unknown",FALSE
"GO:0006303 (double-strand break repair via nonhomologous end joining)",0.775760433859939,0.882399223956872,0.273886010362694,0.778965274430983,3289,15,"AT1G80420;AT5G57160;AT1G19025;AT5G40820;AT1G48050;AT5G54260;AT1G10520;AT4G02390;AT1G66730;AT1G61410;AT3G26680;AT1G16970;AT2G45700;AT3G48190;AT3G23100","OSD-193",-0.24,"root","unknown",FALSE
"GO:0006310 (DNA recombination)",0.0342111740093527,0.116776688936953,0.455551740884903,1.53235509515664,138,27,"AT1G15940;AT1G31360;AT4G25120;AT5G47690;AT2G21800;AT1G65470;AT5G27680;AT4G31880;AT2G30480;AT4G32700;AT1G80810;AT4G21070;AT1G79950;AT1G60930;AT3G05740;AT5G63920;AT1G77600","OSD-193",-0.24,"root","unknown",FALSE
"GO:0006325 (chromatin organization)",0.244102070293693,0.422264018895985,0.370287875116478,1.16594427992864,1013,21,"AT5G67380;AT1G18450;AT1G05970;AT1G65470;AT1G57820;AT3G57060;AT2G21150","OSD-193",-0.24,"root","unknown",FALSE
"GO:0006334 (nucleosome assembly)",0.0735076467686236,0.198967856674384,0.408882264447671,1.38838596866403,297,28,"AT4G26110;AT1G07820;AT4G25340;AT5G08780;AT1G05910;AT1G49950;AT1G65470;AT1G14900;AT3G13782;AT3G49850;AT1G74560;AT1G72740;AT2G19480;AT1G48620;AT1G17520;AT3G18035;AT3G15120;AT2G22720","OSD-193",-0.24,"root","unknown",FALSE
"GO:0006338 (chromatin remodeling)",0.000600600600600601,0.00748912177483606,0.438309156097045,1.88048570042328,1,81,"AT5G55300;AT2G19670;AT3G17590;AT2G34900;AT3G52280;AT1G18450;AT5G67320;AT3G07220;AT5G63550;AT2G16780;AT5G37055;AT3G20020;AT2G48160;AT3G57300;AT1G63490;AT1G06230;AT3G27420;AT2G31650;AT5G66750;AT4G20400;AT3G06400;AT1G04870;AT4G38495;AT5G18620;AT2G25170;AT2G18000;AT4G26630;AT3G48430;AT2G23740;AT5G04240;AT1G17790;AT3G48710;AT5G49020;AT1G54840;AT3G12810;AT5G67630;AT5G08230;AT2G23380;AT4G16420;AT3G06660;AT1G30810;AT1G08620;AT4G18470;AT3G07740;AT1G73150;AT4G29730;AT3G06930","OSD-193",-0.24,"root","unknown",FALSE
"GO:0006351 (DNA-templated transcription)",0.000892591490627789,0.0102900641655392,0.411043229723122,1.76236712658195,2,80,"AT5G57980;AT2G29540;AT4G07950;AT1G19350;AT4G21710;AT2G22840;AT2G15400;AT3G16980;AT3G52910;AT1G33240;AT1G68990;AT3G13940;AT4G37740;AT2G36400;AT3G57080;AT5G45140;AT5G38860;AT2G15430;AT2G04630;AT2G45480;AT5G41010;AT2G25640;AT3G05380;AT2G24120;AT2G16770;AT1G29940;AT1G54250;AT4G16265;AT3G57660;AT3G50750;AT3G59600;AT5G15700","OSD-193",-0.24,"root","unknown",FALSE
"GO:0006352 (DNA-templated transcription initiation)",0.810575635876841,0.900475842764999,-0.248795646788508,-0.761321514513039,4843,26,"AT5G24120","OSD-193",-0.24,"root","unknown",FALSE
"GO:0006357 (regulation of transcription by RNA polymerase II)",0.0530805687203791,0.157067885066837,0.23974120106646,1.21691692049464,111,254,"AT3G05860;AT3G51910;AT4G25410;AT1G26665;AT5G51780;AT3G17590;AT3G60530;AT1G56170;AT4G25400;AT5G24330;AT2G41240;AT2G34900;AT4G04780;AT1G71200;AT2G45050;AT3G21350;AT3G56980;AT3G57230;AT3G52280;AT1G18450;AT1G30500;AT4G13980;AT5G67320;AT5G63470;AT5G67410;AT5G09790;AT5G04290;AT2G24260;AT5G20240;AT4G32890;AT4G19560;AT4G21430;AT2G38880;AT5G51790;AT1G77570;AT5G64610;AT5G14960;AT1G49950;AT5G58610;AT3G56970;AT1G71692;AT1G06230;AT1G26470;AT3G27420;AT1G27660;AT5G45190;AT1G66470;AT2G25640;AT2G38560;AT1G05830;AT3G14740;AT4G19600;AT2G31650;AT3G05380;AT5G12230;AT5G19910;AT2G42280;AT3G51080;AT2G16770;AT5G03220;AT5G65070","OSD-193",-0.24,"root","unknown",FALSE
"GO:0006364 (rRNA processing)",0.00030826140567201,0.00505652382607544,0.535475907020905,2.31682197564406,0,86,"AT2G48100;AT2G40430;AT5G08600;AT3G11964;AT1G63780;AT3G01540;AT1G31970;AT2G19385;AT3G17170;AT5G57280;AT5G16130;AT5G10620;AT4G02400;AT5G43720;AT5G38720;AT5G15750;AT5G61770;AT1G63810;AT2G43650;AT5G16750;AT1G48830;AT5G52470;AT3G15080;AT3G52905;AT1G59760;AT1G77030;AT4G32720;AT3G01160;AT1G15440;AT1G15420;AT4G25550;AT3G02560;AT3G07170;AT5G48240;AT2G43190;AT4G25630;AT5G53770;AT5G12220;AT5G11240;AT1G29250;AT4G01560;AT1G25260;AT3G49180;AT3G15460;AT3G23620;AT2G04270;AT5G11010;AT5G35910;AT1G48920;AT5G18570;AT1G08410","OSD-193",-0.24,"root","unknown",FALSE
"GO:0006366 (transcription by RNA polymerase II)",0.00957760314341847,0.0517868630144131,0.524224585153456,1.7095674559439,38,24,"AT5G57980;AT2G15400;AT1G02680;AT3G57080;AT2G15430;AT2G04630;AT3G19040;AT4G34340;AT3G52090;AT4G35800","OSD-193",-0.24,"root","unknown",FALSE
"GO:0006367 (transcription initiation at RNA polymerase II promoter)",0.192965315095261,0.366527603976981,0.37946498068101,1.22256316042573,789,23,"AT3G16980;AT4G20340;AT4G24440;AT4G16265;AT4G31720;AT5G41360;AT5G25150;AT5G27620;AT1G04950;AT5G43130;AT4G20330;AT5G09920","OSD-193",-0.24,"root","unknown",FALSE
"GO:0006368 (transcription elongation by RNA polymerase II)",0.00215362526920316,0.0187980719926161,0.648708307714957,1.88257662377723,8,16,"AT5G61150;AT5G63670;AT1G71080;AT5G04290;AT1G65440;AT5G46030;AT2G38560;AT5G08565;AT4G08350;AT2G42780","OSD-193",-0.24,"root","unknown",FALSE
"GO:0006396 (RNA processing)",0.00058428279287175,0.00743743305092998,0.477950827606454,1.95633727199381,1,65,"AT2G48100;AT2G28450;AT4G26600;AT5G38890;AT4G15520;AT5G26880;AT5G61990;AT5G58040;AT3G21300;AT1G01760;AT4G24770;AT1G05970;AT5G41270;AT3G12990;AT1G09700;AT5G01400;AT2G29670;AT5G30495;AT3G15080;AT4G15900;AT5G55100;AT1G30460;AT1G13030;AT4G38020;AT3G03300;AT5G16420;AT3G13740","OSD-193",-0.24,"root","unknown",FALSE
"GO:0006397 (mRNA processing)",0.0556694989745092,0.161971732730596,0.315647605479108,1.32374135248797,189,72,"AT5G03560;AT5G01160;AT4G29820;AT3G05680;AT1G08780;AT3G22480;AT5G23290;AT3G54230;AT5G49510;AT4G04885;AT2G16650;AT1G24706;AT4G25550;AT2G07340;AT5G09880;AT3G62540;AT1G60200;AT2G16940;AT2G06990","OSD-193",-0.24,"root","unknown",FALSE
"GO:0006400 (tRNA modification)",0.0270735909426532,0.100865634548543,0.463555226558256,1.55927669582214,109,27,"AT5G47680;AT5G12410;AT1G01760;AT5G24840;AT1G09290;AT5G20040;AT5G15810;AT5G13680;AT5G24670;AT1G48175;AT1G03110;AT3G26410;AT5G54880;AT2G27760","OSD-193",-0.24,"root","unknown",FALSE
"GO:0006401 (RNA catabolic process)",0.576678687961532,0.744927438360457,-0.337738509518264,-0.914184771647676,3357,16,"AT5G63980;AT1G26820","OSD-193",-0.24,"root","unknown",FALSE
"GO:0006402 (mRNA catabolic process)",0.859550561797753,0.92788938738238,0.226495962420651,0.729726414131041,3518,23,"AT5G21160;AT5G12980;AT5G13570;AT5G14580;AT1G14710","OSD-193",-0.24,"root","unknown",FALSE
"GO:0006406 (mRNA export from nucleus)",0.0472557223726311,0.145091690299887,0.43726869638441,1.47085578809465,191,27,"AT2G21660;AT1G80680;AT3G54380;AT5G05680;AT4G32910;AT1G24706;AT1G79280;AT5G37720;AT1G33410","OSD-193",-0.24,"root","unknown",FALSE
"GO:0006412 (translation)",0.000494315373208107,0.00642609985170539,0.641109517520812,3.30186773757789,0,287,"AT5G18790;AT3G17465;AT5G64650;AT5G59240;AT2G20060;AT1G26740;AT5G09770;AT5G02610;AT1G61580;AT1G27400;AT3G14600;AT3G01790;AT3G06040;AT2G42740;AT5G66860;AT3G09680;AT3G04230;AT4G02230;AT1G64600;AT1G64880;AT5G46430;AT5G23740;AT4G30930;AT5G09500;AT4G30800;AT3G22300;AT3G10610;AT1G15250;AT3G46040;AT1G08360;AT3G02190;AT5G47320;AT4G37660;AT2G05220;AT3G13882;AT4G36420;AT2G33450;AT3G20230;AT5G16130;AT1G02780;AT2G39460;AT1G52370;AT5G23900;AT5G45590;AT1G15930;AT5G23535;AT4G13170;AT1G26910;AT4G10450;AT3G02080;AT3G53740;AT2G16930;AT3G55750;AT3G56340;AT2G37190;AT3G22450;AT3G07110;AT5G61770;AT3G49910;AT2G19740;AT3G55170;AT5G27330;AT4G29410;AT5G62300;AT5G47930;AT5G35530;AT5G55140;AT5G67510;AT1G09690;AT3G28900;AT1G66580;AT2G18400;AT4G00100;AT1G49400;AT5G22440;AT1G74050;AT1G08845;AT1G80620;AT3G11940;AT5G56710;AT5G60670;AT3G12370;AT1G25350;AT5G15220;AT3G52590;AT5G10360;AT2G04390;AT1G52300;AT2G37600;AT3G62250;AT5G11750;AT5G15200;AT1G33140;AT1G41880;AT2G17360;AT3G52580;AT4G29430;AT4G17390;AT4G35490;AT5G02450;AT4G09800;AT3G11510;AT2G47110;AT2G36170;AT2G44065;AT1G31817;AT3G09500;AT3G55280;AT1G69620;AT5G40080;AT1G48830;AT2G07715;AT4G18100;AT1G16740;AT4G36130;AT3G04920;AT5G48760;AT3G04400;AT5G56670;AT3G17626;AT3G58700;AT1G07210;AT1G07830;AT5G53070;AT1G17560;AT3G53430;AT2G34480;AT5G56940;AT1G67430;AT4G23620;AT5G04800;AT3G60245;AT1G18540;AT2G36160;AT5G61170;AT5G28060;AT5G03850;AT4G18730;AT5G58420;AT2G41840;AT5G27700;AT4G27090;AT3G49010;AT2G20450;AT1G18070;AT2G09990;AT4G14320;AT1G57860;AT3G02560;AT2G40510;AT2G07696;AT3G05560;AT5G09510;AT2G18020;AT5G27770;AT1G07070;AT3G25520;AT5G18380;AT1G23290;AT1G14205;AT3G16080;AT1G04270;AT3G26360;AT5G64140;AT4G28360;AT3G60770;AT1G74060;AT1G77750;AT3G01800;AT5G39800;AT1G26880;AT3G09630;AT1G47278;AT3G48930;AT1G29070;AT4G26230;AT1G07930;AT3G18880;AT2G37270;AT2G34520;AT5G02960;AT3G47370;AT4G11630;AT3G16780;AT1G70190;AT5G20290;AT2G39390;AT5G07090;AT3G61110;AT1G23410;AT3G57290;AT4G08350;AT2G40590","OSD-193",-0.24,"root","unknown",FALSE
"GO:0006413 (translational initiation)",0.0794614572333685,0.207482693887129,0.35245247773191,1.33680517339295,300,45,"AT5G18110;AT1G29550;AT1G21160;AT1G22780;AT5G06000;AT2G40780;AT1G26630;AT1G10840;AT2G39990;AT5G57870;AT4G34110;AT1G76720;AT4G27130;AT3G57290;AT3G56150;AT2G24050;AT1G76820;AT5G35620;AT1G29590;AT3G13920","OSD-193",-0.24,"root","unknown",FALSE
"GO:0006414 (translational elongation)",0.000962927298988926,0.0106972469033133,0.618621186429441,1.94788401735592,3,21,"AT1G30230;AT2G18110;AT5G19510;AT5G47700;AT3G08740;AT1G01100;AT1G13950;AT1G26630;AT1G07930;AT4G25890;AT4G00810;AT5G24510;AT3G12915;AT1G56070;AT5G57290","OSD-193",-0.24,"root","unknown",FALSE
"GO:0006417 (regulation of translation)",0.753768844221106,0.868265823450279,0.273883473079093,0.794820442293734,3149,16,"AT4G14000;AT1G64790;AT3G16810","OSD-193",-0.24,"root","unknown",FALSE
"GO:0006457 (protein folding)",0.00108656283955089,0.0117708253063112,0.327796390984808,1.54592788688089,2,145,"AT2G36130;AT3G63400;AT5G52640;AT3G23990;AT5G58110;AT2G18390;AT5G20720;AT3G11830;AT3G07770;AT1G23100;AT3G56070;AT1G61770;AT3G13860;AT4G38740;AT5G17710;AT3G60210;AT1G08780;AT3G22480;AT1G55490;AT5G23290;AT5G49510;AT1G08450;AT1G14980;AT2G04030;AT2G21130;AT5G18820;AT4G26780;AT5G27280;AT1G54050;AT5G13120;AT5G16070;AT2G07340;AT3G29310;AT1G04130;AT1G53540;AT3G54826;AT1G29990;AT1G52260;AT3G55920;AT5G20890;AT5G56000;AT1G68730;AT4G21870;AT4G32420;AT2G28000;AT2G38730;AT5G02490;AT3G12050;AT5G53400;AT5G62390;AT1G59725;AT1G11660;AT4G37910;AT3G62600;AT4G24280;AT5G42980;AT3G18190;AT2G30410;AT4G33060;AT3G08910;AT1G33360;AT5G09590;AT1G07400;AT1G01940;AT2G01270;AT4G02450","OSD-193",-0.24,"root","unknown",FALSE
"GO:0006465 (signal peptide processing)",0.228681239490752,0.408550401546343,0.380501682902251,1.18043078380022,951,20,"AT5G27430;AT2G39960;AT1G34640;AT3G15710;AT1G29960;AT2G31140;AT3G08980;AT4G33410;AT1G52600","OSD-193",-0.24,"root","unknown",FALSE
"GO:0006468 (protein phosphorylation)",0.00299289188178077,0.0231475561995956,-0.324573329682699,-1.47945001781453,23,298,"AT4G11570;AT3G25250;AT3G28450;AT1G52540;AT5G35580;AT1G77280;AT4G18640;AT2G30740;AT5G02800;AT3G50500;AT4G29810;AT1G28440;AT1G31420;AT1G63430;AT2G24230;AT5G10290;AT5G55910;AT1G72710;AT4G35030;AT2G35050;AT4G20140;AT2G43230;AT5G18190;AT5G54380;AT2G39110;AT5G26751;AT1G48210;AT1G79620;AT2G39660;AT4G24400;AT4G29180;AT5G45840;AT5G01850;AT4G19110;AT5G61570;AT2G19130;AT2G32800;AT5G04870;AT4G18950;AT2G26730;AT3G51550;AT3G45240;AT3G63260;AT2G35620;AT5G65700;AT3G56370;AT2G16750;AT2G36570;AT5G24010;AT3G20860;AT5G41990;AT5G35980;AT3G51850;AT3G61160;AT2G05940;AT3G26700;AT2G23300;AT1G06840;AT4G26890;AT3G08730;AT1G63500;AT4G28980;AT1G08650;AT5G18500;AT1G16440;AT1G18670;AT3G17420;AT1G53730;AT5G51350;AT5G49760;AT3G28690;AT5G16590;AT3G21630;AT1G09440;AT2G37050;AT2G44830;AT3G58760;AT2G24360;AT3G59350;AT1G71830;AT2G30980;AT4G18710;AT2G39840;AT1G07560;AT3G51630;AT1G64300;AT5G56890;AT4G00340;AT2G45590;AT1G07150;AT5G56040;AT1G76360;AT4G22730;AT3G06630;AT2G13790;AT4G35230;AT1G59580;AT2G33580;AT5G55090","OSD-193",-0.24,"root","unknown",FALSE
"GO:0006470 (protein dephosphorylation)",0.436865021770682,0.630366990247015,-0.30048834056436,-1.01515584660853,2708,41,"AT3G16800;AT5G27930;AT4G26080;AT5G59160;AT1G13320;AT5G43380;AT2G39840;AT5G57050;AT3G09100;AT5G46410;AT4G03415;AT1G22280;AT3G05580;AT1G64040;AT5G27840;AT5G55260;AT2G35680;AT3G05640;AT1G10430;AT5G56610;AT3G19980;AT5G36250","OSD-193",-0.24,"root","unknown",FALSE
"GO:0006486 (protein glycosylation)",0.177958579881657,0.349622804847885,-0.303573637038111,-1.18274506950536,1202,88,"AT5G58780;AT5G58770;AT5G62220;AT1G27440;AT2G15370;AT2G31990;AT2G32430;AT2G05320;AT4G26940;AT4G18270;AT4G22580;AT3G42180;AT1G14080;AT2G20370;AT1G30000;AT3G57630;AT4G13990;AT1G08280;AT1G74680;AT1G51590;AT2G35610;AT3G21160;AT5G61840;AT4G38040;AT5G25820;AT3G45400;AT5G37000;AT1G67410;AT4G32790","OSD-193",-0.24,"root","unknown",FALSE
"GO:0006487 (protein N-linked glycosylation)",0.642057791882412,0.79735225780519,-0.28045919735302,-0.880685986128899,3843,29,"AT2G16530;AT2G05320;AT1G67880;AT2G13290;AT5G55500;AT1G12990;AT1G02145;AT5G14480","OSD-193",-0.24,"root","unknown",FALSE
"GO:0006499 (N-terminal protein myristoylation)",0.65823195458232,0.805971391282159,-0.261312216506311,-0.875247753723698,4057,39,"AT4G29040;AT2G15310;AT4G20260;AT1G70490;AT3G19240;AT5G12860;AT3G44480;AT1G07110;AT1G23490;AT3G54840;AT3G22950;AT1G67800;AT5G17060;AT1G52320","OSD-193",-0.24,"root","unknown",FALSE
"GO:0006506 (GPI anchor biosynthetic process)",0.398988195615514,0.597504381179116,-0.348723600724497,-1.04698501433288,2365,24,"AT5G62130;AT2G48030","OSD-193",-0.24,"root","unknown",FALSE
"GO:0006508 (proteolysis)",0.0194917701414958,0.0810168133092105,-0.365931439175708,-1.46325802905579,134,103,"AT2G27370;AT1G79340;AT2G23000;AT5G42270;AT2G30950;AT5G04200;AT2G21960;AT3G45310;AT1G50250;AT2G34080;AT2G22970;AT5G03330;AT1G11910;AT1G02305;AT2G24200;AT1G20160;AT1G73290;AT1G13610;AT1G49970;AT4G04460;AT1G51980;AT1G01900;AT2G22920;AT1G56180;AT5G58870;AT1G79330;AT1G06430;AT1G02170;AT2G26140;AT4G29490;AT5G42040;AT3G13235;AT5G64240;AT2G47390;AT3G10450;AT3G47060;AT4G01610;AT5G60360","OSD-193",-0.24,"root","unknown",FALSE
"GO:0006511 (ubiquitin-dependent protein catabolic process)",0.988675958188153,0.996833350582445,0.152675231531132,0.763889294666646,2269,225,"AT4G24015;AT5G25350;AT4G36410;AT5G22920;AT5G18650;AT4G28270;AT1G20140;AT2G05840;AT2G45950;AT4G03510;AT2G44420;AT5G56280;AT5G59140;AT3G60300","OSD-193",-0.24,"root","unknown",FALSE
"GO:0006520 (amino acid metabolic process)",0.0192529208491032,0.0805721550602879,-0.48833431489325,-1.58721355842808,116,34,"AT4G24670;AT1G80360;AT4G38220;AT4G31990;AT5G36160;AT1G44820;AT3G16050;AT1G62800;AT2G20340;AT1G34040;AT4G26200;AT4G11280;AT2G20610;AT2G22250","OSD-193",-0.24,"root","unknown",FALSE
"GO:0006535 (cysteine biosynthetic process from serine)",0.18885610137129,0.364009709583148,-0.473194915274091,-1.25736864195994,1087,15,"AT3G13110;AT2G17640;AT4G14880;AT3G61440;AT3G59760;AT3G04940","OSD-193",-0.24,"root","unknown",FALSE
"GO:0006606 (protein import into nucleus)",0.436526788070731,0.630366990247015,0.267286299536799,1.0051247105103,1653,43,"AT5G58590;AT1G14850;AT5G55190;AT5G05680;AT4G32910;AT2G05120;AT1G79280;AT1G27310;AT4G02150;AT5G20020;AT4G27640;AT4G12760;AT4G38760;AT1G26170;AT3G57350;AT1G27970;AT5G19820;AT2G30050;AT2G41620;AT3G08943","OSD-193",-0.24,"root","unknown",FALSE
"GO:0006612 (protein targeting to membrane)",0.530168150346192,0.71508331095259,-0.295210761767876,-0.954133197194295,3215,33,"AT3G56930;AT3G48760;AT5G50020;AT3G26935;AT2G20990;AT3G53120;AT4G15080;AT5G41060","OSD-193",-0.24,"root","unknown",FALSE
"GO:0006623 (protein targeting to vacuole)",0.334970530451866,0.522109678842067,-0.329064809415689,-1.08378667480835,2045,36,"AT1G08190;AT5G39510;AT3G61710;AT1G30900;AT2G14740;AT2G28390;AT3G53120;AT5G03840;AT3G54300;AT4G35870;AT2G26890;AT2G14720","OSD-193",-0.24,"root","unknown",FALSE
"GO:0006629 (lipid metabolic process)",0.245177349097698,0.422264018895985,-0.315570722540823,-1.14282382894626,1575,58,"AT5G58070;AT4G38690;AT1G49740;AT1G18460;AT1G11910;AT1G73920;AT4G36945;AT4G34920;AT1G53940;AT1G71340;AT4G04460;AT3G61580;AT5G16010;AT1G06800;AT4G26690","OSD-193",-0.24,"root","unknown",FALSE
"GO:0006631 (fatty acid metabolic process)",0.779748468236053,0.883151670848654,-0.235090292085421,-0.805285166433737,4835,44,"AT2G45970;AT2G04350;AT5G58860;AT5G16240;AT3G15730;AT1G01710;AT1G49430;AT1G77590;AT3G16170;AT1G73680;AT3G63170;AT4G32770;AT3G02620;AT1G01600;AT4G00360","OSD-193",-0.24,"root","unknown",FALSE
"GO:0006633 (fatty acid biosynthetic process)",0.292331055429005,0.468073758605156,-0.295600910489737,-1.1015513431574,1924,67,"AT1G04220;AT1G66430;AT1G19440;AT4G04320;AT1G30120;AT1G62640;AT1G54630;AT3G25110;AT1G49430;AT1G10670;AT2G16280;AT3G16170;AT4G14070;AT1G65290;AT3G55360;AT3G15690;AT1G36160;AT2G26640;AT1G32440","OSD-193",-0.24,"root","unknown",FALSE
"GO:0006635 (fatty acid beta-oxidation)",0.727134146341463,0.853541748594317,0.23831140333787,0.843152769336403,2861,33,"AT3G05290;AT5G65940;AT3G06690;AT2G26350;AT1G04710;AT5G08470","OSD-193",-0.24,"root","unknown",FALSE
"GO:0006636 (unsaturated fatty acid biosynthetic process)",0.843857832988268,0.917432626255928,-0.255806039536466,-0.714662913702775,4890,18,"AT4G27030;AT2G31360;AT4G33950;AT1G06120","OSD-193",-0.24,"root","unknown",FALSE
"GO:0006744 (ubiquinone biosynthetic process)",0.132195794553602,0.294786972526463,-0.487591307952995,-1.34130347508385,766,17,"AT5G15910;AT2G30490;AT4G01660","OSD-193",-0.24,"root","unknown",FALSE
"GO:0006749 (glutathione metabolic process)",0.00177533892834087,0.0164353346244889,-0.546561138097169,-1.84078720711375,10,40,"AT1G10370;AT2G29450;AT2G30860;AT1G78380;AT5G17220;AT3G24170;AT3G09270;AT1G78370;AT2G47730;AT1G27130;AT1G78340;AT1G53680;AT1G10360;AT5G62480;AT2G30870;AT1G02950;AT1G53580","OSD-193",-0.24,"root","unknown",FALSE
"GO:0006813 (potassium ion transport)",0.106789491641078,0.258922140447217,-0.464470330850274,-1.36513839506186,625,22,"AT2G26650;AT1G01790;AT4G19960;AT2G30070;AT5G02940;AT4G10310;AT4G33530;AT3G04110;AT4G23640;AT5G14880","OSD-193",-0.24,"root","unknown",FALSE
"GO:0006816 (calcium ion transport)",0.103580990629183,0.252143367627215,-0.441899384023059,-1.35222425572743,618,26,"AT4G00900;AT4G37270;AT2G38170;AT4G35920;AT3G51480;AT2G32390;AT3G04110;AT5G48410;AT1G05200;AT2G17260","OSD-193",-0.24,"root","unknown",FALSE
"GO:0006817 (phosphate ion transport)",0.432712215320911,0.629493246573992,-0.366785091628019,-1.02471271890456,2507,18,"AT1G63010;AT3G26570;AT2G33770","OSD-193",-0.24,"root","unknown",FALSE
"GO:0006833 (water transport)",0.000170590242238144,0.00439239705544053,-0.768562558025291,-2.25890479386831,0,22,"AT3G53420;AT2G37180;AT3G26520;AT2G39010;AT4G00430;AT4G17340;AT2G36830;AT5G47450;AT2G45960;AT2G37170;AT1G01620;AT3G61430;AT3G16240;AT4G35100;AT3G04090","OSD-193",-0.24,"root","unknown",FALSE
"GO:0006869 (lipid transport)",0.134935000822774,0.299801038191691,-0.395600779905632,-1.2858054460666,819,34,"AT3G22600;AT2G44300;AT3G47780;AT5G50800;AT2G13820;AT2G44290;AT4G27780;AT4G25010;AT3G11670","OSD-193",-0.24,"root","unknown",FALSE
"GO:0006874 (intracellular calcium ion homeostasis)",0.289442667115676,0.465393341072837,-0.365686175962707,-1.12734695604998,1718,27,"AT4G00900;AT1G53210;AT2G38170;AT3G51860;AT3G51480;AT1G55730;AT2G32390;AT3G04110;AT5G48410;AT1G05200;AT2G17260","OSD-193",-0.24,"root","unknown",FALSE
"GO:0006879 (intracellular iron ion homeostasis)",0.0145001705902422,0.0686846023432464,-0.559969063113313,-1.64582152471053,84,22,"AT4G04770;AT3G23210;AT1G51070;AT3G25190;AT5G26820;AT3G08040;AT1G76800;AT4G36060;AT5G58270","OSD-193",-0.24,"root","unknown",FALSE
"GO:0006886 (intracellular protein transport)",0.660907127429806,0.806670933454859,-0.212791414845955,-0.913130872563223,4895,172,"AT3G18820;AT1G26690;AT5G46630;AT5G46860;AT1G23900;AT1G56330;AT4G21160;AT4G02350;AT4G24550;AT2G17790;AT2G15310;AT3G55480;AT3G09910;AT4G20410;AT2G31680;AT1G70490;AT3G06540;AT2G17980;AT4G14160;AT4G02080;AT2G28390;AT1G69460;AT3G24350;AT3G11730;AT4G08520;AT3G17340;AT1G10730;AT4G32640;AT4G12120;AT3G56190;AT3G54860;AT1G23490;AT4G23460;AT3G54840;AT5G66160;AT1G79590;AT1G73640;AT3G22950;AT4G18800;AT5G17060;AT2G20790;AT1G50900;AT5G53530;AT3G50860;AT3G07680;AT1G04830;AT5G45130;AT3G22845;AT4G30600;AT1G15370;AT1G60070;AT4G31480","OSD-193",-0.24,"root","unknown",FALSE
"GO:0006887 (exocytosis)",0.0861151427189163,0.219234800838574,-0.401748426869333,-1.3572482168067,533,41,"AT3G55150;AT2G39380;AT4G35560;AT4G02350;AT5G03520;AT1G72470;AT1G54090;AT5G61010;AT5G58430;AT3G46060;AT1G18740;AT1G71820;AT2G28650;AT3G10380;AT5G12370","OSD-193",-0.24,"root","unknown",FALSE
"GO:0006888 (endoplasmic reticulum to Golgi vesicle-mediated transport)",0.636553993419085,0.793743857100124,-0.236024379273043,-0.9086310243507,4255,82,"AT5G17190;AT1G26690;AT5G02280;AT5G42570;AT2G36300;AT1G56330;AT1G05785;AT2G17980;AT4G14160;AT4G02080;AT1G69460;AT4G17170;AT3G24350;AT3G11730;AT1G30630;AT1G08400;AT5G58060;AT2G32900;AT1G11905;AT5G05010;AT1G02130","OSD-193",-0.24,"root","unknown",FALSE
"GO:0006890 (retrograde vesicle-mediated transport, Golgi to endoplasmic reticulum)",0.994110115236876,0.997509101703038,0.150752589735718,0.540235242663835,3881,35,"AT3G55600;AT3G24315;AT2G23810;AT4G39220;AT2G21600","OSD-193",-0.24,"root","unknown",FALSE
"GO:0006891 (intra-Golgi vesicle-mediated transport)",0.938477054967221,0.980187146299098,0.19504147173042,0.678455201212221,3721,31,"AT2G45200;AT3G29100;AT1G15880;AT5G11980;AT3G18480;AT5G54750","OSD-193",-0.24,"root","unknown",FALSE
"GO:0006893 (Golgi to plasma membrane transport)",0.0276489781899365,0.101768226952116,-0.586867993202844,-1.5885241606553,160,16,"AT4G35560;AT5G09810;AT5G49830;AT4G02350;AT4G32560;AT3G10380;AT5G12370","OSD-193",-0.24,"root","unknown",FALSE
"GO:0006896 (Golgi to vacuole transport)",0.562055198750217,0.736943618962194,-0.347953978141074,-0.924579717232132,3237,15,"AT5G39510;AT1G23900;AT3G55480","OSD-193",-0.24,"root","unknown",FALSE
"GO:0006897 (endocytosis)",0.117141931302657,0.272143422151801,-0.382744371163022,-1.29697118104873,722,42,"AT3G46540;AT1G08670;AT5G46630;AT1G72710;AT5G18190;AT4G16144;AT1G03930;AT2G20990;AT2G43160;AT3G23340;AT5G13300;AT1G04440;AT5G43320;AT4G28540","OSD-193",-0.24,"root","unknown",FALSE
"GO:0006900 (vesicle budding from membrane)",0.353002070393375,0.53786599753205,-0.388804554935472,-1.08623000690132,2045,18,"AT2G19830;AT4G29160;AT5G10410;AT2G01600;AT2G25430;AT5G09260;AT5G63880;AT5G35200;AT4G32285;AT4G40080;AT5G04850","OSD-193",-0.24,"root","unknown",FALSE
"GO:0006906 (vesicle fusion)",0.342465753424658,0.527336417856759,0.313439233848941,1.07161638221602,1374,29,"AT2G36900;AT2G45200;AT3G29100;AT4G02195;AT1G15880;AT5G50440;AT1G28490","OSD-193",-0.24,"root","unknown",FALSE
"GO:0006913 (nucleocytoplasmic transport)",0.0212969609954535,0.083347117646427,0.562294856604686,1.6318014431523,88,16,"AT3G16310;AT1G14850;AT1G80680;AT3G25520;AT1G27310;AT5G19320;AT3G56900;AT1G27970;AT2G30060","OSD-193",-0.24,"root","unknown",FALSE
"GO:0006914 (autophagy)",0.955058939096267,0.983914766553171,0.190754616414339,0.622076670054601,3888,24,"AT3G13970;AT5G17290;AT4G02030;AT1G54210;AT2G44140","OSD-193",-0.24,"root","unknown",FALSE
"GO:0006950 (response to stress)",0.00318369945877109,0.0238378802377012,-0.500236907082295,-1.74855209637244,19,48,"AT5G42180;AT5G15180;AT1G22770;AT1G05260;AT3G21770;AT2G41480;AT5G05410;AT5G52310;AT2G40340;AT1G73130;AT5G65300;AT5G44070;AT5G59820;AT1G30870;AT2G28710;AT5G39580;AT4G33420","OSD-193",-0.24,"root","unknown",FALSE
"GO:0006952 (defense response)",0.0959013131715082,0.236827185634285,-0.281434929112427,-1.22604508165643,722,196,"AT2G37040;AT3G53260;AT5G22630;AT3G61220;AT2G30860;AT2G43910;AT2G02120;AT1G07310;AT1G09090;AT1G58420;AT3G44720;AT2G02130;AT4G39950;AT5G51630;AT4G39030;AT2G35930;AT5G13160;AT1G75030;AT3G49120;AT2G47730;AT3G20600;AT2G17060;AT1G27170;AT1G04540;AT1G19230;AT2G22330;AT5G60300;AT5G46790;AT5G40020;AT5G07390;AT3G09710;AT2G39200;AT4G09420;AT4G16950;AT1G77700;AT5G42650;AT5G24980;AT5G20380;AT5G38350;AT1G70890;AT5G58430;AT4G36150;AT3G44480;AT5G44568;AT4G07990;AT5G11270;AT5G51060;AT3G16720;AT2G46450;AT2G33320;AT1G12280;AT3G56860;AT1G30990;AT5G43470;AT1G03440;AT5G44510;AT3G11840;AT3G11340;AT5G45050;AT1G64060;AT5G17880;AT2G39940;AT4G38660;AT2G03760;AT4G36010;AT1G70850;AT2G17050;AT4G16860;AT5G05170;AT1G55020","OSD-193",-0.24,"root","unknown",FALSE
"GO:0006955 (immune response)",0.414768921634293,0.614035288071718,-0.339930797396549,-1.03296102311963,2476,25,"AT3G45310;AT3G61440;AT4G21390;AT5G61010;AT5G58430;AT1G11300;AT5G60360;AT1G11330","OSD-193",-0.24,"root","unknown",FALSE
"GO:0006970 (response to osmotic stress)",0.00331400165700083,0.024395843523223,-0.368751335101733,-1.5511033013813,23,147,"AT1G20440;AT2G37180;AT5G15960;AT1G42550;AT1G35720;AT1G69310;AT5G15970;AT5G45800;AT5G54160;AT1G04220;AT3G50610;AT3G50500;AT5G52310;AT1G53300;AT2G32510;AT4G18780;AT2G35612;AT5G67030;AT1G51140;AT1G05100;AT4G33950;AT5G08560;AT1G72180;AT1G35910;AT4G39090;AT1G55180;AT3G03740;AT3G20250;AT5G54110;AT3G08730;AT3G09260;AT5G19000;AT5G41790;AT4G10310;AT1G16540;AT2G22660;AT4G02590;AT4G40010;AT5G57050;AT1G78290;AT3G51960;AT3G14440;AT1G15380;AT1G32230;AT4G34710;AT2G38750;AT4G35160;AT1G50460;AT4G04340;AT2G38470;AT1G02730;AT3G53600","OSD-193",-0.24,"root","unknown",FALSE
"GO:0006974 (DNA damage response)",0.0869686800894855,0.220489060309857,0.325797837961858,1.28715546724944,310,55,"AT5G67380;AT3G54650;AT1G68790;AT5G45610;AT3G15150;AT1G68310;AT3G24515;AT5G51795;AT2G27470;AT4G02110;AT2G02090;AT5G60870;AT1G79050;AT5G22010;AT2G31865;AT5G44750;AT5G06460;AT4G02485;AT1G16590;AT1G67500","OSD-193",-0.24,"root","unknown",FALSE
"GO:0006979 (response to oxidative stress)",0.0141726251276813,0.0686846023432464,-0.307377819988855,-1.3755023073945,110,248,"AT5G66390;AT5G40390;AT5G42180;AT2G37040;AT5G19875;AT2G38380;AT5G64940;AT5G15180;AT3G53260;AT1G35720;AT3G32980;AT1G05260;AT3G25250;AT2G29450;AT3G21770;AT5G17000;AT2G41480;AT4G11600;AT5G13930;AT5G01820;AT5G21280;AT5G14130;AT1G78380;AT5G25620;AT2G47060;AT4G12000;AT1G09350;AT4G35090;AT5G26030;AT3G04120;AT1G09970;AT3G22380;AT1G44970;AT1G68850;AT2G38390;AT3G49120;AT4G30170;AT5G59820;AT3G14430;AT4G16270;AT1G30870;AT3G08670;AT4G26970;AT4G20830;AT2G35380;AT1G49670;AT1G53670;AT1G35910;AT3G25530;AT5G37980;AT4G11280;AT5G39580;AT2G32700;AT4G33420;AT2G05710","OSD-193",-0.24,"root","unknown",FALSE
"GO:0006995 (cellular response to nitrogen starvation)",0.170643409577094,0.345794114142738,-0.381989827820968,-1.24156631104571,1036,34,"AT1G54570;AT1G79600;AT3G50610;AT5G66816;AT4G35090;AT2G35612;AT3G61710;AT1G55180","OSD-193",-0.24,"root","unknown",FALSE
"GO:0007005 (mitochondrion organization)",0.00868192580899763,0.047804675994109,0.444052525716387,1.65157543489709,32,41,"AT3G23990;AT5G26860;AT2G29530;AT3G27280;AT5G61990;AT5G27540;AT4G37190;AT1G03860;AT5G64400;AT5G40770;AT4G28510;AT3G03060;AT2G40090;AT5G16420;AT3G58840;AT2G20530","OSD-193",-0.24,"root","unknown",FALSE
"GO:0007010 (cytoskeleton organization)",0.73278378842521,0.857722020551348,-0.296415693038422,-0.802332884809701,4266,16,"AT5G09810;AT4G34490;AT2G37620;AT5G58450;AT4G17220","OSD-193",-0.24,"root","unknown",FALSE
"GO:0007015 (actin filament organization)",0.929735506278386,0.972719853315229,0.188276856020273,0.716643988137169,3479,46,"AT1G71790;AT3G19960;AT1G08730;AT4G35020;AT1G30825;AT4G33200;AT2G33240;AT4G35950;AT1G17580","OSD-193",-0.24,"root","unknown",FALSE
"GO:0007017 (microtubule-based process)",0.0106030483764082,0.0568286189296967,-0.524458383162907,-1.67291087192392,63,31,"AT3G44200;AT2G47500;AT4G20890;AT5G19770;AT5G12250;AT2G29550;AT3G20860;AT4G14960;AT5G19780;AT1G20010;AT1G64740;AT3G22190","OSD-193",-0.24,"root","unknown",FALSE
"GO:0007018 (microtubule-based movement)",0.661443760492445,0.806670933454859,0.223006182976829,0.895986653020013,2363,58,"AT1G21730;AT3G44050;AT2G36200;AT5G65930;AT4G21270;AT5G33300;AT3G43210;AT1G63640;AT2G21380;AT1G18370;AT4G14150;AT2G21300;AT3G45850;AT2G22610;AT3G50240;AT5G66310;AT2G28620;AT3G19050;AT3G63480;AT5G27550;AT1G73860;AT3G12020","OSD-193",-0.24,"root","unknown",FALSE
"GO:0007030 (Golgi organization)",0.625308540398223,0.789488160854593,-0.275231174166215,-0.894572914529244,3799,34,"AT1G26690;AT4G04210;AT4G04910;AT1G69460;AT4G11150;AT1G78900;AT1G71830;AT4G24840;AT1G09330;AT4G22150;AT3G07680;AT3G22845;AT1G31780","OSD-193",-0.24,"root","unknown",FALSE
"GO:0007031 (peroxisome organization)",0.541405873856524,0.718044155314938,0.298691614677715,0.94050549045545,2248,21,"AT3G05290;AT2G26350;AT1G48635;AT5G08470;AT1G47750;AT3G03490;AT3G58840;AT4G39850;AT1G01820","OSD-193",-0.24,"root","unknown",FALSE
"GO:0007033 (vacuole organization)",0.00770261219022103,0.0443990193228778,-0.569429421912833,-1.73034747883502,45,25,"AT3G18820;AT5G54800;AT4G36630;AT5G46860;AT2G27600;AT2G01690;AT4G16144;AT4G38360;AT2G28390;AT3G54860;AT4G18710;AT3G14270;AT3G54300;AT1G15130","OSD-193",-0.24,"root","unknown",FALSE
"GO:0007034 (vacuolar transport)",0.102879272604816,0.251436942246169,-0.438019852007483,-1.35033911399608,610,27,"AT1G08190;AT2G19830;AT4G29160;AT2G17990;AT1G73030;AT3G28710;AT1G17730;AT3G28430;AT5G22950;AT2G06530;AT1G09330;AT5G09260;AT3G28715;AT5G45130;AT5G63880","OSD-193",-0.24,"root","unknown",FALSE
"GO:0007059 (chromosome segregation)",0.0779838326200666,0.206268925241821,0.47607484808604,1.43140539640955,327,18,"AT5G55300;AT3G23890;AT1G12790;AT2G24970;AT2G27170;AT1G77720;AT5G06590;AT5G55310;AT4G19350;AT5G63920","OSD-193",-0.24,"root","unknown",FALSE
"GO:0007064 (mitotic sister chromatid cohesion)",0.0759254892713982,0.202206036157179,0.507912931183363,1.444566428575,321,15,"AT5G11340;AT5G10950;AT1G15940;AT5G47690;AT2G44580;AT4G31880;AT2G27170;AT1G80810;AT4G31400","OSD-193",-0.24,"root","unknown",FALSE
"GO:0007131 (reciprocal meiotic recombination)",0.0208647561588738,0.0827815974874798,0.449605448562588,1.58019430153702,82,32,"AT4G24710;AT1G53490;AT1G07745;AT2G45280;AT1G12790;AT5G02820;AT1G65010;AT5G23610;AT5G64520;AT5G50930;AT3G13170;AT5G66030;AT2G06510;AT4G26720;AT3G02680;AT4G14970","OSD-193",-0.24,"root","unknown",FALSE
"GO:0007166 (cell surface receptor signaling pathway)",0.630146082337317,0.790593955458113,-0.27796153634399,-0.89079386325198,3795,32,"AT5G15080;AT5G45840;AT3G01300;AT4G35920;AT5G04720;AT5G66200;AT3G28690","OSD-193",-0.24,"root","unknown",FALSE
"GO:0007186 (G protein-coupled receptor signaling pathway)",0.464285714285714,0.653637261356155,-0.358423544130182,-1.00135248898702,2690,18,"AT2G20890;AT3G51480;AT5G18520;AT3G22942;AT5G02630;AT2G32390","OSD-193",-0.24,"root","unknown",FALSE
"GO:0007264 (small GTPase-mediated signal transduction)",0.389168547127235,0.587116005666026,-0.398575850004292,-1.0590916323512,2241,15,"AT3G51300;AT1G75840;AT3G06540;AT2G44100;AT2G44690;AT1G20090;AT3G59920;AT4G28950","OSD-193",-0.24,"root","unknown",FALSE
"GO:0007267 (cell-cell signaling)",0.333333333333333,0.520886615515771,-0.407926266191831,-1.10416778068804,1940,16,"AT3G23805;AT4G14010;AT4G13950;AT3G29780;AT3G51480;AT3G05490;AT3G16570","OSD-193",-0.24,"root","unknown",FALSE
"GO:0007275 (multicellular organism development)",0.620304327151688,0.787954145300793,0.296453289332148,0.891340594529177,2608,18,"AT5G56280;AT3G12380;AT4G26430;AT4G27760","OSD-193",-0.24,"root","unknown",FALSE
"GO:0007623 (circadian rhythm)",0.000144404332129964,0.00439239705544053,-0.560947952624682,-2.24657178949277,0,104,"AT4G15248;AT3G46640;AT1G18330;AT3G21890;AT2G46790;AT2G47890;AT3G12320;AT5G06980;AT1G01060;AT5G64940;AT1G22770;AT2G46830;AT5G24470;AT1G15950;AT4G37930;AT5G54160;AT2G16365;AT3G24050;AT5G52310;AT2G18170;AT3G12700;AT1G68830;AT2G17840;AT2G44680;AT4G34680;AT2G21320;AT5G02120;AT1G80820;AT5G61380;AT4G38960;AT3G55960;AT3G06080;AT4G25100;AT3G01060;AT4G13930;AT1G68050","OSD-193",-0.24,"root","unknown",TRUE
"GO:0008104 (protein localization)",0.00336757029802997,0.0244950649059085,-0.589816736260323,-1.81830253905529,19,27,"AT1G35160;AT4G09000;AT5G09810;AT5G49830;AT1G22300;AT2G41770;AT4G35730;AT2G42590;AT5G65430;AT1G52315;AT1G78300;AT1G34220","OSD-193",-0.24,"root","unknown",FALSE
"GO:0008284 (positive regulation of cell population proliferation)",0.00191296030607365,0.0174450559255373,0.6255978720863,1.91236182719094,7,19,"AT1G13620;AT3G15150;AT1G49540;AT5G14960;AT5G13680;AT4G10090;AT2G04025;AT3G30350;AT1G65660;AT4G37120;AT3G02240;AT3G04740;AT5G60810;AT3G07870","OSD-193",-0.24,"root","unknown",FALSE
"GO:0008285 (negative regulation of cell population proliferation)",0.00176589303733602,0.0164353346244889,0.543058942809765,1.86871148009777,6,30,"AT3G14362;AT4G13395;AT1G17235;AT1G13245;AT2G29125;AT2G39705;AT3G11440;AT1G53708;AT4G37740;AT2G36400","OSD-193",-0.24,"root","unknown",FALSE
"GO:0008360 (regulation of cell shape)",0.94105480868666,0.981202198135749,-0.219239343553514,-0.603100360049442,5459,17,"AT3G51300;AT1G75840;AT2G44690;AT1G20090;AT4G28950;AT4G16340;AT5G45970","OSD-193",-0.24,"root","unknown",FALSE
"GO:0008380 (RNA splicing)",0.000877963125548727,0.0102900641655392,0.43164235738853,1.78048545362405,2,67,"AT3G63400;AT2G37340;AT1G55310;AT3G17170;AT1G77180;AT1G73720;AT5G64730;AT1G32490;AT1G60170;AT4G02840;AT2G29210;AT1G06790;AT3G61860;AT5G60870;AT5G64200;AT5G15980;AT3G19840;AT1G44910;AT4G31580;AT3G55460;AT1G65660;AT1G25682;AT4G37120;AT5G47010;AT3G53500;AT5G52040;AT5G13010;AT4G02820;AT2G18740;AT3G53460","OSD-193",-0.24,"root","unknown",FALSE
"GO:0008610 (lipid biosynthetic process)",0.774343122102009,0.882399223956872,-0.28464996832641,-0.770485624115439,4508,16,"AT2G45970;AT1G14290;AT4G10030;AT4G34650","OSD-193",-0.24,"root","unknown",FALSE
"GO:0009058 (biosynthetic process)",0.0142879572931386,0.0686846023432464,-0.442574732490813,-1.57407724745933,90,52,"AT1G74020;AT3G57010;AT3G57020;AT1G21110;AT5G54160;AT4G31990;AT5G36160;AT4G02850;AT1G62800;AT4G02860;AT1G08470;AT1G74910;AT1G21120;AT1G76790;AT5G19550;AT3G57030;AT1G74000;AT1G74010;AT1G70580;AT1G03210;AT3G27610;AT4G35160;AT1G17290","OSD-193",-0.24,"root","unknown",FALSE
"GO:0009098 (L-leucine biosynthetic process)",0.798298906439854,0.893563846701059,-0.283026980189748,-0.752056368807503,4598,15,"AT3G58990;AT5G14200;AT2G43100;AT5G65780;AT3G49680;AT4G13430","OSD-193",-0.24,"root","unknown",FALSE
"GO:0009266 (response to temperature stimulus)",0.285690897184021,0.461791370845071,-0.340941682703276,-1.12290358016912,1744,36,"AT2G46790;AT3G12580;AT2G18790;AT2G22540;AT2G03500;AT2G25790;AT3G11670","OSD-193",-0.24,"root","unknown",FALSE
"GO:0009269 (response to desiccation)",0.00154639175257732,0.0151129887604876,-0.683471607838704,-1.93258737651526,8,19,"AT2G37180;AT1G44170;AT2G21620;AT1G05260;AT2G05100;AT5G52310;AT2G05070;AT1G76180;AT4G39090;AT1G01470;AT2G44060","OSD-193",-0.24,"root","unknown",FALSE
"GO:0009294 (DNA-mediated transformation)",0.646365422396857,0.799451969806638,0.271392712679846,0.885048436333796,2631,24,"AT5G38110;AT3G44750;AT3G18520;AT5G09790;AT1G06230;AT5G22650;AT5G66750","OSD-193",-0.24,"root","unknown",FALSE
"GO:0009395 (phospholipid catabolic process)",0.626680455015512,0.789488160854593,-0.318783772534607,-0.876934791344203,3635,17,"AT3G15730;AT1G55180;AT3G03520;AT3G03530;AT2G42010;AT4G00240;AT4G35790;AT3G48610;AT1G07230;AT5G25370;AT4G11850","OSD-193",-0.24,"root","unknown",FALSE
"GO:0009407 (toxin catabolic process)",0.0024330900243309,0.0203646302036463,-0.545614444081128,-1.82749900852675,14,39,"AT1G10370;AT2G29450;AT2G30860;AT1G78380;AT5G17220;AT3G09270;AT1G78370;AT2G47730;AT1G27130;AT1G78340;AT1G53680;AT1G10360;AT5G62480;AT2G30870;AT1G02950;AT5G41210","OSD-193",-0.24,"root","unknown",FALSE
"GO:0009408 (response to heat)",0.00472334682860999,0.0297522155905227,-0.349094139843704,-1.50101806661146,34,175,"AT5G67300;AT1G20440;AT3G12580;AT4G26850;AT5G10230;AT1G35720;AT2G46830;AT4G36990;AT1G13930;AT5G58070;AT1G05850;AT5G01820;AT3G24500;AT1G02340;AT5G05410;AT1G07890;AT1G09090;AT5G16820;AT3G44990;AT5G19730;AT3G04120;AT4G27720;AT5G65020;AT3G02885;AT3G09440;AT2G18790;AT4G29040;AT1G13440;AT5G67030;AT5G37770;AT4G26080;AT2G33590;AT5G59820;AT2G27580;AT2G46240;AT1G79550;AT3G08970;AT1G79440;AT1G52560;AT2G32120;AT3G53110;AT2G23980;AT4G38630;AT3G44110;AT1G16540;AT5G28540;AT4G17230;AT4G13550","OSD-193",-0.24,"root","unknown",FALSE
"GO:0009409 (response to cold)",0.000124517494708006,0.00439239705544053,-0.368828646599559,-1.68370579733366,0,305,"AT3G22840;AT1G20450;AT5G11260;AT1G20440;AT1G01060;AT5G54470;AT4G27310;AT1G22770;AT5G15960;AT5G10230;AT5G58780;AT5G58770;AT1G35720;AT2G46830;AT1G05260;AT2G05100;AT3G11410;AT1G15950;AT4G39730;AT5G15970;AT1G16880;AT4G37930;AT5G58070;AT5G01820;AT5G63980;AT3G22370;AT4G31990;AT5G47230;AT3G23000;AT4G09650;AT5G04590;AT1G48500;AT1G09350;AT3G55990;AT4G35090;AT5G54770;AT4G29810;AT1G01120;AT5G52310;AT1G63940;AT5G65020;AT2G05070;AT4G24960;AT2G18790;AT2G17840;AT3G06510;AT1G76180;AT5G37770;AT5G11790;AT5G67450;AT2G47730;AT4G26080;AT3G50970;AT1G80820;AT5G12250;AT3G26744;AT4G35300;AT5G59820;AT3G05890;AT4G20260;AT5G43170;AT2G46590;AT3G47520;AT1G16670;AT4G10030;AT5G38470;AT3G54890;AT2G36530;AT2G20990;AT5G01600;AT1G79440;AT4G11150;AT2G01570;AT3G08730;AT5G65430","OSD-193",-0.24,"root","unknown",FALSE
"GO:0009411 (response to UV)",0.0118090864359521,0.0616696736099721,-0.505684475790335,-1.65511535753309,71,35,"AT3G55120;AT5G07990;AT1G51680;AT1G65060;AT5G58760;AT3G21240;AT4G13770;AT1G20340;AT5G55200;AT3G12610;AT5G59920;AT1G05120;AT5G41370","OSD-193",-0.24,"root","unknown",FALSE
"GO:0009414 (response to water deprivation)",0.000124347177319075,0.00439239705544053,-0.398812111886044,-1.82208818942642,0,307,"AT5G67300;AT4G34000;AT1G20450;AT1G13740;AT3G57540;AT5G40390;AT1G20440;AT3G53420;AT2G37180;AT5G15960;AT5G10230;AT3G16800;AT1G35720;AT1G69310;AT4G31920;AT3G11410;AT5G03190;AT4G39730;AT5G15970;AT4G00430;AT5G58070;AT4G23450;AT1G05850;AT1G12110;AT5G01820;AT2G05620;AT5G06530;AT1G79600;AT3G13380;AT5G63980;AT3G46620;AT5G65790;AT3G24500;AT5G12420;AT5G05410;AT2G45960;AT5G27930;AT1G16060;AT1G33560;AT3G50500;AT5G45340;AT5G52310;AT5G65020;AT2G37170;AT4G24020;AT5G24030;AT1G01620;AT3G22380;AT2G33700;AT5G47120;AT1G45249;AT4G24960;AT4G39950;AT4G18780;AT1G65486;AT2G17840;AT5G67030;AT1G51140;AT5G13030;AT2G26650;AT3G61430;AT2G35930;AT1G76180;AT3G19290;AT2G33590;AT3G50970;AT4G35300;AT4G33950;AT2G29970","OSD-193",-0.24,"root","unknown",FALSE
"GO:0009416 (response to light stimulus)",0.000133689839572193,0.00439239705544053,-0.427806432816538,-1.85177936527444,0,184,"AT4G14690;AT2G47460;AT3G22840;AT1G06040;AT1G80340;AT2G47890;AT1G60950;AT2G05100;AT1G16880;AT4G37930;AT5G58070;AT4G18610;AT2G30490;AT3G13380;AT5G63980;AT5G40850;AT1G17060;AT5G63570;AT4G00050;AT1G15820;AT4G35090;AT1G01120;AT1G77760;AT4G25130;AT1G78440;AT5G09810;AT2G05070;AT2G18790;AT1G51140;AT5G54270;AT3G49120;AT5G59820;AT5G08560;AT2G46590;AT4G27430;AT1G79550;AT1G02400;AT3G54890;AT2G36530;AT3G19710;AT1G79440;AT3G51480;AT1G15510;AT4G10340;AT1G07090;AT2G16280;AT1G70940;AT2G29650;AT1G29910;AT4G36240;AT3G02570;AT1G61520;AT5G26930;AT1G37130;AT2G30980;AT4G18710;AT2G32390;AT1G62480;AT1G29930;AT2G39730;AT4G20130;AT1G76570;AT5G63590;AT3G01015;AT2G26640;AT5G43470;AT3G04110;AT1G55480;AT1G66700;AT5G48410;AT1G05200;AT1G20090;AT1G75080;AT5G17880;AT2G17260;AT5G58500;AT1G75780","OSD-193",-0.24,"root","unknown",FALSE
"GO:0009451 (RNA modification)",0.0336834480260775,0.115621273842322,0.275505879404836,1.29931943634889,92,145,"AT2G22410;AT1G20230;AT3G49142;AT4G14050;AT2G20540;AT4G24770;AT3G49170;AT5G06540;AT2G21090;AT2G37320;AT2G02750;AT3G51320;AT3G14730;AT3G56550;AT4G22760;AT2G02980;AT4G30700;AT5G56310;AT5G15300;AT2G01510;AT3G22690;AT1G43980;AT1G09190;AT5G04780;AT3G23330;AT2G22070;AT3G15130;AT3G15000;AT1G25360;AT5G66500;AT5G27110;AT2G15690;AT1G06150;AT5G37570;AT5G08305;AT4G37170;AT4G21065;AT3G63370;AT4G35130;AT2G33680;AT1G77170;AT1G26900;AT3G21470;AT4G19191;AT3G03580;AT1G62260;AT3G24000;AT1G47580;AT4G33170;AT2G37310;AT2G35030;AT4G21300;AT1G71420;AT5G08490;AT1G77010;AT4G39952;AT1G17630;AT5G39350;AT5G44230;AT1G03510;AT1G68930;AT5G43790;AT4G13650;AT1G74600;AT1G34160;AT5G40405;AT1G53600;AT3G13770;AT3G13880;AT4G38010;AT1G31790;AT5G50390;AT2G13600;AT3G26540;AT1G04840","OSD-193",-0.24,"root","unknown",FALSE
"GO:0009553 (embryo sac development)",0.121309558608594,0.275539555055208,0.295448544443803,1.23098637451767,414,70,"AT3G21510;AT5G63160;AT3G48360;AT3G11964;AT1G67120;AT4G30930;AT1G14360;AT5G48030;AT1G72440;AT1G72970;AT2G02810;AT2G34260;AT1G17560;AT5G55490;AT1G15440;AT1G17690;AT3G23940;AT5G12210;AT3G06400;AT3G06430","OSD-193",-0.24,"root","unknown",FALSE
"GO:0009555 (pollen development)",0.573236651285432,0.744436329004701,-0.217778937817497,-0.953396331545011,4347,203,"AT4G25640;AT1G67360;AT2G37040;AT5G54470;AT4G17530;AT1G74450;AT2G30490;AT1G31070;AT5G50800;AT4G24960;AT2G20400;AT5G16530;AT5G50260;AT5G14200;AT1G03920;AT2G01820;AT1G73600;AT5G07370;AT5G52560;AT5G61760;AT2G01690;AT5G15470;AT3G02230;AT4G35420;AT5G04950;AT3G06540;AT5G64510;AT3G03250;AT4G02080","OSD-193",-0.24,"root","unknown",FALSE
"GO:0009556 (microsporogenesis)",0.796100144439095,0.893563846701059,0.246656630323775,0.776660286654036,3306,21,"AT1G15940;AT5G47690;AT1G77390;AT1G32310;AT3G07160;AT3G09880;AT1G31810;AT4G31880;AT1G34210;AT2G36850;AT5G03470","OSD-193",-0.24,"root","unknown",FALSE
"GO:0009561 (megagametogenesis)",0.350518006906759,0.536710458526533,0.313154332564465,1.06333563268185,1420,28,"AT3G60360;AT5G45140;AT1G29940;AT4G33620;AT3G57860;AT3G06400;AT4G34200;AT2G04660;AT1G01960;AT3G56990;AT4G00310;AT3G63480;AT3G23440;AT2G42260;AT2G47990;AT2G34860;AT5G40740","OSD-193",-0.24,"root","unknown",FALSE
"GO:0009567 (double fertilization forming a zygote and endosperm)",0.531559194814057,0.715133781337565,-0.322196043203576,-0.946975856367454,3115,22,"AT4G00050;AT4G14880;AT4G00080;AT2G47470;AT3G59760;AT4G02590;AT3G05690;AT1G29300","OSD-193",-0.24,"root","unknown",FALSE
"GO:0009585 (red, far-red light phototransduction)",0.0190721649484536,0.0805721550602879,-0.575414202310375,-1.627043773141,110,19,"AT2G02950;AT2G46340;AT1G02340;AT2G46370;AT2G24540","OSD-193",-0.24,"root","unknown",FALSE
"GO:0009611 (response to wounding)",0.000267379679144385,0.00495057527143089,-0.389886830015404,-1.68764266086762,1,184,"AT5G56980;AT2G21970;AT1G51680;AT1G74020;AT2G37040;AT3G53260;AT1G76930;AT3G25250;AT4G37760;AT1G22640;AT1G18150;AT5G13930;AT2G34810;AT2G30490;AT1G04220;AT1G48500;AT2G26690;AT4G34190;AT5G52310;AT2G46370;AT5G09810;AT5G20900;AT4G20140;AT1G76690;AT2G38870;AT3G17800;AT5G14200;AT1G17750;AT3G44550;AT4G10390;AT2G32800;AT2G33150;AT2G20340;AT2G42490;AT2G02860;AT4G12030;AT1G72300;AT5G59820;AT3G21240;AT2G22330;AT5G12140;AT2G02220;AT5G60300;AT5G44572;AT3G19710;AT3G44540;AT2G47800;AT3G51480;AT1G07640;AT4G11280;AT2G32700;AT1G31710;AT5G22500;AT1G01470;AT5G42650;AT4G24220;AT5G18860","OSD-193",-0.24,"root","unknown",FALSE
"GO:0009615 (response to virus)",0.587969682309305,0.754947806345793,-0.271240918984642,-0.916347716618815,3645,41,"AT3G12580;AT3G09440;AT5G24590;AT3G45240;AT3G13060;AT2G20990;AT1G70690;AT2G37630;AT1G05760;AT5G10270;AT4G13350","OSD-193",-0.24,"root","unknown",FALSE
"GO:0009617 (response to bacterium)",0.251765384061104,0.423770384741968,-0.276878376853167,-1.11632766895705,1746,109,"AT5G56980;AT3G12580;AT5G03760;AT4G31550;AT4G23630;AT3G55150;AT1G65490;AT4G39950;AT1G12240;AT5G67160;AT2G32800;AT5G49520;AT3G52430;AT4G18760;AT3G10260;AT1G01340;AT2G22330;AT5G67500;AT1G11580;AT2G02220;AT5G01600;AT2G32700;AT5G60600;AT3G09830;AT3G14310;AT1G62660;AT2G17265","OSD-193",-0.24,"root","unknown",FALSE
"GO:0009620 (response to fungus)",0.230338824992229,0.410312017697527,0.253946507010577,1.11097516888452,740,91,"AT1G60010;AT3G10985;AT1G28190;AT5G17350;AT1G76600;AT3G50470;AT3G06380;AT2G06050;AT3G50460;AT5G08790;AT3G10120;AT1G53320;AT1G08720;AT1G18290","OSD-193",-0.24,"root","unknown",FALSE
"GO:0009624 (response to nematode)",0.0157028536916805,0.072138673726442,-0.402402531209824,-1.52614342700391,103,75,"AT3G22600;AT2G39010;AT2G40460;AT3G11900;AT5G54800;AT1G64780;AT1G58360;AT5G13580;AT1G60960;AT2G30080;AT2G38120;AT5G57110;AT4G39030;AT3G51860;AT1G71880;AT5G27350;AT2G47260;AT3G27400;AT2G47800;AT5G12860;AT2G32700;AT1G72140;AT3G14310;AT2G29650;AT1G59740;AT5G44370;AT1G76670;AT2G45680;AT2G36910","OSD-193",-0.24,"root","unknown",FALSE
"GO:0009625 (response to insect)",0.303512259774685,0.479188606517655,-0.347892916449188,-1.10970452733213,1831,31,"AT2G44300;AT5G45800;AT4G39950;AT4G31500;AT3G52430;AT2G22330;AT1G16670;AT4G13770;AT5G44572;AT1G07640;AT5G61420;AT5G44568","OSD-193",-0.24,"root","unknown",FALSE
"GO:0009626 (plant-type hypersensitive response)",0.301916186321857,0.477903600628639,-0.306816894913309,-1.09941740058944,1937,54,"AT3G21220;AT4G37930;AT5G50260;AT5G48380;AT1G19250;AT3G52430;AT3G20600;AT1G02860;AT1G14780;AT4G33430;AT1G29340;AT2G13790;AT5G43470;AT2G20310;AT4G02640;AT1G59870;AT3G55830;AT5G15410;AT4G24290;AT3G54420","OSD-193",-0.24,"root","unknown",FALSE
"GO:0009627 (systemic acquired resistance)",0.255003227888961,0.428041132527898,-0.34287911578757,-1.15479759890287,1579,40,"AT4G37150;AT2G23560;AT5G52810;AT2G46370;AT3G53980;AT1G19250;AT3G52430;AT3G18490;AT2G13810","OSD-193",-0.24,"root","unknown",FALSE
"GO:0009630 (gravitropism)",0.475326329194524,0.66499526448263,-0.283518257563447,-0.99102332635539,2985,48,"AT1G72490;AT5G65683;AT1G08190;AT1G17400;AT5G39510;AT5G55910;AT2G18790","OSD-193",-0.24,"root","unknown",FALSE
"GO:0009631 (cold acclimation)",0.0546465448768864,0.160524225575854,-0.402521105358694,-1.41376067933656,343,49,"AT1G20450;AT2G15970;AT1G20440;AT5G15960;AT4G29810;AT1G29390;AT2G38170;AT1G76180;AT4G31420;AT3G50970;AT5G59820","OSD-193",-0.24,"root","unknown",FALSE
"GO:0009637 (response to blue light)",0.00158302991926547,0.0151129887604876,-0.516109731854479,-1.82184478741081,9,50,"AT5G43630;AT5G24120;AT2G47890;AT2G46340;AT1G22770;AT1G42550;AT1G53090;AT4G01120;AT4G00050","OSD-193",-0.24,"root","unknown",FALSE
"GO:0009638 (phototropism)",0.0268467852257182,0.100826015477766,-0.54584404778663,-1.58299524429557,156,21,"AT2G02950;AT2G30520;AT5G55910;AT2G18790;AT1G14280;AT2G44830;AT3G44610;AT5G58140;AT2G26890;AT5G64330;AT1G70800","OSD-193",-0.24,"root","unknown",FALSE
"GO:0009639 (response to red or far red light)",0.300674536256324,0.477174393902893,-0.375062407098203,-1.12606293022786,1782,24,"AT1G80340;AT5G45340;AT2G17990;AT1G02400;AT4G25560;AT3G60680;AT2G45260;AT2G36910","OSD-193",-0.24,"root","unknown",FALSE
"GO:0009640 (photomorphogenesis)",0.000153468385512584,0.00439239705544053,-0.519214779742583,-1.90634439937432,0,62,"AT1G06040;AT2G31380;AT4G37470;AT5G11260;AT2G46340;AT1G78600;AT5G24470;AT1G69640;AT1G53090;AT2G46370;AT2G18790;AT1G14290;AT3G15354;AT2G21320;AT4G38960","OSD-193",-0.24,"root","unknown",FALSE
"GO:0009641 (shade avoidance)",0.273390036452005,0.445443499392467,-0.438577654422052,-1.16538401393263,1574,15,"AT1G78600;AT1G80360;AT4G31500","OSD-193",-0.24,"root","unknown",FALSE
"GO:0009644 (response to high light intensity)",0.0284850413749204,0.103587535353021,-0.431694954322542,-1.50210481288864,178,47,"AT5G64940;AT2G05100;AT5G58070;AT2G05620;AT1G79600;AT1G07350;AT4G04850;AT4G34190;AT2G05070;AT2G17840;AT5G54270;AT5G02120;AT5G04410;AT3G54890;AT5G61510;AT1G01470;AT1G77510;AT1G61520","OSD-193",-0.24,"root","unknown",FALSE
"GO:0009646 (response to absence of light)",0.871559633027523,0.938321110738891,-0.216112119633044,-0.73746312893311,5414,43,"AT2G44670;AT1G11700;AT2G45400;AT5G37770;AT1G01790;AT5G08560","OSD-193",-0.24,"root","unknown",FALSE
"GO:0009651 (response to salt stress)",0.00109809663250366,0.0117708253063112,-0.325432928856351,-1.50404586816863,8,345,"AT2G47460;AT1G06040;AT5G67300;AT4G34000;AT3G57540;AT1G10370;AT5G24660;AT1G15100;AT5G10230;AT1G35720;AT1G69310;AT1G44170;AT3G32980;AT5G20270;AT1G13930;AT4G39730;AT1G05850;AT1G27760;AT5G01820;AT3G57530;AT3G06370;AT5G63980;AT5G12420;AT1G57870;AT2G45960;AT1G70170;AT1G16060;AT3G62260;AT5G13180;AT5G27150;AT3G50500;AT4G29810;AT5G52310;AT5G65020;AT1G53300;AT5G24030;AT2G33700;AT1G45249;AT1G09950;AT1G65486;AT2G35612;AT2G17840;AT5G26751;AT5G60920;AT2G38170;AT2G46500;AT2G26650;AT3G44550;AT3G19290;AT1G04120;AT2G01430;AT4G33950;AT5G11150;AT5G62530;AT4G29920;AT3G05360;AT1G14080;AT1G35910;AT4G39090;AT3G44540;AT4G30960;AT3G20250;AT2G01570;AT5G23750;AT3G08730;AT1G31470;AT3G01470;AT3G09260;AT5G22500;AT3G02140;AT3G05700;AT1G49300;AT4G38630;AT3G44110;AT4G10310;AT1G16540;AT1G62660;AT4G19810","OSD-193",-0.24,"root","unknown",FALSE
"GO:0009658 (chloroplast organization)",0.000275862068965517,0.00495740365111562,-0.411370078324715,-1.73331491214312,1,149,"AT3G56290;AT5G24120;AT5G08050;AT5G23730;AT1G04770;AT2G41660;AT5G24660;AT2G46340;AT1G78600;AT2G30040;AT5G62430;AT3G46630;AT4G28740;AT3G23400;AT1G79600;AT3G54990;AT2G16365;AT2G30950;AT3G56940;AT3G02380;AT4G04850;AT2G32480","OSD-193",-0.24,"root","unknown",FALSE
"GO:0009664 (plant-type cell wall organization)",0.276568705321684,0.449424146147736,-0.319284214219514,-1.12141068278687,1740,49,"AT1G76930;AT3G11490;AT2G41480;AT1G31420;AT2G35620;AT1G23720;AT2G43150;AT1G62980;AT2G45890;AT1G21310;AT2G03090;AT3G28550","OSD-193",-0.24,"root","unknown",FALSE
"GO:0009682 (induced systemic resistance)",0.430246470447475,0.627399984351808,0.350423773931879,1.01694335863173,1797,16,"AT1G18570;AT3G56400;AT1G64790;AT4G12480","OSD-193",-0.24,"root","unknown",FALSE
"GO:0009686 (gibberellin biosynthetic process)",0.288693553946915,0.465393341072837,-0.416662874571123,-1.14618811386718,1674,17,"AT1G80340;AT1G78440;AT2G36690;AT1G02400;AT5G51310","OSD-193",-0.24,"root","unknown",FALSE
"GO:0009693 (ethylene biosynthetic process)",0.949447895100069,0.983914766553171,-0.210861791988392,-0.589099080397321,5502,18,"AT4G26200;AT4G11280;AT3G56860;AT1G48420;AT1G02500;AT3G51770;AT5G65800;AT1G73500;AT3G15010;AT1G05010;AT1G62380;AT1G31340;AT2G19590;AT2G41060;AT1G77330;AT1G01480;AT4G08040;AT1G12010","OSD-193",-0.24,"root","unknown",FALSE
"GO:0009695 (jasmonic acid biosynthetic process)",0.0744990580578866,0.200343846651483,-0.501626187588542,-1.43694899221048,434,20,"AT5G63380;AT1G76690;AT2G33150;AT5G42650;AT2G35690;AT1G70480;AT4G05160;AT4G16760;AT4G08850;AT1G61850;AT1G55020;AT4G29010","OSD-193",-0.24,"root","unknown",FALSE
"GO:0009704 (de-etiolation)",0.0676965804547822,0.187161134198515,-0.552785442377516,-1.46885576861037,389,15,"AT4G37470;AT1G10370;AT4G00050;AT3G59780","OSD-193",-0.24,"root","unknown",FALSE
"GO:0009723 (response to ethylene)",0.0386378519973805,0.127155530420533,0.290996810262081,1.31928647243775,117,111,"AT5G25350;AT2G26070;AT1G74840;AT1G06160;AT1G54970;AT5G57090;AT5G13330;AT3G16770;AT1G19000;AT5G47390;AT1G15520;AT3G04720;AT1G14685;AT1G09530;AT5G39610;AT1G08720;AT5G05730;AT2G27050;AT1G70560;AT1G68120;AT5G56840","OSD-193",-0.24,"root","unknown",FALSE
"GO:0009733 (response to auxin)",0.259191176470588,0.430309339296501,-0.249484672078653,-1.09775655207936,1973,212,"AT2G47460;AT4G14550;AT3G55120;AT5G07990;AT5G08640;AT5G25890;AT1G77690;AT5G57740;AT5G45800;AT5G13930;AT4G31910;AT3G50610;AT5G47230;AT1G72430;AT4G12550;AT4G36800;AT5G65670;AT5G53590;AT5G09810;AT2G38120;AT2G35050;AT3G12955;AT1G04250;AT2G21210;AT5G37770;AT3G60690;AT2G14960;AT5G08560;AT2G16580;AT1G54990;AT3G07390;AT1G28130;AT4G36740;AT4G31320;AT2G47260;AT2G22240;AT2G33310;AT1G75590;AT4G11280;AT2G32700;AT1G31710;AT5G65980;AT1G04550;AT1G79570;AT3G50410;AT1G71930;AT4G38630;AT4G24390;AT5G37020;AT5G54500;AT1G74660;AT5G13300;AT4G29080;AT2G36910;AT4G34760;AT1G04240;AT4G18710;AT3G04730","OSD-193",-0.24,"root","unknown",FALSE
"GO:0009734 (auxin-activated signaling pathway)",0.90914747977598,0.954448642857601,-0.200238717402624,-0.723565576267855,5843,57,"AT1G13670;AT5G65670;AT1G04250;AT3G12090;AT5G45550;AT5G43870;AT2G01950;AT3G26810;AT3G22810;AT5G23030;AT4G24390;AT1G16540;AT3G20630","OSD-193",-0.24,"root","unknown",FALSE
"GO:0009735 (response to cytokinin)",0.824534400492535,0.912663983153875,-0.216107514791098,-0.790842215725734,5356,61,"AT5G62920;AT4G31920;AT1G05850;AT1G19050;AT4G34160;AT5G49720;AT3G54010;AT2G25625;AT1G71930;AT4G38630;AT1G30260;AT1G74660;AT3G47620;AT3G57040;AT1G36160;AT4G20130;AT4G28720","OSD-193",-0.24,"root","unknown",FALSE
"GO:0009736 (cytokinin-activated signaling pathway)",0.131074877315181,0.293358058753025,-0.360327641275676,-1.27194081897921,827,50,"AT1G67030;AT2G46790;AT5G62920;AT5G24470;AT4G31920;AT1G78100;AT3G30580;AT1G19050;AT1G31320;AT5G61380;AT1G16530","OSD-193",-0.24,"root","unknown",FALSE
"GO:0009737 (response to abscisic acid)",0.000121094696052313,0.00439239705544053,-0.36082451909847,-1.67557258317536,0,363,"AT5G67300;AT4G34000;AT1G20450;AT2G15970;AT1G13740;AT3G57540;AT5G11260;AT1G20440;AT4G28110;AT5G15960;AT1G35720;AT4G34990;AT2G35940;AT1G76930;AT1G44170;AT4G05100;AT3G11410;AT1G50280;AT4G24130;AT1G11700;AT5G15970;AT1G75750;AT4G23450;AT5G01820;AT3G46620;AT3G24500;AT4G31910;AT5G12420;AT5G23720;AT1G02340;AT2G38610;AT2G47060;AT1G16060;AT5G13180;AT2G46270;AT3G61600;AT3G50500;AT5G19730;AT5G52310;AT1G53300;AT3G22380;AT2G33700;AT1G45249;AT2G32510;AT4G24960;AT1G09950;AT2G43230;AT2G40340;AT2G17840;AT1G51140;AT5G58560;AT4G18010;AT1G68670;AT1G69260;AT1G05100;AT1G76180;AT5G54270;AT1G63840;AT3G19290;AT4G08980;AT1G70670;AT5G37770;AT5G11790;AT1G01790;AT4G26080;AT2G42490;AT2G33590;AT3G50970;AT2G02820;AT4G33950;AT5G08560;AT2G16580;AT2G36690;AT3G15730;AT3G18490;AT4G27410","OSD-193",-0.24,"root","unknown",FALSE
"GO:0009738 (abscisic acid-activated signaling pathway)",0.0210495541587487,0.0829759844580353,-0.372515025396964,-1.4671481224782,143,93,"AT4G34000;AT5G45870;AT4G34990;AT3G11410;AT3G21220;AT1G74740;AT3G57530;AT4G21350;AT5G63980;AT1G02340;AT1G15080;AT2G32510;AT1G18720;AT1G69260;AT1G05100;AT3G19290;AT5G01550;AT3G26744;AT4G33950;AT3G15730;AT5G65310;AT5G46790","OSD-193",-0.24,"root","unknown",FALSE
"GO:0009739 (response to gibberellin)",0.003487358326068,0.0250679522026771,0.396072461504849,1.6481174642367,11,69,"AT2G04240;AT4G36410;AT1G74840;AT4G19700;AT5G15230;AT5G58787;AT1G19000;AT5G47390;AT1G31760;AT2G22840;AT1G15550;AT5G04760;AT5G51810;AT4G23060;AT2G36400;AT5G56840;AT2G38560;AT2G37320;AT1G14920;AT1G18080;AT1G79220;AT2G37640;AT2G25170;AT5G27320;AT1G09190;AT5G06100","OSD-193",-0.24,"root","unknown",FALSE
"GO:0009740 (gibberellic acid mediated signaling pathway)",0.44164193867458,0.633581825682126,-0.31177016533871,-1.00765386350758,2678,33,"AT1G67030;AT5G11260;AT2G36830;AT5G18190","OSD-193",-0.24,"root","unknown",FALSE
"GO:0009741 (response to brassinosteroid)",0.259630200308166,0.430309339296501,0.311605432516766,1.12478371840384,1010,36,"AT2G44080;AT1G13260;AT4G08950;AT4G39070;AT3G20810;AT2G40530;AT3G20780","OSD-193",-0.24,"root","unknown",FALSE
"GO:0009742 (brassinosteroid mediated signaling pathway)",0.459573142233993,0.649998124780022,-0.278787314324513,-0.998978966000457,2949,54,"AT1G35160;AT3G05800;AT3G54030;AT5G08130;AT5G54380;AT1G08420;AT1G22300;AT3G46290;AT1G63500;AT5G65430;AT2G01950;AT1G71830;AT2G30980;AT4G18710;AT1G78300;AT5G10310;AT4G28720;AT4G33430;AT5G41260;AT2G13790;AT4G35230;AT1G75080;AT4G30410;AT3G09070;AT4G15400;AT3G63310;AT5G46570;AT4G18890;AT1G14000","OSD-193",-0.24,"root","unknown",FALSE
"GO:0009744 (response to sucrose)",0.542940097799511,0.718044155314938,-0.25756617286674,-0.949464225263369,3552,63,"AT5G20270;AT1G16880;AT5G41670;AT3G04120;AT3G12700;AT1G01790;AT4G37680;AT4G35300;AT4G17670;AT4G37220;AT4G34160;AT5G47060;AT5G03840;AT4G38630;AT4G30850;AT1G67070","OSD-193",-0.24,"root","unknown",FALSE
"GO:0009749 (response to glucose)",0.727815468113976,0.853541748594317,0.22329232152354,0.866016262841123,2681,50,"AT5G57090;AT1G28330;AT4G39795;AT5G21160;AT3G63210;AT3G47340;AT4G15900;AT4G22970;AT1G22160;AT1G31930;AT1G10840;AT1G72320;AT1G18080;AT2G19450;AT5G49470","OSD-193",-0.24,"root","unknown",FALSE
"GO:0009750 (response to fructose)",0.656213157274228,0.805112929908741,0.302340081259664,0.859892128327555,2782,15,"AT1G28330;AT1G52340;AT3G47340;AT1G31930","OSD-193",-0.24,"root","unknown",FALSE
"GO:0009751 (response to salicylic acid)",0.17401166558652,0.345794114142738,0.253456752212109,1.14187558629619,536,107,"AT5G63160;AT3G48360;AT4G31800;AT2G40000;AT5G13330;AT4G37610;AT3G56400;AT1G43160;AT1G80840;AT1G15520;AT1G71220;AT5G08790;AT1G12160;AT2G40530;AT3G61190;AT5G04760;AT2G06010;AT1G73260;AT1G62810;AT2G34690;AT4G19660","OSD-193",-0.24,"root","unknown",FALSE
"GO:0009753 (response to jasmonic acid)",0.00389048991354467,0.0261218608480856,-0.397143249164929,-1.59870365514829,26,108,"AT5G67300;AT5G56980;AT1G74020;AT4G26850;AT1G76930;AT4G37760;AT1G18150;AT5G13930;AT2G34810;AT4G00050;AT1G70170;AT1G65490;AT2G26690;AT2G46370;AT4G14940;AT5G67160;AT1G65486;AT4G20860;AT5G14200;AT1G17750;AT5G11790;AT2G42490;AT1G19570;AT4G12030","OSD-193",-0.24,"root","unknown",FALSE
"GO:0009755 (hormone-mediated signaling pathway)",0.216677829872739,0.392849121816747,-0.396276149940907,-1.20417985194601,1293,25,"AT3G58190;AT3G13380;AT3G49670;AT5G65700;AT2G01950;AT2G45420;AT4G20270;AT4G39270;AT2G42430","OSD-193",-0.24,"root","unknown",FALSE
"GO:0009768 (photosynthesis, light harvesting in photosystem I)",0.00293305728088337,0.0229756153669197,-0.653395043039822,-1.8254346383062,16,18,"AT2G05100;AT1G15820;AT2G05070;AT5G54270;AT3G54890;AT4G10340;AT1G29910;AT1G08380;AT1G61520;AT1G29930;AT1G76570;AT3G61470;AT3G47470;AT1G45474;AT5G01530","OSD-193",-0.24,"root","unknown",FALSE
"GO:0009785 (blue light signaling pathway)",0.000343642611683849,0.00505652382607544,-0.744269515609536,-2.10449981256802,1,19,"AT3G52740;AT5G43630;AT3G44450;AT1G02340","OSD-193",-0.24,"root","unknown",FALSE
"GO:0009787 (regulation of abscisic acid-activated signaling pathway)",0.146600445281726,0.3180530517641,-0.455394098057415,-1.30451341348023,855,20,"AT5G11260;AT1G16310;AT1G42550","OSD-193",-0.24,"root","unknown",FALSE
"GO:0009788 (negative regulation of abscisic acid-activated signaling pathway)",0.0268487988695243,0.100826015477766,-0.422732379438444,-1.50350521931844,170,52,"AT1G67030;AT3G11410;AT5G20270;AT5G22090;AT1G09950;AT5G25160;AT4G33360;AT5G18190;AT1G20110;AT3G51550;AT4G26080;AT5G10970;AT5G58950","OSD-193",-0.24,"root","unknown",FALSE
"GO:0009789 (positive regulation of abscisic acid-activated signaling pathway)",0.018381167365366,0.0799480929812683,-0.453611793420123,-1.55381511214381,113,44,"AT2G01150;AT1G15100;AT4G23450;AT3G50500;AT1G53300;AT1G05100;AT2G33150;AT4G33950;AT3G15730;AT3G01650;AT5G35980;AT5G41790;AT5G58430;AT1G73580;AT1G67800;AT1G35670;AT1G18470;AT4G34220;AT3G01090;AT1G70800;AT5G62470;AT3G55530;AT4G35790","OSD-193",-0.24,"root","unknown",FALSE
"GO:0009791 (post-embryonic development)",0.770487682252388,0.879940138048989,0.232553745118795,0.817339078102067,3064,32,"AT5G55300;AT3G16640;AT2G30280;AT4G39800;AT5G13570;AT1G50030;AT1G17580;AT3G20440;AT1G23290;AT4G22140","OSD-193",-0.24,"root","unknown",FALSE
"GO:0009809 (lignin biosynthetic process)",0.000164853280580284,0.00439239705544053,-0.682589466742406,-2.20615693809354,0,33,"AT5G66390;AT4G34050;AT2G40890;AT1G15950;AT4G01070;AT5G13420;AT5G54160;AT1G05850;AT5G48930;AT4G34230;AT3G19450;AT2G38080;AT1G07890;AT5G03260;AT3G16920;AT5G60020;AT1G80820;AT1G12840","OSD-193",-0.24,"root","unknown",FALSE
"GO:0009813 (flavonoid biosynthetic process)",0.000171262202431923,0.00439239705544053,-0.868332073370821,-2.48740781204529,0,20,"AT2G47460;AT4G25640;AT3G55120;AT5G07990;AT5G08640;AT3G51240;AT5G05270;AT2G40890;AT5G13930;AT2G45400","OSD-193",-0.24,"root","unknown",FALSE
"GO:0009825 (multidimensional cell growth)",0.446455505279035,0.634682170542636,0.283572478329139,0.996650765156502,1775,32,"AT2G44080;AT3G21510;AT3G48860","OSD-193",-0.24,"root","unknown",FALSE
"GO:0009826 (unidimensional cell growth)",0.589378238341969,0.754947806345793,-0.232652197839841,-0.939836319765447,4094,111,"AT3G23090;AT1G75750;AT1G17060;AT4G01630;AT1G31420;AT5G54380;AT4G34490;AT3G51160;AT1G75500;AT3G49120;AT1G72300;AT2G35620;AT1G12840;AT1G62980;AT3G46290;AT5G64340;AT2G20750;AT2G03090;AT5G49720;AT3G54010;AT2G20370;AT1G12040","OSD-193",-0.24,"root","unknown",FALSE
"GO:0009827 (plant-type cell wall modification)",0.0567650378971134,0.163601123373284,-0.419171238722568,-1.41610863476485,351,41,"AT3G17130;AT5G64620;AT2G28470;AT4G26140;AT1G45130;AT1G70370;AT5G62350;AT4G25250;AT4G00080;AT2G34070;AT2G32700;AT2G47670;AT1G27930;AT5G14650;AT5G01360;AT1G62770;AT5G38610;AT4G34980;AT4G36360;AT1G70720","OSD-193",-0.24,"root","unknown",FALSE
"GO:0009828 (plant-type cell wall loosening)",0.813153456998314,0.901700112932794,-0.25071128970313,-0.752719238668971,4821,24,"AT4G01630;AT1G62980;AT2G20750;AT2G03090;AT4G28250;AT5G66460;AT2G28950;AT2G39700;AT1G12560;AT1G73360;AT4G30270","OSD-193",-0.24,"root","unknown",FALSE
"GO:0009832 (plant-type cell wall biogenesis)",0.013083802583637,0.0671781796521192,-0.51982328163227,-1.6486198280881,78,30,"AT1G78580;AT1G64440;AT5G09870;AT2G35620;AT3G02230;AT4G32410;AT5G17420;AT1G30620;AT4G11150;AT4G17220;AT5G44030;AT5G22130;AT5G65810;AT3G49720;AT3G59770;AT2G03220;AT5G03540;AT2G40190;AT1G80350;AT3G13870","OSD-193",-0.24,"root","unknown",FALSE
"GO:0009833 (plant-type primary cell wall biogenesis)",0.0276489781899365,0.101768226952116,-0.587063852676297,-1.58905430969951,160,16,"AT5G09870;AT4G18780;AT4G39350;AT4G32410;AT5G17420;AT4G24010;AT1G76670;AT3G03050;AT1G02730;AT5G44030;AT5G05170","OSD-193",-0.24,"root","unknown",FALSE
"GO:0009834 (plant-type secondary cell wall biogenesis)",0.000155617802676626,0.00439239705544053,-0.58680349784747,-2.10928074003638,0,55,"AT5G67210;AT1G27440;AT4G33330;AT5G03170;AT2G40320;AT2G38080;AT4G14940;AT4G18780;AT2G34410;AT1G33280;AT1G75500;AT5G64020;AT2G37090;AT2G36570;AT5G60490;AT5G12870;AT5G17420;AT1G43790;AT4G36890;AT3G06550;AT1G03870;AT3G50220;AT5G67230;AT1G77130;AT1G27930;AT1G09610;AT5G44130;AT5G46340;AT5G15630;AT1G27600;AT5G61840;AT1G17950;AT2G06850;AT1G29890;AT5G48920;AT5G44030;AT4G09990;AT1G33800;AT2G15440;AT1G71690","OSD-193",-0.24,"root","unknown",FALSE
"GO:0009845 (seed germination)",0.175449192208969,0.346498982553291,-0.315186462718724,-1.19536958903466,1161,75,"AT1G80340;AT2G48130;AT4G00050;AT1G09090;AT1G09970;AT5G09810;AT4G18010;AT5G13200;AT5G01550;AT2G46590;AT3G15730;AT3G16400;AT1G62750","OSD-193",-0.24,"root","unknown",FALSE
"GO:0009846 (pollen germination)",0.584670509425144,0.753657555398234,-0.25864895702608,-0.926817162656999,3752,54,"AT2G41110;AT3G56950;AT1G03920;AT4G02350;AT1G71880;AT5G07370;AT3G61710;AT2G47860;AT3G06540;AT3G09840;AT5G18280;AT1G71820;AT1G64980;AT3G10380;AT5G48230","OSD-193",-0.24,"root","unknown",FALSE
"GO:0009853 (photorespiration)",0.984474587350874,0.995884061045338,-0.174419225597585,-0.577314454800739,6023,37,"AT4G37930;AT1G12550;AT2G27730;AT5G37510;AT1G70580;AT2G02050;AT1G23310;AT1G67350;AT1G68010;AT5G66510;AT1G14450;AT3G10160;AT2G31490","OSD-193",-0.24,"root","unknown",FALSE
"GO:0009860 (pollen tube growth)",0.215757930127174,0.392345521749118,-0.292693983460077,-1.15277344272625,1475,93,"AT4G17530;AT2G36880;AT3G23630;AT3G27960;AT5G23530;AT3G24170;AT5G26720;AT3G56950;AT5G47200;AT4G14880;AT3G51300;AT4G02350;AT5G07370;AT1G75840;AT1G27380;AT2G41970;AT5G15470;AT5G04950;AT3G06540;AT3G04690;AT3G08970;AT3G09840;AT1G03010;AT3G59760","OSD-193",-0.24,"root","unknown",FALSE
"GO:0009862 (systemic acquired resistance, salicylic acid mediated signaling pathway)",0.876428571428571,0.940444620204088,0.235669602675727,0.696579616155717,3680,17,"AT3G56400;AT4G20380;AT4G19660;AT5G51200;AT1G64280","OSD-193",-0.24,"root","unknown",FALSE
"GO:0009863 (salicylic acid mediated signaling pathway)",0.993354664041349,0.997509101703038,0.154852067761649,0.520881238581538,4035,27,"AT5G01900;AT4G02195;AT1G14920;AT1G53130;AT5G47010;AT5G22570;AT2G39260;AT1G28480","OSD-193",-0.24,"root","unknown",FALSE
"GO:0009867 (jasmonic acid mediated signaling pathway)",0.899387294421155,0.949543931826755,-0.209953722477883,-0.719181625277624,5577,44,"AT1G48500;AT4G14940;AT2G18790;AT2G34070;AT2G01570;AT3G11670;AT1G17440;AT5G11270;AT1G32230;AT1G19180;AT2G39940;AT1G79380;AT5G63970;AT5G06600","OSD-193",-0.24,"root","unknown",FALSE
"GO:0009873 (ethylene-activated signaling pathway)",0.110763617409434,0.266275832424032,0.352307203400414,1.29609986342916,424,39,"AT1G06160;AT1G25560;AT3G16770;AT4G17490;AT5G07580;AT1G53170;AT5G44210;AT2G27050;AT5G25190;AT3G11100;AT1G28370","OSD-193",-0.24,"root","unknown",FALSE
"GO:0009903 (chloroplast avoidance movement)",0.0413816689466484,0.129001019012256,-0.523912849253945,-1.51939285984214,241,21,"AT1G42550;AT5G10470;AT2G26570;AT1G58070;AT5G55860;AT2G40480;AT3G51220","OSD-193",-0.24,"root","unknown",FALSE
"GO:0009904 (chloroplast accumulation movement)",0.0412741907860935,0.129001019012256,-0.531465489627153,-1.52242609857681,240,20,"AT5G10470;AT2G26570;AT2G30520;AT1G58070;AT5G55860;AT2G40480;AT3G51220;AT1G12150;AT5G65460;AT1G75720;AT5G67385;AT3G51720","OSD-193",-0.24,"root","unknown",FALSE
"GO:0009908 (flower development)",0.839433649646031,0.916756013999803,-0.208920531386099,-0.794002320783298,5572,76,"AT1G22770;AT4G24670;AT4G36920;AT2G40300;AT5G18560;AT2G38110;AT4G24960","OSD-193",-0.24,"root","unknown",FALSE
"GO:0009909 (regulation of flower development)",0.0371831840947033,0.124629400102378,-0.37677096101835,-1.41919919829479,244,72,"AT4G15248;AT5G57660;AT3G21890;AT2G46790;AT2G40080;AT1G20823;AT3G02380;AT5G24655;AT5G37770;AT5G41990;AT1G65380;AT5G24930;AT2G32700","OSD-193",-0.24,"root","unknown",FALSE
"GO:0009910 (negative regulation of flower development)",0.0564792821324888,0.163549011293605,0.369763848875491,1.39048945719339,213,43,"AT1G13260;AT5G61150;AT5G60800;AT1G80680;AT4G28190;AT2G38560;AT2G31650;AT1G79280;AT3G54720;AT5G65070;AT4G20400;AT1G61040","OSD-193",-0.24,"root","unknown",FALSE
"GO:0009911 (positive regulation of flower development)",0.248837981407703,0.423509767799739,-0.362701006137456,-1.16236165158738,1498,32,"AT1G22610;AT5G41990;AT1G68050;AT5G06850;AT2G43410;AT4G24620;AT5G62000;AT1G10670;AT3G44110;AT5G67440;AT1G74720","OSD-193",-0.24,"root","unknown",FALSE
"GO:0009926 (auxin polar transport)",0.474488137796555,0.66499526448263,-0.296856249475796,-0.98871096578325,2919,38,"AT2G26170;AT1G77690;AT5G13930;AT2G01420;AT2G38120;AT5G16530","OSD-193",-0.24,"root","unknown",FALSE
"GO:0009933 (meristem structural organization)",0.561578697099382,0.736943618962194,0.308676400594526,0.928091595957256,2361,18,"AT5G55300;AT2G34780;AT5G16780","OSD-193",-0.24,"root","unknown",FALSE
"GO:0009934 (regulation of meristem structural organization)",0.542783505154639,0.718044155314938,-0.331035406521816,-0.936037196697479,3158,19,"AT2G26170;AT2G46920;AT3G49670;AT5G65700","OSD-193",-0.24,"root","unknown",FALSE
"GO:0009944 (polarity specification of adaxial/abaxial axis)",0.691567920315988,0.824701529854828,-0.306822585582226,-0.830502082030621,4026,16,"AT2G41370;AT5G55250;AT2G32700;AT5G60690;AT2G37630;AT5G02460;AT4G32551","OSD-193",-0.24,"root","unknown",FALSE
"GO:0009958 (positive gravitropism)",0.232516044100708,0.410973663371465,-0.360900084107695,-1.17301915770303,1412,34,"AT2G02950;AT5G11260;AT4G24670;AT1G17400;AT2G38120;AT1G16510","OSD-193",-0.24,"root","unknown",FALSE
"GO:0009959 (negative gravitropism)",0.511217674259291,0.69721874770631,-0.33609881755205,-0.962782384799846,2984,20,"AT4G00050;AT5G46860;AT2G17990;AT3G60680;AT2G45260;AT2G36810;AT4G37650;AT1G29300;AT2G26890;AT5G14090","OSD-193",-0.24,"root","unknown",FALSE
"GO:0009960 (endosperm development)",0.153395212506106,0.32885780646046,0.394142237156169,1.26985045695161,627,23,"AT2G18390;AT1G02680;AT2G34260;AT4G22970;AT2G41630;AT3G57860;AT5G12210","OSD-193",-0.24,"root","unknown",FALSE
"GO:0009965 (leaf morphogenesis)",0.420022371364653,0.616907857941834,0.257266150243323,1.01640187023794,1501,55,"AT2G30130;AT5G55920;AT5G55300;AT1G68130;AT2G01940;AT4G00100","OSD-193",-0.24,"root","unknown",FALSE
"GO:0010015 (root morphogenesis)",0.961008083689967,0.983914766553171,0.196904967643333,0.592030506122382,4041,18,"AT5G55920","OSD-193",-0.24,"root","unknown",FALSE
"GO:0010017 (red or far-red light signaling pathway)",0.00016926201760325,0.00439239705544053,-0.762543623699299,-2.2727208170185,0,23,"AT2G02950;AT2G46790;AT5G11260;AT2G40080;AT2G46340;AT3G17609;AT2G37970;AT5G15960","OSD-193",-0.24,"root","unknown",FALSE
"GO:0010020 (chloroplast fission)",0.96070826306914,0.983914766553171,-0.198811513506801,-0.596898732652474,5696,24,"AT1G20830;AT5G53280;AT3G52750;AT2G16070","OSD-193",-0.24,"root","unknown",FALSE
"GO:0010025 (wax biosynthetic process)",0.573861720067454,0.744436329004701,-0.305196427625593,-0.916301866257595,3402,24,"AT5G12420;AT1G01120;AT1G49430;AT1G10670;AT3G55360","OSD-193",-0.24,"root","unknown",FALSE
"GO:0010026 (trichome differentiation)",0.667353951890034,0.810642673170598,-0.299457226392651,-0.846746593267833,3883,19,"AT1G67030;AT4G26690;AT5G24520;AT5G55480;AT1G68360;AT1G10480;AT4G01060","OSD-193",-0.24,"root","unknown",FALSE
"GO:0010027 (thylakoid membrane organization)",0.313864028889936,0.493091841069706,-0.307306093121379,-1.09297592852982,1998,52,"AT5G08050;AT1G44575;AT1G32500;AT2G30950;AT2G20890;AT5G12130","OSD-193",-0.24,"root","unknown",FALSE
"GO:0010029 (regulation of seed germination)",0.758427863876019,0.871051550429036,-0.23589379100195,-0.817385385042181,4746,46,"AT1G20450;AT1G42550;AT3G50500;AT2G18790;AT5G13200","OSD-193",-0.24,"root","unknown",FALSE
"GO:0010030 (positive regulation of seed germination)",0.0214165261382799,0.083347117646427,-0.538165508781808,-1.6157530541517,126,24,"AT4G14690;AT3G22840;AT3G23210;AT5G09530","OSD-193",-0.24,"root","unknown",FALSE
"GO:0010038 (response to metal ion)",0.664777606044994,0.809121747596596,-0.314014752282116,-0.849969714790561,3870,16,"AT5G25620;AT5G37770;AT5G44070","OSD-193",-0.24,"root","unknown",FALSE
"GO:0010039 (response to iron ion)",0.079343365253078,0.207482693887129,-0.490688425673605,-1.42303913988237,463,21,"AT5G24380;AT2G40300;AT5G21105;AT3G25190;AT5G01600;AT1G76800;AT4G36060;AT5G42130;AT5G67330;AT2G28160;AT1G18910;AT3G56090;AT5G09830","OSD-193",-0.24,"root","unknown",FALSE
"GO:0010043 (response to zinc ion)",0.339834357467272,0.527336417856759,0.279509488152355,1.06390556197791,1271,46,"AT5G21940;AT4G31510;AT5G13740;AT5G56550;AT2G21660;AT1G57720;AT1G52760;AT4G02520;AT3G09200","OSD-193",-0.24,"root","unknown",FALSE
"GO:0010044 (response to aluminum ion)",0.921194237111613,0.965436841981467,-0.236076379252383,-0.627299716877668,5306,15,"AT2G32700;AT5G39040;AT5G27920;AT1G51340;AT5G22890;AT1G08430;AT4G11850","OSD-193",-0.24,"root","unknown",FALSE
"GO:0010051 (xylem and phloem pattern formation)",0.204579895605321,0.379694773825209,-0.392229924901324,-1.20917672303345,1214,27,"AT4G29810;AT1G19300;AT4G25320;AT4G36890;AT2G01950;AT1G04550;AT4G24220;AT5G60690;AT5G13300;AT4G08150","OSD-193",-0.24,"root","unknown",FALSE
"GO:0010053 (root epidermal cell differentiation)",0.136769759450172,0.301683476621137,-0.468478982649319,-1.32467326754625,795,19,"AT1G05850;AT1G64440;AT5G09810;AT4G26690;AT5G65090;AT5G49270;AT5G51060","OSD-193",-0.24,"root","unknown",FALSE
"GO:0010073 (meristem maintenance)",0.567943680419122,0.741482027213854,-0.28149883930871,-0.927126457424991,3468,36,"AT1G23010;AT4G36920;AT5G15080;AT1G71400;AT3G01300;AT2G32700;AT1G52150;AT1G71040;AT3G28690;AT2G26140;AT5G10310;AT5G02130;AT4G32551","OSD-193",-0.24,"root","unknown",FALSE
"GO:0010075 (regulation of meristem growth)",0.506605813115542,0.694733801024008,0.309228543114049,0.959320044887397,2108,20,"AT5G55300;AT3G52770;AT2G31081","OSD-193",-0.24,"root","unknown",FALSE
"GO:0010078 (maintenance of root meristem identity)",0.653569089718402,0.803863975381538,-0.266209998309486,-0.876772114833192,3991,36,"AT4G24670;AT4G29040;AT1G73965;AT1G63245;AT1G70895;AT1G65380;AT4G28980;AT3G07780;AT3G24770;AT3G24240;AT4G20270;AT1G69970;AT1G31880;AT1G05065;AT5G48160","OSD-193",-0.24,"root","unknown",FALSE
"GO:0010082 (regulation of root meristem growth)",0.146793716198815,0.3180530517641,0.342733782336031,1.24524695318346,569,37,"AT1G13620;AT3G17170;AT3G12380;AT3G19960;AT1G34110;AT5G48940;AT1G69380;AT1G71696;AT3G15150;AT2G25180;AT1G06390;AT4G20400;AT2G04025","OSD-193",-0.24,"root","unknown",FALSE
"GO:0010087 (phloem or xylem histogenesis)",0.538590604026846,0.718044155314938,0.243506273345205,0.962039628643917,1925,55,"AT5G60200;AT4G17500;AT4G38800;AT4G17490;AT5G61600;AT3G15770;AT4G28650;AT5G16780;AT1G70560;AT1G28370;AT5G35750","OSD-193",-0.24,"root","unknown",FALSE
"GO:0010088 (phloem development)",0.239505754908599,0.416917425211264,-0.397444147229223,-1.18456119615554,1414,23,"AT1G73965;AT1G63245;AT1G70895;AT3G01680;AT1G65380;AT3G24770;AT5G01170;AT4G20270;AT1G69970;AT1G31880;AT1G05065;AT3G09070","OSD-193",-0.24,"root","unknown",FALSE
"GO:0010089 (xylem development)",0.0182056749220928,0.0799480929812683,-0.486113178192417,-1.59105811082696,110,35,"AT5G13180;AT1G29950;AT1G62990;AT1G22740;AT2G13820;AT2G28250;AT1G09540;AT4G25320;AT5G54790;AT1G71930;AT5G61480;AT5G60690;AT3G24770;AT4G08150;AT2G45420;AT5G56780;AT2G06850","OSD-193",-0.24,"root","unknown",FALSE
"GO:0010090 (trichome morphogenesis)",0.966595359552411,0.985959540378168,-0.18846058324711,-0.612545921587481,5873,34,"AT1G67030","OSD-193",-0.24,"root","unknown",FALSE
"GO:0010091 (trichome branching)",0.722540473225405,0.850620865396382,0.246658883270377,0.843301257745652,2900,29,"AT2G02480;AT5G38110;AT5G40330;AT5G65930;AT4G22910;AT4G14750","OSD-193",-0.24,"root","unknown",FALSE
"GO:0010099 (regulation of photomorphogenesis)",0.0322302654257153,0.111258147881989,-0.573161129645077,-1.57669548746353,186,17,"AT5G11260;AT1G78600;AT3G17609;AT2G16365","OSD-193",-0.24,"root","unknown",FALSE
"GO:0010100 (negative regulation of photomorphogenesis)",0.00156222877972574,0.0151129887604876,-0.728628467100261,-1.93610403789006,8,15,"AT2G31380;AT2G46340;AT4G27310;AT4G10180;AT2G21320;AT4G38960","OSD-193",-0.24,"root","unknown",FALSE
"GO:0010102 (lateral root morphogenesis)",0.0387085575420934,0.127155530420533,-0.581854505380937,-1.54609778261318,222,15,"AT4G14550;AT5G25890;AT4G12550;AT5G18560;AT3G07390","OSD-193",-0.24,"root","unknown",FALSE
"GO:0010105 (negative regulation of ethylene-activated signaling pathway)",0.00714285714285714,0.0419642857142857,0.598330616664789,1.76851365877701,29,17,"AT5G25350;AT2G26070;AT3G23150;AT2G40940","OSD-193",-0.24,"root","unknown",FALSE
"GO:0010114 (response to red light)",0.00015701051970482,0.00439239705544053,-0.672247484883323,-2.39093963783522,0,52,"AT4G14690;AT5G24120;AT5G44110;AT1G80340;AT2G02950;AT2G47890;AT5G11260;AT2G40080;AT2G46340;AT3G17609;AT5G52250;AT5G24470;AT2G05100;AT1G79600;AT3G61600;AT3G17040;AT2G05070;AT4G31500;AT5G67030;AT2G31360;AT1G32870","OSD-193",-0.24,"root","unknown",FALSE
"GO:0010118 (stomatal movement)",0.455511288180611,0.645748021063465,-0.312669356215598,-1.00202332814536,2743,32,"AT4G24020;AT5G46860;AT3G51550;AT4G33950;AT2G47800;AT1G16540;AT3G08590;AT5G11270;AT4G17970;AT1G09780;AT2G39940;AT5G58140;AT2G17260;AT5G37500","OSD-193",-0.24,"root","unknown",FALSE
"GO:0010119 (regulation of stomatal movement)",0.0284994489056841,0.103587535353021,-0.423458442857589,-1.49907874767582,180,51,"AT3G11410;AT5G23720;AT2G46370;AT2G26770;AT1G70410;AT1G51140;AT2G39660;AT3G49220;AT5G54270;AT4G18950;AT4G26080;AT4G33950;AT3G15730;AT1G09540","OSD-193",-0.24,"root","unknown",FALSE
"GO:0010143 (cutin biosynthetic process)",0.0364044168391994,0.122890048004148,-0.553333537194507,-1.54588593239417,210,18,"AT4G28110;AT1G01610;AT5G06090;AT2G38110;AT3G11430;AT1G49430","OSD-193",-0.24,"root","unknown",FALSE
"GO:0010150 (leaf senescence)",0.533930118394456,0.71525313385828,-0.241124885368838,-0.964191339546784,3697,103,"AT5G64940;AT1G54570;AT2G44300;AT1G11700;AT1G66330;AT5G13180;AT1G61930;AT3G14067;AT5G52310;AT3G15030;AT3G52430;AT5G08560;AT2G13810;AT2G39200;AT5G62000;AT2G46700;AT1G20900;AT2G25625;AT4G38630;AT5G51640;AT1G11190","OSD-193",-0.24,"root","unknown",FALSE
"GO:0010152 (pollen maturation)",0.534976566568304,0.71525313385828,-0.355215751252439,-0.943875625747907,3081,15,"AT5G54800;AT3G06540;AT3G26810;AT1G71830","OSD-193",-0.24,"root","unknown",FALSE
"GO:0010154 (fruit development)",0.833953960731212,0.916449406486997,-0.245084567348856,-0.730461551093327,4926,23,"AT3G04120;AT1G14720;AT4G36890;AT5G37020;AT1G17110;AT3G61880","OSD-193",-0.24,"root","unknown",FALSE
"GO:0010162 (seed dormancy process)",0.749222301986121,0.868265823450279,0.274877846971549,0.797706153826897,3130,16,"AT3G44750;AT3G63210;AT5G22650;AT2G38560;AT5G53470","OSD-193",-0.24,"root","unknown",FALSE
"GO:0010167 (response to nitrate)",0.010832769126608,0.0575549733596303,-0.56394568945129,-1.68081020973722,63,23,"AT1G78050;AT2G15620;AT1G05850;AT1G12110;AT5G40890;AT3G21670;AT4G24020;AT4G24400","OSD-193",-0.24,"root","unknown",FALSE
"GO:0010182 (sugar mediated signaling pathway)",0.839535275298872,0.916756013999803,-0.24087614076427,-0.742579298658965,4985,27,"AT1G78580;AT2G20890;AT5G67030;AT4G29130;AT2G19860","OSD-193",-0.24,"root","unknown",FALSE
"GO:0010183 (pollen tube guidance)",0.74680746561886,0.868265823450279,0.250983689448435,0.818491844155256,3040,24,"AT2G15890;AT3G18000;AT4G28650;AT2G41630;AT5G12210","OSD-193",-0.24,"root","unknown",FALSE
"GO:0010187 (negative regulation of seed germination)",0.787328094302554,0.887559899665794,0.242806656019163,0.791825429353748,3205,24,"AT1G36060;AT5G19330;AT4G36930;AT2G20180;AT1G14920","OSD-193",-0.24,"root","unknown",FALSE
"GO:0010193 (response to ozone)",0.693775100401606,0.824701529854828,-0.275201449847142,-0.842123997337913,4145,26,"AT3G23400;AT2G46370;AT3G17800;AT1G19570;AT4G25100","OSD-193",-0.24,"root","unknown",FALSE
"GO:0010196 (nonphotochemical quenching)",0.0187188734329383,0.0799806410316457,-0.609788336828378,-1.65056455140992,108,16,"AT5G08050;AT1G44575;AT1G15820;AT4G04850;AT1G74730;AT4G31040;AT1G56500;AT4G10340;AT4G31530","OSD-193",-0.24,"root","unknown",FALSE
"GO:0010197 (polar nucleus fusion)",0.111001480019734,0.266275832424032,0.38762136002895,1.31619320330667,449,28,"AT2G20490;AT4G30930;AT5G48030;AT1G72440;AT5G23405;AT2G34260;AT3G28730;AT1G31817","OSD-193",-0.24,"root","unknown",FALSE
"GO:0010207 (photosystem II assembly)",0.0138794854434665,0.0680013249420338,-0.555158259073014,-1.65461973967345,81,23,"AT5G24120;AT4G35250;AT1G34000;AT1G16720;AT2G20890;AT5G66570;AT1G71500;AT5G02120","OSD-193",-0.24,"root","unknown",FALSE
"GO:0010214 (seed coat development)",0.020129648584101,0.0825450690260786,-0.550398126922761,-1.61769130496863,117,22,"AT2G48130;AT1G53500;AT2G45970;AT2G22900;AT1G62990;AT4G00940;AT1G09540;AT2G47670","OSD-193",-0.24,"root","unknown",FALSE
"GO:0010218 (response to far red light)",0.000161264312207708,0.00439239705544053,-0.728727621982308,-2.46189953543977,0,41,"AT4G14690;AT5G24120;AT5G44110;AT2G02950;AT2G47890;AT5G11260;AT2G46340;AT3G17609;AT1G22770;AT5G52250;AT5G24470;AT2G05100;AT1G02340;AT4G00050;AT2G05070;AT2G18790","OSD-193",-0.24,"root","unknown",FALSE
"GO:0010224 (response to UV-B)",0.00015527950310559,0.00439239705544053,-0.683205202034734,-2.47994112967213,0,59,"AT4G14690;AT2G47460;AT5G23730;AT3G21890;AT3G55120;AT4G15480;AT5G11260;AT2G37040;AT3G17609;AT4G38620;AT3G51240;AT5G52250;AT5G13930;AT4G01660;AT5G05410;AT2G46370;AT3G17800;AT5G58760;AT1G32870;AT5G03240","OSD-193",-0.24,"root","unknown",FALSE
"GO:0010227 (floral organ abscission)",0.0027477245406148,0.0218033726534499,-0.682532487146225,-1.84746716266938,15,16,"AT3G25655;AT3G21220;AT1G64405;AT2G41370;AT1G51660;AT1G76952;AT5G62000;AT3G60830;AT1G71830","OSD-193",-0.24,"root","unknown",FALSE
"GO:0010228 (vegetative to reproductive phase transition of meristem)",0.414792387543253,0.614035288071718,-0.254428287848211,-1.02066309504381,2876,105,"AT1G06040;AT2G28550;AT5G62430;AT1G22610;AT1G66330;AT4G35450;AT4G02940;AT4G38960;AT3G04240;AT5G41990;AT2G46240;AT5G06850;AT2G43410;AT1G20900;AT5G03840;AT1G29860;AT4G14300","OSD-193",-0.24,"root","unknown",FALSE
"GO:0010229 (inflorescence development)",0.226473629782834,0.405792926091822,-0.438816381951772,-1.20712967691453,1313,17,"AT3G21220;AT4G29040;AT1G51660","OSD-193",-0.24,"root","unknown",FALSE
"GO:0010262 (somatic embryogenesis)",0.750911300121507,0.868265823450279,-0.296235278987848,-0.787153323965504,4325,15,"AT5G25620;AT2G38120;AT5G12840;AT5G01240;AT4G28720","OSD-193",-0.24,"root","unknown",FALSE
"GO:0010267 (ta-siRNA processing)",0.830936099976421,0.916449406486997,0.259089008309152,0.736880792824459,3523,15,"AT1G09700;AT3G49500;AT3G03300;AT5G23570","OSD-193",-0.24,"root","unknown",FALSE
"GO:0010268 (brassinosteroid homeostasis)",0.880416240191061,0.940444620204088,-0.234900166656964,-0.690401980946384,5160,22,"AT1G73340;AT1G55940;AT5G47950;AT3G44970;AT3G13730;AT4G15400;AT5G38970;AT4G15393","OSD-193",-0.24,"root","unknown",FALSE
"GO:0010286 (heat acclimation)",0.193161846940406,0.366527603976981,-0.347828452528306,-1.20524534533478,1208,46,"AT1G20440;AT5G46170;AT5G58070;AT5G05410;AT2G41140;AT3G02885;AT2G40340;AT1G73130","OSD-193",-0.24,"root","unknown",FALSE
"GO:0010305 (leaf vascular tissue pattern formation)",0.341069626639758,0.527336417856759,0.311506807616446,1.07192111506278,1351,30,"AT3G52770;AT5G16780;AT1G19850;AT4G07410;AT4G02030;AT1G09700;AT3G54720;AT2G36120;AT4G13750;AT2G32010;AT4G16670;AT2G32280;AT1G48920;AT1G48410","OSD-193",-0.24,"root","unknown",FALSE
"GO:0010311 (lateral root formation)",0.182949595519602,0.355994276632091,-0.331938549860108,-1.19946487487788,1175,57,"AT3G58190;AT1G77690;AT5G57740;AT3G24300;AT4G01630;AT2G38120;AT5G65510;AT4G29040;AT4G37070;AT2G42490;AT1G70895;AT1G26960;AT3G20860;AT1G49430;AT3G22400;AT5G57390;AT1G77740","OSD-193",-0.24,"root","unknown",FALSE
"GO:0010315 (auxin export across the plasma membrane)",0.592649836853855,0.755968789807319,-0.33339973457666,-0.902440650478674,3450,16,"AT1G53500;AT2G01420;AT5G16530;AT1G75500;AT1G78570;AT1G70940;AT1G77110;AT2G36910","OSD-193",-0.24,"root","unknown",FALSE
"GO:0010345 (suberin biosynthetic process)",0.000172532781228433,0.00439239705544053,-0.734680466832446,-2.05252731334416,0,18,"AT5G41040;AT5G23190;AT4G17785;AT5G10280;AT1G04220;AT5G13580;AT2G37360;AT3G44550;AT5G58860;AT3G11430;AT3G53510;AT3G44540;AT5G22500","OSD-193",-0.24,"root","unknown",FALSE
"GO:0010411 (xyloglucan metabolic process)",0.394971613949716,0.592942644037534,-0.311640286455039,-1.043818250583,2434,39,"AT2G36870;AT2G18800;AT3G44990;AT2G34410;AT1G74380;AT1G70230;AT5G64020;AT1G14720;AT1G11545;AT5G48070;AT3G06550;AT4G14130;AT4G25810;AT5G46340;AT2G06850;AT1G29890","OSD-193",-0.24,"root","unknown",FALSE
"GO:0010431 (seed maturation)",0.633195307108351,0.791793490800707,-0.312219509091134,-0.872269100785294,3669,18,"AT5G58070;AT3G48740;AT5G23660;AT1G32440;AT5G66730;AT3G47860;AT3G10420","OSD-193",-0.24,"root","unknown",FALSE
"GO:0010468 (regulation of gene expression)",0.479614767255217,0.6675276145625,0.224723455278646,0.99131390919331,1493,97,"AT3G61100;AT1G10522;AT3G14230;AT3G62460;AT3G17170;AT5G28640;AT5G39610;AT5G63470;AT3G20810;AT1G17640;AT4G17040;AT1G33680;AT3G11100;AT1G09700;AT3G24120;AT1G63490;AT2G38810;AT2G42280;AT4G10070;AT4G20400;AT3G03460;AT1G29160;AT3G12820;AT3G57670;AT5G09840;AT3G13224;AT1G52740;AT4G31880;AT3G48430;AT5G04240;AT1G20930;AT4G32700;AT3G20270;AT5G61190;AT5G25080;AT3G07610","OSD-193",-0.24,"root","unknown",FALSE
"GO:0010492 (maintenance of shoot apical meristem identity)",0.683164925500942,0.820066344756534,-0.292618752597312,-0.838230204184417,3988,20,"AT4G31920;AT5G65510;AT1G79440;AT3G07780;AT5G63780;AT4G37750","OSD-193",-0.24,"root","unknown",FALSE
"GO:0010497 (plasmodesmata-mediated intercellular transport)",0.508454106280193,0.695001026705141,-0.345466037096608,-0.965152211043157,2946,18,"AT3G62020;AT3G04370;AT1G02335;AT1G09560;AT1G70070;AT1G74720;AT5G02460;AT2G37590","OSD-193",-0.24,"root","unknown",FALSE
"GO:0010540 (basipetal auxin transport)",0.170282936990106,0.345794114142738,-0.482211102466426,-1.28132636145301,980,15,"AT1G78100;AT1G12110;AT5G55910;AT4G30960;AT1G77110;AT3G22942","OSD-193",-0.24,"root","unknown",FALSE
"GO:0010555 (response to mannitol)",0.0917369308600337,0.228780672471349,-0.46047157382407,-1.38248984673956,543,24,"AT3G57540;AT5G54160;AT5G52310;AT3G05360;AT1G72180;AT5G23750;AT1G62480;AT4G35160;AT1G12080","OSD-193",-0.24,"root","unknown",FALSE
"GO:0010584 (pollen exine formation)",0.949275362318841,0.983914766553171,-0.211030268974245,-0.589569766131794,5501,18,"AT1G65060;AT4G35420;AT3G51050;AT1G27600;AT4G19180","OSD-193",-0.24,"root","unknown",FALSE
"GO:0010628 (positive regulation of gene expression)",0.564019851116625,0.737936036471645,0.283066938705937,0.93156692505702,2272,25,"AT1G13620;AT3G12977;AT3G24120;AT1G11400;AT2G04025;AT4G38495;AT1G09060;AT2G40470;AT3G48430;AT5G04240;AT5G60810;AT4G10350;AT4G02450;AT1G08620;AT1G23230;AT3G03773","OSD-193",-0.24,"root","unknown",FALSE
"GO:0010629 (negative regulation of gene expression)",0.116526138279933,0.27174607056885,-0.445989213391744,-1.33900895151678,690,24,"AT2G28550;AT5G13180;AT5G60120;AT4G08980;AT4G16430;AT5G61380","OSD-193",-0.24,"root","unknown",FALSE
"GO:0010928 (regulation of auxin mediated signaling pathway)",0.970872113064461,0.988671435137309,-0.19879328180263,-0.546855769075555,5632,17,"AT2G35050;AT1G27340","OSD-193",-0.24,"root","unknown",FALSE
"GO:0012501 (programmed cell death)",0.896135860201821,0.949543931826755,0.212279466477709,0.714051759350945,3640,27,"AT3G16770;AT1G08720;AT1G73260;AT1G26630;AT1G12220;AT3G44880","OSD-193",-0.24,"root","unknown",FALSE
"GO:0015031 (protein transport)",0.0306352789422767,0.107876325354526,-0.434826437270598,-1.48946720343523,189,44,"AT1G61250;AT5G67560;AT2G25350;AT4G35730;AT1G73030;AT1G32050;AT3G49860;AT1G52315;AT3G17340;AT1G17730;AT2G32900;AT2G44100;AT1G34220;AT5G22950;AT1G03550;AT2G06530;AT5G53480;AT3G59920;AT1G25420;AT1G13340;AT1G11180;AT3G27325","OSD-193",-0.24,"root","unknown",FALSE
"GO:0015693 (magnesium ion transport)",0.807044673539519,0.898186330660557,-0.264210704248018,-0.747083369541267,4696,19,"AT1G16010;AT2G03620;AT4G38730;AT5G22830;AT5G64560;AT5G09720;AT1G55930;AT2G21120","OSD-193",-0.24,"root","unknown",FALSE
"GO:0015706 (nitrate transmembrane transport)",0.0031055900621118,0.0237189440993789,-0.651460259566853,-1.82002930074387,17,18,"AT1G12110;AT1G22550;AT5G62720;AT3G45650;AT5G40890;AT1G72130;AT3G16180;AT1G22540;AT1G72140;AT1G69870","OSD-193",-0.24,"root","unknown",FALSE
"GO:0015979 (photosynthesis)",0.0599137242370986,0.169478173652163,-0.405120725391093,-1.40376632511548,374,46,"AT4G09650;AT2G40300;AT1G15820;AT2G18790;AT5G54270;AT1G67740;AT1G77090;AT1G20020;AT2G31040;AT5G01600;AT4G10340","OSD-193",-0.24,"root","unknown",FALSE
"GO:0015986 (proton motive force-driven ATP synthesis)",0.114089347079038,0.268109965635739,-0.478947323515073,-1.3542735950188,663,19,"AT4G09650;AT4G04640;AT4G39080;AT2G33040;AT2G21410;AT4G00895;AT5G13450","OSD-193",-0.24,"root","unknown",FALSE
"GO:0015995 (chlorophyll biosynthetic process)",0.00016220600162206,0.00439239705544053,-0.587275600293707,-1.96704025876031,0,39,"AT1G78600;AT5G13630;AT3G59400;AT5G63570;AT3G51820;AT1G03630;AT3G56940;AT2G40490;AT3G48730;AT4G18480;AT4G15560;AT1G69740;AT2G40400;AT1G74470;AT4G27430;AT1G44446;AT1G10670;AT5G58250;AT5G08280;AT5G18660","OSD-193",-0.24,"root","unknown",FALSE
"GO:0016024 (CDP-diacylglycerol biosynthetic process)",0.79951690821256,0.893563846701059,-0.269419828465783,-0.752696691483747,4633,18,"AT5G06090;AT1G51260;AT3G11430;AT1G62430;AT1G06520;AT2G45150;AT1G75020;AT4G01950;AT4G22340;AT4G00400;AT4G26770","OSD-193",-0.24,"root","unknown",FALSE
"GO:0016036 (cellular response to phosphate starvation)",0.742415048543689,0.867333833002283,-0.225041479927089,-0.848910779310752,4893,73,"AT1G23010;AT1G62300;AT4G35090;AT2G33770;AT5G01220;AT4G00550;AT3G25790;AT2G22240;AT1G18420;AT3G03250;AT1G55180;AT3G03520;AT1G71040;AT3G08040;AT2G16430;AT3G25710;AT4G28610;AT5G60410","OSD-193",-0.24,"root","unknown",FALSE
"GO:0016117 (carotenoid biosynthetic process)",0.00241296104791451,0.0203646302036463,-0.685707966818842,-1.88629793801709,13,17,"AT5G17230;AT2G26170;AT3G53130;AT5G57030;AT1G06570;AT1G31800;AT3G11945;AT4G14210;AT1G10670;AT3G04870","OSD-193",-0.24,"root","unknown",FALSE
"GO:0016126 (sterol biosynthetic process)",0.172806430006698,0.345794114142738,-0.41276145604903,-1.25427439705433,1031,25,"AT4G37760;AT4G12110;AT1G76490;AT5G24140;AT4G34650;AT4G22756;AT1G07420;AT2G28860;AT2G34490;AT1G58440;AT2G34500","OSD-193",-0.24,"root","unknown",FALSE
"GO:0016132 (brassinosteroid biosynthetic process)",0.417061611374408,0.614035288071718,-0.346252948257049,-1.03198854334417,2463,23,"AT4G31910;AT1G73340;AT2G45400","OSD-193",-0.24,"root","unknown",FALSE
"GO:0016192 (vesicle-mediated transport)",0.0307209175314036,0.107876325354526,-0.32199914437001,-1.3634677159764,224,154,"AT4G17530;AT3G11397;AT2G19830;AT4G29160;AT4G36630;AT5G47200;AT1G23900;AT5G60860;AT2G27600;AT4G24550;AT2G15310;AT4G04910;AT3G55480;AT5G02040;AT5G11150;AT3G60190;AT1G70490;AT3G06540;AT2G17980;AT1G73030;AT4G18430;AT2G33120;AT4G17170;AT5G07120;AT1G04750;AT3G24350;AT2G40380;AT3G13720;AT1G10730;AT1G17730;AT4G12120;AT3G13710;AT5G58060;AT3G54860;AT4G26750;AT1G23490;AT4G23460;AT4G11740;AT1G18740;AT5G07110;AT3G28430;AT4G35860;AT1G79590;AT2G44100;AT5G22950;AT3G22950;AT3G54300;AT1G02130;AT2G06530;AT1G09330;AT5G17060;AT5G09260;AT2G20790;AT1G47830;AT3G17900;AT1G62880;AT5G61210;AT3G59920;AT1G16020;AT3G50860","OSD-193",-0.24,"root","unknown",FALSE
"GO:0016226 (iron-sulfur cluster assembly)",0.754150066401062,0.868265823450279,-0.253210110433078,-0.811472031180617,4542,32,"AT4G04770;AT1G32500","OSD-193",-0.24,"root","unknown",FALSE
"GO:0016310 (phosphorylation)",0.0411828247367,0.129001019012256,-0.308989451154307,-1.32476205004676,304,170,"AT1G78530;AT1G26970;AT5G35580;AT1G77280;AT5G45430;AT1G33260;AT3G57120;AT3G20830;AT2G15300;AT1G28440;AT1G31420;AT1G70740;AT1G24030;AT2G28590;AT4G35030;AT3G51990;AT2G39110;AT5G26751;AT1G48210;AT1G79620;AT4G29180;AT4G19110;AT5G61570;AT3G56050;AT2G41970;AT3G01300;AT1G80640;AT5G37790;AT2G14750;AT2G23300;AT3G29350;AT3G12200;AT2G11520;AT3G09840;AT3G09010","OSD-193",-0.24,"root","unknown",FALSE
"GO:0016311 (dephosphorylation)",0.193938390195429,0.36667092065402,-0.385204341858021,-1.22167578539125,1170,30,"AT2G38600;AT1G05000;AT2G01880;AT3G20500;AT2G03450;AT2G38740;AT1G54780;AT1G14700;AT2G39840;AT5G64000;AT3G52820","OSD-193",-0.24,"root","unknown",FALSE
"GO:0016554 (cytidine to uridine editing)",0.00552486187845304,0.0340978849266142,0.582413299203765,1.80682141017334,22,20,"AT1G32580;AT1G72530;AT2G35240;AT1G73530;AT4G14050;AT5G52630;AT3G06790;AT4G20020;AT3G20930;AT4G30700","OSD-193",-0.24,"root","unknown",FALSE
"GO:0016579 (protein deubiquitination)",0.446666666666667,0.634682170542636,0.339405972879837,1.00319803498335,1875,17,"AT3G47910;AT1G65120;AT2G40930;AT5G16310;AT1G65650;AT4G39910;AT4G17510;AT3G47890;AT5G61950","OSD-193",-0.24,"root","unknown",FALSE
"GO:0016998 (cell wall macromolecule catabolic process)",0.0527686165596251,0.157067885066837,-0.565139862973544,-1.50168380742823,303,15,"AT2G36870;AT1G05850;AT3G44990;AT2G43590;AT3G16920;AT3G12500","OSD-193",-0.24,"root","unknown",FALSE
"GO:0017148 (negative regulation of translation)",0.516609672691744,0.700870320580894,0.296705278175449,0.95592732154144,2114,23,"AT3G01790;AT4G13170;AT5G12980;AT3G07110","OSD-193",-0.24,"root","unknown",FALSE
"GO:0019252 (starch biosynthetic process)",0.953232002672457,0.983914766553171,-0.199662829017126,-0.626972683106197,5706,29,"AT1G66430;AT2G31390;AT1G10670;AT1G03310;AT4G32190;AT5G03650;AT3G58560","OSD-193",-0.24,"root","unknown",FALSE
"GO:0019432 (triglyceride biosynthetic process)",0.175801447776629,0.346498982553291,-0.462544927870405,-1.27240397647694,1019,17,"AT1G54570;AT5G12420;AT1G73600;AT4G33950","OSD-193",-0.24,"root","unknown",FALSE
"GO:0019722 (calcium-mediated signaling)",0.11329256517541,0.268109965635739,-0.377280223738867,-1.29859758286834,703,45,"AT3G23805;AT4G04850;AT4G14010;AT3G56800;AT4G13590;AT1G01790;AT1G29230;AT4G13950;AT3G29780;AT3G51480;AT3G05490;AT3G16570;AT2G32390;AT3G04110;AT5G48410;AT1G05200;AT5G55990;AT1G02900;AT2G17260","OSD-193",-0.24,"root","unknown",FALSE
"GO:0019748 (secondary metabolic process)",0.213595583160801,0.389572839735072,-0.439199841335347,-1.22702278208631,1237,18,"AT2G23000;AT2G22970;AT4G12910;AT1G73290;AT2G22920;AT3G10450;AT1G73300;AT2G22980;AT1G73310","OSD-193",-0.24,"root","unknown",FALSE
"GO:0019760 (glucosinolate metabolic process)",0.120160884866767,0.275539555055208,0.368889404261453,1.29650771887874,477,32,"AT5G61590;AT4G37260;AT5G13330;AT1G66140;AT2G22840;AT4G30550;AT5G15210;AT5G44210","OSD-193",-0.24,"root","unknown",FALSE
"GO:0019761 (glucosinolate biosynthetic process)",0.000334672021419009,0.00505652382607544,-0.660696738802461,-2.02175017252813,1,26,"AT1G74090;AT2G25450;AT3G58990;AT1G18590;AT5G14200;AT1G62570;AT1G74100;AT2G43100;AT1G12140;AT1G16400;AT4G12030;AT2G22330;AT4G13770;AT3G19710;AT3G09710;AT2G20610;AT4G03070;AT1G24100","OSD-193",-0.24,"root","unknown",FALSE
"GO:0019762 (glucosinolate catabolic process)",0.717063009894116,0.845802121709082,-0.306274696974247,-0.813829961757172,4130,15,"AT2G43910;AT3G16400;AT3G09260;AT2G44480;AT3G44320;AT3G16390","OSD-193",-0.24,"root","unknown",FALSE
"GO:0022900 (electron transport chain)",0.633693972179289,0.791793490800707,-0.322249137347543,-0.872258406244295,3689,16,"AT1G10960;AT1G20020;AT2G27510","OSD-193",-0.24,"root","unknown",FALSE
"GO:0030001 (metal ion transport)",0.64020618556701,0.796672055766687,-0.306290711344317,-0.86606898589356,3725,19,"AT1G60960;AT5G17450;AT3G20870;AT3G08040;AT3G08650;AT5G67330","OSD-193",-0.24,"root","unknown",FALSE
"GO:0030036 (actin cytoskeleton organization)",0.624763867422291,0.789488160854593,-0.324575802210636,-0.878556182561247,3637,16,"AT1G29170;AT4G34490;AT5G01730;AT3G27000","OSD-193",-0.24,"root","unknown",FALSE
"GO:0030048 (actin filament-based movement)",0.557857142857143,0.734592056650246,0.313940413442192,0.927928295412081,2342,17,"AT3G19960;AT1G08730;AT4G33200;AT2G33240;AT1G17580","OSD-193",-0.24,"root","unknown",FALSE
"GO:0030148 (sphingolipid biosynthetic process)",0.504810996563574,0.6946836011269,-0.342708548825331,-0.969044226106318,2937,19,"AT5G10480;AT3G61580;AT5G23450;AT4G36830;AT3G54020;AT3G06470;AT1G01230;AT1G75000;AT5G42000","OSD-193",-0.24,"root","unknown",FALSE
"GO:0030150 (protein import into mitochondrial matrix)",0.00124192747143567,0.0130830635352964,0.594964930936802,1.97950484305534,4,26,"AT5G61880;AT1G50400;AT4G26190;AT1G17530;AT4G00026;AT2G37410;AT2G35795;AT3G20000;AT4G26780;AT5G27280;AT1G55900;AT5G09420;AT5G41685;AT3G04800;AT3G54826;AT1G68730;AT1G64220","OSD-193",-0.24,"root","unknown",FALSE
"GO:0030154 (cell differentiation)",0.652292742180383,0.803863975381538,-0.238557423950224,-0.896944857982924,4295,71,"AT4G36710;AT1G09840;AT4G36920;AT1G57870;AT4G22680;AT3G24050;AT3G15030;AT5G10480;AT5G26751;AT4G34680;AT1G78570;AT3G61160;AT3G54010;AT5G61510;AT4G36240;AT5G60690;AT1G75820;AT2G30980;AT4G18710;AT4G00720;AT2G46410","OSD-193",-0.24,"root","unknown",FALSE
"GO:0030163 (protein catabolic process)",0.24983266398929,0.423770384741968,-0.381514281602433,-1.16744418331734,1492,26,"AT5G42270;AT2G30950;AT2G41110;AT3G27925;AT4G38630;AT1G04810;AT1G75990;AT3G11270;AT4G19006;AT5G36260","OSD-193",-0.24,"root","unknown",FALSE
"GO:0030244 (cellulose biosynthetic process)",0.00875568277487792,0.047804675994109,-0.556821637743429,-1.71658438200528,51,27,"AT1G05850;AT5G09870;AT4G18780;AT4G26940;AT4G39350;AT4G32410;AT5G17420;AT4G24010;AT5G49720;AT5G01360;AT3G03050;AT1G02730;AT5G44030;AT5G22130;AT5G05170;AT3G08550;AT1G05170;AT5G06700","OSD-193",-0.24,"root","unknown",FALSE
"GO:0030422 (siRNA processing)",0.159057071960298,0.336276370130595,0.378323842994223,1.24505525337951,640,25,"AT5G04290;AT3G22680;AT4G11130;AT4G24500;AT3G49500;AT3G03300;AT5G23570;AT2G40030;AT3G23780;AT2G27840;AT5G23080","OSD-193",-0.24,"root","unknown",FALSE
"GO:0030488 (tRNA methylation)",0.00404761904761905,0.0267068799720255,0.624289164518116,1.84524054715943,16,17,"AT3G19630;AT5G17660;AT4G17610;AT2G45730;AT5G24840;AT3G55160","OSD-193",-0.24,"root","unknown",FALSE
"GO:0030865 (cortical cytoskeleton organization)",0.762541225481687,0.874132624332666,-0.293207066036947,-0.779106787786149,4392,15,"AT3G51300;AT1G75840;AT2G44690;AT1G20090;AT4G28950;AT3G55005;AT5G18580;AT5G45970","OSD-193",-0.24,"root","unknown",FALSE
"GO:0030968 (endoplasmic reticulum unfolded protein response)",0.898865318204243,0.949543931826755,0.210454304506572,0.714611096709153,3643,28,"AT1G14360;AT2G02810;AT5G35080;AT5G43710;AT2G38025","OSD-193",-0.24,"root","unknown",FALSE
"GO:0031047 (regulatory ncRNA-mediated gene silencing)",0.405392392874338,0.605610640699806,0.326319654333525,1.0274993051792,1683,21,"AT5G43810;AT3G49250;AT3G49500;AT5G19350;AT1G15215;AT3G23780;AT1G48410;AT3G22430;AT1G69440;AT5G07350;AT1G71800;AT2G27040;AT5G61780;AT2G32940","OSD-193",-0.24,"root","unknown",FALSE
"GO:0031124 (mRNA 3'-end processing)",0.0134402263617071,0.067934901534964,0.594210098591348,1.69000611570454,56,15,"AT5G65180;AT4G29820;AT5G43620;AT4G04885;AT1G30460;AT4G25550","OSD-193",-0.24,"root","unknown",FALSE
"GO:0031145 (anaphase-promoting complex-dependent catabolic process)",0.197654941373534,0.370768175832711,0.426117551776791,1.23660963242767,825,16,"AT4G22910;AT1G50490;AT3G05870;AT1G78770;AT3G16320;AT2G20000;AT2G18290;AT4G33270;AT4G21530;AT1G06590","OSD-193",-0.24,"root","unknown",FALSE
"GO:0031146 (SCF-dependent proteasomal ubiquitin-dependent protein catabolic process)",0.84247341913822,0.917432626255928,0.201495615117024,0.80499377044357,3010,57,"AT5G25350;AT1G20140;AT2G45950;AT3G54650;AT2G06040;AT5G42190;AT2G17020;AT1G80630;AT1G80570;AT3G62980;AT4G03190;AT3G61415","OSD-193",-0.24,"root","unknown",FALSE
"GO:0031347 (regulation of defense response)",0.441744448020599,0.633581825682126,-0.292952627499978,-1.00834220833613,2744,45,"AT5G24660;AT3G27960;AT1G48500;AT5G20900;AT2G18790;AT4G18760;AT2G25000;AT1G72300;AT2G02220;AT4G08480;AT3G07780;AT4G02590;AT3G47620;AT5G11270","OSD-193",-0.24,"root","unknown",FALSE
"GO:0031348 (negative regulation of defense response)",0.66884203480589,0.810838260449204,-0.280914087121365,-0.859604824344392,3996,26,"AT2G46370;AT5G48380;AT4G39030;AT3G52430;AT1G11310;AT3G09840;AT3G09260","OSD-193",-0.24,"root","unknown",FALSE
"GO:0031425 (chloroplast RNA processing)",0.208677198773874,0.384041471237461,0.431224544049405,1.2264552864602,884,15,"AT5G53080;AT3G16840;AT2G02980;AT3G18110;AT3G18680;AT3G63370;AT3G52380","OSD-193",-0.24,"root","unknown",FALSE
"GO:0031507 (heterochromatin formation)",0.000256805341551104,0.00495057527143089,0.571227787957163,2.06192719492941,0,36,"AT3G20670;AT5G04290;AT5G27670;AT2G27470;AT3G06010;AT2G02090;AT2G38810;AT1G65470;AT5G59870;AT1G54690;AT4G27230;AT5G66750;AT5G19310;AT3G06400;AT5G18620;AT1G09060;AT1G52740;AT2G28290;AT2G46020","OSD-193",-0.24,"root","unknown",FALSE
"GO:0031647 (regulation of protein stability)",0.796026716903579,0.893563846701059,-0.26408086068356,-0.756481092914107,4647,20,"AT2G27370","OSD-193",-0.24,"root","unknown",FALSE
"GO:0032259 (methylation)",0.781972265023112,0.883151670848654,0.225041270614592,0.812318177869338,3044,36,"AT1G15125;AT1G80860;AT5G13830;AT5G37990;AT4G25730;AT1G21130;AT3G25470;AT1G69526;AT3G23470;AT1G45110;AT1G19340;AT1G02100;AT5G38100;AT1G77530;AT5G10910;AT4G09980;AT1G77520;AT4G35987","OSD-193",-0.24,"root","unknown",FALSE
"GO:0032502 (developmental process)",0.205072463768116,0.379694773825209,0.378236997476616,1.20551074189085,848,22,"AT2G42870;AT5G22370;AT1G26910;AT1G66580;AT2G30280;AT3G53900","OSD-193",-0.24,"root","unknown",FALSE
"GO:0032508 (DNA duplex unwinding)",0.0825277057297807,0.21457203489743,0.503140780098243,1.4309938478699,349,15,"AT2G21660;AT2G31970;AT1G31360;AT4G25120;AT5G27680;AT4G38680;AT3G02680;AT1G79950","OSD-193",-0.24,"root","unknown",FALSE
"GO:0032543 (mitochondrial translation)",0.0373276271992392,0.124629400102378,0.513376699735901,1.54356018039433,156,18,"AT4G19540;AT4G32915;AT2G44065;AT2G07715;AT3G59650;AT1G07830;AT4G02790;AT3G15590;AT3G18240;AT1G47278;AT2G41670;AT4G10650;AT4G21460;AT4G39880;AT5G49030;AT3G02760","OSD-193",-0.24,"root","unknown",FALSE
"GO:0032544 (plastid translation)",0.854830917874396,0.926066827697262,0.230095178537567,0.733355571334552,3538,22,"AT2G17240;AT2G21290;AT3G24506;AT3G62910;AT4G37920","OSD-193",-0.24,"root","unknown",FALSE
"GO:0032875 (regulation of DNA endoreduplication)",0.329321136254213,0.515936446798267,0.345714066396863,1.08856747761319,1367,21,"AT1G10690;AT1G69380;AT5G02220;AT5G02420;AT3G20898;AT1G08180;AT5G40460;AT1G78770","OSD-193",-0.24,"root","unknown",FALSE
"GO:0032968 (positive regulation of transcription elongation by RNA polymerase II)",0.983010289542953,0.995884061045338,0.181513214378035,0.526758375422106,4107,16,"AT5G61150","OSD-193",-0.24,"root","unknown",FALSE
"GO:0032981 (mitochondrial respiratory chain complex I assembly)",0.529032258064516,0.71508331095259,0.289368248288945,0.952304393088117,2131,25,"AT4G19540;AT4G26965;AT5G60870;AT3G60150;AT4G31010;AT1G72420;AT1G22800;AT1G17350;AT1G62730","OSD-193",-0.24,"root","unknown",FALSE
"GO:0034063 (stress granule assembly)",0.95479641131815,0.983914766553171,-0.207639576533551,-0.580096955624552,5533,18,"AT4G00660;AT2G45810;AT1G26110;AT1G54170;AT3G14100","OSD-193",-0.24,"root","unknown",FALSE
"GO:0034599 (cellular response to oxidative stress)",0.192468619246862,0.366527603976981,-0.350374250413353,-1.20598729023499,1195,45,"AT4G04840;AT5G64940;AT1G66330;AT1G07890;AT4G25130;AT3G26060;AT4G35970;AT4G08390;AT4G28730","OSD-193",-0.24,"root","unknown",FALSE
"GO:0034605 (cellular response to heat)",0.0411490683229814,0.129001019012256,-0.393181135290166,-1.42719356631552,264,59,"AT4G14690;AT3G22840;AT3G24520;AT3G22830","OSD-193",-0.24,"root","unknown",FALSE
"GO:0034976 (response to endoplasmic reticulum stress)",0.247509960159363,0.423509767799739,-0.362969915452868,-1.16322343545536,1490,32,"AT3G27090;AT2G47470;AT2G33120;AT1G60995;AT1G04750;AT1G77510;AT5G42050;AT1G56340;AT3G16110;AT2G32920;AT5G01660;AT1G01230;AT3G24090;AT5G42000;AT3G10800","OSD-193",-0.24,"root","unknown",FALSE
"GO:0035196 (miRNA processing)",0.0693945920076573,0.190991422147201,0.503128091942733,1.46009720145779,289,16,"AT4G21710;AT3G20550;AT1G09700;AT1G24706;AT4G24500;AT2G21150","OSD-193",-0.24,"root","unknown",FALSE
"GO:0035556 (intracellular signal transduction)",0.0299392741138257,0.106354049322951,-0.33953960477962,-1.39514119860051,211,123,"AT1G74740;AT1G18150;AT3G14720;AT3G57530;AT5G45430;AT2G41140;AT3G08510;AT2G18170;AT3G50530;AT1G03920;AT1G12580;AT4G35310;AT4G19110;AT5G04870;AT3G45240;AT5G58700;AT5G41990;AT5G18940;AT4G11330;AT3G51850;AT3G15410;AT1G73670;AT1G08650;AT2G46700;AT2G20900;AT4G33080;AT4G14350;AT3G22190;AT3G21630;AT3G47220;AT1G18890;AT5G47540;AT4G13020","OSD-193",-0.24,"root","unknown",FALSE
"GO:0035999 (tetrahydrofolate interconversion)",0.04200659607707,0.130284417274567,-0.578228578619331,-1.53646300746889,241,15,"AT4G37930;AT1G36370;AT5G26780;AT2G20830;AT4G13930;AT2G44160","OSD-193",-0.24,"root","unknown",FALSE
"GO:0036297 (interstrand cross-link repair)",0.961234745154343,0.983914766553171,0.201024902555941,0.583382049910788,4016,16,"AT5G65740;AT5G50930;AT1G35530;AT1G03750;AT4G14970;AT1G79950","OSD-193",-0.24,"root","unknown",FALSE
"GO:0036503 (ERAD pathway)",0.882025598219254,0.940519442429257,0.198073124286163,0.775999449187424,3169,53,"AT4G28270;AT4G03510;AT1G71220;AT5G35080;AT1G67250;AT1G08450;AT5G43710","OSD-193",-0.24,"root","unknown",FALSE
"GO:0040008 (regulation of growth)",0.0289855072463768,0.104177323103154,-0.565331966308331,-1.57940676843807,167,18,"AT1G72490;AT1G74450;AT1G17400;AT1G16060","OSD-193",-0.24,"root","unknown",FALSE
"GO:0040029 (epigenetic regulation of gene expression)",0.00087463556851312,0.0102900641655392,0.429514120535384,1.78222767845177,2,68,"AT3G18520;AT3G20810;AT3G21820;AT4G21430;AT5G04560;AT1G05970;AT3G11100;AT4G28190;AT3G09670;AT1G05830;AT2G31650;AT5G06550;AT5G40340;AT5G22010;AT5G27650;AT5G63080;AT4G38495;AT2G27350;AT1G09060;AT1G79350;AT2G28290;AT2G46020;AT3G48430;AT3G24440;AT5G04240;AT5G03280;AT5G14620;AT3G07610;AT5G61060","OSD-193",-0.24,"root","unknown",FALSE
"GO:0042023 (DNA endoreduplication)",0.257823784304285,0.430309339296501,0.366376336339863,1.15362781868648,1070,21,"AT5G24630;AT3G20780;AT2G29680;AT4G22910;AT1G15570","OSD-193",-0.24,"root","unknown",FALSE
"GO:0042026 (protein refolding)",0.628025477707006,0.789554664360043,0.253108416616602,0.901022131642257,2464,34,"AT3G23990;AT5G18140;AT5G48030;AT3G13470;AT3G13860;AT1G55490;AT5G18820","OSD-193",-0.24,"root","unknown",FALSE
"GO:0042127 (regulation of cell population proliferation)",0.0399614829080404,0.129001019012256,0.485276093405522,1.52801353572353,165,21,"AT3G59900;AT5G67260;AT1G17235;AT1G63980;AT1G68310;AT5G13060;AT1G22270","OSD-193",-0.24,"root","unknown",FALSE
"GO:0042147 (retrograde transport, endosome to Golgi)",0.424104891578417,0.621410284782764,0.29051311792669,1.01055500724568,1681,31,"AT3G61480;AT1G48550;AT5G01430;AT3G03180;AT4G02030;AT5G05710","OSD-193",-0.24,"root","unknown",FALSE
"GO:0042254 (ribosome biogenesis)",0.00378405650857719,0.0256895391860074,0.515263672556865,1.77306561825951,14,30,"AT2G40430;AT5G21160;AT2G19540;AT3G28900;AT4G12600;AT3G09200;AT1G69620;AT2G47610;AT1G18080;AT3G62870;AT1G26880;AT4G30150;AT1G43860;AT3G11250;AT1G48920;AT2G40700;AT1G08410;AT2G48120","OSD-193",-0.24,"root","unknown",FALSE
"GO:0042273 (ribosomal large subunit biogenesis)",0.000248138957816377,0.00495057527143089,0.65672463251174,2.16126598646588,0,25,"AT2G37990;AT1G02870;AT2G18220;AT5G05210;AT2G44860;AT3G55750;AT3G49910;AT5G67510;AT1G41880;AT1G10300;AT4G15770;AT4G27090;AT2G20450;AT1G07070;AT1G29320;AT3G56690;AT1G13160;AT1G50920;AT1G25260","OSD-193",-0.24,"root","unknown",FALSE
"GO:0042538 (hyperosmotic salinity response)",0.112890563667766,0.268109965635739,-0.363338998716496,-1.29226458043708,718,52,"AT1G05260;AT5G58070;AT5G52310;AT2G37570;AT4G24960;AT5G26751;AT5G67450;AT5G59820;AT5G43170;AT4G32410;AT5G49480;AT4G30960;AT2G01570;AT5G49720;AT3G05880;AT5G44650;AT3G51960;AT3G14440","OSD-193",-0.24,"root","unknown",FALSE
"GO:0042542 (response to hydrogen peroxide)",0.362618914381645,0.551144668376083,0.261392950484342,1.05021570120244,1295,58,"AT5G63160;AT3G48360;AT3G29035;AT4G37610;AT3G10930;AT4G14030;AT5G39610;AT1G52760","OSD-193",-0.24,"root","unknown",FALSE
"GO:0042545 (cell wall modification)",0.000483714930667527,0.00642609985170539,-0.566321536061154,-1.93989436304034,2,44,"AT2G36100;AT2G27370;AT3G11550;AT5G09760;AT1G14160;AT5G06200;AT2G18800;AT5G19730;AT2G19150;AT1G25570;AT3G49220;AT1G53830;AT1G11580;AT3G05620;AT5G55590;AT5G15290;AT3G50410;AT3G14310","OSD-193",-0.24,"root","unknown",FALSE
"GO:0042546 (cell wall biogenesis)",0.0411367561626629,0.129001019012256,-0.408583926659014,-1.45318432214134,261,52,"AT2G36870;AT2G15370;AT1G64440;AT2G18800;AT5G44670;AT1G01200;AT3G44990;AT4G39990;AT1G14720;AT1G14080;AT1G11545;AT2G33570;AT5G48070;AT5G65270;AT4G14130;AT4G25810;AT4G20170;AT5G61840;AT4G00740;AT4G18800;AT2G06850;AT1G02730","OSD-193",-0.24,"root","unknown",FALSE
"GO:0042594 (response to starvation)",0.752361325777091,0.868265823450279,-0.290675226912142,-0.786794690120889,4380,16,"AT2G44670;AT4G17670;AT5G47060;AT1G54710;AT3G22550;AT1G03380;AT2G26890","OSD-193",-0.24,"root","unknown",FALSE
"GO:0042631 (cellular response to water deprivation)",0.19782393669634,0.370768175832711,-0.375415960503711,-1.21335966388252,1199,33,"AT2G15970;AT2G05100;AT1G78380;AT2G05070;AT1G79410;AT1G18390;AT4G29920;AT5G12140;AT3G03740;AT5G19000","OSD-193",-0.24,"root","unknown",FALSE
"GO:0042742 (defense response to bacterium)",0.0389187836315855,0.12716244277486,-0.280365728302277,-1.27507329185836,310,292,"AT5G67300;AT5G56980;AT5G24660;AT4G26850;AT3G23400;AT4G31550;AT4G14465;AT4G24670;AT5G53120;AT1G33560;AT4G35450;AT1G20850;AT3G08510;AT2G01660;AT4G39950;AT4G31500;AT2G39050;AT4G18780;AT4G25030;AT2G18790;AT5G48380;AT5G10030;AT4G39030;AT1G17750;AT1G19250;AT2G32800;AT5G13160;AT5G42810;AT5G49520;AT3G49120;AT3G52430;AT5G01550;AT3G20600;AT5G44070;AT4G33950;AT2G25000;AT1G48480;AT2G37710;AT3G47520;AT3G59730;AT3G45440;AT5G45410;AT2G22330;AT1G02120;AT1G53940;AT2G05940;AT5G60300;AT2G22240;AT4G39090;AT2G13810;AT3G45390;AT1G70690;AT5G04720;AT4G38130;AT3G05200;AT1G18670;AT3G09830;AT3G17210;AT3G53810;AT3G14310;AT4G02410;AT3G54640;AT1G16540;AT3G21630;AT5G58430;AT4G04960;AT1G24100;AT2G27080;AT2G37630;AT5G44568;AT4G33300;AT5G11270;AT3G18165;AT1G02860;AT3G46510;AT2G28830;AT1G32230;AT4G33430;AT2G19990;AT1G01230;AT4G23100;AT4G35230;AT2G43120;AT2G38470;AT1G19180;AT2G42010;AT1G31280;AT1G22882;AT5G44510;AT5G59890;AT5G67330;AT1G66700;AT5G09230;AT1G28520;AT5G44030;AT2G20310","OSD-193",-0.24,"root","unknown",FALSE
"GO:0042744 (hydrogen peroxide catabolic process)",0.161814488828707,0.340926388532206,-0.429629707753966,-1.28048855183537,955,23,"AT3G52880;AT1G07890;AT4G35090;AT3G27820;AT4G35970;AT4G08390;AT2G35380;AT4G33420;AT3G06050;AT2G41680","OSD-193",-0.24,"root","unknown",FALSE
"GO:0042752 (regulation of circadian rhythm)",0.113662456946039,0.268109965635739,-0.403786982703159,-1.32160283386086,692,35,"AT1G01060;AT5G23280;AT1G22770;AT5G63980;AT3G09600;AT3G22380;AT2G21320;AT4G38960;AT5G08330","OSD-193",-0.24,"root","unknown",TRUE
"GO:0042761 (very long-chain fatty acid biosynthetic process)",0.00423155044008125,0.0272155507251541,-0.599914739309136,-1.78801405465788,24,23,"AT5G23190;AT1G67730;AT1G01120;AT5G10480;AT2G31360;AT3G54010;AT1G06120;AT3G55360;AT4G36830;AT3G25540;AT3G23840;AT3G06470;AT1G75000","OSD-193",-0.24,"root","unknown",FALSE
"GO:0043067 (regulation of programmed cell death)",0.40805185943364,0.608096795399888,-0.352934546016438,-1.03732029305028,2391,22,"AT4G37000;AT4G14940;AT3G27090;AT3G23280;AT5G04870","OSD-193",-0.24,"root","unknown",FALSE
"GO:0043068 (positive regulation of programmed cell death)",0.540320650873415,0.718044155314938,0.3239656963458,0.940160993150564,2257,16,"AT3G24100;AT5G39610;AT3G11440","OSD-193",-0.24,"root","unknown",FALSE
"GO:0043069 (negative regulation of programmed cell death)",0.0961262553802009,0.236827185634285,0.448449996505529,1.37084650218052,401,19,"AT4G19700;AT2G35520;AT4G25110;AT4G20380;AT2G34770;AT3G23450","OSD-193",-0.24,"root","unknown",FALSE
"GO:0043086 (negative regulation of catalytic activity)",0.0761168384879725,0.202206036157179,-0.507772381471231,-1.43577945787322,442,19,"AT3G17130;AT5G64620;AT3G02730;AT3G49330;AT5G62350;AT4G25250","OSD-193",-0.24,"root","unknown",FALSE
"GO:0043161 (proteasome-mediated ubiquitin-dependent protein catabolic process)",0.999673842139596,0.999673842139596,0.135452429354799,0.607343014952915,3064,105,"AT4G19700;AT2G05840;AT1G23390;AT3G27640;AT3G22630;AT1G14570;AT4G02970;AT3G54130;AT2G22690;AT1G09060;AT3G07370;AT3G12920;AT3G05530;AT1G13060;AT3G14290;AT1G12440;AT5G35590;AT3G21280;AT1G51350;AT4G09300;AT2G37680;AT4G14800;AT5G66140;AT3G26750;AT5G02880;AT4G24820;AT1G77440;AT4G08455;AT2G20650;AT3G63000;AT1G79210;AT5G42790;AT5G45100;AT1G09100","OSD-193",-0.24,"root","unknown",FALSE
"GO:0043622 (cortical microtubule organization)",0.16343882853094,0.342541887686737,-0.347313061878211,-1.22951765074841,1037,51,"AT5G01840;AT3G44200;AT4G23496;AT3G23090;AT5G23720;AT2G40070;AT5G08390;AT4G20260;AT3G20860;AT3G08670;AT3G09000;AT5G49720","OSD-193",-0.24,"root","unknown",FALSE
"GO:0044772 (mitotic cell cycle phase transition)",0.0845238095238095,0.216991796718688,0.480225775972933,1.41942568280895,354,17,"AT1G47210;AT5G43080;AT1G20610;AT1G15570;AT1G77390;AT1G47230;AT1G80370;AT2G17620","OSD-193",-0.24,"root","unknown",FALSE
"GO:0045010 (actin nucleation)",0.689072733540159,0.824701529854828,-0.303071369731234,-0.833711911571062,3997,17,"AT5G67470;AT2G22640;AT2G46225;AT1G70140;AT1G24150;AT2G35110;AT5G07780;AT5G18410;AT5G54650;AT2G43800","OSD-193",-0.24,"root","unknown",FALSE
"GO:0045036 (protein targeting to chloroplast)",0.120948481746844,0.275539555055208,-0.455031898669246,-1.33739762174719,708,22,"AT5G57180;AT4G35450;AT2G24820","OSD-193",-0.24,"root","unknown",FALSE
"GO:0045037 (protein import into chloroplast stroma)",0.956053207610709,0.983914766553171,-0.198065738511667,-0.610602265237639,5677,27,"AT2G20890;AT2G24020;AT2G03450;AT3G47520;AT1G16540;AT2G26140","OSD-193",-0.24,"root","unknown",FALSE
"GO:0045087 (innate immune response)",0.899813316739266,0.949543931826755,-0.202373577370967,-0.732885942987697,5783,58,"AT1G09970;AT4G29040;AT4G39030;AT5G13160;AT5G37770;AT1G27130;AT1G62045;AT5G50250;AT2G02220;AT3G21630;AT2G22000;AT5G09978;AT2G33580;AT2G23770;AT1G61360;AT1G08030;AT5G64890;AT5G64905;AT2G35110;AT3G16030;AT5G64900;AT5G18610","OSD-193",-0.24,"root","unknown",FALSE
"GO:0045088 (regulation of innate immune response)",0.292641858898805,0.468073758605156,-0.364704913805513,-1.12432189527734,1737,27,"AT3G28450;AT5G45800;AT2G24230;AT5G58150;AT1G44830","OSD-193",-0.24,"root","unknown",FALSE
"GO:0045168 (cell-cell signaling involved in cell fate commitment)",0.234902763561924,0.412429852115907,-0.407051012174106,-1.19637558862031,1376,22,"AT1G68795;AT2G31083;AT1G73965;AT1G63245;AT1G70895;AT1G73165;AT3G24770;AT1G69970;AT2G34925;AT1G05065","OSD-193",-0.24,"root","unknown",FALSE
"GO:0045292 (mRNA cis splicing, via spliceosome)",0.000478583393156257,0.00642609985170539,0.716163834856659,2.078335175088,1,16,"AT1G23860;AT5G44200;AT1G14650;AT5G16780;AT1G30480;AT1G03910;AT3G13200;AT1G13350;AT1G44910;AT5G62290;AT4G31580","OSD-193",-0.24,"root","unknown",FALSE
"GO:0045324 (late endosome to vacuole transport)",0.020446735395189,0.0827348034864932,-0.572319957936784,-1.61829447390505,118,19,"AT3G18820;AT5G46860;AT3G61710;AT1G73030;AT2G28390;AT5G07120;AT1G17730;AT5G22950;AT2G06530;AT2G26890","OSD-193",-0.24,"root","unknown",FALSE
"GO:0045454 (cell redox homeostasis)",0.267061550347669,0.438641417372113,0.308559501617177,1.12108230663961,1036,37,"AT5G61440;AT5G15230;AT1G60740;AT1G65980;AT3G04340;AT4G36910;AT5G06430;AT5G42850;AT1G65970;AT2G15570;AT5G58640;AT5G10860","OSD-193",-0.24,"root","unknown",FALSE
"GO:0045489 (pectin biosynthetic process)",0.0207339147605727,0.0827815974874798,-0.484462798465701,-1.57463012290435,125,34,"AT3G50760;AT3G62660;AT1G13250;AT1G19300;AT1G02720;AT1G24170;AT5G54690;AT1G06780;AT5G47780;AT2G33570;AT3G02250;AT3G58790;AT4G00740;AT5G01360;AT3G28340;AT3G25140;AT5G65810;AT3G49720;AT5G06700","OSD-193",-0.24,"root","unknown",FALSE
"GO:0045490 (pectin catabolic process)",0.173025170175716,0.345794114142738,-0.347011545508132,-1.22493558314381,1092,50,"AT5G09760;AT5G19730;AT2G19150;AT3G09540;AT3G49220;AT1G53830;AT1G11580;AT3G27400;AT3G05620;AT3G07010;AT5G55590;AT3G07970;AT3G14310;AT3G24670;AT4G02330;AT1G05310;AT5G53370;AT3G43270;AT1G04680","OSD-193",-0.24,"root","unknown",FALSE
"GO:0045492 (xylan biosynthetic process)",0.000166002656042497,0.00439239705544053,-0.700634346823616,-2.24534942763325,0,32,"AT5G67210;AT2G28760;AT5G59290;AT4G33330;AT3G55990;AT2G34410;AT1G08990;AT5G64020;AT3G46440;AT5G54690;AT4G36890;AT3G06550;AT3G50220;AT1G77130;AT1G27930;AT1G09610;AT5G46340;AT1G27600;AT1G68470;AT5G61840;AT5G01360;AT1G29890;AT4G09990;AT1G33800;AT2G15440;AT1G71690","OSD-193",-0.24,"root","unknown",FALSE
"GO:0045595 (regulation of cell differentiation)",0.271852996737077,0.444308952184906,-0.429080782946948,-1.16142846172995,1582,16,"AT1G73965;AT1G63245;AT1G70895;AT1G65380;AT3G24770;AT4G20270;AT1G69970;AT1G05065","OSD-193",-0.24,"root","unknown",FALSE
"GO:0045814 (negative regulation of gene expression, epigenetic)",0.0788732394366197,0.207482693887129,0.381181984529313,1.36599936539919,307,35,"AT3G18520;AT3G20810;AT5G10010;AT1G69770;AT1G63490;AT4G20400;AT2G27350;AT4G22140;AT5G44280;AT1G03770;AT2G23740;AT3G24440;AT3G19510;AT5G61060;AT2G23380;AT5G11530;AT1G08620;AT3G45880","OSD-193",-0.24,"root","unknown",FALSE
"GO:0045892 (negative regulation of DNA-templated transcription)",0.0668785408318364,0.185739947492055,-0.306509234763725,-1.2900507177198,483,148,"AT4G14550;AT2G46790;AT1G13740;AT5G01840;AT4G38620;AT4G27310;AT4G28110;AT5G62430;AT2G46830;AT5G24470;AT4G36990;AT1G62300;AT5G63980;AT5G13180;AT5G04590;AT2G18790;AT1G69260;AT1G62990;AT5G67450;AT2G22540;AT5G06270;AT3G26744;AT4G38960;AT2G18500;AT5G43170;AT1G68840;AT2G32700;AT5G19650;AT5G62000;AT1G04550;AT4G38130;AT3G29575;AT3G02140","OSD-193",-0.24,"root","unknown",FALSE
"GO:0045893 (positive regulation of DNA-templated transcription)",0.168068314141545,0.345794114142738,-0.259519036457047,-1.15226181310096,1298,233,"AT2G47460;AT3G56290;AT5G24120;AT5G08050;AT4G34000;AT5G24660;AT2G30040;AT3G49760;AT2G46830;AT4G17785;AT3G58190;AT3G24500;AT2G16365;AT5G47230;AT5G05410;AT3G55990;AT4G22680;AT3G04120;AT1G45249;AT5G11590;AT5G04840;AT2G40340;AT1G13440;AT4G34680;AT3G19290;AT1G33280;AT5G49520;AT5G04410;AT3G26744;AT1G44830;AT1G26960;AT4G27410;AT1G21910;AT5G65310;AT5G12870;AT4G36740;AT4G27430;AT2G01570;AT3G55370;AT2G32700;AT3G01470;AT4G25560;AT3G50410;AT5G62940;AT3G05700;AT4G01540;AT1G29860;AT1G71930","OSD-193",-0.24,"root","unknown",FALSE
"GO:0045944 (positive regulation of transcription by RNA polymerase II)",0.0145013317549571,0.0686846023432464,0.351094651495483,1.48426513692218,48,75,"AT3G05860;AT1G26660;AT1G26665;AT5G28640;AT3G57230;AT4G25520;AT5G20240;AT4G19560;AT3G06010;AT1G71692;AT2G02090;AT5G45190;AT4G19600;AT3G53680;AT1G14920;AT5G66750;AT5G12230;AT2G27980;AT5G19310;AT5G65070;AT3G06400;AT5G19480;AT5G18620;AT1G04020;AT1G18750;AT2G28290;AT2G46020;AT2G36720;AT5G13790;AT5G59830;AT3G04740;AT1G60700;AT5G65050;AT4G21070;AT1G25540;AT4G04920;AT4G11880","OSD-193",-0.24,"root","unknown",FALSE
"GO:0046685 (response to arsenic-containing substance)",0.693232728130158,0.824701529854828,0.293994218015134,0.836155473636686,2939,15,"AT5G52640;AT4G19030;AT5G03455","OSD-193",-0.24,"root","unknown",FALSE
"GO:0046686 (response to cadmium ion)",0.173974540311174,0.345794114142738,0.292392890330075,1.18235704908929,614,60,"AT2G24550;AT3G01970;AT4G31510;AT5G24890;AT1G68560;AT5G56550;AT4G14030;AT5G12170;AT1G52760;AT4G02520;AT3G09200","OSD-193",-0.24,"root","unknown",FALSE
"GO:0046777 (protein autophosphorylation)",0.000144383482529599,0.00439239705544053,-0.464385858876443,-1.85694986501185,0,103,"AT2G30040;AT5G65530;AT4G13000;AT5G45800;AT2G41140;AT2G40120;AT1G09970;AT5G54380;AT4G03260;AT2G39660;AT4G24400;AT2G46500;AT1G12580;AT1G05100;AT5G13160;AT5G04870;AT3G51550;AT3G45240;AT4G33950;AT5G41990;AT1G16670;AT5G35980;AT3G51850;AT3G61160;AT2G03890;AT5G38210;AT4G26890;AT4G02630;AT2G46700;AT1G08680;AT5G49760;AT3G21630;AT1G18890;AT1G09000;AT1G09020;AT1G71830;AT4G18710;AT4G00720;AT1G11440;AT4G28540;AT4G24740","OSD-193",-0.24,"root","unknown",FALSE
"GO:0046854 (phosphatidylinositol phosphate biosynthetic process)",0.2316615489594,0.410973663371465,-0.407789834336682,-1.19854708254417,1357,22,"AT5G64090;AT2G46500;AT1G31190;AT2G03890;AT5G54390;AT1G77740;AT3G14270;AT1G21980;AT1G10900","OSD-193",-0.24,"root","unknown",FALSE
"GO:0046856 (phosphatidylinositol dephosphorylation)",0.0892074198988196,0.224303430280571,-0.462628280542509,-1.38896500244977,528,24,"AT1G71710;AT5G04980;AT4G18010;AT2G43900;AT2G37440;AT5G20840;AT5G65090;AT3G51460;AT1G17340;AT3G14205","OSD-193",-0.24,"root","unknown",FALSE
"GO:0048229 (gametophyte development)",0.67318718381113,0.814338194117779,-0.284792709512576,-0.855043072598033,3991,24,"AT1G70730;AT3G49670;AT1G23190;AT5G65700;AT5G45550","OSD-193",-0.24,"root","unknown",FALSE
"GO:0048278 (vesicle docking)",0.965873836608066,0.985959540378168,-0.203789649267461,-0.560600158965333,5603,17,"AT5G46860;AT3G24350;AT1G79590","OSD-193",-0.24,"root","unknown",FALSE
"GO:0048316 (seed development)",0.495488487865588,0.683393828636285,-0.270624108007662,-0.977904229524257,3184,57,"AT2G40900;AT5G24380;AT4G36920;AT3G04120;AT3G07020;AT5G62530;AT4G35420;AT4G01430;AT1G53580;AT4G34160","OSD-193",-0.24,"root","unknown",FALSE
"GO:0048354 (mucilage biosynthetic process involved in seed coat development)",0.00689417442261289,0.0416648908512833,-0.632555482192167,-1.74008201665786,39,17,"AT5G54160;AT5G09870;AT1G02720;AT2G35620;AT4G36890;AT3G46550;AT3G10380;AT3G10320","OSD-193",-0.24,"root","unknown",FALSE
"GO:0048364 (root development)",0.163702506063056,0.342541887686737,0.230511968058959,1.1291297212163,404,191,"AT5G60200;AT5G66700;AT5G24630;AT1G23080;AT5G11340;AT4G35200;AT5G20520;AT2G17080;AT3G51410;AT2G02080;AT1G18640;AT5G57280;AT2G22840;AT5G17400;AT3G44750;AT5G59030;AT3G14370;AT1G51190;AT3G12070;AT3G17600;AT3G16640;AT2G18840;AT5G49665;AT3G16785;AT4G37740;AT3G60870;AT5G16780;AT4G23750;AT4G35210;AT1G19850;AT1G70560;AT2G36400;AT3G05630;AT2G17070;AT4G30340;AT1G64460;AT2G25180;AT1G71692;AT1G06230;AT4G15900;AT5G22650;AT5G05980;AT1G31930;AT3G20840;AT2G46990;AT3G23940;AT3G54720;AT5G12210","OSD-193",-0.24,"root","unknown",FALSE
"GO:0048366 (leaf development)",0.394141145139814,0.592942644037534,0.225920464215988,1.02636320880429,1183,114,"AT1G13260;AT2G37860;AT5G47390;AT3G11450;AT5G28640;AT2G22840;AT3G52910;AT3G21640;AT4G37740;AT5G16780;AT4G07410;AT1G70560;AT2G36400;AT4G30340;AT4G02440;AT2G45480;AT4G15900;AT5G45190;AT1G65470;AT4G19600;AT2G24060;AT1G01160;AT3G49500;AT2G36120;AT4G28840;AT5G16310","OSD-193",-0.24,"root","unknown",FALSE
"GO:0048367 (shoot system development)",0.0666666666666667,0.185739947492055,0.320582237276757,1.31755636852655,226,66,"AT3G14362;AT4G13395;AT5G24630;AT1G13245;AT4G35200;AT2G29125;AT2G17080;AT3G51410;AT2G39705;AT5G17400;AT3G17600;AT5G16780;AT4G35210;AT1G70560;AT2G17070;AT2G25180","OSD-193",-0.24,"root","unknown",FALSE
"GO:0048443 (stamen development)",0.802169299693469,0.894389492906404,0.266625726201464,0.758316139279428,3401,15,"AT2G06050;AT1G79280;AT3G62980;AT4G03190;AT4G38680;AT3G28860","OSD-193",-0.24,"root","unknown",FALSE
"GO:0048467 (gynoecium development)",0.282142857142857,0.457266009852217,0.383166610869416,1.13254338995241,1184,17,"AT4G25520;AT1G79200;AT4G17460;AT1G70560;AT1G17580;AT3G49500","OSD-193",-0.24,"root","unknown",FALSE
"GO:0048481 (plant ovule development)",0.832412523020258,0.916449406486997,0.212939201125646,0.791989986180931,3163,41,"AT5G42630;AT4G25520;AT1G68990;AT1G25350;AT1G17560;AT3G55200;AT5G16560;AT3G13898;AT2G30370","OSD-193",-0.24,"root","unknown",FALSE
"GO:0048510 (regulation of timing of transition from vegetative to reproductive phase)",0.476880039493171,0.665236767420839,-0.302992514170283,-0.984804491362464,2897,34,"AT5G62430;AT1G35560","OSD-193",-0.24,"root","unknown",FALSE
"GO:0048527 (lateral root development)",0.136315789473684,0.301683476621137,0.329216914165209,1.24508832579676,517,44,"AT1G13260;AT5G47390;AT5G57280;AT5G13080;AT3G50060;AT1G21210;AT5G39610;AT1G56010;AT3G16640;AT1G64670;AT3G63420","OSD-193",-0.24,"root","unknown",FALSE
"GO:0048544 (recognition of pollen)",0.973764387271496,0.989117542996887,-0.19005789548315,-0.56645747479703,5752,23,"AT2G19130;AT4G21390;AT5G03700;AT1G11300;AT4G00340;AT1G61360;AT1G11330;AT2G41890","OSD-193",-0.24,"root","unknown",FALSE
"GO:0048564 (photosystem I assembly)",0.245341614906832,0.422264018895985,-0.425651543402739,-1.18917197100392,1421,18,"AT5G42270;AT2G30950;AT3G55250;AT4G15510;AT1G22700;AT5G44660;AT5G44650","OSD-193",-0.24,"root","unknown",FALSE
"GO:0048573 (photoperiodism, flowering)",0.0830803642754434,0.215093654967355,-0.390155700285888,-1.35191166308377,519,46,"AT1G06040;AT2G40080;AT1G12110;AT5G63980;AT3G09600;AT2G44680;AT1G51140;AT1G03457;AT1G18390;AT5G41990;AT3G44110;AT1G77080;AT2G17265;AT2G29950;AT3G10480;AT3G51630","OSD-193",-0.24,"root","unknown",FALSE
"GO:0048574 (long-day photoperiodism, flowering)",0.0631469979296066,0.177800994170459,-0.524344480239869,-1.4648972116187,365,18,"AT1G01060;AT2G46830;AT1G78580;AT1G22610;AT5G37770;AT5G06850","OSD-193",-0.24,"root","unknown",FALSE
"GO:0048653 (anther development)",0.546922300706357,0.721748435705366,0.273858954844174,0.942371688415702,2167,30,"AT5G14070;AT5G45780;AT3G11440","OSD-193",-0.24,"root","unknown",FALSE
"GO:0048765 (root hair cell differentiation)",0.386769759450172,0.584941393623899,-0.374940308912127,-1.0601828951486,2250,19,"AT4G18640;AT2G38120;AT4G26690;AT5G65090;AT5G49270;AT4G18710;AT2G03720;AT4G30980;AT4G01060","OSD-193",-0.24,"root","unknown",FALSE
"GO:0048766 (root hair initiation)",0.840234644582471,0.916756013999803,-0.256872655751205,-0.717642792728344,4869,18,"AT5G55910;AT1G75840;AT5G65090;AT1G70940;AT1G10480;AT4G33880;AT1G20090","OSD-193",-0.24,"root","unknown",FALSE
"GO:0048767 (root hair elongation)",0.124318429661941,0.281328001938689,-0.356591956929549,-1.27777644861884,797,54,"AT3G56930;AT5G09810;AT2G26650;AT1G74380;AT1G75840;AT2G45890;AT5G51310;AT1G24620;AT1G70940;AT4G38630;AT4G05530;AT3G20630;AT5G56540;AT1G77110;AT3G06810;AT2G37620;AT4G30980;AT1G10480;AT5G63220;AT1G20090;AT1G12560;AT3G18780;AT1G47240;AT5G60660;AT2G47000;AT5G58650;AT4G34580","OSD-193",-0.24,"root","unknown",FALSE
"GO:0048768 (root hair cell tip growth)",0.879891705636229,0.940444620204088,0.217100841970107,0.730269586303136,3574,27,"AT3G16640;AT5G49680;AT1G48550;AT2G34180","OSD-193",-0.24,"root","unknown",FALSE
"GO:0048825 (cotyledon development)",0.768555334658714,0.879376984038342,-0.251320513821247,-0.801659070398486,4638,31,"AT4G24670;AT2G46310;AT3G15030;AT3G61630;AT4G19960;AT5G53290;AT1G79440","OSD-193",-0.24,"root","unknown",FALSE
"GO:0048829 (root cap development)",0.260024301336574,0.430309339296501,-0.443306496523275,-1.17794944432703,1497,15,"AT1G77690;AT2G38120;AT4G29040;AT1G33280","OSD-193",-0.24,"root","unknown",FALSE
"GO:0048868 (pollen tube development)",0.961370074684522,0.983914766553171,0.179846759842406,0.653433192979205,3732,37,"AT1G79500;AT4G07960;AT3G05000;AT5G05690;AT1G16570;AT5G04480;AT3G06430;AT3G03690;AT3G28180;AT1G16340;AT4G05450","OSD-193",-0.24,"root","unknown",FALSE
"GO:0050821 (protein stabilization)",0.264530551415797,0.435655436428712,0.34189862307039,1.1375291971178,1064,26,"AT5G52640;AT3G07770;AT5G17710;AT1G64460;AT2G04030;AT5G27280;AT5G51700;AT3G06610;AT3G54826;AT5G56000;AT1G68730;AT2G28000;AT5G61670","OSD-193",-0.24,"root","unknown",FALSE
"GO:0050826 (response to freezing)",0.0236125473974492,0.0913118130369711,-0.586643279293245,-1.61378321622269,136,17,"AT5G58070;AT5G63980;AT3G55990;AT3G06510;AT3G26744;AT1G16670;AT5G65430","OSD-193",-0.24,"root","unknown",FALSE
"GO:0050829 (defense response to Gram-negative bacterium)",0.181786941580756,0.354862048900453,-0.444936943993061,-1.25810569370307,1057,19,"AT4G30440;AT3G23820;AT2G20890;AT3G52430","OSD-193",-0.24,"root","unknown",FALSE
"GO:0050832 (defense response to fungus)",0.0164216660045027,0.0745126319924484,-0.317324016206596,-1.38533630056824,123,200,"AT5G67300;AT1G20440;AT3G22600;AT5G52020;AT5G65530;AT4G30440;AT4G30650;AT3G23820;AT4G12490;AT1G70170;AT1G33560;AT1G59970;AT4G31500;AT4G18780;AT2G38870;AT5G50260;AT4G15330;AT2G39660;AT1G19250;AT5G42810;AT3G49120;AT3G51550;AT1G27130;AT3G50970;AT3G61710;AT3G10190;AT2G25000;AT3G60190;AT3G12500;AT2G46240;AT5G12870;AT4G20830;AT3G05360;AT1G49430;AT2G22240;AT5G46870;AT5G39580;AT2G20610;AT3G45390;AT3G06550;AT5G04720;AT1G01470;AT5G42650;AT3G17210;AT3G14310;AT1G71930;AT3G13437;AT5G58430;AT2G30020;AT1G47128;AT2G37630;AT5G61420;AT4G33300;AT3G25820;AT5G11270;AT4G02330;AT1G20380;AT3G18165;AT3G01210;AT4G21980;AT4G35160;AT4G33430;AT3G04220;AT4G23100;AT4G35230;AT2G40140;AT2G38470","OSD-193",-0.24,"root","unknown",FALSE
"GO:0051017 (actin filament bundle assembly)",0.204239917269907,0.379694773825209,-0.448504356193786,-1.23378009767755,1184,17,"AT1G64500;AT2G39900;AT1G20260;AT1G10200;AT4G38510;AT1G76030;AT2G41740","OSD-193",-0.24,"root","unknown",FALSE
"GO:0051026 (chiasma assembly)",0.232728130157982,0.410973663371465,0.419838392438348,1.19407168021951,986,15,"AT4G24710;AT1G53490;AT1G14750;AT3G13170;AT2G06510;AT1G03180;AT1G13330;AT1G67370;AT1G01690;AT3G27730;AT3G20475","OSD-193",-0.24,"root","unknown",FALSE
"GO:0051085 (chaperone cofactor-dependent protein refolding)",0.428947368421053,0.627002014605893,0.267505024384693,1.01169584132064,1629,44,"AT5G18140;AT5G48030;AT5G20720;AT3G13470;AT1G23100;AT3G60210;AT1G55490;AT1G14980","OSD-193",-0.24,"root","unknown",FALSE
"GO:0051211 (anisotropic cell growth)",0.532546432910953,0.715133781337565,-0.356109461176873,-0.946250382529351,3067,15,"AT2G40070;AT3G09000;AT3G50960;AT3G22190;AT1G74720;AT1G20090","OSD-193",-0.24,"root","unknown",FALSE
"GO:0051225 (spindle assembly)",0.343340060544904,0.527336417856759,0.310926859477949,1.06992546475885,1360,30,"AT3G44050;AT4G21270;AT3G43610;AT1G50710;AT2G32980;AT1G20570;AT4G25190;AT5G67270;AT3G53760;AT5G27550;AT1G49890","OSD-193",-0.24,"root","unknown",FALSE
"GO:0051301 (cell division)",0.0146564885496183,0.0688854961832061,0.338610384870356,1.45915016986653,47,84,"AT5G55920;AT5G38110;AT4G26760;AT4G17500;AT3G10220;AT4G17490;AT5G22370;AT5G28640;AT5G61600;AT3G20550;AT3G16640;AT3G15770;AT5G16750;AT4G21800;AT1G28370;AT1G75710;AT5G13680;AT1G65470;AT1G20700;AT1G57820;AT1G69390;AT2G47420;AT1G17580;AT1G80370;AT5G40770;AT3G25520;AT2G25170;AT1G66740;AT2G28350","OSD-193",-0.24,"root","unknown",FALSE
"GO:0051302 (regulation of cell division)",0.495461422087746,0.683393828636285,0.277689977951826,0.965949488559662,1964,31,"AT2G41230;AT2G40360;AT1G72440;AT3G54650;AT1G69380","OSD-193",-0.24,"root","unknown",FALSE
"GO:0051321 (meiotic cell cycle)",0.194437607679055,0.36667092065402,0.357586548481415,1.20282620029196,789,27,"AT1G53490;AT2G45280;AT3G43610;AT5G22010;AT1G35530;AT1G01370;AT1G20570;AT5G57450;AT2G06510;AT3G53760;AT5G08020","OSD-193",-0.24,"root","unknown",FALSE
"GO:0051453 (regulation of intracellular pH)",0.259316770186335,0.430309339296501,-0.421182803584279,-1.17668734544532,1502,18,"AT3G06370;AT5G27150;AT3G55480;AT4G31040","OSD-193",-0.24,"root","unknown",FALSE
"GO:0051510 (regulation of unidimensional cell growth)",0.119329722410291,0.275133812802596,-0.451028909263787,-1.34426773669434,704,23,"AT5G01840;AT3G21220;AT5G08390;AT5G54380;AT3G46290;AT3G14310","OSD-193",-0.24,"root","unknown",FALSE
"GO:0051555 (flavonol biosynthetic process)",0.000345065562456867,0.00505652382607544,-0.724206410012637,-2.02326522094518,1,18,"AT2G47460;AT5G17050;AT5G17040;AT5G54160;AT1G53500;AT4G34135;AT4G34131;AT1G78570","OSD-193",-0.24,"root","unknown",FALSE
"GO:0051592 (response to calcium ion)",0.00411029285836616,0.02671690357938,-0.630911424709731,-1.80729706371381,23,20,"AT5G10930;AT5G62070;AT3G59690;AT3G51860;AT5G37770;AT1G01340;AT4G20260;AT4G30960","OSD-193",-0.24,"root","unknown",FALSE
"GO:0051603 (proteolysis involved in protein catabolic process)",0.0206584893479664,0.0827815974874798,-0.465146962522123,-1.56658883765409,127,40,"AT1G62710;AT4G35350;AT3G45310;AT1G20850;AT2G34080;AT5G50260;AT1G02305;AT1G09850;AT4G39090","OSD-193",-0.24,"root","unknown",FALSE
"GO:0051607 (defense response to virus)",0.704611415672364,0.834336385612043,-0.248580571891092,-0.85149516567352,4369,44,"AT3G11410;AT5G24590;AT5G42810;AT3G11660;AT2G22240;AT5G16000;AT3G20250;AT3G49860;AT5G03210;AT1G05760;AT2G35980;AT5G43470;AT1G31280","OSD-193",-0.24,"root","unknown",FALSE
"GO:0051707 (response to other organism)",0.173740510697032,0.345794114142738,-0.456663218853201,-1.27581142008179,1006,18,"AT1G33560;AT4G34135;AT4G34131;AT1G19250;AT3G52430;AT3G54950;AT1G70690;AT2G35980;AT4G36430;AT5G43470;AT5G61210","OSD-193",-0.24,"root","unknown",FALSE
"GO:0051726 (regulation of cell cycle)",0.0363121297965491,0.122890048004148,0.406629779938236,1.4773988460971,140,37,"AT1G22980;AT5G24330;AT5G67380;AT5G09790;AT5G45610;AT1G68310;AT3G05380;AT1G22270;AT1G26330","OSD-193",-0.24,"root","unknown",FALSE
"GO:0051865 (protein autoubiquitination)",0.209621993127148,0.384048593255714,-0.433393443530132,-1.22546524014275,1219,19,"AT1G23030;AT5G57740;AT3G46620;AT2G35930","OSD-193",-0.24,"root","unknown",FALSE
"GO:0052544 (defense response by callose deposition in cell wall)",0.250650928658219,0.423770384741968,-0.446400196585603,-1.18616999218255,1443,15,"AT4G26850;AT4G39950;AT4G31500;AT5G44070;AT2G22330;AT3G54640;AT1G24100","OSD-193",-0.24,"root","unknown",FALSE
"GO:0055046 (microgametogenesis)",0.12731203459044,0.285984018877789,0.424389209887368,1.31658310639429,529,20,"AT2G45100;AT2G24260;AT3G55200;AT4G33620;AT5G05850;AT1G74260;AT4G14150;AT3G09360","OSD-193",-0.24,"root","unknown",FALSE
"GO:0060586 (multicellular organismal-level iron ion homeostasis)",0.899652260307998,0.949543931826755,0.213032081813628,0.708777972866827,3621,26,"AT2G41240;AT3G56980;AT4G03390;AT3G13440;AT3G56970;AT2G30160","OSD-193",-0.24,"root","unknown",FALSE
"GO:0060918 (auxin transport)",0.85210900885263,0.924757734296549,-0.264417048903226,-0.702606251586468,4908,15,"AT4G29810;AT1G16510","OSD-193",-0.24,"root","unknown",FALSE
"GO:0061025 (membrane fusion)",0.590683336187703,0.755036649394742,-0.313755802819567,-0.898779002805127,3448,20,"AT5G46860;AT4G04210;AT3G24350;AT5G61210;AT4G22150","OSD-193",-0.24,"root","unknown",FALSE
"GO:0061077 (chaperone-mediated protein folding)",0.209938183547313,0.384048593255714,0.401745481278426,1.2079206708714,882,18,"AT5G52640;AT4G13830;AT5G48570;AT5G48580;AT5G23040;AT5G19855;AT3G25230;AT5G60160;AT3G55520","OSD-193",-0.24,"root","unknown",FALSE
"GO:0070417 (cellular response to cold)",0.0313184037716787,0.109345969739975,-0.500653871100662,-1.54342891451693,185,27,"AT1G20823;AT4G35450;AT1G01120;AT1G29390;AT3G49530;AT1G79410;AT5G12140;AT3G61580;AT3G09260","OSD-193",-0.24,"root","unknown",FALSE
"GO:0070588 (calcium ion transmembrane transport)",0.0139118913547532,0.0680013249420338,-0.514583321803246,-1.63200129256312,83,30,"AT1G35720;AT4G00900;AT1G53210;AT5G57110;AT2G38170;AT3G51860;AT4G13590;AT4G35920;AT1G55730;AT5G61810","OSD-193",-0.24,"root","unknown",FALSE
"GO:0071215 (cellular response to abscisic acid stimulus)",0.416288451840646,0.614035288071718,0.292339822603271,1.01690923169809,1650,31,"AT2G41230;AT5G58787;AT5G28770;AT2G43140;AT1G05680;AT4G21540;AT5G35750;AT5G13680","OSD-193",-0.24,"root","unknown",FALSE
"GO:0071365 (cellular response to auxin stimulus)",0.111129848229342,0.266275832424032,-0.449480476451609,-1.34949089222047,658,24,"AT2G46370;AT2G35050;AT1G22530;AT1G30690;AT5G48070;AT1G34670;AT1G79570;AT1G71930;AT5G67440;AT5G54500","OSD-193",-0.24,"root","unknown",FALSE
"GO:0071456 (cellular response to hypoxia)",0.152647563713192,0.328407258551972,-0.267705406374642,-1.17038049306986,1155,201,"AT1G67360;AT1G78070;AT2G01150;AT5G54470;AT3G52800;AT3G25250;AT1G13360;AT1G22220;AT5G54960;AT4G30440;AT5G58070;AT5G19240;AT5G66985;AT2G36580;AT3G24500;AT5G35735;AT4G19880;AT1G72430;AT5G05410;AT1G65490;AT2G36220;AT4G27657;AT5G45340;AT3G60520;AT1G63090;AT2G22500;AT4G20860;AT4G34131;AT1G68670;AT2G46500;AT5G24590;AT1G19250;AT2G47730;AT2G33590;AT3G23170;AT1G66880;AT4G24160;AT5G59820;AT1G78850","OSD-193",-0.24,"root","unknown",FALSE
"GO:0071472 (cellular response to salt stress)",0.168339641270364,0.345794114142738,-0.382909539586368,-1.24455561353659,1022,34,"AT5G24120;AT1G53210;AT5G62460;AT1G79410;AT4G20260;AT5G57630;AT3G03740;AT5G19000","OSD-193",-0.24,"root","unknown",FALSE
"GO:0071555 (cell wall organization)",0.626293995859213,0.789488160854593,-0.313696966469671,-0.876396775006474,3629,18,"AT3G07330;AT4G18270;AT5G54690;AT5G23870;AT5G26670;AT2G18950;AT5G45280;AT4G19410","OSD-193",-0.24,"root","unknown",FALSE
"GO:0071577 (zinc ion transmembrane transport)",0.0735953119613926,0.198967856674384,-0.525843505354949,-1.44653054633792,426,17,"AT1G60960;AT1G05300;AT2G30080;AT1G55910;AT3G20870;AT4G33020;AT3G12750;AT3G08650;AT2G32270;AT5G59520","OSD-193",-0.24,"root","unknown",FALSE
"GO:0071805 (potassium ion transmembrane transport)",0.0286518714806227,0.103587535353021,-0.486680877088963,-1.5435086735645,172,30,"AT3G06370;AT5G27150;AT1G08960;AT4G19960;AT4G31040;AT2G30070;AT4G10310;AT4G33530;AT4G32650;AT5G55630;AT1G79610;AT4G23640;AT5G14880;AT1G54370;AT3G02850","OSD-193",-0.24,"root","unknown",FALSE
"GO:0072583 (clathrin-dependent endocytosis)",0.463067240808215,0.653427446036534,-0.314638893122062,-0.99787742530484,2795,30,"AT1G21660;AT5G10410;AT2G01600;AT2G25430;AT1G47830;AT5G57460;AT4G12780;AT5G22780;AT4G12770;AT5G35200;AT4G32285;AT1G75100;AT5G42080;AT4G40080;AT5G22770","OSD-193",-0.24,"root","unknown",FALSE
"GO:0072593 (reactive oxygen species metabolic process)",0.0911300121506683,0.228198514033026,-0.530672384403881,-1.41009717933477,524,15,"AT2G30950;AT1G66330;AT3G49120;AT5G62530;AT1G79440","OSD-193",-0.24,"root","unknown",FALSE
"GO:0072657 (protein localization to membrane)",0.0857490019093907,0.219216067642836,-0.535478240264993,-1.42286724989659,493,15,"AT5G37310;AT2G35880;AT4G12650;AT5G35160;AT3G13772;AT5G25100;AT1G76950;AT2G01970;AT2G24170","OSD-193",-0.24,"root","unknown",FALSE
"GO:0080022 (primary root development)",0.0203012442698101,0.0826937349923597,-0.479549324300455,-1.57941278653604,123,36,"AT5G51040;AT1G35720;AT4G31920;AT4G24670;AT5G35735;AT2G18800;AT5G65020;AT1G12240;AT3G25290;AT1G01790","OSD-193",-0.24,"root","unknown",FALSE
"GO:0080147 (root hair cell development)",0.495362702881749,0.683393828636285,-0.306919694326792,-0.973395982013428,2990,30,"AT5G06270;AT3G61440;AT1G16440;AT3G57630;AT3G14310;AT1G19360;AT3G25710;AT3G06300;AT2G35610;AT1G52240;AT4G30980;AT1G50460;AT1G59870;AT5G58010","OSD-193",-0.24,"root","unknown",FALSE
"GO:0080156 (mitochondrial mRNA modification)",0.00270735909426532,0.0217657421920541,0.536768119469763,1.80554542759382,10,27,"AT1G32580;AT1G72530;AT2G35240;AT5G54580;AT1G15480;AT2G20540;AT3G06790;AT4G20020;AT3G20930;AT4G30700","OSD-193",-0.24,"root","unknown",FALSE
"GO:0080188 (gene silencing by siRNA-directed DNA methylation)",0.0114649681528662,0.0603887546672524,0.461730468106091,1.64368050726385,44,34,"AT1G80790;AT1G15910;AT5G04290;AT2G30280;AT1G28060;AT3G22680;AT3G49250;AT3G12550;AT3G48670;AT4G16265;AT3G54760;AT3G20010;AT3G29375;AT3G07610;AT1G54440;AT5G35910;AT3G14980","OSD-193",-0.24,"root","unknown",FALSE
"GO:0090332 (stomatal closure)",0.226207556193209,0.405792926091822,0.38817765603969,1.18660271190365,945,19,"AT2G41070;AT1G15520;AT1G25480;AT1G12480;AT5G64010;AT5G48650","OSD-193",-0.24,"root","unknown",FALSE
"GO:0090333 (regulation of stomatal closure)",0.113744075829384,0.268109965635739,-0.398230233042391,-1.31811197467684,695,37,"AT2G05100;AT3G21220;AT1G23030;AT5G54160;AT5G27150;AT3G59780;AT2G05070;AT2G26650;AT4G33950;AT5G49760;AT3G09770;AT5G58430;AT1G47128","OSD-193",-0.24,"root","unknown",FALSE
"GO:0090351 (seedling development)",0.191567065073041,0.366527603976981,-0.381034008320129,-1.2211141180405,1153,32,"AT1G06040;AT4G27310;AT4G00050;AT4G29040;AT5G12130;AT4G18010;AT1G73030;AT5G07120;AT2G05710","OSD-193",-0.24,"root","unknown",FALSE
"GO:0098542 (defense response to other organism)",0.0138466220328667,0.0680013249420338,-0.415884586152918,-1.55212242595289,90,68,"AT3G21220;AT3G19380;AT4G29810;AT4G37000;AT3G52470;AT3G49530;AT1G51660;AT1G59124;AT1G58807;AT3G23170;AT3G20600;AT5G35450;AT1G53940;AT2G35960;AT1G52660;AT3G05200;AT4G26750;AT5G06330;AT3G15700;AT1G61760;AT1G64300;AT1G12280;AT1G29340;AT5G43470","OSD-193",-0.24,"root","unknown",FALSE
"GO:0098869 (cellular oxidant detoxification)",0.00240425897303795,0.0203646302036463,-0.695133079032045,-1.88157422742843,13,16,"AT5G24660;AT3G29200;AT2G41480;AT4G11600;AT5G24655;AT1G19570","OSD-193",-0.24,"root","unknown",FALSE
"GO:0099402 (plant organ development)",0.494075829383886,0.683393828636285,-0.326435351191908,-0.972923246627463,2918,23,"AT3G02470;AT3G61590;AT3G07330","OSD-193",-0.24,"root","unknown",FALSE
"GO:0140964 (intracellular auxin homeostasis)",0.905479779851639,0.952234329585803,0.226439451812827,0.65713605578036,3783,16,"AT5G47390;AT5G12210;AT2G32280;AT4G37910;AT2G17500;AT5G62980","OSD-193",-0.24,"root","unknown",FALSE
"GO:0160062 (cutin-based cuticle development)",0.295895586467457,0.470813029509417,-0.42111680427412,-1.13987170163525,1722,16,"AT1G19440;AT1G01120;AT1G51140;AT2G16280;AT3G55360","OSD-193",-0.24,"root","unknown",FALSE
"GO:1900055 (regulation of leaf senescence)",0.682459918640823,0.820066344756534,0.291879556649363,0.847045773534315,2851,16,"AT3G02790;AT3G52860;AT5G16470","OSD-193",-0.24,"root","unknown",FALSE
"GO:1900056 (negative regulation of leaf senescence)",0.716790775882777,0.845802121709082,0.268135235586959,0.831836232350335,2983,20,"AT3G56400;AT3G61060","OSD-193",-0.24,"root","unknown",FALSE
"GO:1900057 (positive regulation of leaf senescence)",0.475618544319001,0.66499526448263,0.315307975827952,0.978180275593333,1979,20,"AT3G29035;AT4G34540;AT5G39610;AT5G14930","OSD-193",-0.24,"root","unknown",FALSE
"GO:1900150 (regulation of defense response to fungus)",0.186050364479788,0.360860858790114,-0.385395353530928,-1.22932933786394,1122,31,"AT5G67300;AT3G28450;AT5G67160","OSD-193",-0.24,"root","unknown",FALSE
"GO:1900425 (negative regulation of defense response to bacterium)",0.351365275631118,0.536710458526533,-0.402288364706705,-1.08890720620069,2045,16,"AT4G14465;AT3G28450;AT1G20160;AT1G33970;AT3G12620;AT1G70260","OSD-193",-0.24,"root","unknown",FALSE
"GO:1900426 (positive regulation of defense response to bacterium)",0.833084947839046,0.916449406486997,0.229149178146243,0.762401083385569,3353,26,"AT4G13040;AT1G07745;AT5G14930;AT1G10300;AT4G20400;AT3G57860","OSD-193",-0.24,"root","unknown",FALSE
"GO:1901259 (chloroplast rRNA processing)",0.575147347740668,0.744523367520229,0.283838104543857,0.925634546771471,2341,24,"AT2G25870;AT1G60000;AT2G17240;AT4G24770;AT3G24506;AT4G09730;AT3G57180;AT3G28460;AT2G04270;AT3G52380","OSD-193",-0.24,"root","unknown",FALSE
"GO:1901703 (protein localization involved in auxin polar transport)",0.434610075914424,0.630366990247015,-0.366120794433887,-1.02285682617746,2518,18,"AT1G72700;AT1G22530;AT1G30690;AT2G47260;AT5G67440;AT5G02130;AT4G31820","OSD-193",-0.24,"root","unknown",FALSE
"GO:1902074 (response to salt)",0.115465247540719,0.270303702097239,-0.387235463200264,-1.3082182947385,715,41,"AT4G28110;AT3G26520;AT1G02340;AT5G52310;AT1G51140;AT4G35300;AT2G41900;AT1G79440;AT2G32700;AT2G25625;AT5G42050;AT4G02590;AT1G62480;AT1G15380;AT1G17950;AT3G53600;AT1G12080;AT4G32551","OSD-193",-0.24,"root","unknown",FALSE
"GO:1902531 (regulation of intracellular signal transduction)",0.0137524557956778,0.0680013249420338,-0.496381914325747,-1.63485152155093,83,36,"AT3G16800;AT3G11410;AT5G27930;AT3G02750;AT4G33920;AT3G51370;AT4G26080;AT2G20630;AT5G66080;AT1G03590;AT3G12620;AT3G63340;AT5G06750;AT5G57050;AT5G10740;AT4G03415;AT1G09160;AT1G72770;AT5G26010;AT1G79630;AT3G55050","OSD-193",-0.24,"root","unknown",FALSE
"GO:1902584 (positive regulation of response to water deprivation)",0.674394641937146,0.814338194117779,-0.3113058880262,-0.842637407749972,3926,16,"AT1G67360","OSD-193",-0.24,"root","unknown",FALSE
"GO:1902600 (proton transmembrane transport)",0.102324819908317,0.251086204674625,-0.406813328175063,-1.33985419162098,624,36,"AT3G06370;AT5G27150;AT4G04850;AT2G22500;AT4G32530;AT1G01790;AT1G71880;AT4G31040","OSD-193",-0.24,"root","unknown",FALSE
"GO:1905392 (plant organ morphogenesis)",0.754581263915054,0.868265823450279,-0.274997374280421,-0.787752333530294,4405,20,"AT2G28550","OSD-193",-0.24,"root","unknown",FALSE
"GO:1990110 (callus formation)",0.0747600606162654,0.200343846651483,-0.457934163438105,-1.41173147676189,443,27,"AT4G31920;AT3G58190;AT4G35550;AT1G21110;AT5G65510;AT1G53830;AT2G47260;AT1G21120;AT5G57390;AT2G46970;AT2G45420;AT4G02020;AT2G42430","OSD-193",-0.24,"root","unknown",FALSE
"GO:1990641 (response to iron ion starvation)",0.138244890949682,0.303840389821064,-0.491258754367537,-1.32973072221461,804,16,"AT5G64940;AT5G61430;AT3G13610;AT1G35515;AT4G26970","OSD-193",-0.24,"root","unknown",FALSE
"GO:1990961 (xenobiotic detoxification by transmembrane export across the plasma membrane)",0.00319919178312847,0.0238378802377012,-0.591842893493461,-1.8245488298352,18,27,"AT4G25640;AT3G21690;AT1G47530;AT4G21910;AT1G61890;AT1G71870;AT4G21903","OSD-193",-0.24,"root","unknown",FALSE
"GO:2000012 (regulation of auxin polar transport)",0.890497967479675,0.947899404407807,0.20825775141291,0.736822062982095,3504,33,"AT1G68130;AT2G01940;AT3G27025;AT4G07410;AT4G37590;AT4G24500;AT3G30350","OSD-193",-0.24,"root","unknown",FALSE
"GO:2000022 (regulation of jasmonic acid mediated signaling pathway)",0.151822193168818,0.327785724474021,-0.380870644000461,-1.26065304691833,928,37,"AT5G67300;AT1G16310;AT4G31550;AT1G48500;AT5G20900;AT3G52430","OSD-193",-0.24,"root","unknown",FALSE
"GO:2000028 (regulation of photoperiodism, flowering)",0.446273291925466,0.634682170542636,-0.276140158968117,-1.00235088336523,2873,59,"AT2G46340;AT4G14465;AT1G70170;AT3G02380;AT5G09530;AT2G18790;AT3G02890;AT1G51140","OSD-193",-0.24,"root","unknown",FALSE
"GO:2000031 (regulation of salicylic acid mediated signaling pathway)",0.217332430602573,0.392870163012343,-0.405648640715241,-1.20901425373709,1283,23,"AT5G67300;AT1G16310","OSD-193",-0.24,"root","unknown",FALSE
"GO:2000067 (regulation of root morphogenesis)",0.613151364764268,0.780490591397849,0.27490399655802,0.904702866149549,2470,25,"AT1G13620;AT2G31650;AT1G31930;AT2G31085;AT2G04025;AT5G10150","OSD-193",-0.24,"root","unknown",FALSE
"GO:2000070 (regulation of response to water deprivation)",0.251120018863476,0.423770384741968,0.412631897244808,1.17357552746352,1064,15,"AT2G41230;AT5G56550;AT3G56400","OSD-193",-0.24,"root","unknown",FALSE
"GO:2000280 (regulation of root development)",0.121089970977104,0.275539555055208,-0.377109738490432,-1.29176273435275,750,44,"AT1G53910;AT5G65790;AT3G50610;AT5G66816;AT5G52310;AT4G20140;AT2G35612;AT4G25250;AT3G62020;AT1G02335;AT1G72180;AT1G07640;AT1G09560;AT2G33790","OSD-193",-0.24,"root","unknown",FALSE
"GO:2000377 (regulation of reactive oxygen species metabolic process)",0.944279591163864,0.982887274618605,-0.199304660872821,-0.644160775696364,5727,33,"AT2G46370;AT1G63245;AT1G01790;AT4G33950;AT2G01570;AT1G09020;AT1G12280;AT1G32230;AT4G01370;AT2G28500;AT4G15415;AT3G60800","OSD-193",-0.24,"root","unknown",FALSE
"GO:2000652 (regulation of secondary cell wall biogenesis)",0.0484476287956329,0.148007505970658,-0.510473005122586,-1.50034620652679,283,22,"AT4G22680;AT1G73410;AT1G62990;AT5G12870;AT1G43790;AT1G28470;AT3G08500;AT1G17950;AT5G48920;AT4G12350","OSD-193",-0.24,"root","unknown",FALSE
"00010 (KEGG:00010)",0.000145708873670407,0.00439239705544053,-0.482523430203092,-1.90364414983777,0,94,"AT1G44170;AT1G23800;AT5G42250;AT5G54960;AT2G36580;AT3G17240;AT3G52990;AT3G52200;AT4G22110;AT3G04120;AT1G70730;AT5G42740;AT5G56350;AT1G13440;AT1G30120;AT3G13930;AT3G55440;AT1G23190;AT1G24180;AT3G01260;AT4G29130;AT3G52930;AT1G79550;AT2G19860;AT2G36530;AT5G50850;AT4G29220;AT2G36460;AT4G24620;AT4G33070;AT5G56630;AT3G08590;AT4G23730;AT4G17260;AT5G65690;AT5G24760;AT3G01590;AT1G74030;AT1G54220;AT1G50460;AT1G32440;AT1G56190;AT3G12780;AT5G63680;AT1G79530;AT1G09780;AT1G22430;AT1G01090;AT2G24270;AT1G34430","OSD-193",-0.24,"root","unknown",FALSE
"00020 (KEGG:00020)",0.000155617802676626,0.00439239705544053,-0.566399848786892,-2.04141449170602,0,56,"AT5G65165;AT2G44350;AT3G15020;AT3G17240;AT4G35260;AT3G27380;AT3G52200;AT1G09430;AT1G54340;AT1G30120;AT3G13930;AT1G04410;AT5G03290;AT2G17130;AT1G24180;AT3G47520;AT4G26970;AT2G22780;AT5G50850;AT2G05710;AT1G10670;AT5G55070;AT5G66760;AT1G53240;AT2G20420;AT5G65690;AT4G35830;AT1G54220","OSD-193",-0.24,"root","unknown",FALSE
"00030 (KEGG:00030)",0.0164635111603609,0.0745126319924484,-0.442655763840071,-1.56255549197195,103,50,"AT5G13420;AT1G24280;AT5G41670;AT5G40760;AT1G70730;AT5G42740;AT5G24410;AT1G23190;AT1G12230;AT5G13110;AT3G52930;AT4G29220;AT2G36460;AT4G24620;AT2G45290;AT5G56630;AT3G02360;AT3G60750;AT1G17160;AT3G04790;AT2G35390;AT3G27300","OSD-193",-0.24,"root","unknown",FALSE
"00040 (KEGG:00040)",0.235929688759877,0.413045959404828,-0.345067870390364,-1.16576125864192,1462,41,"AT1G44170;AT1G23800;AT3G29360;AT5G19730;AT5G15490;AT3G09540;AT1G53830;AT3G27400;AT3G03250;AT3G07010","OSD-193",-0.24,"root","unknown",FALSE
"00051 (KEGG:00051)",0.174311926605505,0.345794114142738,-0.359944626973851,-1.22827859585812,1082,43,"AT1G66430;AT2G31390;AT3G51160;AT3G55440;AT4G29130;AT3G52930;AT2G19860;AT4G29220;AT2G36460;AT5G56630;AT1G67070;AT3G02570;AT1G07110","OSD-193",-0.24,"root","unknown",FALSE
"00052 (KEGG:00052)",0.180582842174198,0.353641399257804,-0.372804519908231,-1.22784496981707,1102,36,"AT1G64440;AT1G70730;AT1G12240;AT4G10960;AT3G06580;AT1G23190;AT4G29130;AT3G03250;AT2G19860;AT4G29220;AT5G56630;AT1G62660","OSD-193",-0.24,"root","unknown",FALSE
"00053 (KEGG:00053)",0.00198741305067903,0.0176439800025268,-0.582814232874261,-1.848395665141,11,30,"AT4G26850;AT3G52880;AT1G44170;AT1G23800;AT1G07890;AT3G29360;AT5G15490;AT3G27820;AT4G35970;AT4G08390;AT1G14520","OSD-193",-0.24,"root","unknown",FALSE
"00061 (KEGG:00061)",0.974547890154052,0.989117542996887,-0.186124090690633,-0.565582561566865,5819,25,"AT1G62640;AT5G16240;AT3G25110","OSD-193",-0.24,"root","unknown",FALSE
"00071 (KEGG:00071)",0.0573610659733507,0.164542776101959,-0.424965117505961,-1.41539102678641,352,38,"AT5G48880;AT1G44170;AT1G23800;AT5G42250;AT4G22110;AT2G04350;AT5G47720;AT2G33150;AT4G13360;AT1G49430;AT1G77590;AT4G14070;AT2G35690;AT3G06810;AT5G24760;AT5G48230;AT4G16760;AT1G22430","OSD-193",-0.24,"root","unknown",FALSE
"00100 (KEGG:00100)",0.20615796519411,0.380551410071302,-0.396271649866013,-1.21260213564359,1231,26,"AT4G37760;AT4G12110;AT5G24140;AT4G34650;AT4G22756;AT1G07420;AT2G28860;AT2G34490;AT1G58440;AT2G34500","OSD-193",-0.24,"root","unknown",FALSE
"00130 (KEGG:00130)",0.0394380501015572,0.128173662830061,-0.512097785631674,-1.52628028296665,232,23,"AT1G51680;AT1G65060;AT5G36160;AT3G21230;AT1G06570;AT3G21240;AT3G11945","OSD-193",-0.24,"root","unknown",FALSE
"00190 (KEGG:00190)",0.0134535566051238,0.067934901534964,-0.361326028160105,-1.472898101706,93,118,"AT5G65165;AT4G09650;AT3G27380;AT1G20260;AT4G34720;AT4G04640;AT3G42050;AT3G53620;AT3G58730;AT4G32530;AT4G05020;AT5G56090;AT1G12840;AT4G39080;AT2G33040;AT4G11150;AT2G21410;AT4G38510;AT1G76030;AT3G28710;AT3G62790;AT4G01480;AT5G66760;AT2G07687;AT5G13450;AT1G65290;AT5G08530;AT1G78900;AT1G16700;AT1G15120;AT2G44520;AT5G37510;AT3G01390;AT3G27240;AT5G11770;AT2G02050;AT5G13440;AT3G52730;AT1G79010;AT3G28715;AT3G08610;AT3G47950;AT1G15700;AT2G16510","OSD-193",-0.24,"root","unknown",FALSE
"00195 (KEGG:00195)",0.000161264312207708,0.00439239705544053,-0.660619650133191,-2.23180672819998,0,41,"AT4G28660;AT1G44575;AT1G60950;AT1G10960;AT1G30510;AT4G09650;AT4G04640;AT5G66570;AT4G02770;AT1G31330;AT1G06680;AT1G67740;AT4G05390;AT1G52230;AT1G20020;AT2G27510;AT4G12800;AT1G20340;AT1G79040;AT3G50820;AT2G30570;AT1G08380","OSD-193",-0.24,"root","unknown",FALSE
"00196 (KEGG:00196)",0.00361944157187177,0.0254192965564787,-0.650826574737971,-1.7903435359375,20,17,"AT2G05100;AT1G15820;AT2G05070;AT5G54270;AT3G54890;AT4G10340;AT1G29910;AT1G61520;AT1G29930;AT1G76570;AT3G61470;AT3G47470;AT1G45474;AT5G01530","OSD-193",-0.24,"root","unknown",FALSE
"00230 (KEGG:00230)",0.015083990401097,0.0703535735501548,0.303836435855312,1.39592219878934,43,124,"AT5G67520;AT4G14930;AT2G29540;AT4G07950;AT4G13720;AT4G21710;AT1G63660;AT5G66005;AT3G16980;AT3G57550;AT5G63960;AT3G13940;AT1G79470;AT2G16570;AT5G45140;AT1G32380;AT2G15430;AT2G04630;AT5G41010;AT5G14580;AT5G58220;AT1G06790;AT2G02970;AT1G29940;AT1G54250;AT4G16265;AT3G57660;AT4G14680;AT4G01590;AT5G41880;AT1G67550;AT5G35170;AT1G74260;AT3G59600;AT3G03900;AT1G14240;AT3G52090;AT1G17410;AT3G06200;AT4G09320;AT5G63400;AT3G20540;AT4G35800;AT5G11160;AT1G78650;AT5G58240","OSD-193",-0.24,"root","unknown",FALSE
"00240 (KEGG:00240)",0.000931966449207828,0.0105450277864071,0.413383122696684,1.81382569412444,2,92,"AT4G14930;AT2G29540;AT4G07950;AT4G13720;AT5G59440;AT4G21710;AT3G16980;AT5G63960;AT3G13940;AT4G34570;AT3G53900;AT5G45140;AT4G20320;AT2G15430;AT3G27740;AT2G04630;AT1G30820;AT5G41010;AT5G14580;AT1G06790;AT2G02970;AT1G29940;AT1G54250;AT4G16265;AT3G57660;AT4G01590;AT5G41880;AT3G59600;AT1G14240;AT3G52090;AT1G17410;AT4G09320;AT3G20540;AT4G35800;AT1G78650;AT3G18680","OSD-193",-0.24,"root","unknown",FALSE
"00250 (KEGG:00250)",0.517336357744653,0.700870320580894,-0.283262589951162,-0.959866280252629,3192,42,"AT5G14760;AT4G31990;AT1G62800;AT1G65960;AT5G17330;AT5G62530;AT1G79440;AT4G34740;AT5G19550;AT1G70580;AT1G17290;AT3G24090;AT1G23310","OSD-193",-0.24,"root","unknown",FALSE
"00260 (KEGG:00260)",0.154466301193163,0.329996188912667,-0.363748834601178,-1.24599590316325,957,44,"AT4G37930;AT3G17240;AT4G35630;AT1G11860;AT1G36370;AT5G26780;AT2G42490;AT4G33010;AT1G17745;AT4G13930;AT1G31230;AT1G72810;AT3G54640;AT2G17265","OSD-193",-0.24,"root","unknown",FALSE
"00270 (KEGG:00270)",0.0191293869558668,0.0805721550602879,-0.395625625372991,-1.50357488861145,126,76,"AT5G15950;AT3G23810;AT3G02470;AT5G53120;AT2G36880;AT4G31990;AT3G03780;AT5G36160;AT3G13110;AT2G17640;AT1G62800;AT4G14880;AT4G26200;AT3G61440;AT1G79230;AT1G31230;AT4G11280;AT2G05830;AT1G33320;AT3G59760;AT3G04940;AT5G19550","OSD-193",-0.24,"root","unknown",FALSE
"00280 (KEGG:00280)",0.375403486120077,0.569160124117537,-0.314469200039723,-1.05911459874321,2325,40,"AT5G48880;AT1G44170;AT1G23800;AT3G17240;AT5G47720;AT2G26800;AT2G33150;AT4G13360;AT3G19710;AT5G65780;AT2G14170","OSD-193",-0.24,"root","unknown",FALSE
"00290 (KEGG:00290)",0.780812901102518,0.883151670848654,-0.246075311641592,-0.799808776733884,4744,34,"AT3G58990;AT5G14200;AT2G43100;AT1G30120;AT1G24180;AT3G19710;AT5G50850;AT5G65780","OSD-193",-0.24,"root","unknown",FALSE
"00300 (KEGG:00300)",0.260580123632905,0.430309339296501,0.384604081764187,1.15638194357813,1095,18,"AT3G59890;AT5G14060;AT3G60880;AT3G14390;AT1G54100;AT5G13280;AT2G44040;AT2G45440;AT1G14810;AT4G33680","OSD-193",-0.24,"root","unknown",FALSE
"00310 (KEGG:00310)",0.443325811491061,0.634360821594937,-0.381728508699693,-1.01432505102704,2553,15,"AT1G44170;AT1G23800;AT5G47720;AT4G13360","OSD-193",-0.24,"root","unknown",FALSE
"00330 (KEGG:00330)",0.0406341388333077,0.129001019012256,-0.39120034466548,-1.43159180589801,263,61,"AT5G15950;AT3G02470;AT1G44170;AT1G23800;AT5G53120;AT4G38220;AT4G31990;AT1G44820;AT1G62800;AT5G62530;AT5G18900;AT4G08900","OSD-193",-0.24,"root","unknown",FALSE
"00340 (KEGG:00340)",0.64553264604811,0.799451969806638,-0.30476798163971,-0.861763308567365,3756,19,"AT1G44170;AT1G23800;AT1G58080;AT1G43710","OSD-193",-0.24,"root","unknown",FALSE
"00350 (KEGG:00350)",0.0184495599187542,0.0799480929812683,-0.545954510302484,-1.62718845472753,108,23,"AT5G42250;AT4G31990;AT5G36160;AT4G22110;AT1G62800;AT1G06570;AT2G20340;AT2G42490;AT1G79440","OSD-193",-0.24,"root","unknown",FALSE
"00360 (KEGG:00360)",0.00015098897780462,0.00439239705544053,-0.570461532296711,-2.16352048098636,0,75,"AT1G51680;AT5G66390;AT5G42180;AT2G37040;AT2G38380;AT5G15180;AT3G53260;AT4G34050;AT1G05260;AT2G40890;AT3G21770;AT2G41480;AT1G65060;AT2G30490;AT5G14130;AT4G31990;AT5G36160;AT3G21230;AT1G44970;AT1G62800;AT1G06570;AT1G68850;AT2G38390;AT3G49120;AT3G10340;AT2G42490;AT4G30170;AT4G16270;AT3G21240;AT1G30870","OSD-193",-0.24,"root","unknown",FALSE
"00380 (KEGG:00380)",0.0252225519287834,0.0963186201780415,-0.48042523987529,-1.55275392871848,152,33,"AT1G44170;AT1G23800;AT5G25620;AT3G44310;AT4G35090;AT4G39950;AT4G31500;AT1G74100;AT5G47720;AT4G13360;AT2G22330;AT2G20610;AT5G20960","OSD-193",-0.24,"root","unknown",FALSE
"00400 (KEGG:00400)",0.186631802582121,0.360860858790114,-0.368886900402872,-1.22098776129509,1141,37,"AT3G29200;AT1G22410;AT1G48850;AT4G31990;AT5G36160;AT1G48860;AT1G62800","OSD-193",-0.24,"root","unknown",FALSE
"00410 (KEGG:00410)",0.0532128514056225,0.157067885066837,-0.479491503176232,-1.46725717313123,317,26,"AT1G44170;AT1G23800;AT3G17810;AT5G53120;AT4G04320;AT1G65960;AT5G17330;AT5G64370;AT2G42490;AT4G13360","OSD-193",-0.24,"root","unknown",FALSE
"00450 (KEGG:00450)",0.244996549344375,0.422264018895985,-0.425770572246399,-1.18950451006507,1419,18,"AT5G43780;AT3G03780;AT1G19920;AT1G33320;AT2G41680;AT5G17920;AT3G01120;AT1G08490","OSD-193",-0.24,"root","unknown",FALSE
"00460 (KEGG:00460)",0.126196990424077,0.284525317893398,-0.461728061427678,-1.33905156310057,737,21,"AT4G37930;AT3G44310;AT1G36370;AT5G26780;AT3G07990;AT4G13930;AT3G61440","OSD-193",-0.24,"root","unknown",FALSE
"00480 (KEGG:00480)",0.0065359477124183,0.0399346405228758,-0.464825865498198,-1.67532223036458,41,56,"AT2G30860;AT4G11600;AT1G24280;AT5G53120;AT5G41670;AT5G17220;AT1G07890;AT1G54340;AT5G40760;AT3G24170;AT1G65820;AT4G35970;AT2G24200;AT4G08390;AT2G47730;AT5G13110;AT1G02950","OSD-193",-0.24,"root","unknown",FALSE
"00500 (KEGG:00500)",0.00371636687973837,0.0256895391860074,-0.431198187309317,-1.66782698402119,24,84,"AT1G78580;AT4G30440;AT1G66430;AT3G23820;AT3G29360;AT5G19730;AT1G70730;AT5G42740;AT5G15490;AT1G12240;AT2G31390;AT1G02000;AT1G23190;AT1G53830;AT5G15470;AT5G54690;AT4G29130;AT1G06780;AT4G12250;AT5G47780;AT5G20280;AT3G03250;AT2G19860;AT4G24620;AT1G62660;AT5G03650;AT1G06410;AT2G44480;AT5G14650;AT3G58790;AT2G40840;AT5G39320;AT1G50460;AT5G24300;AT1G02730;AT3G25140;AT3G43270","OSD-193",-0.24,"root","unknown",FALSE
"00510 (KEGG:00510)",0.415085158150852,0.614035288071718,-0.307442955303417,-1.02975957123303,2558,39,"AT5G03080;AT2G05320;AT1G67880;AT2G13290;AT1G12990;AT1G30000;AT2G41490;AT1G02145;AT1G51590;AT5G14480;AT3G21160;AT5G38460;AT1G34130;AT3G57220;AT3G27540;AT2G39630","OSD-193",-0.24,"root","unknown",FALSE
"00520 (KEGG:00520)",0.000147449130050133,0.00439239705544053,-0.503768443574205,-1.97098129592623,0,90,"AT4G30440;AT1G31070;AT1G53500;AT1G66430;AT3G23820;AT1G64440;AT4G20460;AT3G29360;AT1G70730;AT5G42740;AT1G08200;AT5G15490;AT2G31390;AT1G02000;AT1G63000;AT4G10960;AT3G51160;AT5G44480;AT3G06580;AT1G23190;AT5G52560;AT1G78570;AT5G15470;AT5G54690;AT3G12500;AT4G29130;AT1G06780;AT4G12250;AT5G47780;AT3G03250;AT2G19860;AT1G30620;AT4G24620","OSD-193",-0.24,"root","unknown",FALSE
"00561 (KEGG:00561)",0.169491525423729,0.345794114142738,-0.382471165553584,-1.24313078389165,1029,34,"AT1G44170;AT1G23800;AT1G01610;AT5G06090;AT2G38110;AT5G01220;AT4G00550;AT1G51260;AT3G11430","OSD-193",-0.24,"root","unknown",FALSE
"00562 (KEGG:00562)",0.198753794535868,0.371371768995155,-0.346145286670052,-1.19941308002888,1243,46,"AT5G63980;AT1G68000;AT3G08510;AT3G55440;AT1G14520;AT5G58700;AT1G31190;AT2G22240;AT2G14170;AT3G03520;AT5G63990;AT1G77740;AT3G03530;AT3G14270;AT5G64000;AT1G21980","OSD-193",-0.24,"root","unknown",FALSE
"00564 (KEGG:00564)",0.690757361045505,0.824701529854828,-0.244073509276614,-0.864040891847982,4386,51,"AT1G01610;AT5G06090;AT1G68000;AT2G38110;AT1G15110;AT1G51260;AT3G15730;AT3G11430;AT2G45670;AT1G55180;AT3G03520","OSD-193",-0.24,"root","unknown",FALSE
"00565 (KEGG:00565)",0.776973457428473,0.882399223956872,-0.279554568139852,-0.769020094504424,4507,17,"AT3G15730;AT2G45670;AT1G55180;AT3G03520;AT3G03530;AT2G42010;AT3G48610;AT1G07230;AT1G80950;AT5G25370;AT4G11850","OSD-193",-0.24,"root","unknown",FALSE
"00592 (KEGG:00592)",0.570131871895873,0.742751756350487,-0.318421907419604,-0.91214543874581,3328,20,"AT1G76690;AT3G22400;AT5G42650;AT2G35690;AT4G16760;AT1G55020;AT1G06290;AT4G29010;AT3G01420;AT3G25770;AT1G13280","OSD-193",-0.24,"root","unknown",FALSE
"00620 (KEGG:00620)",0.0199664685261393,0.0824291369558859,-0.403189548438603,-1.50803669322426,130,69,"AT1G44170;AT1G23800;AT2G36580;AT3G15020;AT3G17240;AT3G52990;AT3G52200;AT1G11840;AT5G56350;AT5G47720;AT1G30120;AT3G13930;AT1G04410;AT1G24180;AT3G47520;AT2G22780;AT5G50850;AT2G13560;AT1G53240;AT4G17260;AT5G65690;AT5G11670;AT1G36160;AT1G54220;AT1G32440;AT5G48230;AT5G63680","OSD-193",-0.24,"root","unknown",FALSE
"00630 (KEGG:00630)",0.248674618952949,0.423509767799739,-0.364848279642392,-1.16378853539444,1500,31,"AT2G44350;AT3G15020;AT5G47720;AT1G04410;AT3G47520;AT4G26970;AT2G22780;AT2G05710;AT1G53240;AT4G37550;AT4G35830;AT5G48230","OSD-193",-0.24,"root","unknown",FALSE
"00640 (KEGG:00640)",0.294304326039753,0.469503768173078,-0.356771067995045,-1.12031726113793,1761,29,"AT1G44170;AT1G23800;AT4G04320;AT5G47720;AT4G13360;AT2G14170;AT1G06550;AT2G20420;AT3G06810;AT4G17260;AT1G75280;AT1G36160;AT5G48230","OSD-193",-0.24,"root","unknown",FALSE
"00650 (KEGG:00650)",0.0882000342524405,0.222686863339839,-0.489758607161045,-1.40295334334444,514,20,"AT1G65960;AT5G47720;AT1G30120;AT5G17330;AT2G26800;AT1G24180;AT4G13360;AT5G50850;AT1G79440","OSD-193",-0.24,"root","unknown",FALSE
"00670 (KEGG:00670)",0.171497584541063,0.345794114142738,-0.457395927183671,-1.27785843770224,993,18,"AT4G37930;AT1G11860;AT1G36370;AT5G26780;AT4G13930;AT2G44160","OSD-193",-0.24,"root","unknown",FALSE
"00710 (KEGG:00710)",0.00701112635269014,0.0416648908512833,-0.433144460496586,-1.62007607197473,45,69,"AT2G36580;AT3G15020;AT4G31990;AT3G52990;AT1G62800;AT5G56350;AT3G55440;AT1G04410;AT3G47520;AT3G52930;AT2G22780;AT1G79550;AT2G36460;AT2G13560;AT2G45290;AT5G19550;AT1G53240;AT3G60750;AT5G65690;AT1G70580;AT5G11670;AT3G04790;AT1G17290;AT1G32440;AT1G56190;AT3G12780;AT5G63680","OSD-193",-0.24,"root","unknown",FALSE
"00770 (KEGG:00770)",0.343502282008167,0.527336417856759,0.34533023178228,1.07131835282155,1429,20,"AT1G50110;AT3G18030;AT2G31810;AT3G61530;AT1G48605;AT1G10070;AT3G23940;AT3G48560","OSD-193",-0.24,"root","unknown",FALSE
"00860 (KEGG:00860)",0.000492045268164671,0.00642609985170539,-0.59452158015699,-1.94588096888831,2,35,"AT5G13630;AT5G63570;AT3G51820;AT1G03630;AT3G56940;AT2G40300;AT5G26030;AT4G37000;AT3G48730;AT4G18480;AT1G69740;AT1G74470;AT5G56090;AT5G01600;AT1G44446","OSD-193",-0.24,"root","unknown",FALSE
"00900 (KEGG:00900)",0.224338282763073,0.404338320850258,-0.350786976928237,-1.18143083095821,1389,40,"AT1G78510;AT5G58780;AT5G58770;AT1G17050;AT4G15560;AT5G47720;AT1G74470;AT1G76490;AT3G32040;AT5G60600","OSD-193",-0.24,"root","unknown",FALSE
"00903 (KEGG:00903)",0.0177390743428479,0.0785403943730441,-0.463502510944207,-1.56587534484375,109,41,"AT1G44170;AT1G23800;AT5G23190;AT3G26300;AT4G37430;AT4G37310;AT4G37410;AT5G42590;AT4G37320;AT5G58860;AT4G13360;AT4G00520;AT3G26290","OSD-193",-0.24,"root","unknown",FALSE
"00906 (KEGG:00906)",0.00827300930713547,0.0468037841357386,-0.62768219093688,-1.72667619422174,47,17,"AT4G25700;AT5G17230;AT3G53130;AT5G45340;AT5G57030;AT5G67030;AT1G78390;AT4G14210;AT3G04870;AT3G14440","OSD-193",-0.24,"root","unknown",FALSE
"00908 (KEGG:00908)",0.653879534802986,0.803863975381538,-0.323827685099271,-0.860471580525026,3766,15,"AT3G23630;AT5G21482;AT5G19040;AT4G29740;AT3G63110;AT5G05870","OSD-193",-0.24,"root","unknown",FALSE
"00910 (KEGG:00910)",0.0549468791500664,0.160634177802347,-0.449227286014005,-1.43965569787106,330,32,"AT2G37040;AT3G53260;AT2G15620;AT3G44310;AT1G77760;AT1G70410;AT1G11860;AT3G10340","OSD-193",-0.24,"root","unknown",FALSE
"00920 (KEGG:00920)",0.0292907684712852,0.104658827695645,-0.470616028810012,-1.52962451943218,177,34,"AT5G43780;AT5G63980;AT3G13110;AT5G04590;AT2G17640;AT4G14880;AT1G19920;AT3G61440;AT2G14750;AT1G33320;AT3G59760;AT3G04940;AT5G54390;AT5G63990;AT3G01910","OSD-193",-0.24,"root","unknown",FALSE
"00940 (KEGG:00940)",0.000148456057007126,0.00439239705544053,-0.591499814071852,-2.29233251010845,0,85,"AT3G21560;AT1G51680;AT5G66390;AT5G42180;AT2G37040;AT2G38380;AT5G15180;AT3G53260;AT4G34050;AT1G05260;AT2G40890;AT1G15950;AT3G21770;AT5G26310;AT3G24503;AT2G41480;AT1G65060;AT5G66690;AT5G48930;AT2G30490;AT5G14130;AT4G34230;AT3G19450;AT3G21230;AT1G44970;AT1G68850;AT2G38390;AT3G49120;AT3G10340;AT1G80820;AT4G30170;AT4G16270;AT3G21240;AT1G30870","OSD-193",-0.24,"root","unknown",FALSE
"00945 (KEGG:00945)",0.00261480634090538,0.0213019556572425,-0.545698131235004,-1.80621957264371,15,37,"AT4G34050;AT2G40890;AT5G23190;AT3G26300;AT4G37430;AT5G48930;AT2G30490;AT4G37310;AT4G37410;AT5G42590;AT4G37320;AT5G58860;AT3G26290;AT1G24735","OSD-193",-0.24,"root","unknown",FALSE
"00960 (KEGG:00960)",0.190451568424681,0.365930529268806,-0.454609436892905,-1.25057442075885,1104,17,"AT4G31990;AT5G36160;AT1G62800;AT2G42490;AT2G29330;AT5G19550","OSD-193",-0.24,"root","unknown",FALSE
"00966 (KEGG:00966)",0.00138864780420066,0.0142623716153128,-0.731347926169416,-1.94333015644348,7,15,"AT1G74090;AT4G39950;AT4G31500;AT1G18590;AT1G74100;AT1G16400;AT2G22330;AT4G13770;AT3G19710;AT5G65780;AT2G20610;AT1G24100;AT3G49680","OSD-193",-0.24,"root","unknown",FALSE
"00970 (KEGG:00970)",0.00376546530392684,0.0256895391860074,0.455694751980672,1.74502274437389,13,47,"AT4G33760;AT1G14610;AT1G25350;AT3G04600;AT2G33840;AT1G70980;AT1G66520;AT3G11710;AT4G10320;AT4G39280;AT4G13780;AT4G26300;AT5G22800;AT3G62120;AT4G26870;AT4G31180;AT1G50200;AT2G31170;AT5G56680;AT5G38830;AT1G29880;AT5G27470;AT2G25840;AT5G49030;AT3G02760;AT3G07420;AT1G17960;AT5G52520;AT1G11870;AT1G72550;AT3G55400","OSD-193",-0.24,"root","unknown",FALSE
"01040 (KEGG:01040)",0.5071215634316,0.694733801024008,-0.30396769472786,-0.964033713636328,3061,30,"AT5G48880;AT5G10480;AT2G33150;AT5G16240;AT4G00520;AT1G01710;AT2G35690;AT3G55360","OSD-193",-0.24,"root","unknown",FALSE
"03008 (KEGG:03008)",0.000293255131964809,0.00505652382607544,0.564331265164574,2.3736338882807,0,73,"AT2G21440;AT2G20490;AT1G06720;AT1G63780;AT4G28200;AT2G46230;AT1G67120;AT5G67380;AT3G57150;AT5G08180;AT4G02400;AT5G38720;AT2G26970;AT5G15750;AT1G63810;AT3G03920;AT5G60340;AT5G37350;AT5G42540;AT3G57000;AT1G56110;AT4G12600;AT5G55190;AT5G16750;AT4G17640;AT3G51270;AT5G66540;AT5G25800;AT3G06530;AT1G27470;AT1G15440","OSD-193",-0.24,"root","unknown",FALSE
"03010 (KEGG:03010)",0.000412881915772089,0.00586676396597085,0.653177894888874,3.22715142770502,0,204,"AT3G13580;AT5G64650;AT5G59240;AT2G20060;AT5G02610;AT1G61580;AT1G27400;AT3G14600;AT3G01790;AT3G09680;AT3G04230;AT4G02230;AT5G23740;AT5G09500;AT4G30800;AT3G10610;AT1G15250;AT3G46040;AT3G18760;AT1G08360;AT3G02190;AT5G47320;AT2G05220;AT2G44860;AT5G16130;AT1G02780;AT2G39460;AT5G23900;AT1G77940;AT4G39200;AT4G13170;AT1G26910;AT4G10450;AT3G02080;AT3G55750;AT3G56340;AT2G37190;AT3G49910;AT4G34555;AT2G19740;AT3G55170;AT4G29410;AT5G62300;AT5G47930;AT5G35530;AT5G55140;AT5G67510;AT1G09690;AT3G28900;AT1G66580;AT2G18400;AT4G00100;AT1G49400;AT5G22440;AT1G74050;AT4G34670;AT1G33120;AT5G56710;AT5G60670;AT1G09590;AT3G12370;AT5G15220;AT5G10360;AT2G04390;AT5G47700;AT1G52300;AT2G37600;AT3G62250;AT5G15200;AT1G33140;AT1G41880;AT2G17360;AT1G80750;AT3G52580;AT4G17390;AT5G02450;AT3G09200;AT3G11510;AT2G47110;AT2G36170;AT3G09500;AT3G55280;AT1G69620;AT4G18100;AT4G36130;AT1G22780;AT3G04920;AT5G48760;AT3G04400;AT5G56670;AT5G41520;AT1G57660;AT1G17560;AT3G53430;AT2G34480;AT1G67430;AT2G01250;AT3G60245;AT1G18540;AT2G36160;AT5G61170;AT3G44590;AT5G28060;AT5G52650;AT5G03850;AT2G47610;AT5G58420;AT2G41840;AT5G27700;AT4G27090;AT2G36620;AT2G20450;AT2G09990;AT1G57860;AT2G40510;AT5G09510;AT2G18020;AT5G27770;AT1G07070;AT1G58983;AT3G25520;AT5G18380;AT1G23290;AT3G16080;AT5G64140;AT3G60770;AT1G74060;AT1G77750;AT3G62870;AT1G26880;AT3G48930;AT4G26230;AT2G37270;AT2G34520;AT5G02960;AT3G16780;AT5G20290;AT2G39390;AT3G61110;AT1G23410","OSD-193",-0.24,"root","unknown",FALSE
"03013 (KEGG:03013)",0.000329706561160567,0.00505652382607544,0.47763059257112,2.17043221872621,0,113,"AT3G16310;AT1G75340;AT5G55160;AT4G31120;AT1G14850;AT5G18110;AT5G44200;AT1G29550;AT5G01940;AT1G15200;AT1G52160;AT5G55190;AT1G21160;AT2G46290;AT1G80670;AT5G05680;AT5G06000;AT4G32910;AT2G29210;AT5G40480;AT2G05120;AT1G24706;AT2G13540;AT1G79280;AT1G10840;AT5G37720;AT2G39990;AT1G33410;AT1G11400;AT1G49760;AT2G43190;AT1G72560;AT5G57870;AT4G34110;AT3G03110;AT5G62290;AT1G45231;AT4G39680;AT5G51200;AT5G19320;AT1G76720;AT5G20020;AT3G57290;AT4G26840;AT3G56900;AT1G04170;AT3G56150;AT1G77840;AT4G38760;AT1G76820;AT2G45640;AT1G54380;AT5G47010;AT2G32765;AT1G29590;AT1G28090;AT2G39260;AT4G24880;AT2G30050;AT4G18040;AT5G20920;AT2G41620;AT2G47300;AT3G07300;AT1G66260;AT1G16610;AT2G45000","OSD-193",-0.24,"root","unknown",FALSE
"03015 (KEGG:03015)",0.271966527196653,0.444308952184906,0.25581095677213,1.0909132055958,909,78,"AT5G10350;AT3G58500;AT5G44200;AT1G15200;AT5G01400;AT2G29210;AT2G13540;AT4G25550;AT5G37720;AT1G18070;AT1G11400;AT5G51660;AT1G49760;AT1G58470;AT1G27595;AT4G34110;AT3G09880;AT4G39680;AT1G59830;AT5G28850;AT2G45640;AT3G52210;AT5G47010;AT2G33410;AT5G03470;AT4G32850;AT2G39260","OSD-193",-0.24,"root","unknown",FALSE
"03018 (KEGG:03018)",0.0318791946308725,0.110671522269677,0.360897716471398,1.43430495739715,113,56,"AT3G23990;AT5G38890;AT5G42540;AT3G07750;AT1G03360;AT3G61620;AT5G59460;AT3G46210;AT1G76860;AT2G25355;AT2G35920;AT5G13570;AT5G14580;AT1G59760;AT2G43810;AT1G80780;AT1G55870;AT2G03870;AT1G49760;AT3G45630;AT4G34110;AT1G76630;AT4G14990;AT1G03330;AT5G18230;AT5G25080;AT3G59810;AT4G37910;AT3G13300;AT5G35910","OSD-193",-0.24,"root","unknown",FALSE
"03020 (KEGG:03020)",0.00024906600249066,0.00495057527143089,0.642015291470868,2.19498400224188,0,29,"AT2G29540;AT4G07950;AT4G21710;AT3G16980;AT3G13940;AT5G45140;AT2G15430;AT2G04630;AT5G41010;AT1G06790;AT1G29940;AT1G54250;AT4G16265;AT3G57660;AT4G01590;AT3G59600;AT3G52090;AT4G35800","OSD-193",-0.24,"root","unknown",FALSE
"03022 (KEGG:03022)",0.0590312815338042,0.16854258419231,0.414332044373695,1.42575139981578,233,30,"AT1G02680;AT5G60340;AT1G54140;AT4G20340;AT4G24440;AT2G41630;AT3G19040;AT4G17020;AT4G31720;AT1G18340;AT5G25150;AT3G61420;AT1G04950;AT4G20330;AT3G10070","OSD-193",-0.24,"root","unknown",FALSE
"03030 (KEGG:03030)",0.000261096605744125,0.00495057527143089,0.530936391331823,1.98930503211512,0,42,"AT5G26680;AT4G20325;AT5G63960;AT2G29570;AT1G63160;AT1G23750;AT5G27740;AT2G16440;AT1G21690;AT5G22010;AT2G25100;AT5G41880;AT3G02920;AT1G10590;AT1G08130;AT3G20540;AT1G78650;AT2G24490;AT2G06510;AT3G18580;AT1G77470;AT1G07370;AT5G67100;AT2G39440","OSD-193",-0.24,"root","unknown",FALSE
"03040 (KEGG:03040)",0.000329706561160567,0.00505652382607544,0.516285372753005,2.34608591767149,0,113,"AT4G21660;AT2G36130;AT1G07170;AT3G05760;AT2G30260;AT1G09770;AT2G40650;AT5G25060;AT2G33340;AT1G77180;AT1G60900;AT5G44200;AT1G28060;AT1G09760;AT5G37370;AT4G12600;AT1G14650;AT1G76860;AT5G16780;AT3G05070;AT1G32490;AT1G60170;AT3G55200;AT4G15900;AT2G16860;AT5G44500;AT4G20440;AT4G03120;AT1G24706;AT2G13540;AT1G30480;AT2G43810;AT5G06160;AT5G40490;AT3G62310;AT5G37720;AT2G47640;AT2G32600;AT1G80070;AT1G60200;AT3G07590;AT2G03870;AT5G64200;AT3G13200;AT3G19840;AT5G42820;AT1G44910;AT2G41020;AT5G57370;AT4G30330;AT2G41500;AT5G64270;AT1G02840;AT4G39680;AT4G30220;AT4G21110;AT2G38730;AT5G02490;AT1G65660;AT1G03330","OSD-193",-0.24,"root","unknown",FALSE
"03050 (KEGG:03050)",0.994243932794026,0.997509101703038,-0.156280091105147,-0.565960652708362,6390,58,"AT4G29040;AT1G53850;AT1G53750;AT5G19990;AT4G38630;AT1G04810;AT5G20000;AT5G42040;AT3G51260;AT1G45000;AT1G16470;AT5G43010;AT1G75990;AT3G11270;AT4G19006","OSD-193",-0.24,"root","unknown",FALSE
"03060 (KEGG:03060)",0.0728424386381631,0.198690758963918,0.359753882921558,1.35284718316325,275,43,"AT5G27430;AT2G39960;AT2G46470;AT3G20920;AT5G05670;AT5G60460;AT3G15710;AT1G29960;AT1G67650;AT1G21650;AT3G48570;AT3G08980;AT5G28750;AT5G62050;AT1G24490;AT1G52600;AT4G01800;AT1G48160","OSD-193",-0.24,"root","unknown",FALSE
"03410 (KEGG:03410)",0.24851918619624,0.423509767799739,0.312884371235131,1.13679575828119,964,37,"AT5G26680;AT5G63960;AT4G12740;AT3G12710;AT2G29570;AT1G80420;AT3G07930;AT5G44680;AT3G18630;AT1G08130;AT3G20540;AT1G78650;AT3G12040","OSD-193",-0.24,"root","unknown",FALSE
"03420 (KEGG:03420)",0.0167785234899329,0.0753799842084485,0.381917040992091,1.50887007238596,59,55,"AT4G30820;AT5G63960;AT2G29570;AT1G63160;AT1G23750;AT5G27740;AT5G20570;AT1G21690;AT5G22010;AT3G02920;AT4G17020;AT1G18340;AT1G10590;AT1G08130;AT3G20540;AT1G78650;AT2G24490;AT5G41360;AT5G27620;AT3G61420;AT2G06510;AT1G77470;AT2G18760;AT1G07370;AT1G73690;AT1G03190;AT4G21100","OSD-193",-0.24,"root","unknown",FALSE
"03430 (KEGG:03430)",0.00252270433905146,0.0208293560967628,0.535993770678234,1.84439962878611,9,30,"AT5G63960;AT2G29570;AT1G63160;AT1G23750;AT5G27740;AT1G21690;AT1G29630;AT5G22010;AT4G02070;AT3G02920;AT1G10590;AT1G08130;AT1G78650;AT2G24490;AT2G06510;AT3G18580;AT1G77470","OSD-193",-0.24,"root","unknown",FALSE
"03440 (KEGG:03440)",0.0268979386626445,0.100826015477766,0.436858258221909,1.53539271472052,106,32,"AT5G63960;AT2G31970;AT1G23750;AT5G01630;AT5G64520;AT3G02920;AT1G10590;AT3G20540;AT1G78650;AT2G24490;AT5G57450;AT2G06510;AT3G18580","OSD-193",-0.24,"root","unknown",FALSE
"04070 (KEGG:04070)",0.0941574118783196,0.233862514868509,-0.391191817084465,-1.33490681563806,584,43,"AT5G63980;AT1G68000;AT2G41110;AT3G08510;AT3G56800;AT5G37780;AT5G58700;AT1G31190;AT5G63990;AT1G77740;AT1G62430;AT1G66410;AT3G14270;AT5G64000;AT1G21980","OSD-193",-0.24,"root","unknown",FALSE
"04075 (KEGG:04075)",0.517101527646343,0.700870320580894,-0.227861815565059,-0.973983955233812,3824,166,"AT4G34000;AT5G62920;AT5G45870;AT4G31920;AT3G11410;AT5G25890;AT1G77690;AT1G48500;AT3G50500;AT2G46370;AT5G53590;AT5G20900;AT1G45249;AT2G38120;AT5G10030;AT1G04250;AT1G16510;AT2G21210;AT1G19050;AT3G19290;AT3G60690;AT4G26080;AT3G63010;AT2G14960;AT4G33950;AT2G16580;AT1G28130;AT4G31320;AT5G46790;AT3G29350;AT1G75590;AT4G34160;AT2G01570","OSD-193",-0.24,"root","unknown",FALSE
"04120 (KEGG:04120)",0.313932448733414,0.493091841069706,0.248463776462161,1.06798960344946,1040,82,"AT5G22920;AT5G18650;AT1G20140;AT2G33340;AT5G59140;AT5G65740;AT5G42190;AT4G22910;AT3G08690;AT5G50870;AT5G20570;AT1G50490;AT1G63800;AT3G07370;AT2G04660;AT5G06460;AT1G70320;AT3G55380;AT1G64230;AT3G05870;AT3G17205;AT1G78770;AT3G16320","OSD-193",-0.24,"root","unknown",FALSE
"04130 (KEGG:04130)",0.169270166453265,0.345794114142738,0.339654479911179,1.21718187858897,660,35,"AT2G36900;AT2G45200;AT3G29100;AT3G24315;AT4G14600;AT4G02195;AT1G15880;AT5G50440","OSD-193",-0.24,"root","unknown",FALSE
"04141 (KEGG:04141)",0.997261853292982,0.998896708790183,-0.150458694362549,-0.607197238760045,6919,110,"AT3G12580;AT3G09440;AT1G56330;AT2G47470;AT5G41340;AT5G38470;AT3G08700;AT3G09840;AT1G30000;AT5G61790;AT5G28540;AT1G79940;AT5G59300;AT4G32640;AT1G77510;AT4G29330;AT3G51980;AT1G51590;AT2G32920;AT3G21160;AT3G46460","OSD-193",-0.24,"root","unknown",FALSE
"04144 (KEGG:04144)",0.0408225905463475,0.129001019012256,-0.388968929978124,-1.42813488776657,265,62,"AT3G12580;AT3G18820;AT2G19830;AT4G29160;AT5G46630;AT3G09440;AT2G27600;AT4G16144;AT3G15730;AT1G73030;AT1G55180;AT1G77740;AT1G17730;AT4G26750;AT5G22950;AT2G06530;AT1G21980;AT1G48790;AT2G42010;AT1G15130;AT5G09260;AT1G47830;AT5G46750;AT1G10900","OSD-193",-0.24,"root","unknown",FALSE
"04145 (KEGG:04145)",0.000777846919726198,0.00950528935905414,-0.512857103105869,-1.85728673925989,4,58,"AT3G18820;AT1G20260;AT4G20890;AT4G34720;AT3G42050;AT5G46860;AT3G58730;AT4G32530;AT5G19770;AT5G12250;AT1G12840;AT2G29550;AT4G39080;AT4G14960;AT4G11150;AT2G21410;AT5G61790;AT4G38510;AT1G76030;AT3G28710;AT1G20010","OSD-193",-0.24,"root","unknown",FALSE
"04146 (KEGG:04146)",0.157747355320473,0.334665396183364,-0.339619526544631,-1.2299153881756,1013,58,"AT5G48880;AT5G20070;AT4G35090;AT1G54340;AT4G04320;AT2G04350;AT2G26800;AT2G33150;AT1G49430;AT1G77590;AT5G17380;AT4G14070;AT2G35690;AT4G05530","OSD-193",-0.24,"root","unknown",FALSE
"04626 (KEGG:04626)",0.0434659090909091,0.134129648760331,-0.332694768606698,-1.36164272445057,305,121,"AT3G21220;AT1G73630;AT1G74740;AT1G48500;AT4G29810;AT2G41410;AT2G41110;AT5G20900;AT3G56800;AT2G43290;AT1G51660;AT4G35310;AT5G13160;AT5G04870;AT5G37770;AT5G37780;AT5G04170;AT3G10190;AT1G01340;AT3G51850;AT5G07390;AT2G46430;AT1G24620;AT3G50770;AT4G30560;AT2G23980;AT3G21630;AT1G18890;AT1G66410;AT2G46450;AT4G33430;AT1G66400;AT2G13790;AT2G38470;AT1G19180;AT3G22930;AT4G20780;AT1G64060;AT2G17290;AT3G10300;AT5G57940;AT2G39940;AT1G35670;AT4G01370","OSD-193",-0.24,"root","unknown",FALSE
"04712 (KEGG:04712)",0.0046767997327543,0.0297522155905227,-0.565635694884927,-1.77618503668613,27,29,"AT2G46790;AT1G01060;AT1G22770;AT2G46830;AT5G24470;AT5G13930;AT2G18790;AT2G44680;AT5G61380;AT1G68050","OSD-193",-0.24,"root","unknown",FALSE
"GO:0000028 (ribosomal small subunit assembly)",0.00016826518593303,0.0028480108563674,0.715278890085432,2.213312450951,0,24,"AT5G66470;AT3G11510;AT5G64140;AT2G45710;AT5G47930;AT3G52580;AT5G61170;AT3G61110;AT5G47320;AT1G30960;AT2G37270;AT5G15520;AT2G36160;AT2G07696;AT1G04270;AT1G72370;AT1G67440;AT5G09510;AT3G11940;AT3G02080;AT3G10090;AT5G38720","OSD-38",-0.52,"whole_seedling","dark",FALSE
"GO:0000045 (autophagosome assembly)",0.000264550264550265,0.00322814047976846,-0.607816577146486,-2.28623208872912,0,39,"AT3G19190;AT4G04620;AT2G45170;AT4G30790;AT1G60490;AT5G61500;AT5G50230;AT4G21980;AT3G61960;AT5G66930;AT5G43930;AT2G44140;AT5G45900;AT3G59950;AT1G04140;AT3G49590;AT4G16520;AT3G15580;AT3G18770;AT3G61710;AT4G09580;AT2G05630","OSD-38",-0.52,"whole_seedling","dark",FALSE
"GO:0000082 (G1/S transition of mitotic cell cycle)",0.00906882591093117,0.034034770183377,0.485993713515101,1.65159008758528,55,36,"AT1G47210;AT1G14750;AT4G34160;AT1G15570;AT5G65420;AT3G50070;AT5G43080;AT4G37630;AT5G67260;AT4G03270;AT2G22490;AT5G10440;AT3G54180","OSD-38",-0.52,"whole_seedling","dark",FALSE
"GO:0000103 (sulfate assimilation)",0.780039234919078,0.887347449038421,-0.244009581967019,-0.796344739738067,3180,22,"AT5G43780;AT5G67520;AT4G14030;AT5G09290;AT5G63990;AT2G14750;AT5G39950;AT5G64000","OSD-38",-0.52,"whole_seedling","dark",FALSE
"GO:0000122 (negative regulation of transcription by RNA polymerase II)",0.000257466529351184,0.00322814047976846,-0.612162715175951,-2.14163658736749,0,29,"AT1G03850;AT5G14070;AT5G15020;AT3G01320;AT1G24190;AT3G15880;AT5G18600;AT3G52250;AT1G43850;AT3G21460;AT1G10450;AT5G47390;AT5G13080;AT4G25520;AT3G10490;AT3G22961;AT1G28480","OSD-38",-0.52,"whole_seedling","dark",FALSE
"GO:0000160 (phosphorelay signal transduction system)",0.000715478177915574,0.00524683997138087,-0.621027406921831,-1.94593067998639,2,19,"AT5G02810;AT1G67710;AT2G01830;AT1G27320;AT1G10470;AT3G21510;AT5G62920;AT3G57040;AT5G10720","OSD-38",-0.52,"whole_seedling","dark",FALSE
"GO:0000162 (tryptophan biosynthetic process)",0.123945601652608,0.252643111355795,0.454274587316196,1.33012050309893,719,19,"AT2G29690;AT2G36230;AT4G02610;AT5G48220","OSD-38",-0.52,"whole_seedling","dark",FALSE
"GO:0000165 (MAPK cascade)",0.00164396430248943,0.0095349929544387,-0.64271595417493,-1.91732697935161,6,16,"AT1G53570;AT1G08720;AT4G08500;AT4G08480;AT4G08470;AT1G09000;AT2G18170;AT1G54960;AT4G11330","OSD-38",-0.52,"whole_seedling","dark",FALSE
"GO:0000209 (protein polyubiquitination)",0.0150174309466345,0.0506686045766899,-0.40359892022263,-1.55739341146738,55,43,"AT5G02880;AT4G36410;AT5G56150;AT3G17000;AT4G15563;AT1G17280;AT3G53090;AT3G08690;AT1G75440;AT5G50430;AT1G14400;AT5G15400;AT5G05080;AT2G02760;AT3G07370;AT4G38600","OSD-38",-0.52,"whole_seedling","dark",FALSE
"GO:0000226 (microtubule cytoskeleton organization)",0.80715953307393,0.898444342232107,0.215000643606777,0.798599507076177,5185,56,"AT2G18390;AT4G26760;AT4G09550;AT5G55230;AT2G38720;AT2G18990;AT3G04630;AT5G62690;AT4G14960;AT1G50010;AT3G50360;AT3G01450;AT5G14790;AT4G39920;AT3G60740;AT1G20010;AT4G15830;AT1G01510;AT1G20090","OSD-38",-0.52,"whole_seedling","dark",FALSE
"GO:0000245 (spliceosomal complex assembly)",0.482261116367077,0.661682994069236,-0.321894123832015,-0.9772643635339,2038,17,"AT3G51110;AT4G36690;AT4G35500;AT4G22410;AT5G64270;AT3G44850;AT2G33435;AT1G60900","OSD-38",-0.52,"whole_seedling","dark",FALSE
"GO:0000278 (mitotic cell cycle)",0.116674465761972,0.242470062397843,0.34986553570717,1.28330198817827,747,52,"AT3G42660;AT5G63920;AT5G43070;AT3G60660;AT2G31270;AT1G47200;AT3G59550;AT3G53760;AT5G62690;AT4G14960;AT1G50010;AT1G08260;AT3G54710;AT5G05620;AT2G27120;AT4G21820;AT1G20010;AT2G32980;AT5G06680;AT1G48270;AT3G43610","OSD-38",-0.52,"whole_seedling","dark",FALSE
"GO:0000302 (response to reactive oxygen species)",0.315592447916667,0.499622783550455,0.332142439287913,1.10452474374604,1938,33,"AT4G17040;AT4G08390;AT4G09010;AT1G77490;AT5G13650;AT2G37860;AT3G56090;AT2G40300;AT4G32320;AT5G51020;AT4G35000","OSD-38",-0.52,"whole_seedling","dark",FALSE
"GO:0000373 (Group II intron splicing)",0.000498173364330787,0.00442594519597641,0.621159367668248,1.97331855391824,2,27,"AT2G15820;AT3G23070;AT3G01370;AT2G20020;AT4G01037;AT1G70070;AT5G27270;AT1G23400;AT5G26742;AT4G01400;AT4G14510;AT3G22310;AT3G27750;AT3G23990;AT1G71310;AT2G39120","OSD-38",-0.52,"whole_seedling","dark",FALSE
"GO:0000387 (spliceosomal snRNP assembly)",0.0101131299280082,0.0370814764026968,0.575337694557834,1.70504548761662,58,20,"AT2G23930;AT1G54385;AT4G30330;AT1G76300;AT2G14285;AT1G13030;AT4G30220;AT1G20580;AT4G02840;AT3G07590;AT2G42510;AT2G18740;AT5G62290;AT1G15470","OSD-38",-0.52,"whole_seedling","dark",FALSE
"GO:0000398 (mRNA splicing, via spliceosome)",0.769390294483617,0.884452266451437,0.198560242965407,0.85893374737463,5564,139,"AT2G23930;AT5G48870;AT1G06960;AT4G24500;AT2G43810;AT4G14342;AT1G76300;AT3G11500;AT1G65700;AT1G07170;AT3G13210;AT1G09760;AT4G30220;AT3G61360;AT1G20580;AT1G76860;AT1G03330;AT4G20440;AT4G12600;AT1G06220;AT5G44200;AT3G13570;AT3G56790;AT4G38780;AT3G23325;AT2G47580;AT3G05760;AT4G22380;AT2G30260;AT3G07860;AT1G73720;AT1G01940;AT1G17070;AT3G59810;AT3G53500;AT5G44500;AT1G02330;AT5G41770;AT2G46610;AT5G62290;AT2G36130;AT4G31770;AT4G15900;AT4G38590;AT1G30480;AT4G21110;AT2G38770;AT2G43770","OSD-38",-0.52,"whole_seedling","dark",FALSE
"GO:0000423 (mitophagy)",0.000244259892525647,0.00322814047976846,-0.689357535036332,-2.22360503336232,0,21,"AT4G04620;AT2G31260;AT2G45170;AT4G21980;AT5G43930;AT2G44140;AT5G45900;AT3G59950;AT1G04140;AT2G32340;AT3G49590;AT4G16520;AT3G15580;AT3G18770;AT3G61710;AT2G05630","OSD-38",-0.52,"whole_seedling","dark",FALSE
"GO:0000462 (maturation of SSU-rRNA from tricistronic rRNA transcript (SSU-rRNA, 5.8S rRNA, LSU-rRNA))",0.0789163722025913,0.176544466376073,0.451439112382695,1.39690381211103,468,24,"AT2G47680;AT5G20290;AT5G43720;AT2G09990;AT3G10530;AT3G06530;AT1G07840;AT2G44820;AT1G15440;AT1G06720;AT5G18380;AT5G27990;AT1G12650;AT1G17690","OSD-38",-0.52,"whole_seedling","dark",FALSE
"GO:0000463 (maturation of LSU-rRNA from tricistronic rRNA transcript (SSU-rRNA, 5.8S rRNA, LSU-rRNA))",0.000860733344809778,0.0058419986594536,0.680118182967279,1.99139279403604,4,19,"AT2G01250;AT5G02610;AT3G09500;AT3G55170;AT2G39390;AT2G44120;AT1G80750;AT5G61770;AT4G28820;AT3G23620;AT1G65030;AT5G65900;AT2G40360;AT4G27010","OSD-38",-0.52,"whole_seedling","dark",FALSE
"GO:0000723 (telomere maintenance)",0.189290746829497,0.341151119992145,-0.416759096164508,-1.24326065624461,805,16,"AT1G16970;AT4G30870;AT3G20840;AT4G09680;AT5G13820;AT1G79950","OSD-38",-0.52,"whole_seedling","dark",FALSE
"GO:0000724 (double-strand break repair via homologous recombination)",0.0795437027901958,0.176544466376073,0.345802438994499,1.32059272753513,515,66,"AT5G38110;AT1G10930;AT5G64630;AT1G14750;AT4G00020;AT5G45010;AT5G01630;AT5G47870;AT5G61000;AT1G65470;AT2G30350;AT5G64520;AT5G21140;AT1G04020;AT5G08020;AT1G71310;AT1G64750;AT2G24490;AT1G27880;AT5G63690;AT5G55260;AT3G02920;AT2G45280;AT5G07660;AT3G05740;AT3G09660;AT2G14050;AT5G61460;AT3G23255;AT4G26110;AT3G19210;AT1G66740;AT1G07745","OSD-38",-0.52,"whole_seedling","dark",FALSE
"GO:0000902 (cell morphogenesis)",0.161932802216834,0.307479547066489,0.443155884048978,1.27907248615558,934,18,"AT5G15310;AT1G34350;AT1G11130;AT5G18410;AT1G71790;AT1G47870;AT3G20780;AT2G22640;AT1G20090","OSD-38",-0.52,"whole_seedling","dark",FALSE
"GO:0000911 (cytokinesis by cell plate formation)",0.0490680261271308,0.121810897545173,0.402235531959695,1.42903580665923,307,45,"AT4G26760;AT5G10470;AT5G66410;AT5G55230;AT4G00100;AT3G63130;AT5G18700;AT4G22970;AT3G05330;AT1G09630;AT5G13260;AT2G35190;AT1G50240;AT2G30410;AT5G05620;AT3G17360;AT4G39920;AT3G60740;AT3G19050","OSD-38",-0.52,"whole_seedling","dark",FALSE
"GO:0001510 (RNA methylation)",0.0162798753030828,0.0535389713575609,0.574154824572061,1.65717226226076,93,18,"AT3G13180;AT4G40000;AT5G26880;AT4G17610;AT4G15520;AT4G10760;AT4G26600;AT1G06560;AT4G25630","OSD-38",-0.52,"whole_seedling","dark",FALSE
"GO:0001522 (pseudouridine synthesis)",0.000344293337923911,0.00356436528598724,0.7119102846063,2.08448038336499,1,19,"AT3G06950;AT5G14460;AT4G21770;AT5G51140;AT1G09800;AT2G39140;AT1G76050","OSD-38",-0.52,"whole_seedling","dark",FALSE
"GO:0001666 (response to hypoxia)",0.0506363390197671,0.124733530095025,-0.357269085919379,-1.39999840478218,186,46,"AT4G24230;AT2G31810;AT3G48090;AT4G27780;AT3G52430;AT3G20770;AT1G35140;AT3G16770;AT1G43850;AT5G03730;AT2G32700;AT1G64280;AT5G25110;AT5G57090","OSD-38",-0.52,"whole_seedling","dark",FALSE
"GO:0002181 (cytoplasmic translation)",0.000159311773140035,0.0028480108563674,0.72734471083088,2.5840622047922,0,45,"AT4G00810;AT5G67510;AT3G05560;AT5G27770;AT1G41880;AT5G56710;AT1G07070;AT3G55750;AT1G67430;AT2G36620;AT4G10450;AT4G17390;AT3G06680;AT1G18540;AT2G37600;AT4G36130;AT3G06700;AT5G47700;AT3G49910;AT5G02450;AT3G53020;AT3G43980;AT4G26230;AT4G16720;AT1G27400;AT3G09200;AT1G74270;AT1G17470;AT1G72370;AT2G18020;AT1G74050;AT5G27470;AT5G01230;AT3G53740;AT2G19740;AT1G74060","OSD-38",-0.52,"whole_seedling","dark",FALSE
"GO:0002213 (defense response to insect)",0.0196478693544271,0.0617504465424853,-0.454748654530392,-1.57503324352712,76,28,"AT3G52430;AT5G10300;AT1G45145;AT4G08850;AT3G48520;AT3G28740;AT3G44260;AT3G62590;AT1G02660;AT5G65040;AT5G14180;AT3G10680;AT5G10290;AT2G35690;AT5G43580;AT5G44585;AT4G23100;AT5G57220","OSD-38",-0.52,"whole_seedling","dark",FALSE
"GO:0002221 (pattern recognition receptor signaling pathway)",0.000774993541720486,0.00546310832025118,-0.550641799711557,-1.94548100458315,2,30,"AT3G28690;AT5G24090;AT1G53570;AT1G61360;AT3G49120;AT1G61370;AT3G01300;AT2G39660;AT3G09830;AT5G15080;AT1G61460;AT1G61430;AT1G61420;AT1G61480;AT1G61550;AT5G03320;AT5G01540;AT1G06135;AT5G66850;AT5G13160;AT3G49110","OSD-38",-0.52,"whole_seedling","dark",FALSE
"GO:0002229 (defense response to oomycetes)",0.01243853051779,0.043132331249561,-0.357447153304739,-1.52610801593513,42,68,"AT3G45410;AT1G08720;AT5G60280;AT3G45330;AT4G33430;AT3G56400;AT1G51800;AT4G04960;AT5G01550;AT5G01560;AT3G59700;AT5G60270;AT2G37710;AT1G59870;AT5G24530;AT4G28350;AT5G59260;AT1G73805;AT1G15530;AT2G32800;AT3G59730;AT5G60300;AT4G02410;AT5G26920;AT3G59750;AT1G70130;AT5G12170;AT3G45440;AT3G53810;AT5G65600;AT4G10500;AT2G29220;AT4G29050;AT5G01540;AT4G39950;AT5G59270;AT5G03140;AT3G45390;AT3G44670","OSD-38",-0.52,"whole_seedling","dark",FALSE
"GO:0002237 (response to molecule of bacterial origin)",0.000264550264550265,0.00322814047976846,-0.633710361751352,-2.38362857886798,0,39,"AT1G08320;AT1G73260;AT1G80460;AT3G55450;AT1G66340;AT3G55150;AT5G06839;AT1G07000;AT1G16670;AT1G51800;AT1G62810;AT4G08850;AT3G05360;AT5G03280;AT1G69220;AT3G22600;AT2G42490;AT1G59870;AT1G59820;AT2G39660;AT3G25070;AT3G10490;AT3G50930","OSD-38",-0.52,"whole_seedling","dark",FALSE
"GO:0002238 (response to molecule of fungal origin)",0.00375763269140442,0.0180022131656366,-0.617287972193011,-1.84147114355399,15,16,"AT1G73260;AT1G07000;AT1G51800;AT3G05360;AT1G59870;AT1G59820;AT4G27320;AT1G66700;AT3G10985;AT5G10380;AT3G19260","OSD-38",-0.52,"whole_seedling","dark",FALSE
"GO:0002239 (response to oomycetes)",0.0226656812022666,0.0682108707879532,-0.470255462959835,-1.57909923312475,91,24,"AT3G01290;AT5G60950;AT2G39210;AT4G38540;AT1G51800;AT1G02360;AT4G35985;AT1G59870;AT5G24530;AT4G02520;AT3G16530;AT2G02930;AT5G20230;AT4G10500;AT3G44480;AT5G09440;AT5G58950;AT3G11340;AT4G01700","OSD-38",-0.52,"whole_seedling","dark",FALSE
"GO:0003333 (amino acid transmembrane transport)",0.00184259015530403,0.0104961832061069,-0.480012908292679,-1.79382446310061,6,38,"AT5G63850;AT5G09220;AT2G40420;AT3G30390;AT1G47670;AT2G38120;AT1G25530;AT1G77380;AT3G11900;AT5G41800;AT5G40780;AT3G56200;AT4G38250","OSD-38",-0.52,"whole_seedling","dark",FALSE
"GO:0005975 (carbohydrate metabolic process)",0.173084453726668,0.318235969676121,0.25036762864708,1.14710620418702,1325,221,"AT2G36870;AT3G61490;AT5G18070;AT2G39930;AT4G29360;AT1G60090;AT1G45191;AT4G23500;AT3G18080;AT5G51820;AT1G64770;AT3G29320;AT5G66530;AT2G40690;AT5G17520;AT3G20440;AT3G13560;AT5G40610;AT5G08380;AT5G42100;AT5G61410;AT3G46970;AT4G34700;AT5G26000;AT5G64380;AT3G61610;AT1G22650;AT2G05790;AT3G62110;AT3G15720;AT1G11820;AT3G02570;AT3G55440;AT4G01040;AT1G09780;AT3G07320;AT5G58480;AT1G10640;AT2G28100;AT1G55370;AT1G48100;AT1G05590;AT5G18220;AT5G49215;AT3G54690;AT4G23820","OSD-38",-0.52,"whole_seedling","dark",FALSE
"GO:0005982 (starch metabolic process)",0.0450919181408255,0.114161284816852,0.554293241952484,1.52578829304588,259,15,"AT3G52180;AT5G03650;AT5G26570;AT4G18240;AT1G42430","OSD-38",-0.52,"whole_seedling","dark",FALSE
"GO:0005983 (starch catabolic process)",0.000173190162798753,0.0028480108563674,0.755293803289816,2.15108444434476,0,17,"AT3G52180;AT1G69830;AT5G04360;AT5G64860;AT5G17520;AT5G26570;AT2G40840;AT2G40220;AT3G01510;AT1G10760","OSD-38",-0.52,"whole_seedling","dark",FALSE
"GO:0005985 (sucrose metabolic process)",0.780230326295585,0.887347449038421,-0.248189338121416,-0.789700097156659,3251,20,"AT1G22710;AT5G37180;AT1G73370;AT3G22200;AT4G02280","OSD-38",-0.52,"whole_seedling","dark",FALSE
"GO:0005992 (trehalose biosynthetic process)",0.0203405865657521,0.0629965739269411,-0.530878772843063,-1.64063687693595,85,18,"AT2G18700;AT1G23870;AT1G70290;AT1G68020;AT1G78090;AT4G39770;AT1G60140;AT1G06410","OSD-38",-0.52,"whole_seedling","dark",FALSE
"GO:0006002 (fructose 6-phosphate metabolic process)",0.151578217134929,0.29394195298506,0.473487408682661,1.30335622084774,873,15,"AT3G55800;AT4G32840;AT5G64380;AT3G54050","OSD-38",-0.52,"whole_seedling","dark",FALSE
"GO:0006006 (glucose metabolic process)",0.160781624957148,0.306205005142269,0.42883659545361,1.27088127358836,937,20,"AT5G13110;AT5G64860;AT1G42970;AT4G26850;AT2G19860;AT3G26650;AT5G15140;AT1G12900;AT5G35790","OSD-38",-0.52,"whole_seedling","dark",FALSE
"GO:0006012 (galactose metabolic process)",0.0134815515610218,0.0464931345726048,-0.556875763115464,-1.6906640970324,56,17,"AT1G12780;AT2G47180;AT1G63180;AT4G20460;AT5G44480;AT4G10960","OSD-38",-0.52,"whole_seedling","dark",FALSE
"GO:0006094 (gluconeogenesis)",0.00151924375422012,0.00897479180733738,0.621446469844728,1.88723552624271,8,22,"AT3G12780;AT3G55800;AT4G38970;AT1G13440;AT5G64380;AT1G56190;AT3G54050;AT2G21170;AT3G55440;AT4G26520;AT5G42740;AT1G79550;AT2G21330","OSD-38",-0.52,"whole_seedling","dark",FALSE
"GO:0006096 (glycolytic process)",0.00223036482396049,0.0118581063140566,0.496510088200015,1.76396821769701,13,45,"AT3G12780;AT4G26390;AT4G38970;AT1G13440;AT4G32840;AT1G56190;AT2G21170;AT2G19860;AT3G55440;AT1G09780;AT5G08570;AT4G26520;AT2G36530;AT2G36580;AT3G52990;AT5G42740;AT1G79550;AT2G21330","OSD-38",-0.52,"whole_seedling","dark",FALSE
"GO:0006098 (pentose-phosphate shunt)",0.568392183750429,0.731117365388656,0.312433052668663,0.925912853744788,3315,20,"AT4G38970;AT3G60750;AT5G61410","OSD-38",-0.52,"whole_seedling","dark",FALSE
"GO:0006099 (tricarboxylic acid cycle)",0.259794476557482,0.435036420062136,0.328744777319259,1.14219100097596,1617,40,"AT2G46505;AT5G58330;AT3G47833;AT5G09600;AT1G08480;AT2G05710;AT2G46390;AT5G23250;AT2G42790;AT1G47420;AT2G47510;AT5G67490;AT5G43330;AT5G62575","OSD-38",-0.52,"whole_seedling","dark",FALSE
"GO:0006108 (malate metabolic process)",0.0489206128133705,0.121810897545173,0.538935888134905,1.50800311847258,280,16,"AT3G47520;AT1G53240;AT2G22780;AT5G12040;AT5G58330;AT5G09660;AT3G15020;AT2G47510;AT5G43330","OSD-38",-0.52,"whole_seedling","dark",FALSE
"GO:0006260 (DNA replication)",0.000160565189466924,0.0028480108563674,0.571087697730604,1.98418735176592,0,40,"AT1G10930;AT4G18820;AT2G37560;AT5G44785;AT2G40550;AT2G21790;AT4G12620;AT5G52950;AT4G29910;AT1G21690;AT5G16690;AT4G20010;AT2G31270;AT1G26840;AT2G01120;AT4G14700;AT1G14460;AT1G08130;AT1G24290;AT3G54710;AT4G11060;AT3G18580;AT1G47720;AT2G24490","OSD-38",-0.52,"whole_seedling","dark",FALSE
"GO:0006261 (DNA-templated DNA replication)",0.002031144211239,0.0112684348414824,0.630105718442194,1.89498212215802,11,21,"AT4G18820;AT3G42660;AT2G40550;AT1G21690;AT3G49180;AT1G14460;AT1G50840;AT1G24290;AT1G77470;AT5G13060;AT5G27740;AT1G63160;AT5G49010;AT4G24790;AT5G22110","OSD-38",-0.52,"whole_seedling","dark",FALSE
"GO:0006270 (DNA replication initiation)",0.000168804861580014,0.0028480108563674,0.766898166963585,2.32894953295932,0,22,"AT2G07690;AT2G29680;AT2G16440;AT4G12620;AT4G02060;AT1G67630;AT1G67320;AT1G44900;AT5G44635;AT4G29910;AT5G16690;AT5G46280;AT1G26840;AT1G07270;AT1G79150;AT2G01120;AT4G14700;AT3G25100","OSD-38",-0.52,"whole_seedling","dark",FALSE
"GO:0006281 (DNA repair)",0.48120405049244,0.661682994069236,0.229274937399162,0.989904654811769,3468,137,"AT1G14410;AT2G02740;AT4G30825;AT3G22880;AT1G10930;AT3G46940;AT4G18820;AT5G58760;AT3G42660;AT5G52910;AT5G63920;AT1G08390;AT2G22140;AT1G79050;AT1G71260;AT3G10140;AT1G21690;AT1G77600;AT4G17760;AT3G14890;AT1G14460;AT1G21710;AT1G08260;AT2G28130;AT3G05480;AT4G10180;AT5G49110;AT1G04020;AT2G01440;AT5G08020;AT1G77470;AT1G71310;AT2G27120;AT5G27740;AT2G24490;AT1G63160;AT3G20010","OSD-38",-0.52,"whole_seedling","dark",FALSE
"GO:0006284 (base-excision repair)",0.996770186335404,1,-0.144770159719517,-0.48879910933668,4011,25,"AT1G80420;AT1G13635;AT3G12040;AT1G75090;AT3G50880;AT3G12710;AT1G05900;AT3G10010;AT5G04560;AT5G57970;AT4G36050;AT2G31450;AT3G07930;AT2G41460;AT1G75230;AT4G12740;AT3G18630;AT1G52500;AT1G19480;AT2G36490;AT1G15970;AT5G44680;AT1G21710;AT3G48425;AT1G80850","OSD-38",-0.52,"whole_seedling","dark",FALSE
"GO:0006289 (nucleotide-excision repair)",0.989759427828348,1,0.15937464033221,0.533607565359311,6088,34,"AT1G18340;AT1G16190;AT2G06040;AT5G61000;AT1G20720;AT1G21710;AT5G08020;AT2G24490;AT1G79650;AT3G02920","OSD-38",-0.52,"whole_seedling","dark",FALSE
"GO:0006298 (mismatch repair)",0.0409295872355186,0.106583986352085,0.560807177625294,1.54371903085573,235,15,"AT2G25100;AT1G07370;AT2G29570;AT3G18524;AT3G24320;AT4G25540;AT3G24495;AT1G65070","OSD-38",-0.52,"whole_seedling","dark",FALSE
"GO:0006302 (double-strand break repair)",0.924371859296482,0.968389566882029,-0.197377214157673,-0.68004115554141,3678,27,"AT5G16270;AT5G57160;AT1G80210;AT5G40840;AT3G06820;AT1G10520","OSD-38",-0.52,"whole_seedling","dark",FALSE
"GO:0006303 (double-strand break repair via nonhomologous end joining)",0.360009442870633,0.553460300124009,-0.366766343896335,-1.0732725105632,1524,15,"AT1G16970;AT1G80420;AT5G57160;AT3G26680;AT1G10520;AT3G48190;AT3G23100","OSD-38",-0.52,"whole_seedling","dark",FALSE
"GO:0006310 (DNA recombination)",0.22799734307539,0.397188588339318,0.373915962245405,1.18786795194744,1372,27,"AT1G10930;AT5G64630;AT5G63920;AT2G22140;AT1G77600;AT1G65470","OSD-38",-0.52,"whole_seedling","dark",FALSE
"GO:0006325 (chromatin organization)",0.59990229604299,0.753855333300729,-0.282546371309323,-0.911387054568943,2455,21,"AT1G04400;AT1G08600;AT1G21610;AT5G17690;AT1G20900","OSD-38",-0.52,"whole_seedling","dark",FALSE
"GO:0006334 (nucleosome assembly)",0.998684859444353,1,0.137780712561175,0.442609038215138,6074,28,"AT5G64630;AT1G65470;AT1G14900;AT3G49850;AT5G08780","OSD-38",-0.52,"whole_seedling","dark",FALSE
"GO:0006338 (chromatin remodeling)",0.824599260172626,0.910197799290892,-0.188685855921757,-0.835969552818897,2674,83,"AT1G02580;AT1G06230;AT1G30810;AT5G08230;AT1G08620;AT5G04240;AT1G04400;AT5G63950;AT3G57300;AT1G63490;AT1G56460;AT4G02020;AT3G22990;AT3G63070;AT5G46910;AT1G17790;AT3G44530;AT2G44980","OSD-38",-0.52,"whole_seedling","dark",FALSE
"GO:0006351 (DNA-templated transcription)",0.832201889020071,0.912276297585576,0.199753978390316,0.806622585024888,5638,90,"AT2G06200;AT1G68640;AT4G34530;AT3G13960;AT2G24120;AT1G54250;AT5G53660;AT2G41340;AT2G25640;AT5G38860;AT3G18090;AT4G37740;AT3G59600;AT1G01210;AT1G18400;AT2G40030;AT5G45140;AT4G07950;AT2G15430;AT2G16770;AT4G16265;AT3G25940;AT4G11560;AT5G51940;AT3G50750;AT3G52910;AT5G49530;AT2G36400;AT4G00050;AT4G36540;AT2G29540;AT3G49000;AT3G57080;AT1G63020","OSD-38",-0.52,"whole_seedling","dark",FALSE
"GO:0006352 (DNA-templated transcription initiation)",0.00378102909748479,0.0180022131656366,0.543404670609113,1.74564214503626,22,28,"AT1G08540;AT2G36990;AT1G64860;AT1G54140;AT4G15950;AT4G14660;AT3G10070;AT3G22900;AT2G45100;AT4G31720;AT3G57290;AT3G53920;AT5G13730","OSD-38",-0.52,"whole_seedling","dark",FALSE
"GO:0006357 (regulation of transcription by RNA polymerase II)",0.504950495049505,0.676891149287304,-0.186163061260739,-0.987346929720499,1019,275,"AT1G05805;AT4G02590;AT1G17590;AT3G20640;AT5G51780;AT2G24260;AT4G18880;AT1G61660;AT3G16940;AT1G67310;AT1G06230;AT1G66470;AT3G57230;AT1G72830;AT4G25400;AT4G37940;AT3G05690;AT5G25830;AT1G79000;AT2G22300;AT1G62990;AT5G51790;AT5G64220;AT5G10140;AT5G25520;AT4G29100;AT4G16150;AT5G41410;AT4G00450;AT1G71200;AT3G20910;AT4G34680;AT2G35940;AT3G24050;AT3G05380;AT4G25410;AT3G22990;AT1G75410;AT5G44180;AT1G79020;AT5G04670;AT5G45710;AT2G42280;AT4G33890;AT1G62310;AT1G05710;AT1G17790;AT3G04740;AT1G05830;AT1G65330;AT2G31730;AT5G27610;AT4G32620;AT2G22630;AT1G71692;AT3G56980;AT1G27630","OSD-38",-0.52,"whole_seedling","dark",FALSE
"GO:0006364 (rRNA processing)",0.000147688672278836,0.0028480108563674,0.54472263920043,2.18606558190499,0,86,"AT5G66470;AT5G18570;AT1G49970;AT3G19810;AT5G46420;AT1G70200;AT3G17170;AT1G09340;AT1G48830;AT1G29250;AT5G10620;AT1G12244;AT5G13650;AT3G52905;AT3G63140;AT2G04270;AT1G16280;AT2G34160;AT5G16130;AT3G02560;AT5G43720;AT2G17250;AT4G01560;AT4G14510;AT3G49180;AT2G43190;AT1G25260;AT5G61770;AT2G19385;AT5G48240;AT2G40430;AT3G23620;AT4G25630;AT1G04635;AT4G02400;AT3G15080;AT4G04940;AT5G15750;AT5G53770;AT5G02250;AT1G63810;AT1G59760;AT3G15460;AT3G07170;AT3G11964;AT5G38720","OSD-38",-0.52,"whole_seedling","dark",FALSE
"GO:0006366 (transcription by RNA polymerase II)",1,1,0.103574230095982,0.324195152682557,5976,25,"AT2G41340;AT3G52090","OSD-38",-0.52,"whole_seedling","dark",FALSE
"GO:0006367 (transcription initiation at RNA polymerase II promoter)",0.619294349864298,0.768696099637008,-0.272630666417799,-0.901279948115694,2509,23,"AT1G07470;AT1G03280;AT1G75510;AT1G07480;AT5G41360;AT5G43130;AT5G41370;AT1G27720;AT1G73960;AT4G12610","OSD-38",-0.52,"whole_seedling","dark",FALSE
"GO:0006368 (transcription elongation by RNA polymerase II)",0.61525069637883,0.768279010221534,0.316526201216406,0.885675845719777,3533,16,"AT5G63670;AT5G08565;AT2G38560;AT5G04290;AT2G42780;AT5G38050;AT1G65440","OSD-38",-0.52,"whole_seedling","dark",FALSE
"GO:0006396 (RNA processing)",0.00306654400490647,0.0152158359170045,0.432392391034358,1.65734256831477,19,67,"AT1G55140;AT4G37510;AT1G49970;AT3G27180;AT3G13740;AT4G38020;AT2G29670;AT1G54770;AT3G59040;AT3G21300;AT1G03560;AT5G30495;AT5G26880;AT2G04270;AT5G36170;AT4G24770;AT1G13030;AT3G53460;AT3G17040;AT4G15520;AT1G73840;AT4G26000;AT3G43920;AT4G26600;AT5G13770","OSD-38",-0.52,"whole_seedling","dark",FALSE
"GO:0006397 (mRNA processing)",0.0293545005241875,0.0803784177443417,0.365280985769649,1.43490309183238,195,75,"AT5G02830;AT2G07340;AT4G39620;AT1G08780;AT5G50280;AT1G70070;AT5G27270;AT1G10910;AT5G42310;AT4G21900;AT3G14080;AT3G17040;AT4G01400;AT2G16650;AT3G09650;AT5G28460;AT5G23290;AT2G35130;AT5G61780;AT5G13480;AT5G49510;AT4G28010;AT4G19890;AT1G04080;AT3G62470;AT4G25550;AT3G16890;AT1G79540;AT2G06990;AT5G15280;AT3G22480;AT3G04680;AT3G60050;AT5G07350;AT5G14820","OSD-38",-0.52,"whole_seedling","dark",FALSE
"GO:0006400 (tRNA modification)",0.58934736149926,0.745898136748209,0.285171356310798,0.916089178209083,3584,28,"AT5G14460;AT5G20040;AT5G54880;AT5G24840;AT4G36390;AT1G03110;AT3G56330;AT5G47680;AT1G78010;AT1G48175;AT1G01760;AT5G15810;AT1G13870;AT2G41750","OSD-38",-0.52,"whole_seedling","dark",FALSE
"GO:0006401 (RNA catabolic process)",0.21883704735376,0.385685182905246,0.433921530182365,1.2141611555169,1256,16,"AT2G39440;AT3G03710;AT2G39780;AT4G04880;AT4G20325;AT1G59760;AT5G63980;AT1G60080;AT1G76630;AT2G06990","OSD-38",-0.52,"whole_seedling","dark",FALSE
"GO:0006402 (mRNA catabolic process)",0.982181879307447,1,0.175792216202255,0.53986342687132,5842,23,"AT3G03710;AT3G20390;AT5G61780;AT5G02250;AT5G14580","OSD-38",-0.52,"whole_seedling","dark",FALSE
"GO:0006406 (mRNA export from nucleus)",0.79740949850548,0.894430568975261,0.24466752319597,0.777267458552907,4801,27,"AT5G45010;AT5G02530;AT5G42920;AT5G05680;AT3G02950;AT1G64750;AT2G21660;AT1G33410;AT5G16790;AT2G19430;AT5G09860;AT3G54380;AT5G37720","OSD-38",-0.52,"whole_seedling","dark",FALSE
"GO:0006412 (translation)",0.000125423303649818,0.0028480108563674,0.718182759451071,3.37535516912543,0,278,"AT3G20230;AT3G27160;AT5G67510;AT3G11510;AT3G05560;AT1G26880;AT1G05190;AT3G10610;AT5G30510;AT5G14320;AT1G77750;AT3G08010;AT2G24090;AT5G54600;AT1G75350;AT5G47190;AT1G32990;AT5G02870;AT5G27770;AT4G28360;AT2G33450;AT5G20180;AT3G13120;AT5G13510;AT1G35680;AT1G41880;AT4G17560;AT2G39460;AT5G56710;AT4G31850;AT1G07070;AT2G40590;AT1G64510;AT4G14320;AT3G22230;AT1G48350;AT5G59850;AT5G56670;AT3G27830;AT3G63490;AT3G55750;AT3G53890;AT3G59540;AT3G15190;AT5G64670;AT3G46040;AT1G70600;AT3G16080;AT1G29070;AT5G17870;AT3G25920;AT1G16740;AT5G02610;AT2G36170;AT5G64140;AT2G45710;AT3G07110;AT4G15000;AT1G48830;AT3G56020;AT5G64650;AT4G18100;AT1G74970;AT1G78630;AT4G37660;AT3G54210;AT3G44890;AT3G03600;AT5G40950;AT5G15760;AT2G40510;AT5G47930;AT3G52580;AT5G22440;AT1G07210;AT1G23290;AT5G61170;AT1G68590;AT2G43030;AT1G67430;AT3G60770;AT1G69620;AT1G64880;AT4G31700;AT3G05590;AT3G61110;AT4G29430;AT1G09690;AT3G53430;AT5G53070;AT2G19730;AT4G13170;AT4G31985;AT2G32220;AT3G09500;AT1G26740;AT1G29965;AT5G02960;AT4G10450;AT3G47370;AT4G00100;AT4G17390;AT4G23620;AT5G47320;AT3G06680;AT4G36420;AT2G18400;AT3G04400;AT3G48930;AT3G25520;AT3G56340;AT1G18540;AT2G32060;AT4G34620;AT5G39800;AT5G46430;AT5G45590;AT2G37600;AT3G60245;AT2G19720;AT3G24830;AT4G33865;AT5G23740;AT5G15200;AT2G31610;AT1G52300;AT5G46160;AT3G55170;AT5G18790;AT5G27820;AT4G36130;AT3G06700;AT4G18730;AT4G29410;AT5G39740;AT3G27850;AT5G23535;AT3G49910;AT1G52370;AT3G12370;AT3G62250;AT5G65220;AT5G40080;AT3G16780;AT5G09770;AT4G01310;AT3G53870;AT3G22300;AT2G20450;AT2G27530;AT5G20290;AT5G62300;AT3G04920;AT5G02450;AT3G06040;AT2G33800;AT2G05220;AT5G04800;AT5G07090;AT2G42710;AT5G16130;AT2G34480;AT3G02560;AT4G26230;AT1G47278;AT3G55280;AT3G14600;AT2G37270;AT4G16720;AT4G27090;AT5G60670;AT5G48760;AT1G27400;AT1G79850;AT1G08360;AT3G49010;AT2G39390;AT1G17560;AT2G17360;AT1G74270;AT5G27850;AT5G28060;AT2G42740;AT5G15520;AT3G28900;AT1G14320;AT3G49080;AT2G36160;AT1G07320;AT2G07696;AT3G52590;AT1G04270;AT5G23900;AT5G27700;AT1G02780;AT2G18020;AT5G09510;AT2G09990;AT4G09800;AT1G74050;AT3G01790;AT4G39880;AT1G15810;AT2G47110;AT5G66860;AT5G03850;AT3G53740;AT1G15250;AT2G04390;AT3G57490;AT2G19740;AT3G26360;AT1G15930;AT5G61770;AT5G56940;AT4G30930;AT3G57290;AT1G74060;AT2G20060;AT5G58420;AT1G31817;AT2G41840;AT1G49400;AT1G80620;AT3G11940;AT4G11630;AT2G43310;AT3G13882","OSD-38",-0.52,"whole_seedling","dark",FALSE
"GO:0006413 (translational initiation)",0.0303511838550771,0.082400235317188,0.423125568416833,1.49873720957944,190,44,"AT1G17220;AT2G24050;AT5G35620;AT1G22780;AT3G46610;AT2G39990;AT4G18040;AT3G57290;AT3G11400;AT1G26630;AT4G20980;AT1G10840;AT5G05470;AT5G06000;AT5G25757;AT3G07300;AT1G72340;AT1G16720;AT4G27130;AT4G19210;AT2G40780;AT1G29550;AT4G11420;AT5G25780;AT2G40290","OSD-38",-0.52,"whole_seedling","dark",FALSE
"GO:0006414 (translational elongation)",0.0413095646211862,0.107136187919987,0.509871910277366,1.51103396857913,240,20,"AT4G00810;AT1G62750;AT3G08740;AT5G47700;AT5G57290;AT2G18110;AT5G19510;AT4G25890;AT1G26630;AT5G60390;AT1G01100","OSD-38",-0.52,"whole_seedling","dark",FALSE
"GO:0006417 (regulation of translation)",0.399896085902321,0.589223332114736,0.366444308447542,1.04363712264924,2308,17,"AT1G48630;AT4G14000;AT1G64790;AT5G18410;AT3G17040","OSD-38",-0.52,"whole_seedling","dark",FALSE
"GO:0006457 (protein folding)",0.000137835975189524,0.0028480108563674,0.445871171376285,1.94647664835489,0,150,"AT3G62030;AT5G13120;AT2G30695;AT1G36390;AT5G55220;AT2G04030;AT2G44650;AT2G07340;AT2G18390;AT5G49910;AT4G39960;AT2G22360;AT3G17830;AT1G26230;AT3G60210;AT4G24280;AT1G55490;AT4G02450;AT1G80030;AT2G33210;AT1G12060;AT1G68730;AT5G20720;AT1G08780;AT4G34870;AT4G35450;AT5G17710;AT2G28000;AT4G10250;AT1G56260;AT4G26780;AT4G21870;AT3G56070;AT5G16070;AT3G07770;AT5G18820;AT1G23100;AT5G23290;AT2G16600;AT2G38730;AT5G02500;AT1G33360;AT5G49510;AT3G23990;AT2G30410;AT5G56000;AT1G14980;AT4G39920;AT1G53540;AT5G58740;AT3G60740;AT1G79930;AT1G01940;AT3G54826;AT4G34960;AT1G21750;AT3G03960;AT4G32420;AT4G24190;AT3G13860;AT5G07340;AT2G36130;AT3G22480;AT1G54050;AT3G55920;AT1G16030;AT5G58110;AT3G11830;AT2G21130;AT1G61770;AT3G44600;AT3G63400;AT4G33060","OSD-38",-0.52,"whole_seedling","dark",FALSE
"GO:0006465 (signal peptide processing)",0.0291395269112101,0.0803784177443417,0.524900691810419,1.55557260454839,169,20,"AT3G24590;AT1G34640;AT1G73990;AT1G53530;AT1G29960;AT2G31140;AT5G27430;AT4G04200;AT2G39960;AT3G05230","OSD-38",-0.52,"whole_seedling","dark",FALSE
"GO:0006468 (protein phosphorylation)",0.000545851528384279,0.0045227698066126,-0.459941604903174,-2.48554918691934,0,326,"AT4G26540;AT1G49160;AT4G38470;AT1G52540;AT5G58350;AT2G01830;AT5G35580;AT3G27580;AT5G28080;AT1G07560;AT1G51830;AT4G24480;AT1G48490;AT3G28690;AT2G39110;AT2G35050;AT1G70250;AT2G19130;AT1G45160;AT1G30640;AT1G79620;AT1G10940;AT5G41990;AT3G20410;AT5G02800;AT2G24360;AT2G37050;AT2G17290;AT1G59580;AT5G44290;AT4G01330;AT1G53570;AT1G51790;AT1G55610;AT5G58520;AT2G23200;AT1G56145;AT2G37840;AT2G16750;AT4G18640;AT5G11850;AT1G60940;AT2G33170;AT1G51860;AT1G51850;AT3G59350;AT2G28960;AT4G37250;AT2G30740;AT4G24100;AT4G31250;AT1G56140;AT1G34300;AT3G17410;AT5G18525;AT5G65240;AT3G51550;AT3G08720;AT3G46930;AT1G70520;AT4G19110;AT5G45840;AT1G22870;AT1G18160;AT2G43790;AT3G06620;AT2G02800;AT4G10730;AT1G51800;AT5G65710;AT4G39400;AT3G23310;AT4G20140;AT4G21230;AT5G57035;AT2G42640;AT3G21630;AT4G08850;AT5G01950;AT1G13350;AT1G69220;AT1G06840;AT3G61160;AT5G48740;AT3G17420;AT1G72710;AT1G76360;AT5G35980;AT3G28450;AT3G46920;AT1G51890;AT4G18710;AT2G23300;AT4G24400;AT4G14780;AT5G16900;AT1G07650;AT1G64300;AT3G45640;AT1G14370;AT5G49760;AT1G53165;AT1G35670;AT4G28350;AT1G25320;AT2G30360;AT3G53930;AT5G26751;AT1G48210;AT2G39660;AT5G07150;AT4G14340;AT2G43230;AT3G45240;AT1G74360;AT5G14720;AT3G58760;AT5G24010;AT4G29180;AT2G13800;AT3G24550;AT2G39840;AT5G49780;AT2G13790;AT3G25070;AT4G35230;AT1G11050;AT5G66880;AT5G10290;AT1G63500;AT4G18950;AT2G20635;AT1G77280;AT1G67890;AT3G04530;AT5G48940;AT1G07150;AT3G29160;AT1G08650;AT4G28650;AT3G58640;AT4G35500;AT2G33580;AT3G24660;AT3G24715;AT5G47080;AT5G60550;AT2G32800;AT1G74330;AT5G01850;AT4G26890;AT3G17850;AT3G63260;AT3G20860;AT1G16440;AT3G04910;AT1G27190;AT4G00970;AT2G17700;AT2G05940;AT5G18190","OSD-38",-0.52,"whole_seedling","dark",FALSE
"GO:0006470 (protein dephosphorylation)",0.00291390728476821,0.0147296297198882,-0.456474691828212,-1.74468024557,10,41,"AT2G35680;AT3G16800;AT4G18140;AT5G46410;AT4G31750;AT3G09100;AT3G55270;AT3G05580;AT3G23610;AT5G11860;AT1G22280;AT5G56610;AT2G39840;AT3G25800;AT5G59160;AT1G64040;AT5G27840;AT2G33540","OSD-38",-0.52,"whole_seedling","dark",FALSE
"GO:0006486 (protein glycosylation)",0.780253791395853,0.887347449038421,-0.1923091706153,-0.860838083903008,2520,87,"AT1G14080;AT5G25820;AT2G01480;AT2G28110;AT2G31990;AT1G74680;AT1G27520;AT1G27440;AT3G55830;AT1G63450;AT2G17570;AT1G49710;AT2G15390;AT5G03795;AT1G30000;AT5G33290;AT3G03650;AT2G35610;AT5G62620;AT4G18270;AT3G42180;AT3G57630;AT1G80290;AT4G32790;AT3G45040;AT5G04500;AT4G38240","OSD-38",-0.52,"whole_seedling","dark",FALSE
"GO:0006487 (protein N-linked glycosylation)",0.403072899640405,0.592535737259398,0.321974941349652,1.04123977416701,2465,29,"AT2G44660;AT1G32210;AT2G45790;AT1G61790;AT1G11755;AT2G35520;AT5G38460;AT1G76400;AT4G21150","OSD-38",-0.52,"whole_seedling","dark",FALSE
"GO:0006499 (N-terminal protein myristoylation)",0.309668874172185,0.491464531646404,-0.28483442526865,-1.08865837234963,1168,41,"AT5G21170;AT2G15310;AT1G12290;AT1G12220;AT3G03120;AT1G67800;AT3G54840;AT3G49370;AT1G52320;AT3G19240;AT1G63350;AT5G24270;AT5G39950;AT5G24430;AT4G39910;AT4G20260","OSD-38",-0.52,"whole_seedling","dark",FALSE
"GO:0006506 (GPI anchor biosynthetic process)",0.998822143698469,1,0.139185209315536,0.43068565427606,5935,24,"AT1G61280;AT5G22130;AT3G45100;AT2G34980;AT2G27340;AT1G74340;AT3G58130;AT1G48140;AT3G01380","OSD-38",-0.52,"whole_seedling","dark",FALSE
"GO:0006508 (proteolysis)",0.064327485380117,0.148162222644457,0.315163301595143,1.31286034023127,450,108,"AT2G23010;AT3G24590;AT5G27290;AT2G27420;AT5G05740;AT3G16290;AT1G49970;AT2G30950;AT4G23940;AT1G50250;AT4G17040;AT5G36950;AT5G64580;AT5G39830;AT3G02450;AT1G12410;AT5G42270;AT3G04340;AT1G67690;AT4G22970;AT3G12203;AT2G19170;AT5G36210;AT2G21960;AT5G04710","OSD-38",-0.52,"whole_seedling","dark",FALSE
"GO:0006511 (ubiquitin-dependent protein catabolic process)",0.000444642063139173,0.00417178876886459,-0.346422148052868,-1.80920609091105,0,232,"AT5G02880;AT1G18910;AT1G12760;AT1G77000;AT4G19670;AT5G66160;AT1G74770;AT4G36410;AT5G56150;AT3G17000;AT4G24015;AT1G32340;AT5G02310;AT5G57740;AT3G23280;AT3G61790;AT1G17280;AT5G20620;AT1G43140;AT4G03510;AT2G40930;AT4G12570;AT4G25230;AT4G24390;AT3G53090;AT2G23780;AT5G01720;AT5G01450;AT2G01735;AT3G61180;AT2G42620;AT2G36370;AT3G18290;AT2G17200;AT1G71980;AT5G25560;AT2G25490;AT1G80570;AT3G55530;AT2G22010;AT5G63760;AT1G19310;AT2G20160;AT1G68070;AT3G08690;AT2G29070;AT5G01520;AT1G75440;AT4G11260;AT3G53970;AT3G58720;AT3G02300;AT5G22920;AT1G65430;AT5G03240;AT3G02340;AT1G14400;AT5G47430;AT5G15400;AT5G05080;AT4G02570;AT1G49850;AT2G02760;AT4G38600;AT3G13672;AT3G24800;AT4G33210;AT1G26830;AT3G58030;AT5G60820;AT1G05890;AT4G15420;AT5G48655;AT4G30640;AT2G16740;AT3G58040;AT5G57360;AT2G30110;AT4G23570;AT4G34370;AT5G25350;AT1G29150;AT5G53360;AT2G31510;AT5G45360;AT3G21860;AT4G09560;AT3G62970","OSD-38",-0.52,"whole_seedling","dark",FALSE
"GO:0006520 (amino acid metabolic process)",0.516137566137566,0.683186238995368,-0.256297751862005,-0.964034491008679,1950,39,"AT4G28410;AT5G18170;AT1G35580;AT5G07440;AT1G08630;AT1G44180;AT4G11280;AT1G62800;AT4G08040;AT4G28420;AT3G49700;AT1G34040;AT4G26200;AT2G20610;AT1G80360","OSD-38",-0.52,"whole_seedling","dark",FALSE
"GO:0006606 (protein import into nucleus)",0.911566459962254,0.961288266869286,-0.188322077182834,-0.729416187543241,3380,44,"AT3G06720;AT3G17340;AT5G62600;AT3G59020;AT5G03070;AT1G09270;AT1G02690;AT3G08943;AT2G46520;AT2G16950;AT5G53480;AT2G31660;AT4G32910;AT1G10390;AT3G01340","OSD-38",-0.52,"whole_seedling","dark",FALSE
"GO:0006612 (protein targeting to membrane)",0.589165370658372,0.745898136748209,-0.254959260634837,-0.922146169250487,2272,33,"AT5G20350;AT3G56930;AT3G48760;AT3G18620;AT3G52400;AT4G15080;AT3G22180;AT3G09740;AT3G04970;AT4G24630","OSD-38",-0.52,"whole_seedling","dark",FALSE
"GO:0006623 (protein targeting to vacuole)",0.000261301280376274,0.00322814047976846,-0.53705842449691,-1.97978669247,0,36,"AT1G30900;AT4G20110;AT4G29380;AT5G18525;AT2G14720;AT1G08190;AT3G54300;AT5G39510;AT2G34940;AT4G00800;AT4G23700;AT3G47700;AT2G32760;AT2G26890;AT4G35870;AT5G16830;AT3G52850;AT3G61710;AT1G09070;AT5G11710;AT1G24460;AT3G53120;AT1G48090;AT1G26670;AT5G24740","OSD-38",-0.52,"whole_seedling","dark",FALSE
"GO:0006629 (lipid metabolic process)",0.00113765642775882,0.00725824800910125,-0.427555907894006,-1.80579926347147,3,65,"AT3G51730;AT5G42870;AT5G18630;AT1G53940;AT4G34920;AT3G48090;AT1G73920;AT3G01420;AT1G11910;AT2G30550;AT1G56630;AT4G19860;AT5G18640;AT4G04460;AT3G03310;AT5G13640;AT2G05260;AT3G54320;AT5G24230;AT1G18460;AT5G14180","OSD-38",-0.52,"whole_seedling","dark",FALSE
"GO:0006631 (fatty acid metabolic process)",0.0464195183776933,0.116594979907514,0.397897555760431,1.4271330408007,292,47,"AT1G08640;AT2G47240;AT3G63170;AT3G48460;AT1G53520;AT2G43710;AT3G10520;AT1G49430;AT5G20410;AT4G20870;AT1G31812;AT5G27600;AT1G08550;AT1G43800;AT2G45970;AT1G77590;AT2G22890","OSD-38",-0.52,"whole_seedling","dark",FALSE
"GO:0006633 (fatty acid biosynthetic process)",0.000152788388082506,0.0028480108563674,0.494500141153674,1.90114680651155,0,68,"AT2G15090;AT1G66430;AT5G05580;AT3G11170;AT4G34250;AT3G23790;AT4G25050;AT2G30200;AT5G59770;AT4G14070;AT1G49430;AT2G22230;AT1G11600;AT5G46290;AT1G65290;AT4G30950;AT1G52670;AT1G74960;AT2G14060;AT2G46720;AT5G47630;AT5G10160;AT1G54630","OSD-38",-0.52,"whole_seedling","dark",FALSE
"GO:0006635 (fatty acid beta-oxidation)",0.00309496660693924,0.0152158359170045,0.531821941986011,1.75568708762776,18,32,"AT5G48880;AT3G05290;AT5G42890;AT4G14440;AT1G04710;AT4G16210;AT3G06860;AT5G27520;AT3G04460;AT2G33150;AT2G42790;AT5G08470;AT4G16800;AT1G03000;AT5G65940;AT1G06290;AT1G79810","OSD-38",-0.52,"whole_seedling","dark",FALSE
"GO:0006636 (unsaturated fatty acid biosynthetic process)",0.00550869340678258,0.0234303092901819,0.605885695764029,1.77403933429618,31,19,"AT5G05580;AT3G11170;AT1G06360;AT2G43710;AT2G29980;AT4G30950;AT4G27030;AT3G15850;AT1G74960;AT3G12120;AT4G33950;AT1G06350","OSD-38",-0.52,"whole_seedling","dark",FALSE
"GO:0006744 (ubiquinone biosynthetic process)",0.119154832005542,0.245591032111769,0.473285404470048,1.34792165228488,687,17,"AT1G32220;AT1G19140;AT2G20360;AT5G57300;AT5G15910;AT2G03690","OSD-38",-0.52,"whole_seedling","dark",FALSE
"GO:0006749 (glutathione metabolic process)",0.127186009538951,0.25842252893583,-0.331536256070254,-1.25719968878,479,40,"AT1G02950;AT1G27140;AT2G29490;AT5G62480;AT1G53580;AT1G78340;AT3G43800;AT1G02920;AT2G29480;AT1G17190;AT1G27130;AT1G02930;AT2G02390;AT4G02520;AT1G74590;AT1G53680;AT1G17170;AT1G69930;AT5G37830;AT2G02930;AT3G09270;AT1G17180;AT2G30860;AT2G47730;AT2G30870;AT3G24170;AT2G29470;AT1G69920;AT2G29460","OSD-38",-0.52,"whole_seedling","dark",FALSE
"GO:0006812 (monoatomic cation transport)",0.897925113284045,0.954793703792034,-0.218479811757187,-0.684585839396738,3764,19,"AT1G54115;AT4G22120;AT4G23700","OSD-38",-0.52,"whole_seedling","dark",FALSE
"GO:0006813 (potassium ion transport)",0.0512441488051244,0.125745257452575,-0.434747885368226,-1.45986619287016,207,24,"AT5G14880;AT1G70300;AT4G10310;AT1G31120;AT2G26650;AT4G13420;AT5G09400;AT5G53130;AT3G02850;AT3G04110","OSD-38",-0.52,"whole_seedling","dark",FALSE
"GO:0006816 (calcium ion transport)",0.327272727272727,0.515555555555556,-0.298610538702558,-1.086542917697,1259,34,"AT5G01490;AT5G53130;AT4G00900;AT5G48410;AT5G27100;AT3G04110;AT4G32060;AT2G29110;AT5G11210;AT2G17260;AT2G29100;AT5G48400;AT3G13320;AT4G03560;AT4G35290;AT2G24710;AT2G29120;AT1G42540;AT4G37270;AT5G17850","OSD-38",-0.52,"whole_seedling","dark",FALSE
"GO:0006817 (phosphate ion transport)",0.0456105934281511,0.11501801821012,-0.45738417224764,-1.49270973980886,185,22,"AT3G23430;AT1G68740;AT1G14040;AT3G01970;AT4G25350;AT1G35350;AT1G69480;AT5G43350;AT3G15990;AT1G63010;AT2G03240;AT5G43370","OSD-38",-0.52,"whole_seedling","dark",FALSE
"GO:0006833 (water transport)",0.324464153732446,0.512396361587378,-0.323771004001766,-1.08721021741939,1316,24,"AT3G61430;AT2G37180;AT5G47450;AT2G37170;AT4G17340;AT1G17810;AT1G73190;AT1G01620;AT3G24715;AT3G53420;AT5G18290;AT4G23400;AT2G45960;AT2G25810;AT2G36830","OSD-38",-0.52,"whole_seedling","dark",FALSE
"GO:0006863 (purine nucleobase transport)",0.14943342776204,0.291555128171808,-0.446496764252572,-1.30658854364006,632,15,"AT3G10960;AT1G19770;AT5G50300;AT1G57990;AT1G30840;AT4G18195;AT5G41160;AT1G09860","OSD-38",-0.52,"whole_seedling","dark",FALSE
"GO:0006869 (lipid transport)",0.296712239583333,0.474442127454052,0.337277744335918,1.12160196972284,1822,33,"AT3G47750;AT3G08770;AT3G51600;AT3G20320;AT1G19800;AT2G38540;AT1G65410;AT1G31812","OSD-38",-0.52,"whole_seedling","dark",FALSE
"GO:0006874 (intracellular calcium ion homeostasis)",0.201463287170107,0.360038031413245,-0.320801392298628,-1.18258703044016,770,36,"AT5G01490;AT4G00900;AT1G55730;AT5G48410;AT5G27100;AT3G04110;AT3G51860;AT2G29110;AT1G53210;AT5G11210;AT2G17260;AT1G07670;AT5G23630;AT2G29100;AT5G48400;AT3G13320;AT4G35290;AT2G24710;AT2G29120;AT1G42540","OSD-38",-0.52,"whole_seedling","dark",FALSE
"GO:0006879 (intracellular iron ion homeostasis)",0.0720941638057871,0.162530305682305,-0.432189227459444,-1.41048402724327,293,22,"AT1G18910;AT1G74770;AT3G08040;AT4G36060;AT4G14410;AT3G25190","OSD-38",-0.52,"whole_seedling","dark",FALSE
"GO:0006885 (regulation of pH)",0.331027903648939,0.520186705734046,-0.34885430625105,-1.09310199487659,1387,19,"AT3G06370;AT5G27150;AT4G23700;AT1G79610;AT5G41610;AT1G64170;AT1G54370;AT3G17630","OSD-38",-0.52,"whole_seedling","dark",FALSE
"GO:0006886 (intracellular protein transport)",0.163813229571984,0.309209587180255,-0.226494193473297,-1.12912693456766,420,172,"AT5G66160;AT3G51890;AT1G79590;AT1G12360;AT1G18200;AT4G19640;AT2G15310;AT3G27530;AT2G38020;AT1G10730;AT1G75850;AT3G03120;AT4G02080;AT4G30600;AT3G06540;AT3G52400;AT1G23900;AT1G02010;AT1G73640;AT3G17340;AT3G54840;AT1G04830;AT1G21900;AT5G45130;AT1G16240;AT5G46860;AT3G54860;AT3G56190;AT4G12120;AT1G12470;AT3G09740;AT5G46630;AT4G14160;AT4G02350;AT2G17790;AT4G21160;AT2G05170;AT3G59020;AT3G09910;AT1G26690;AT5G16830;AT4G23460;AT4G39890;AT5G53530","OSD-38",-0.52,"whole_seedling","dark",FALSE
"GO:0006887 (exocytosis)",0.00214765100671141,0.0116118757820498,-0.449920145826753,-1.75629066858972,7,45,"AT3G55150;AT2G39380;AT1G07000;AT5G61010;AT5G58430;AT5G50380;AT3G14090;AT3G52400;AT4G31540;AT3G10380;AT5G05570;AT5G59730;AT5G13990;AT4G02350;AT2G28650;AT1G18740;AT1G54090;AT1G47560;AT3G29400","OSD-38",-0.52,"whole_seedling","dark",FALSE
"GO:0006888 (endoplasmic reticulum to Golgi vesicle-mediated transport)",0.985149985149985,1,0.162796997685864,0.648237433273058,6633,82,"AT1G80500;AT4G14455;AT2G20930;AT3G05000;AT1G09580;AT5G02280;AT3G52190;AT5G58030;AT1G57620;AT5G48660;AT2G18840;AT2G45200;AT3G54085;AT3G17780;AT1G56330;AT5G01430;AT3G52760;AT5G54750;AT2G37975;AT1G48440;AT1G30890;AT5G05010","OSD-38",-0.52,"whole_seedling","dark",FALSE
"GO:0006890 (retrograde vesicle-mediated transport, Golgi to endoplasmic reticulum)",0.94921875,0.984878205580513,0.192862799852029,0.64135656690367,5831,33,"AT2G21600;AT2G35190;AT3G07950;AT5G10260;AT1G54110;AT4G08520;AT4G39220;AT5G05010;AT1G79990;AT5G64990;AT2G23310;AT2G44610","OSD-38",-0.52,"whole_seedling","dark",FALSE
"GO:0006891 (intra-Golgi vesicle-mediated transport)",0.129832001304844,0.261738486683128,0.398940344190869,1.29934083782585,795,30,"AT2G45200;AT1G67930;AT5G10260;AT3G29100;AT1G31780;AT5G54750;AT4G08520;AT1G79990;AT5G64990;AT2G44610;AT5G11980;AT1G30630;AT3G15980;AT5G54440;AT4G24840;AT1G62020;AT1G73430;AT4G31490","OSD-38",-0.52,"whole_seedling","dark",FALSE
"GO:0006893 (Golgi to plasma membrane transport)",0.0209018318459371,0.0641123496043646,-0.547672390579465,-1.63379645935815,88,16,"AT5G12350;AT3G10380;AT5G05570;AT1G59820;AT4G02350;AT5G49830;AT1G47560;AT1G47550;AT5G12370;AT5G09810;AT1G76850;AT4G35560","OSD-38",-0.52,"whole_seedling","dark",FALSE
"GO:0006896 (Golgi to vacuole transport)",0.184372049102927,0.333557697617056,-0.428058407738534,-1.25263217191781,780,15,"AT5G39510;AT1G23900;AT5G16830;AT3G52850;AT4G02195;AT3G55480","OSD-38",-0.52,"whole_seedling","dark",FALSE
"GO:0006897 (endocytosis)",0.00026816840976133,0.00322814047976846,-0.526872464403366,-2.03307705653118,0,43,"AT1G08670;AT1G60490;AT1G04440;AT5G43320;AT3G58600;AT4G28860;AT4G28880;AT4G28540;AT1G72710;AT2G43160;AT4G16144;AT4G14340;AT1G21630;AT5G46630;AT2G26890;AT5G13300;AT5G57015;AT5G25250;AT3G13670;AT3G20290;AT5G18190;AT2G25760;AT5G11710;AT3G56960;AT1G03900","OSD-38",-0.52,"whole_seedling","dark",FALSE
"GO:0006900 (vesicle budding from membrane)",0.000980872976949485,0.00645151504426569,-0.592016587154465,-1.93209336788202,3,22,"AT5G35200;AT4G25940;AT4G29160;AT2G01600;AT4G32285;AT5G10410;AT2G25430;AT1G05020;AT1G68110;AT4G40080;AT5G63880;AT5G04850;AT3G10640;AT3G62080;AT5G09260","OSD-38",-0.52,"whole_seedling","dark",FALSE
"GO:0006906 (vesicle fusion)",0.164298630844743,0.309210992563263,-0.350098613409316,-1.23693879119877,635,30,"AT1G79590;AT5G39510;AT3G17440;AT3G52400;AT1G16240;AT5G46860;AT3G09740;AT5G16830","OSD-38",-0.52,"whole_seedling","dark",FALSE
"GO:0006913 (nucleocytoplasmic transport)",0.254422476586889,0.429422063657235,0.42973536821967,1.1829211404918,1466,15,"AT3G25520;AT1G27310;AT3G16310;AT4G37130;AT1G27970;AT1G59660","OSD-38",-0.52,"whole_seedling","dark",FALSE
"GO:0006914 (autophagy)",0.000248447204968944,0.00322814047976846,-0.672223054018454,-2.26968064908134,0,25,"AT5G54730;AT2G31260;AT4G30790;AT4G21980;AT3G61960;AT5G66930;AT2G44140;AT1G54710;AT5G47480;AT5G45900;AT4G36630;AT3G62770;AT1G73190;AT3G49590","OSD-38",-0.52,"whole_seedling","dark",FALSE
"GO:0006950 (response to stress)",0.00422892585283338,0.0190121773293791,-0.391400217982261,-1.63400280604914,14,62,"AT4G33420;AT3G21770;AT1G22770;AT1G05260;AT5G64100;AT5G42180;AT4G25580;AT5G64120;AT2G41480;AT4G11290;AT5G17820;AT2G31130;AT5G59820;AT3G01190;AT2G28710;AT1G17780;AT5G51890;AT5G15180;AT5G39580;AT5G22410;AT4G21960;AT1G73130;AT1G34510;AT5G64110;AT2G37130;AT5G44070;AT2G38340;AT5G52300;AT2G40340;AT3G46080;AT2G37430;AT1G77100","OSD-38",-0.52,"whole_seedling","dark",FALSE
"GO:0006952 (defense response)",0.000452079566003617,0.00418009801609141,-0.365615601073985,-1.91281663992967,0,236,"AT4G24230;AT2G01530;AT1G70850;AT4G31110;AT1G27170;AT4G31100;AT5G40100;AT1G16130;AT4G24180;AT1G19230;AT1G64060;AT1G66340;AT5G45250;AT5G15130;AT1G23120;AT1G35260;AT2G02130;AT1G14960;AT1G16120;AT5G44510;AT5G22690;AT1G72520;AT5G64930;AT5G22630;AT5G51060;AT4G11650;AT1G07310;AT5G18370;AT1G16160;AT4G22212;AT1G16150;AT5G18350;AT1G77700;AT1G12220;AT2G43510;AT1G09090;AT5G58430;AT1G72870;AT2G17060;AT1G77380;AT1G79670;AT5G48770;AT1G56540;AT5G24620;AT3G49120;AT2G39200;AT3G11840;AT4G36150;AT5G40910;AT5G46760;AT5G07390;AT1G63730;AT4G16960;AT5G02140;AT3G09710;AT5G38350;AT2G37040;AT3G16510;AT3G25510;AT3G16720;AT2G01520;AT5G40780;AT2G35930;AT3G44720;AT1G72850;AT3G52530;AT3G26460;AT3G03040;AT2G15010;AT5G51630;AT4G17880;AT2G41060;AT1G72950;AT1G65850;AT5G58120;AT5G23950;AT1G16110;AT5G40020;AT5G55240;AT3G57730;AT5G43580;AT5G13530;AT5G60300;AT1G27180;AT2G16870;AT2G02120;AT3G53260;AT5G46790;AT1G09070;AT4G15740;AT1G75030;AT3G56860;AT1G72900;AT5G48780;AT4G23570;AT4G07990;AT5G40090;AT1G72860;AT1G12280;AT5G24780;AT1G14930;AT4G19520;AT5G43570;AT2G13650;AT5G15410;AT1G72890;AT1G22890;AT1G79680;AT3G15010;AT1G08370;AT5G41740;AT1G14950;AT1G70840;AT3G23240;AT5G14930;AT1G70880;AT2G30860;AT5G11250;AT2G47730;AT3G44480;AT1G20030;AT2G37940","OSD-38",-0.52,"whole_seedling","dark",FALSE
"GO:0006955 (immune response)",0.0038961038961039,0.0182773109243697,-0.470888652048007,-1.71340479853689,14,34,"AT4G27290;AT5G60360;AT1G28380;AT5G61010;AT5G58430;AT4G21230;AT1G29690;AT4G21390;AT4G03230;AT4G38830;AT3G25070;AT1G11410;AT4G21410;AT4G04490;AT3G29400;AT4G00970;AT4G27300;AT1G11300;AT4G28460","OSD-38",-0.52,"whole_seedling","dark",FALSE
"GO:0006970 (response to osmotic stress)",0.000369276218611521,0.0036812223042836,-0.385605001357234,-1.88921889262305,0,152,"AT1G15380;AT3G20250;AT1G32230;AT2G30250;AT4G02590;AT5G49450;AT1G27320;AT4G10310;AT2G23030;AT1G66270;AT1G10940;AT2G22660;AT5G45800;AT4G28300;AT1G60940;AT2G37180;AT4G08500;AT3G19420;AT4G04920;AT2G17820;AT3G46930;AT1G65690;AT3G56400;AT2G43790;AT3G59770;AT4G18780;AT5G51740;AT3G21780;AT2G43850;AT5G03280;AT1G78290;AT1G50460;AT1G69310;AT2G38470;AT1G55960;AT3G62770;AT3G45640;AT1G43700;AT4G35160;AT5G35750;AT1G55180;AT1G29290;AT4G39090;AT5G53450;AT1G16540;AT1G20440;AT5G54110;AT3G16690;AT3G12630;AT5G66880;AT3G56200;AT3G03740;AT5G08560;AT5G38710;AT1G51140;AT2G47770;AT5G41580;AT1G33270;AT3G14440;AT1G58340;AT5G06760","OSD-38",-0.52,"whole_seedling","dark",FALSE
"GO:0006974 (DNA damage response)",0.460441710930948,0.644214499065668,-0.243308029867104,-0.99580621801077,1646,56,"AT1G67500;AT5G65770;AT3G27630;AT3G09370;AT4G30870;AT5G44750;AT1G43850;AT2G31865;AT5G57160;AT2G32700","OSD-38",-0.52,"whole_seedling","dark",FALSE
"GO:0006979 (response to oxidative stress)",0.000943396226415094,0.0063356504468719,-0.279197066676043,-1.47337786022825,1,256,"AT1G15380;AT4G33420;AT3G20340;AT3G21770;AT1G32230;AT5G20250;AT2G24550;AT5G66390;AT1G49570;AT2G38380;AT3G32980;AT1G05260;AT5G59080;AT2G18980;AT2G01980;AT3G01420;AT5G64100;AT1G52760;AT2G47180;AT1G09970;AT5G42180;AT5G56550;AT2G40000;AT1G45145;AT2G18150;AT5G64120;AT5G25620;AT2G41480;AT2G04795;AT5G39610;AT3G46930;AT4G11290;AT4G36430;AT2G43790;AT5G54500;AT5G17820;AT5G06720;AT5G14130;AT5G61640;AT3G49120;AT1G52200;AT3G63080;AT5G51740;AT5G03280;AT1G21520;AT4G37520;AT1G20620;AT1G43850;AT2G35380;AT2G38390;AT4G37530;AT5G44380;AT4G11850;AT4G26970;AT5G59820;AT4G11280;AT4G39640;AT4G11830;AT5G17000;AT5G19890;AT3G01190;AT3G62770;AT2G32700;AT2G37040;AT3G45640;AT1G09000;AT2G19810;AT1G68850;AT3G07700;AT5G51890;AT4G23190;AT5G41150;AT4G20830;AT3G53990;AT1G14870;AT5G15180;AT4G35770;AT1G13340;AT5G39580;AT1G27730;AT1G73680;AT5G22410;AT4G30170;AT4G08780;AT5G47000;AT1G02930;AT5G06730;AT4G17070;AT1G75280;AT3G22380;AT4G21960;AT1G19020;AT1G34510;AT1G08830;AT4G12720;AT5G05340;AT5G26030;AT5G64110;AT3G53260","OSD-38",-0.52,"whole_seedling","dark",FALSE
"GO:0006995 (cellular response to nitrogen starvation)",0.052182898475846,0.126588171968022,-0.407420677751333,-1.43946425762595,201,30,"AT4G04620;AT2G45170;AT4G21980;AT5G45900;AT1G20620;AT1G55180;AT5G45380;AT1G29290;AT3G16690;AT4G16520;AT3G15580;AT3G61710;AT2G05630;AT1G70460;AT1G06830;AT3G26840;AT1G62040","OSD-38",-0.52,"whole_seedling","dark",FALSE
"GO:0007005 (mitochondrion organization)",0.00159464200287036,0.00933377612689254,0.506750667858256,1.7796148094596,9,42,"AT5G64050;AT1G11870;AT5G24650;AT2G29530;AT3G49560;AT1G03560;AT3G46560;AT3G03060;AT2G20530;AT4G36580;AT5G40770;AT3G23990;AT1G03860;AT1G55890;AT5G64400;AT5G13610;AT2G18330;AT3G58840;AT5G16930;AT1G30010;AT5G61990;AT3G27280","OSD-38",-0.52,"whole_seedling","dark",FALSE
"GO:0007010 (cytoskeleton organization)",0.779770194986072,0.887347449038421,0.273998400773229,0.766678285709378,4478,16,"AT1G14840;AT2G37620;AT3G53750","OSD-38",-0.52,"whole_seedling","dark",FALSE
"GO:0007015 (actin filament organization)",0.0869798657718121,0.189396431271045,-0.335875058060632,-1.31110872841658,323,45,"AT2G31900;AT5G54280;AT2G40820;AT5G20490;AT4G30160;AT4G28710;AT5G45970","OSD-38",-0.52,"whole_seedling","dark",FALSE
"GO:0007017 (microtubule-based process)",0.81117064458516,0.900046732600578,0.235033349007072,0.770924389271104,4995,31,"AT5G55280;AT5G20110;AT4G15930;AT5G62700;AT1G63640;AT4G14960;AT1G50010;AT1G23220;AT5G49510;AT1G04820","OSD-38",-0.52,"whole_seedling","dark",FALSE
"GO:0007018 (microtubule-based movement)",0.522341628959276,0.686345280618597,-0.233901335813466,-0.963424191158728,1846,59,"AT5G27000;AT5G27950;AT2G47500;AT1G73860;AT1G09170;AT3G54870;AT3G44730;AT1G21730;AT4G38950","OSD-38",-0.52,"whole_seedling","dark",FALSE
"GO:0007030 (Golgi organization)",0.998701298701299,1,-0.132961795556621,-0.483803076455469,3844,34,"AT3G61570;AT5G47480;AT1G21900;AT1G26690;AT1G14010;AT2G19950;AT3G07100;AT2G46180","OSD-38",-0.52,"whole_seedling","dark",FALSE
"GO:0007031 (peroxisome organization)",0.00776502363268062,0.0303969228277079,0.568904651303942,1.72767425849854,45,22,"AT3G05290;AT3G47430;AT2G45740;AT5G27520;AT3G04460;AT1G47750;AT5G62810;AT3G61070;AT5G08470;AT3G18160;AT1G79810;AT5G17550","OSD-38",-0.52,"whole_seedling","dark",FALSE
"GO:0007033 (vacuole organization)",0.000250375563345017,0.00322814047976846,-0.669390516144026,-2.28034889700222,0,26,"AT3G14270;AT4G33240;AT1G15130;AT4G19640;AT4G38360;AT2G38020;AT3G54300;AT1G71010;AT4G36630;AT4G18710;AT5G46860;AT3G54860;AT4G16144;AT1G12470;AT2G26890;AT2G05170;AT1G34260;AT5G04920;AT1G17260;AT5G54800","OSD-38",-0.52,"whole_seedling","dark",FALSE
"GO:0007034 (vacuolar transport)",0.0882878285276856,0.190941134239537,-0.393124025334704,-1.36159481190938,345,28,"AT2G06530;AT1G08190;AT4G29160;AT5G45130;AT2G17990;AT1G73030;AT3G28430;AT3G52850;AT1G03950;AT5G63880;AT5G04850;AT1G24460;AT3G10640;AT3G62080;AT5G09260","OSD-38",-0.52,"whole_seedling","dark",FALSE
"GO:0007059 (chromosome segregation)",0.714582611707655,0.845832479164163,0.285491009445413,0.824007326473982,4125,18,"AT5G63920;AT4G19350;AT3G60660;AT1G77720","OSD-38",-0.52,"whole_seedling","dark",FALSE
"GO:0007131 (reciprocal meiotic recombination)",0.03076171875,0.0831609176377119,0.457318759049587,1.52079296530862,188,33,"AT3G22880;AT1G22260;AT1G60460;AT2G33793;AT5G50930;AT3G02930;AT1G65010;AT5G64520;AT4G27595;AT1G53490;AT4G29170;AT5G02820;AT4G32190;AT5G55260;AT2G45280;AT4G14970;AT1G05180;AT4G24710;AT3G19210;AT1G07745;AT1G22275","OSD-38",-0.52,"whole_seedling","dark",FALSE
"GO:0007166 (cell surface receptor signaling pathway)",0.000264970853206147,0.00322814047976846,-0.556654002930723,-2.11085583078536,0,40,"AT4G31110;AT5G04720;AT4G31100;AT3G28690;AT1G16130;AT3G46510;AT2G23450;AT1G16120;AT4G36030;AT1G16160;AT1G16150;AT5G66790;AT5G45840;AT1G79670;AT5G66200;AT3G01300;AT3G52530;AT3G26600;AT5G15080;AT1G16110;AT3G57730","OSD-38",-0.52,"whole_seedling","dark",FALSE
"GO:0007186 (G protein-coupled receptor signaling pathway)",0.70474600524684,0.841999908890419,-0.264960503507824,-0.83022869363544,2954,19,"AT4G34390;AT3G26090;AT4G34460;AT5G02630;AT5G11210","OSD-38",-0.52,"whole_seedling","dark",FALSE
"GO:0007264 (small GTPase-mediated signal transduction)",0.405306971904266,0.593563975068282,0.378528608722052,1.04196565293964,2336,15,"AT4G35950;AT4G28950;AT1G75840;AT2G17800;AT3G48040;AT4G16340;AT3G51300;AT1G20090;AT4G35020","OSD-38",-0.52,"whole_seedling","dark",FALSE
"GO:0007267 (cell-cell signaling)",0.0613093176307586,0.143093818870117,0.515031158771837,1.46681398571179,353,17,"AT5G67070;AT1G72970;AT4G12970;AT2G30370;AT4G13950;AT4G14010;AT3G23805","OSD-38",-0.52,"whole_seedling","dark",FALSE
"GO:0007275 (multicellular organism development)",0.590405264980949,0.745898136748209,0.314122140502782,0.906644821091898,3408,18,"AT4G27760;AT5G17520","OSD-38",-0.52,"whole_seedling","dark",FALSE
"GO:0007623 (circadian rhythm)",0.541049604601006,0.707953454894434,0.230966390989597,0.957106746592766,3762,105,"AT4G26150;AT5G64940;AT4G37930;AT4G18020;AT5G58140;AT3G19720;AT1G01060;AT1G09340;AT1G27450;AT1G32070;AT4G09970;AT5G02120;AT5G56860;AT4G24500;AT3G63140;AT3G01060;AT4G18290","OSD-38",-0.52,"whole_seedling","dark",TRUE
"GO:0008104 (protein localization)",0.0193467336683417,0.0611050301010001,-0.462461257066824,-1.59335863053385,76,27,"AT2G19710;AT1G34220;AT5G10450;AT4G32350;AT1G59820;AT2G42590;AT3G02520;AT1G34760;AT1G13340;AT5G49830;AT1G52315;AT5G16050;AT1G22300;AT5G65430;AT4G29440;AT1G35160;AT5G09810","OSD-38",-0.52,"whole_seedling","dark",FALSE
"GO:0008284 (positive regulation of cell population proliferation)",0.691938579654511,0.831368764255325,-0.268031021363524,-0.852833265175258,2883,20,"AT4G32880;AT3G07870;AT4G37120;AT3G04740","OSD-38",-0.52,"whole_seedling","dark",FALSE
"GO:0008285 (negative regulation of cell population proliferation)",0.377137024751212,0.569736317824915,-0.304263791536998,-1.05382518826199,1477,28,"AT5G57620;AT1G17980;AT5G02320;AT1G19270;AT3G09370;AT5G06100;AT3G14362;AT3G02493;AT3G11440","OSD-38",-0.52,"whole_seedling","dark",FALSE
"GO:0008356 (asymmetric cell division)",0.451506754416349,0.637303781676174,0.352685175109643,1.0044509707678,2606,17,"AT5G60880;AT1G80080;AT4G31805;AT5G08010;AT2G02080;AT1G46264;AT2G37630;AT1G14580;AT3G09730","OSD-38",-0.52,"whole_seedling","dark",FALSE
"GO:0008360 (regulation of cell shape)",0.0618288881191548,0.143443020436439,0.514275746282218,1.46466256324757,356,17,"AT1G63680;AT4G35950;AT4G28950;AT1G75840;AT2G17800;AT3G48040;AT4G16340;AT3G51300;AT1G01510;AT1G20090;AT4G35020","OSD-38",-0.52,"whole_seedling","dark",FALSE
"GO:0008380 (RNA splicing)",0.432238349885409,0.621099250511015,0.264061754034485,1.01520731466988,2828,68,"AT4G02990;AT4G25270;AT2G41720;AT3G17170;AT5G60870;AT5G15980;AT3G53460;AT4G02820;AT4G18520;AT1G06790;AT4G14510;AT5G04430;AT4G02840","OSD-38",-0.52,"whole_seedling","dark",FALSE
"GO:0008610 (lipid biosynthetic process)",0.459435933147632,0.644214499065668,0.355692851952719,0.995268531511934,2638,16,"AT2G43710;AT3G58830;AT1G14290;AT2G45970;AT2G26250","OSD-38",-0.52,"whole_seedling","dark",FALSE
"GO:0009058 (biosynthetic process)",0.940584867708494,0.980544355552319,0.186041168392839,0.696616640045389,6078,58,"AT5G22020;AT4G31990;AT1G63680;AT2G29690;AT2G30970;AT4G23590;AT1G08470;AT5G11520;AT4G02850;AT3G51420;AT1G77670;AT5G19550","OSD-38",-0.52,"whole_seedling","dark",FALSE
"GO:0009089 (lysine biosynthetic process via diaminopimelate)",0.00017343045438779,0.0028480108563674,0.778957967445593,2.14421691903864,0,15,"AT2G44040;AT1G31230;AT4G33680;AT4G19710;AT3G14390;AT5G52100;AT2G45440;AT5G11880;AT3G59890;AT1G14810","OSD-38",-0.52,"whole_seedling","dark",FALSE
"GO:0009098 (L-leucine biosynthetic process)",0.426465487339577,0.615576879915498,0.371320572390724,1.02212428267243,2458,15,"AT1G31180;AT1G74040;AT2G43090;AT3G49680","OSD-38",-0.52,"whole_seedling","dark",FALSE
"GO:0009266 (response to temperature stimulus)",0.65446371226718,0.798370647086924,0.253995657521024,0.882482625802285,4075,40,"AT4G28590;AT5G05580;AT2G34640;AT3G29320","OSD-38",-0.52,"whole_seedling","dark",FALSE
"GO:0009269 (response to desiccation)",0.152746982015275,0.29441865415633,-0.375447117688127,-1.26073656197133,619,24,"AT1G54100;AT1G05260;AT2G37180;AT1G52330;AT1G76180;AT1G48130;AT4G39090","OSD-38",-0.52,"whole_seedling","dark",FALSE
"GO:0009294 (DNA-mediated transformation)",0.673247448552786,0.818155947003195,0.27453849138186,0.859326186140137,4023,25,"AT5G38110;AT5G49160;AT5G66750;AT2G23380;AT5G03760","OSD-38",-0.52,"whole_seedling","dark",FALSE
"GO:0009395 (phospholipid catabolic process)",0.010406811731315,0.0374973412095724,-0.567507743389183,-1.72294258447917,43,17,"AT3G03520;AT4G00240;AT5G25370;AT4G19860;AT3G16785;AT4G11840;AT4G11850;AT4G11830;AT1G55180","OSD-38",-0.52,"whole_seedling","dark",FALSE
"GO:0009407 (toxin catabolic process)",0.239417989417989,0.412834262834263,-0.304516913371125,-1.14540531648255,904,39,"AT1G02950;AT1G27140;AT2G29490;AT5G62480;AT1G78340;AT3G43800;AT1G02920;AT2G29480;AT1G17190;AT1G27130;AT1G02930;AT2G02390;AT4G02520;AT1G74590;AT1G53680;AT1G17170;AT1G69930;AT2G02930;AT3G09270;AT1G17180;AT2G30860;AT2G47730;AT2G30870","OSD-38",-0.52,"whole_seedling","dark",FALSE
"GO:0009408 (response to heat)",0.521994134897361,0.686345280618597,0.215784775143336,0.972409540043132,3915,190,"AT3G47860;AT1G36390;AT5G19730;AT2G04030;AT5G60970;AT5G49910;AT4G39960;AT2G22360;AT5G08000;AT3G17830;AT1G13440;AT4G24280;AT4G26850;AT4G02450;AT1G80030;AT2G43130;AT4G35987;AT3G10140;AT5G15450;AT4G10250;AT4G27720;AT4G13670;AT1G56260;AT3G44990;AT1G71790;AT4G26780;AT1G08550;AT1G13930;AT3G24320;AT5G53170;AT4G21870;AT5G14800;AT2G39770;AT2G03440;AT5G05630;AT4G15802;AT2G28840;AT5G10010","OSD-38",-0.52,"whole_seedling","dark",FALSE
"GO:0009409 (response to cold)",0.0213706705969049,0.0649261325753588,0.275631960529435,1.31181461005335,173,321,"AT1G63940;AT1G23740;AT1G45474;AT3G12780;AT3G49260;AT1G03680;AT3G52150;AT3G11170;AT1G74710;AT2G46090;AT3G20930;AT2G07340;AT2G39460;AT5G51820;AT3G11630;AT4G37930;AT5G11790;AT4G31990;AT3G47520;AT3G02870;AT4G09650;AT1G08810;AT2G39730;AT2G01918;AT1G42970;AT4G28210;AT1G01060;AT1G70200;AT1G09340;AT1G32070;AT1G53240;AT5G61410;AT3G13960;AT2G28900;AT4G38840;AT1G55490;AT5G13650;AT5G23070;AT3G22840;AT3G54050;AT3G21300;AT5G06290;AT5G20720;AT4G39730;AT1G08780;AT4G24500;AT1G67090;AT1G74520;AT1G09780;AT1G01860;AT4G35987;AT1G16880;AT2G33800;AT4G24770;AT3G08920;AT1G31812;AT2G33380","OSD-38",-0.52,"whole_seedling","dark",FALSE
"GO:0009411 (response to UV)",0.00291497975708502,0.0147296297198882,0.51429669822577,1.74777431321882,17,36,"AT5G51100;AT5G18070;AT1G65060;AT3G55120;AT5G63310;AT5G63890;AT2G34640;AT1G08810;AT5G58760;AT1G16190","OSD-38",-0.52,"whole_seedling","dark",FALSE
"GO:0009414 (response to water deprivation)",0.000553403431101273,0.00452655626977708,-0.303473921880299,-1.64690891728551,0,340,"AT2G32150;AT1G15380;AT1G30270;AT1G62280;AT1G32230;AT1G07200;AT2G01830;AT1G27320;AT3G16800;AT5G24030;AT1G68820;AT4G34890;AT1G75380;AT3G13380;AT1G31710;AT5G65790;AT1G55610;AT4G31920;AT1G08720;AT2G47180;AT5G10230;AT2G29970;AT3G19290;AT3G61430;AT2G26650;AT1G73330;AT2G37180;AT1G07000;AT3G16857;AT5G13330;AT2G17820;AT5G12290;AT3G46930;AT5G50720;AT3G46620;AT5G25370;AT5G58430;AT1G62810;AT1G04400;AT3G51920;AT2G38760;AT2G37170;AT4G39400;AT1G36730;AT5G58670;AT1G49230;AT4G24020;AT4G23450;AT2G39550;AT1G76180;AT2G42620;AT4G18780;AT5G23010;AT4G34100;AT1G69600;AT4G37790;AT5G47120;AT3G20840;AT3G26090;AT2G29130;AT3G55530;AT1G63490;AT4G02280;AT1G69310;AT2G18050;AT1G16060;AT4G18710;AT4G11280;AT1G08930;AT2G38470;AT3G62770;AT2G32700;AT1G08920;AT1G59870;AT3G02130;AT5G59550;AT2G35930;AT5G35750;AT4G39090;AT5G60410;AT1G20440;AT3G12630;AT4G30960;AT1G01620;AT1G62660;AT5G12420;AT5G66880;AT3G15500;AT3G19580;AT3G56200;AT1G27730;AT5G37500;AT3G02480;AT2G46680;AT5G38710;AT1G02930;AT1G22885;AT1G51140;AT5G59320;AT3G22380;AT5G45340;AT2G17840;AT4G35300;AT1G19020;AT4G25620;AT3G14440;AT3G17520;AT4G34000;AT5G06760;AT1G20840;AT1G52690;AT2G38340;AT3G23250;AT5G52300;AT5G57050;AT3G50980;AT4G08920;AT1G01480;AT3G53420;AT3G06010;AT4G20260;AT2G40130;AT5G13750;AT5G17960;AT2G35300;AT3G50970;AT2G21490;AT2G18960;AT1G58440;AT1G65500;AT2G33700;AT5G66400;AT2G31870;AT3G13437;AT1G22890;AT5G40010;AT1G43160;AT3G30775;AT5G64010;AT1G75080;AT3G02840;AT5G64960","OSD-38",-0.52,"whole_seedling","dark",FALSE
"GO:0009416 (response to light stimulus)",0.000131717597471022,0.0028480108563674,0.396660673670849,1.79932106450411,0,201,"AT5G49330;AT1G55480;AT4G20940;AT5G35220;AT1G45474;AT5G24314;AT4G26150;AT5G04140;AT3G57180;AT5G18570;AT5G63570;AT4G34250;AT4G25130;AT3G23290;AT4G25050;AT4G20130;AT2G34640;AT3G18680;AT5G63420;AT4G37930;AT1G08810;AT2G39730;AT2G32400;AT1G42970;AT1G69935;AT1G15510;AT3G51080;AT1G60950;AT2G42070;AT1G21600;AT1G70940;AT5G40850;AT3G22840;AT5G02200;AT5G56860;AT4G14690;AT2G29650;AT1G54520;AT3G02570;AT4G01900;AT1G58290;AT1G16880;AT2G31160;AT3G46610;AT1G19150;AT5G28490;AT4G27430;AT2G19690;AT4G13670","OSD-38",-0.52,"whole_seedling","dark",FALSE
"GO:0009451 (RNA modification)",0.000134553283100108,0.0028480108563674,0.454654912898629,2.02606935594947,0,172,"AT5G50250;AT2G29760;AT3G22150;AT2G02980;AT5G48910;AT3G57430;AT5G03800;AT5G55740;AT1G15510;AT1G18485;AT3G49170;AT1G03510;AT1G71460;AT4G24770;AT3G63370;AT3G47840;AT4G04370;AT2G21090;AT4G18520;AT1G31920;AT1G19720;AT2G15690;AT2G22410;AT3G23330;AT1G47580;AT5G44230;AT4G21065;AT3G15000;AT5G13270;AT3G13770;AT5G52850;AT1G50270;AT3G24000;AT5G50990;AT4G22760;AT1G31430;AT3G03580;AT4G37170;AT4G39530;AT4G14170;AT4G30700;AT3G26630;AT2G01510;AT1G29710;AT3G62890;AT2G37320;AT1G71490;AT3G25970;AT2G02750;AT1G68930;AT2G13600;AT3G22690;AT3G26540;AT2G27610;AT2G41080;AT5G42450;AT5G40410;AT4G19220;AT3G14730;AT4G15720;AT3G08820;AT2G34400;AT5G08305;AT5G43790;AT3G13880;AT3G26780;AT5G15300;AT4G13650;AT1G56570;AT3G02010;AT2G33680;AT5G39350;AT5G40405;AT1G16480;AT1G04840;AT2G03880;AT4G19191;AT3G26782;AT5G47460;AT3G15130;AT5G16860;AT1G25360;AT1G53600;AT4G38010;AT4G14050;AT2G40720;AT5G08490;AT2G35030;AT2G20540;AT5G56310;AT4G01030;AT3G56550;AT4G32430;AT1G56690;AT4G02750;AT4G16835;AT3G47530;AT3G21470;AT4G08210;AT3G11460;AT1G33350;AT1G08070;AT1G20230;AT1G09190;AT2G33760;AT1G34160;AT4G14820;AT2G36980;AT5G15340;AT1G71420;AT2G46050;AT3G20730","OSD-38",-0.52,"whole_seedling","dark",FALSE
"GO:0009553 (embryo sac development)",0.887137925859223,0.946477816611743,0.194792058924816,0.76280664862324,5910,74,"AT5G62230;AT5G52520;AT3G23940;AT5G07180;AT1G72970;AT4G00020;AT3G06430;AT1G16280;AT5G55820;AT1G17560;AT2G35020;AT4G15570;AT1G80560;AT4G30930;AT3G03110;AT5G05560;AT5G05620;AT4G18830;AT3G11964;AT4G29170;AT2G34260","OSD-38",-0.52,"whole_seedling","dark",FALSE
"GO:0009555 (pollen development)",0.441998306519898,0.630487794529351,-0.19389224479304,-1.00338978789326,1043,219,"AT3G14270;AT5G63160;AT3G48360;AT1G42470;AT3G27580;AT4G33240;AT2G34830;AT4G29380;AT1G72520;AT4G18530;AT1G75520;AT3G12070;AT1G34220;AT3G48780;AT2G43790;AT1G79530;AT3G07980;AT4G04970;AT4G00800;AT4G02080;AT1G63180;AT2G41830;AT3G06540;AT5G50260;AT5G01450;AT3G48520;AT1G56430;AT1G08600;AT3G20910;AT5G12330;AT4G20060;AT4G00330;AT5G05570;AT2G37040;AT3G45640;AT3G21180;AT1G77300;AT2G16910;AT1G21630;AT5G55490;AT5G21080;AT3G10470;AT2G35210;AT2G35060;AT3G10490;AT2G06510;AT2G35690;AT4G17530;AT4G29860;AT5G05850;AT5G64510;AT5G54740;AT5G36260;AT1G79950;AT1G80090;AT5G41170","OSD-38",-0.52,"whole_seedling","dark",FALSE
"GO:0009556 (microsporogenesis)",0.853609288238264,0.927772957233411,0.23531756353328,0.728151355387344,5072,24,"AT5G18700;AT1G32310;AT5G42740;AT1G71830;AT1G34210;AT1G06660;AT1G77390;AT5G07280;AT1G02065;AT1G31810;AT4G15890;AT2G13680","OSD-38",-0.52,"whole_seedling","dark",FALSE
"GO:0009561 (megagametogenesis)",0.588974066220845,0.745898136748209,0.279774963923673,0.911221543072012,3610,30,"AT2G34860;AT4G31610;AT1G16280;AT4G31620;AT3G59550;AT3G60360;AT3G57860;AT5G45140;AT4G34200;AT2G04660;AT5G09250;AT4G00310;AT2G42260","OSD-38",-0.52,"whole_seedling","dark",FALSE
"GO:0009567 (double fertilization forming a zygote and endosperm)",0.600248447204969,0.753855333300729,-0.270322075913056,-0.912710120623916,2415,25,"AT5G02100;AT4G02590;AT3G05690;AT1G29300;AT4G00080","OSD-38",-0.52,"whole_seedling","dark",FALSE
"GO:0009585 (red, far-red light phototransduction)",0.986564299424184,1,-0.166649316799698,-0.530252357590927,4111,20,"AT2G46370;AT5G48150;AT3G59060;AT1G25540;AT4G38740;AT2G25930;AT3G22170;AT4G02440","OSD-38",-0.52,"whole_seedling","dark",FALSE
"GO:0009611 (response to wounding)",0.0004149377593361,0.00401106500691563,-0.372911806645478,-1.90275208412686,0,201,"AT1G15380;AT3G61060;AT3G14050;AT3G48360;AT1G73260;AT1G72300;AT5G18860;AT1G49570;AT5G24090;AT4G32940;AT1G79380;AT1G31710;AT3G51440;AT1G59580;AT3G29035;AT1G07640;AT2G02220;AT5G14780;AT1G72520;AT4G08500;AT1G16160;AT1G66760;AT5G10300;AT4G13280;AT5G56550;AT2G46370;AT3G21240;AT3G13790;AT5G63970;AT1G80440;AT5G47240;AT1G62810;AT4G20140;AT4G12030;AT3G48520;AT3G43440;AT3G44260;AT3G16470;AT3G44540;AT2G42490;AT5G59820;AT4G11280;AT1G05630;AT1G74020;AT2G32700;AT2G37040;AT3G45640;AT1G33980;AT1G71697;AT5G53750;AT1G53165;AT3G61190;AT1G64280;AT4G13300;AT1G18150;AT1G73500;AT1G17750;AT3G44550;AT3G24550;AT3G54420;AT4G35770;AT1G27730;AT5G43580;AT5G64900;AT2G32800;AT5G50200;AT5G47010;AT4G24220;AT5G60300;AT1G19020;AT3G15356;AT5G44585;AT5G63450;AT3G53260;AT1G70700;AT5G46050;AT1G16090;AT3G25250;AT5G14200;AT5G63770;AT1G51760;AT2G34600;AT5G06320;AT1G80840;AT5G43570;AT2G06050;AT3G19710;AT1G51680;AT1G43160;AT1G73080;AT5G08790;AT1G48500;AT1G32920;AT5G24770;AT2G26690;AT1G61340;AT5G20230;AT1G17380;AT3G51450;AT5G46590;AT1G20510;AT3G43670;AT2G39940;AT2G30020;AT1G01470;AT5G09810;AT1G72450;AT1G76930;AT5G57800;AT1G76680;AT2G47800;AT3G51460;AT5G44572;AT1G42540;AT4G21440","OSD-38",-0.52,"whole_seedling","dark",FALSE
"GO:0009615 (response to virus)",0.0809868597479217,0.178787600412367,-0.343899777376189,-1.3270284449605,301,43,"AT5G57685;AT3G51440;AT1G70690;AT5G04890;AT3G58350;AT1G05760;AT1G50030;AT2G22010;AT3G22640;AT2G43570;AT3G45240;AT1G14790;AT5G60550;AT5G45190;AT4G13350;AT5G43980;AT3G04720;AT5G64960;AT3G51450;AT3G51430;AT5G02490;AT5G44870;AT3G13060;AT5G10270;AT3G60240;AT5G37660;AT3G12580;AT3G13460","OSD-38",-0.52,"whole_seedling","dark",FALSE
"GO:0009617 (response to bacterium)",0.00103412616339193,0.00673237236983728,-0.370666981467961,-1.74139581470668,2,118,"AT4G24230;AT2G33830;AT5G49450;AT4G24180;AT1G80460;AT3G50260;AT1G60490;AT4G34390;AT3G53180;AT3G55150;AT1G08720;AT2G02220;AT4G19660;AT3G52430;AT1G72520;AT1G07000;AT3G56400;AT3G44300;AT1G43850;AT4G31550;AT2G44490;AT2G32700;AT3G45640;AT1G59870;AT4G14640;AT1G64280;AT5G24530;AT1G62660;AT3G54420;AT3G09830;AT1G01340;AT1G73805;AT4G04695;AT3G50930;AT1G18570;AT1G22885;AT4G23810;AT2G32800;AT1G66700;AT1G19020;AT3G50480;AT2G28400;AT5G44585;AT1G69900;AT5G26920;AT5G57220;AT5G06320;AT5G61420;AT5G10380;AT1G31930;AT1G65500;AT3G14310;AT1G22890;AT1G79680;AT1G61340;AT2G45220;AT5G49520;AT4G10500;AT1G20510;AT5G67160;AT5G02490;AT1G56240;AT1G25220;AT4G39950;AT3G26830","OSD-38",-0.52,"whole_seedling","dark",FALSE
"GO:0009620 (response to fungus)",0.000315357931251971,0.00356436528598724,-0.441852822608309,-2.02537866230416,0,98,"AT3G06380;AT5G38280;AT3G51440;AT3G55150;AT1G25280;AT1G08720;AT3G44326;AT4G19660;AT1G07000;AT5G05190;AT3G21240;AT2G43790;AT1G51800;AT1G32940;AT1G79670;AT2G01650;AT1G56540;AT1G21010;AT3G05360;AT1G43850;AT5G50670;AT4G20000;AT1G66480;AT2G32700;AT1G59870;AT5G24530;AT1G71930;AT1G73500;AT1G05010;AT2G39660;AT5G67620;AT3G06490;AT3G24550;AT5G17350;AT1G28190;AT3G16030;AT2G18280;AT5G12340;AT2G47900;AT3G10985;AT3G50480;AT1G76600;AT3G50460;AT3G25780;AT5G26920;AT1G06620;AT1G61850;AT2G06050;AT1G51680;AT3G14310;AT5G08790;AT1G79680;AT2G45220;AT1G29195;AT3G03280;AT3G51450;AT4G10500;AT5G11510;AT5G08370;AT1G11310;AT3G51430;AT5G62380","OSD-38",-0.52,"whole_seedling","dark",FALSE
"GO:0009624 (response to nematode)",0.0336004932182491,0.0900719103917769,-0.31091339303372,-1.37749662723837,108,83,"AT4G32650;AT1G73260;AT3G43790;AT5G14940;AT2G41800;AT2G38120;AT1G60960;AT5G27350;AT2G30080;AT1G64780;AT5G13740;AT2G39350;AT3G60160;AT5G53550;AT5G13580;AT3G11900;AT1G43850;AT3G22600;AT1G69850;AT1G72140;AT3G51860;AT2G32700;AT2G47260;AT4G17500;AT5G57110;AT5G38030;AT2G40460;AT4G17490;AT5G46040;AT2G38290;AT3G17700;AT3G10985;AT3G12100;AT1G58340;AT3G45680;AT1G20840","OSD-38",-0.52,"whole_seedling","dark",FALSE
"GO:0009625 (response to insect)",0.000779220779220779,0.00546310832025118,-0.498174654407616,-1.81268934738407,2,34,"AT1G73260;AT1G17860;AT1G66340;AT4G19840;AT5G45800;AT1G07640;AT3G52430;AT3G56400;AT1G16670;AT5G23010;AT5G65040;AT1G74080;AT1G64280","OSD-38",-0.52,"whole_seedling","dark",FALSE
"GO:0009626 (plant-type hypersensitive response)",0.000568828213879408,0.00459382785386155,-0.454064106258672,-1.91775768621589,1,65,"AT1G02860;AT1G14780;AT4G05200;AT4G24290;AT3G48090;AT5G45250;AT4G11530;AT1G29340;AT4G19660;AT3G52430;AT5G64930;AT5G45110;AT4G33430;AT1G12220;AT1G28380;AT5G48380;AT5G50260;AT1G29690;AT5G61900;AT3G55830;AT5G45260;AT4G03110;AT1G59870;AT4G23270;AT4G23190;AT2G13790;AT3G25070;AT3G54420;AT4G02640","OSD-38",-0.52,"whole_seedling","dark",FALSE
"GO:0009627 (systemic acquired resistance)",0.0679428417363171,0.154812617956322,-0.3492302009629,-1.35265161457415,251,44,"AT1G02860;AT3G07690;AT3G48090;AT3G01420;AT4G19660;AT3G52430;AT5G64930;AT5G45110;AT2G46370;AT5G64570;AT3G53980;AT3G12250;AT5G05960;AT2G38470;AT1G59870;AT1G64280;AT2G37870;AT2G43570;AT2G23560;AT3G04740","OSD-38",-0.52,"whole_seedling","dark",FALSE
"GO:0009630 (gravitropism)",0.49944382647386,0.67224717571798,0.274846057726738,0.973521914930662,3142,44,"AT5G35220;AT2G18390;AT1G70940;AT4G35987;AT2G18040;AT3G62100;AT5G14090;AT2G19690;AT3G48550","OSD-38",-0.52,"whole_seedling","dark",FALSE
"GO:0009631 (cold acclimation)",0.349675224249923,0.543288805823208,0.284199899574335,1.06680073275239,2260,59,"AT2G46810;AT1G29390;AT1G77490;AT1G06960;AT1G08780;AT5G67590;AT1G10760;AT4G24770;AT1G74960;AT3G53460;AT3G14080;AT3G61950;AT5G38480;AT5G23290;AT1G36160;AT5G49510","OSD-38",-0.52,"whole_seedling","dark",FALSE
"GO:0009637 (response to blue light)",0.024926000934725,0.071634182866462,0.40803521986926,1.50216942823101,159,53,"AT5G55280;AT4G18390;AT1G08540;AT2G34640;AT1G08810;AT4G34530;AT5G58140;AT1G26260;AT5G43630;AT1G66840;AT5G02200;AT1G09780;AT1G10120;AT5G28490;AT5G39760;AT4G31390;AT1G63980;AT3G01490","OSD-38",-0.52,"whole_seedling","dark",FALSE
"GO:0009638 (phototropism)",0.471051983247105,0.654751994143035,-0.294756475260049,-0.989780578224672,1911,24,"AT3G27580;AT1G04400;AT5G03640;AT5G20730;AT1G70800;AT2G26890;AT4G08920;AT2G43010;AT4G26610","OSD-38",-0.52,"whole_seedling","dark",FALSE
"GO:0009639 (response to red or far red light)",0.777980737296579,0.887347449038421,0.249013484226366,0.791073843809687,4684,27,"AT4G36110;AT3G14870;AT1G53380;AT1G15550;AT1G09530;AT5G58960;AT4G15090;AT2G18010;AT4G38860;AT2G29090;AT4G19230;AT2G37678","OSD-38",-0.52,"whole_seedling","dark",FALSE
"GO:0009640 (photomorphogenesis)",0.41725401747956,0.607780966100364,-0.244502585291903,-1.02074013272866,1479,62,"AT2G45430;AT3G55370;AT1G74660;AT2G46370;AT1G75520;AT4G11110;AT3G48780;AT5G48150;AT4G28860;AT1G78600;AT4G28880","OSD-38",-0.52,"whole_seedling","dark",FALSE
"GO:0009641 (shade avoidance)",0.87883008356546,0.942342173638258,0.247370699979216,0.69217098953712,5047,16,"AT2G46970;AT1G70560;AT3G58850","OSD-38",-0.52,"whole_seedling","dark",FALSE
"GO:0009644 (response to high light intensity)",0.0061262959472196,0.0254764157318557,0.458595109027868,1.6585187900212,38,49,"AT1G55480;AT3G47860;AT1G45474;AT5G64940;AT4G34190;AT2G39460;AT2G05620;AT1G32070;AT5G02120;AT4G26555;AT4G18290;AT2G42080;AT2G47450;AT3G55280;AT4G22260;AT4G14890;AT4G04850","OSD-38",-0.52,"whole_seedling","dark",FALSE
"GO:0009646 (response to absence of light)",0.0022002200220022,0.011796137596953,-0.429296183704492,-1.69916049771609,7,49,"AT4G24230;AT3G06850;AT2G43400;AT3G13450;AT3G48390;AT3G47340;AT5G18170;AT1G02580;AT3G53200;AT4G24800;AT2G47270;AT1G04400;AT1G21400","OSD-38",-0.52,"whole_seedling","dark",FALSE
"GO:0009651 (response to salt stress)",0.000587889476778366,0.00468841857730747,-0.319914116318981,-1.75234427007659,0,373,"AT1G54100;AT3G20250;AT5G13180;AT1G66280;AT1G62280;AT3G48360;AT1G32230;AT1G14080;AT2G30250;AT1G26440;AT3G06370;AT5G49450;AT1G27320;AT4G10310;AT5G24030;AT3G32980;AT1G66270;AT3G01470;AT1G10940;AT5G24090;AT1G13960;AT1G60490;AT2G01980;AT3G16940;AT1G66340;AT1G60940;AT2G47180;AT1G04120;AT4G24800;AT5G10230;AT3G19290;AT2G26650;AT4G08500;AT5G13330;AT3G28600;AT5G58940;AT3G19420;AT5G35410;AT3G08720;AT3G57530;AT5G39610;AT3G46930;AT1G28380;AT5G37370;AT2G40140;AT3G60140;AT5G25370;AT2G43790;AT2G01430;AT4G32150;AT3G22200;AT3G12360;AT3G51920;AT2G38760;AT5G27150;AT5G58670;AT3G55980;AT2G26190;AT3G21780;AT3G05360;AT3G55270;AT5G03280;AT1G31470;AT3G55530;AT3G62260;AT1G21610;AT1G50460;AT4G19810;AT1G69310;AT2G42400;AT3G44540;AT1G16060;AT1G08930;AT2G38470;AT2G44480;AT2G44490;AT1G60130;AT3G10930;AT1G55960;AT3G62770;AT1G08920;AT4G35985;AT5G23750;AT3G57480;AT5G01520;AT1G70170;AT1G53165;AT1G51470;AT1G59870;AT2G15390;AT1G73500;AT2G32860;AT1G10170;AT5G26751;AT3G02140;AT5G35750;AT1G47600;AT1G10570;AT4G39090;AT1G16540;AT3G44550;AT3G21370;AT4G30960;AT1G62660;AT5G12420;AT5G66880","OSD-38",-0.52,"whole_seedling","dark",FALSE
"GO:0009658 (chloroplast organization)",0.000136948781155848,0.0028480108563674,0.711826908220096,3.12105558270744,0,154,"AT2G20570;AT5G48470;AT5G45390;AT5G64050;AT3G52750;AT4G28590;AT5G35220;AT4G33460;AT2G26840;AT5G24314;AT4G26150;AT3G23400;AT1G11750;AT5G55280;AT5G44650;AT3G54090;AT3G57180;AT5G18570;AT3G08010;AT1G08540;AT4G37920;AT1G49970;AT1G44000;AT2G24060;AT2G30950;AT5G39980;AT4G23940;AT5G14100;AT1G35680;AT4G16390;AT4G20130;AT5G19620;AT3G63190;AT1G11870;AT1G45230;AT5G55580;AT2G47940;AT2G25870;AT3G18680;AT5G63420;AT3G18420;AT3G47520;AT1G06950;AT1G12410;AT3G53890;AT1G63680;AT4G28740;AT3G44160;AT1G30610;AT1G09340;AT3G10350;AT2G48120;AT1G62750;AT3G62910;AT4G20360;AT1G69200;AT1G15510;AT4G39460;AT5G08050;AT3G04340;AT3G56290;AT4G38160;AT3G56940;AT5G23730;AT3G46630;AT1G21600;AT5G42480;AT4G01940;AT3G19220;AT1G24490;AT2G37860;AT2G43090;AT1G32080;AT2G03050;AT3G19180;AT5G56860;AT2G21170;AT1G10910;AT3G63140;AT4G34740;AT2G28000;AT2G04270;AT2G31840;AT3G46740;AT1G04770;AT5G42310;AT4G01800;AT3G26900;AT5G23040;AT5G15450;AT3G58830;AT2G31270;AT4G13670;AT2G31530;AT5G49940;AT2G32480;AT5G26742;AT5G17790;AT4G14605;AT1G49510;AT1G01790;AT5G53080;AT4G34020;AT1G67440;AT4G22260;AT3G48870;AT4G04850;AT5G44190;AT5G16620;AT3G57190","OSD-38",-0.52,"whole_seedling","dark",FALSE
"GO:0009664 (plant-type cell wall organization)",0.710519011934499,0.844154803750857,-0.215067206975336,-0.872243928928081,2559,54,"AT5G06610;AT3G29810;AT5G56320;AT2G41480;AT3G53350;AT5G57560","OSD-38",-0.52,"whole_seedling","dark",FALSE
"GO:0009682 (induced systemic resistance)",0.257568590350047,0.432444106956132,-0.374718534130345,-1.15803659331349,1088,18,"AT4G24180;AT3G56400;AT4G31550;AT2G44490;AT1G64280;AT1G18570;AT4G31500;AT5G57220;AT5G61420","OSD-38",-0.52,"whole_seedling","dark",FALSE
"GO:0009686 (gibberellin biosynthetic process)",0.958025280228953,0.990632299491203,-0.193019180216143,-0.604807357005568,4016,19,"AT5G03730;AT2G36690;AT1G44090;AT5G25900;AT1G47990;AT4G02780;AT1G30040;AT5G07200;AT5G51310;AT1G02400;AT5G51810;AT1G79460;AT4G25420;AT2G20180;AT1G05160;AT4G21200;AT5G61780;AT1G15550;AT2G32440","OSD-38",-0.52,"whole_seedling","dark",FALSE
"GO:0009693 (ethylene biosynthetic process)",0.0610649731314118,0.143093818870117,-0.450024920001764,-1.45160910905494,249,21,"AT1G12010;AT3G51770;AT3G59060;AT4G11280;AT4G08040;AT1G73500;AT1G05010;AT1G02500;AT2G41060;AT1G77330;AT3G49700;AT4G26200;AT3G56860;AT1G01480;AT3G15010","OSD-38",-0.52,"whole_seedling","dark",FALSE
"GO:0009694 (jasmonic acid metabolic process)",0.367549668874172,0.559657968357331,-0.344483090838889,-1.06459646010038,1553,18,"AT2G23600;AT5G10300;AT2G46370;AT3G48520;AT2G23560;AT4G16690;AT5G63450;AT2G23610;AT4G37150;AT1G44350;AT2G23550;AT2G23620;AT5G07010","OSD-38",-0.52,"whole_seedling","dark",FALSE
"GO:0009695 (jasmonic acid biosynthetic process)",0.634359750967525,0.779518978517309,0.286212467825896,0.885637235261911,3769,24,"AT2G43710;AT5G63380;AT1G13280;AT1G70480;AT2G33150","OSD-38",-0.52,"whole_seedling","dark",FALSE
"GO:0009696 (salicylic acid metabolic process)",0.790132200188857,0.892953044404007,-0.260469659458235,-0.762215317693643,3346,15,"AT2G23600;AT5G10300","OSD-38",-0.52,"whole_seedling","dark",FALSE
"GO:0009704 (de-etiolation)",0.0292691375129893,0.0803784177443417,0.552819991859053,1.57443696721884,168,17,"AT1G10370;AT3G08010;AT2G04030;AT3G59780;AT5G23060","OSD-38",-0.52,"whole_seedling","dark",FALSE
"GO:0009718 (anthocyanin-containing compound biosynthetic process)",0.847419466574299,0.922617098420482,0.252281545534397,0.718500411138765,4892,17,"AT3G21560;AT4G01900;AT4G27430;AT1G56650;AT5G54060;AT3G29590","OSD-38",-0.52,"whole_seedling","dark",FALSE
"GO:0009723 (response to ethylene)",0.000335457900033546,0.00356436528598724,-0.466878994962136,-2.16707324015488,0,109,"AT5G44790;AT1G19220;AT1G32230;AT1G53940;AT4G16110;AT4G24180;AT1G64060;AT4G32940;AT1G13960;AT3G51440;AT1G66340;AT1G02120;AT1G08720;AT1G19000;AT5G60360;AT4G24800;AT2G38120;AT5G64930;AT5G13330;AT5G02320;AT5G25620;AT3G51550;AT5G39610;AT3G16350;AT1G74840;AT2G35550;AT2G43790;AT3G20770;AT5G10200;AT3G09370;AT5G06100;AT3G16770;AT5G20730;AT5G03280;AT4G13260;AT2G25490;AT4G11280;AT5G47390;AT5G03730;AT2G47540;AT4G34460","OSD-38",-0.52,"whole_seedling","dark",FALSE
"GO:0009733 (response to auxin)",0.0302466263378315,0.082400235317188,-0.239110910578263,-1.25277695691234,64,242,"AT5G63160;AT5G50760;AT4G31910;AT1G19220;AT3G48360;AT4G32880;AT5G25890;AT2G35050;AT2G41800;AT5G01490;AT1G31710;AT1G66340;AT5G45800;AT5G57740;AT1G74660;AT2G38120;AT1G17345;AT4G22620;AT5G39610;AT4G37610;AT5G54510;AT5G57560;AT5G54500;AT5G01990;AT1G62810;AT4G12550;AT3G09370;AT4G24390;AT2G33310;AT2G17500;AT5G53590;AT1G79570;AT2G39550;AT1G58220;AT1G71090;AT5G65670;AT2G04550;AT1G28130;AT5G20730;AT5G20810;AT5G12330;AT1G43850;AT1G14000;AT1G50030;AT4G18710;AT4G11280;AT2G32700;AT5G45710;AT5G54490;AT2G47260;AT1G59870;AT1G15050;AT4G30080;AT2G04160;AT1G71930;AT4G27260;AT4G27280;AT4G37390;AT4G00880;AT2G14960;AT5G57090;AT4G32810","OSD-38",-0.52,"whole_seedling","dark",FALSE
"GO:0009734 (auxin-activated signaling pathway)",0.0265837104072398,0.0750460497337124,-0.350455142340128,-1.44350164086159,93,59,"AT3G48360;AT3G12090;AT4G14740;AT4G23410;AT2G28350;AT2G01950;AT4G04920;AT1G56010;AT5G54510;AT4G24390;AT5G65670;AT2G04550;AT2G23810;AT1G10210;AT1G14000;AT4G17350;AT4G11260","OSD-38",-0.52,"whole_seedling","dark",FALSE
"GO:0009735 (response to cytokinin)",0.119331065759637,0.245591032111769,-0.300234343846313,-1.24239345598539,420,60,"AT1G67710;AT3G18780;AT1G03850;AT4G16110;AT1G10470;AT4G31920;AT1G74660;AT3G16857;AT2G26980;AT5G62920;AT5G06100;AT3G57040;AT1G58220;AT3G16770;AT4G37790","OSD-38",-0.52,"whole_seedling","dark",FALSE
"GO:0009736 (cytokinin-activated signaling pathway)",0.000813008130081301,0.00557741061281581,-0.466014429975585,-1.83169233255863,2,47,"AT1G31770;AT5G02810;AT1G67710;AT2G01830;AT4G16110;AT1G27320;AT1G67030;AT1G10470;AT4G31920;AT3G16857;AT4G01540;AT3G21510;AT5G62920;AT3G57040;AT5G10720;AT1G68360;AT5G61380;AT1G10480","OSD-38",-0.52,"whole_seedling","dark",FALSE
"GO:0009737 (response to abscisic acid)",0.000636132315521629,0.00484004339349249,-0.254744986448588,-1.4089956997368,0,414,"AT2G32150;AT1G54100;AT5G13180;AT3G14050;AT4G31910;AT3G48360;AT4G38470;AT4G21534;AT4G02590;AT3G08040;AT1G31710;AT2G02820;AT4G34390;AT1G05470;AT1G66340;AT3G01420;AT5G02310;AT2G47180;AT1G74660;AT3G19290;AT2G22570;AT5G13330;AT4G25580;AT5G58940;AT3G17410;AT5G39610;AT3G46930;AT1G65690;AT1G24190;AT5G05700;AT5G50720;AT5G14270;AT5G37740;AT4G04740;AT5G46350;AT2G26980;AT3G46620;AT5G25370;AT2G43790;AT4G32150;AT1G62810;AT3G51920;AT5G27420;AT5G58670;AT2G26190;AT3G09770;AT1G70670;AT4G23450;AT2G39550;AT4G29100;AT1G76180;AT2G04550;AT4G24130;AT1G70790;AT3G21780;AT4G37050;AT4G37790;AT3G26090;AT3G02850;AT3G55530;AT4G18010;AT1G63490;AT2G35940;AT1G63840;AT4G19810;AT5G23720;AT3G04110;AT4G05100;AT1G16060;AT3G55830;AT2G42490;AT4G02020;AT1G08930;AT5G47390;AT1G05630;AT1G08920;AT5G49620;AT3G57480;AT5G01520;AT2G46270;AT3G15040;AT1G75750;AT1G71960;AT1G71930;AT3G62090;AT5G59550;AT3G02140;AT5G35750;AT2G40530;AT2G43230;AT1G48000;AT4G28110;AT1G20440;AT1G62660;AT5G12420;AT4G28520;AT5G66880;AT3G22060;AT2G30470;AT4G21540;AT3G19580;AT3G56200;AT1G27730;AT5G37500;AT2G46680;AT5G46230;AT5G28520;AT4G21410;AT3G07370;AT5G44120;AT5G08560;AT4G04490;AT2G36690;AT3G29575;AT1G31760;AT1G44170;AT1G05510;AT1G51140;AT5G59320;AT2G47770;AT3G22380;AT5G13530;AT2G17840;AT2G38610;AT5G44610;AT1G03880;AT1G68670;AT2G28400;AT5G41580;AT2G40170;AT1G58340;AT4G34000;AT3G63210;AT5G46050;AT5G62490;AT1G29395;AT5G17640;AT5G52300;AT5G57050;AT1G12420;AT3G50980;AT5G04500;AT3G59370;AT2G25930;AT3G58450;AT3G50970;AT3G15210;AT2G40340;AT3G51810;AT5G19330;AT4G32910;AT4G23260;AT2G32020;AT2G21490;AT2G18960;AT3G48680;AT1G31930;AT4G33980;AT2G33700;AT3G47620;AT1G18100;AT3G58490;AT5G66400;AT5G40010","OSD-38",-0.52,"whole_seedling","dark",FALSE
"GO:0009738 (abscisic acid-activated signaling pathway)",0.0350877192982456,0.0932748538011696,-0.292666375624071,-1.34362615568203,109,100,"AT3G48360;AT1G74740;AT1G64060;AT1G75380;AT4G15230;AT2G28350;AT2G17290;AT3G19290;AT1G73000;AT4G04920;AT3G57530;AT2G29940;AT2G26980;AT2G43790;AT1G62810;AT5G01550;AT5G58670;AT5G01560;AT4G37790;AT1G18890;AT1G63490;AT3G45640;AT1G71960;AT2G30360;AT3G04740;AT5G66880;AT2G46680;AT1G66600;AT5G13530;AT2G40180;AT2G28400;AT1G18720;AT4G34000;AT5G46790;AT3G56860;AT5G52300","OSD-38",-0.52,"whole_seedling","dark",FALSE
"GO:0009739 (response to gibberellin)",0.268417874396135,0.444806763285024,-0.250470327960375,-1.0968575193773,888,78,"AT4G30270;AT3G11280;AT4G19700;AT4G36410;AT1G66340;AT2G16750;AT1G19000;AT1G74660;AT3G16350;AT1G74840;AT5G06100;AT5G13910;AT5G58787;AT5G27320;AT2G15230;AT5G47390;AT1G50420;AT4G09600;AT1G75750;AT3G63010;AT5G66880;AT2G31730","OSD-38",-0.52,"whole_seedling","dark",FALSE
"GO:0009740 (gibberellic acid mediated signaling pathway)",0.405633061331929,0.593563975068282,-0.275310860793844,-1.02884599250853,1540,38,"AT4G30270;AT1G67030;AT2G03500;AT5G06100;AT1G68360;AT1G74670;AT1G10480;AT3G11440;AT2G39840","OSD-38",-0.52,"whole_seedling","dark",FALSE
"GO:0009741 (response to brassinosteroid)",0.332260659694288,0.52084103411537,-0.278578611444523,-1.07496941220782,1238,43,"AT4G31910;AT4G30270;AT4G00720;AT1G74660;AT3G51550;AT5G57560;AT5G04240;AT4G15400;AT3G59060;AT3G50660;AT1G75750;AT1G71930;AT2G40530;AT1G18740;AT3G46290","OSD-38",-0.52,"whole_seedling","dark",FALSE
"GO:0009742 (brassinosteroid mediated signaling pathway)",0.512426696453505,0.682522405714689,-0.238326808761099,-0.970087537370707,1834,55,"AT2G01950;AT4G33430;AT5G10450;AT4G39400;AT2G27210;AT4G15400;AT1G14000;AT4G18710;AT4G18890;AT2G13790;AT4G35230;AT1G63500;AT1G32130;AT3G46290;AT1G74500;AT5G41260;AT4G38740;AT3G63310;AT1G08420;AT1G75080;AT1G22300;AT1G78700;AT5G65430","OSD-38",-0.52,"whole_seedling","dark",FALSE
"GO:0009744 (response to sucrose)",0.577154308617234,0.739406523891156,0.244627121071484,0.934212025757276,3743,66,"AT5G04140;AT1G08810;AT5G42890;AT1G42970;AT2G40220;AT2G28900;AT4G34160;AT5G65420;AT4G17670;AT5G47060;AT4G01900;AT1G16880;AT2G39990;AT1G01790;AT3G26650;AT2G22490","OSD-38",-0.52,"whole_seedling","dark",FALSE
"GO:0009749 (response to glucose)",0.505151768309663,0.676891149287304,-0.242418045223504,-0.972998449196066,1813,52,"AT3G47340;AT4G39795;AT4G34390;AT4G04040;AT4G37220;AT5G13420;AT3G26090;AT1G74670;AT4G24400;AT1G16540;AT5G57090;AT3G16690;AT1G67890;AT4G35300;AT3G63210;AT1G20840;AT3G59370;AT1G76550","OSD-38",-0.52,"whole_seedling","dark",FALSE
"GO:0009750 (response to fructose)",0.033583842179427,0.0900719103917769,-0.529476682103926,-1.57951568020222,142,16,"AT3G47340;AT4G34390;AT4G37220;AT1G74670;AT5G03730;AT3G16690;AT4G35300;AT1G20840;AT1G31930","OSD-38",-0.52,"whole_seedling","dark",FALSE
"GO:0009751 (response to salicylic acid)",0.000340483486550902,0.00356436528598724,-0.491909246979794,-2.298641742934,0,114,"AT5G63160;AT1G02860;AT3G48360;AT1G53940;AT2G17520;AT3G11280;AT1G73260;AT4G32940;AT1G13960;AT1G31710;AT1G60490;AT3G51440;AT1G02120;AT3G01420;AT4G05320;AT4G19660;AT3G52430;AT5G45110;AT5G13330;AT5G02320;AT2G04880;AT2G40000;AT3G56400;AT4G37610;AT5G49570;AT1G62810;AT3G09370;AT3G61260;AT2G37710;AT1G12160;AT2G42490;AT1G15780;AT2G45820;AT3G61190;AT1G64280;AT5G24530;AT3G15040;AT4G19040;AT2G40530;AT4G23270;AT1G14790;AT4G04695;AT1G65510;AT2G14560;AT1G22885;AT4G23810;AT1G66700;AT2G38610;AT3G50480;AT2G28400;AT1G28480;AT5G46050;AT5G46070;AT3G59370;AT5G17960;AT5G06320;AT1G80840;AT1G65500;AT1G22890;AT1G43160;AT5G08790;AT1G79680;AT1G61340;AT5G04760;AT2G40750;AT3G51450;AT4G10500;AT5G11510","OSD-38",-0.52,"whole_seedling","dark",FALSE
"GO:0009753 (response to jasmonic acid)",0.00374531835205993,0.0180022131656366,-0.330425080088407,-1.54404270028841,10,114,"AT5G59090;AT3G48360;AT1G53940;AT5G18860;AT3G15510;AT4G32940;AT1G13960;AT1G31710;AT3G51440;AT4G20860;AT1G07640;AT5G13330;AT2G46370;AT3G56400;AT4G12570;AT1G62810;AT3G09370;AT4G12030;AT3G16770;AT5G03280;AT1G12160;AT5G46760;AT3G16470;AT4G19810;AT2G42490;AT4G11280;AT1G74020;AT1G70170;AT3G50660;AT1G18150;AT1G17750;AT4G35770;AT4G02570;AT5G37500;AT4G14940;AT1G22885;AT5G64900;AT3G50480;AT2G28400;AT1G70700;AT5G46050;AT4G23100;AT5G14200;AT2G34600;AT1G06620;AT5G24780;AT1G65500;AT1G22890;AT1G43160;AT1G73080;AT5G08790;AT5G24770;AT2G26690;AT1G61340;AT1G47510;AT1G54040;AT1G17380;AT3G51450;AT1G20510;AT3G51430;AT5G67160;AT4G28910;AT3G43670;AT5G56750;AT1G44350;AT2G39940;AT1G72450;AT4G35890;AT1G76930","OSD-38",-0.52,"whole_seedling","dark",FALSE
"GO:0009755 (hormone-mediated signaling pathway)",0.00542005420054201,0.0232080173150725,-0.52162593078343,-1.75159923096619,21,24,"AT3G13380;AT1G55610;AT2G01950;AT4G39270;AT2G42430;AT4G20270;AT4G00210;AT4G39400;AT4G08850;AT2G45420;AT4G00220;AT3G58190","OSD-38",-0.52,"whole_seedling","dark",FALSE
"GO:0009765 (photosynthesis, light harvesting)",0.482068245125348,0.661682994069236,0.349055633236698,0.976696848419199,2768,16,"AT5G57030;AT1G76570;AT5G01530;AT4G10340;AT1G15820","OSD-38",-0.52,"whole_seedling","dark",FALSE
"GO:0009767 (photosynthetic electron transport chain)",0.000520291363163372,0.00442594519597641,0.722872680051049,1.98983243724833,2,15,"AT5G66190;AT3G21200;AT4G21280;AT4G33520;AT4G03280;AT2G01918;AT1G60950;AT3G01440;AT1G14150;AT4G31390","OSD-38",-0.52,"whole_seedling","dark",FALSE
"GO:0009768 (photosynthesis, light harvesting in photosystem I)",0.134875084402431,0.269750168804862,0.42788162834913,1.29940944108802,798,22,"AT1G45474;AT1G19150;AT1G76570;AT5G01530;AT4G10340;AT1G08380;AT1G15820;AT3G61470;AT5G54270","OSD-38",-0.52,"whole_seedling","dark",FALSE
"GO:0009773 (photosynthetic electron transport in photosystem I)",0.000174094707520891,0.0028480108563674,0.776999598433968,2.17413210603831,0,16,"AT4G22890;AT1G18730;AT3G16250;AT2G05620;AT1G64770;AT4G09650;AT2G46820;AT2G01590;AT3G54050;AT1G70760;AT1G55370;AT1G15980;AT5G64040;AT1G55670","OSD-38",-0.52,"whole_seedling","dark",FALSE
"GO:0009785 (blue light signaling pathway)",0.54635761589404,0.708488127927637,-0.301276133731908,-0.931068937818265,2309,18,"AT2G36890;AT1G04400;AT4G28860;AT5G20730;AT4G28880","OSD-38",-0.52,"whole_seedling","dark",FALSE
"GO:0009787 (regulation of abscisic acid-activated signaling pathway)",0.497018840925352,0.671817840064353,-0.310829797168084,-0.973955789747384,2083,19,"AT1G15380;AT1G67710","OSD-38",-0.52,"whole_seedling","dark",FALSE
"GO:0009788 (negative regulation of abscisic acid-activated signaling pathway)",0.0293214185981569,0.0803784177443417,-0.354778044179876,-1.44409166967299,104,55,"AT5G25160;AT1G67030;AT1G08720;AT5G10970;AT3G51550;AT5G66070;AT1G13300;AT1G51800;AT3G26000;AT5G22090;AT1G66140;AT5G10720;AT2G39550;AT3G02140;AT5G10940;AT2G33540;AT5G13530;AT5G08335;AT5G18190;AT5G23320;AT2G25760;AT5G57050;AT1G24625;AT1G20110","OSD-38",-0.52,"whole_seedling","dark",FALSE
"GO:0009789 (positive regulation of abscisic acid-activated signaling pathway)",0.0495934959349593,0.122638179870171,-0.356308174562379,-1.40048657164557,182,47,"AT1G18470;AT3G17410;AT5G37740;AT3G01650;AT5G58430;AT5G06100;AT4G23450;AT1G70790;AT5G03280;AT1G67800;AT3G55530;AT5G35980;AT5G47710;AT5G01520;AT1G35670;AT1G70800;AT5G66880;AT2G01540;AT1G67890","OSD-38",-0.52,"whole_seedling","dark",FALSE
"GO:0009791 (post-embryonic development)",0.616549926698159,0.768279010221534,0.272992896469186,0.90122288214588,3784,32,"AT3G21200;AT3G20440;AT1G62750;AT1G23290;AT5G57390;AT4G35450;AT1G16280","OSD-38",-0.52,"whole_seedling","dark",FALSE
"GO:0009809 (lignin biosynthetic process)",0.000262329485834208,0.00322814047976846,-0.524457727787335,-1.91703344353596,0,35,"AT5G66390;AT5G48100;AT5G48930;AT2G40890;AT1G61820;AT4G34230;AT4G01070;AT1G79180;AT5G05980;AT2G38080;AT5G60020;AT5G13420;AT3G16920;AT1G15950","OSD-38",-0.52,"whole_seedling","dark",FALSE
"GO:0009813 (flavonoid biosynthetic process)",0.0239283869857118,0.0702160629699414,0.542142356695961,1.5873982044647,138,19,"AT3G55120;AT5G05270;AT5G08640;AT3G51240;AT4G25640;AT5G13930","OSD-38",-0.52,"whole_seedling","dark",FALSE
"GO:0009825 (multidimensional cell growth)",0.170240247997933,0.314821096297627,-0.348114813688187,-1.22992979791788,658,30,"AT1G69490;AT1G19270;AT3G21510;AT4G18710;AT3G48860;AT5G17690;AT1G55180;AT1G74360;AT4G28110;AT5G28646","OSD-38",-0.52,"whole_seedling","dark",FALSE
"GO:0009826 (unidimensional cell growth)",0.393386152256287,0.580973067452571,-0.217872473920476,-1.02194457176576,1141,117,"AT5G19530;AT3G26610;AT1G72300;AT5G20490;AT5G56320;AT3G45970;AT5G54510;AT5G04240;AT4G39400;AT3G45960;AT5G62310;AT3G49120;AT1G17060;AT1G75500;AT1G22620;AT3G50660;AT1G75750;AT3G15370;AT5G60410;AT4G23640;AT3G46290;AT5G49720;AT3G51160;AT1G54490","OSD-38",-0.52,"whole_seedling","dark",FALSE
"GO:0009827 (plant-type cell wall modification)",0.227642276422764,0.397188588339318,-0.292101065148806,-1.14811741214389,839,47,"AT5G56870;AT4G00080;AT5G38610;AT3G17225;AT1G67330;AT2G41210;AT5G01360;AT2G32700;AT4G12390;AT4G28370;AT5G63800;AT2G20650;AT1G14890;AT4G26140;AT1G62770;AT3G56960;AT3G13750;AT5G62340","OSD-38",-0.52,"whole_seedling","dark",FALSE
"GO:0009828 (plant-type cell wall loosening)",0.640144665461121,0.783900761159684,0.274761454248328,0.882648236772974,3893,28,"AT4G38210;AT1G73360;AT3G03220;AT1G69530;AT4G39010;AT5G66460;AT2G28950;AT1G26770;AT3G55500;AT2G03090","OSD-38",-0.52,"whole_seedling","dark",FALSE
"GO:0009832 (plant-type cell wall biogenesis)",0.144706186901372,0.284946133466282,-0.349407107960955,-1.25513295696863,558,32,"AT3G29810;AT5G49360;AT4G17220;AT5G17420;AT3G59770;AT5G44030;AT1G22620;AT3G13870","OSD-38",-0.52,"whole_seedling","dark",FALSE
"GO:0009833 (plant-type primary cell wall biogenesis)",0.881242236024845,0.942950044339344,-0.214202484844625,-0.723229041209942,3546,25,"AT5G17420;AT4G18780;AT5G44030;AT5G16910;AT2G32620;AT2G32610;AT3G03050;AT1G55850","OSD-38",-0.52,"whole_seedling","dark",FALSE
"GO:0009834 (plant-type secondary cell wall biogenesis)",0.00110711320232494,0.00713472952609404,-0.447954139114716,-1.79261806685792,3,51,"AT2G40320;AT5G46340;AT5G17420;AT2G28110;AT4G24910;AT4G33330;AT3G50220;AT2G38080;AT5G12870;AT4G18780;AT1G75500;AT4G09990;AT3G18660;AT5G15630;AT5G44030;AT1G27440;AT1G67330;AT2G37090;AT1G77130;AT1G33800;AT5G48920;AT1G79580;AT4G14940;AT1G09610;AT1G27600;AT1G43790;AT5G03170","OSD-38",-0.52,"whole_seedling","dark",FALSE
"GO:0009845 (seed germination)",0.961305567862945,0.992415780415144,0.172573298713851,0.692566310862194,6508,86,"AT1G48630;AT3G58060;AT5G42890;AT1G62750;AT5G57390;AT4G36880;AT1G11780;AT4G04890;AT4G21750;AT5G01780;AT4G32320;AT5G56600;AT3G07130;AT5G66460;AT4G03090;AT3G54810;AT4G27490","OSD-38",-0.52,"whole_seedling","dark",FALSE
"GO:0009846 (pollen germination)",0.675920679886686,0.818287274701528,-0.213409858357753,-0.894882628607879,2385,63,"AT2G47860;AT1G29760;AT2G16700;AT4G29380;AT3G06540;AT4G24580;AT3G19090;AT2G41210;AT3G10380;AT1G05630;AT3G02130;AT4G02350;AT5G36260;AT3G61710;AT5G23630;AT3G09840;AT3G56960;AT1G03920;AT3G54150;AT2G17420;AT2G34380;AT1G71820;AT5G48230;AT5G16460","OSD-38",-0.52,"whole_seedling","dark",FALSE
"GO:0009853 (photorespiration)",0.000161943319838057,0.0028480108563674,0.600538526974295,2.04085660118933,0,36,"AT5G04140;AT3G18410;AT2G31490;AT4G37930;AT1G04630;AT1G14450;AT5G47435;AT4G00585;AT4G34700;AT2G47690;AT2G27730;AT1G67350;AT2G35370;AT2G02050;AT2G33220;AT3G54110;AT5G66510;AT4G16450;AT1G19580;AT1G49140;AT5G63510","OSD-38",-0.52,"whole_seedling","dark",FALSE
"GO:0009860 (pollen tube growth)",0.593214645616392,0.74796629229893,-0.202354408552588,-0.941092875804626,1765,110,"AT1G72150;AT4G34600;AT1G27380;AT1G60420;AT2G16700;AT1G03010;AT5G64070;AT2G38020;AT3G22200;AT5G49680;AT3G06540;AT2G41970;AT4G24580;AT2G37540;AT1G56430;AT3G23630;AT3G05580;AT2G41210;AT3G10380;AT1G59820;AT1G19780;AT5G09350;AT4G02350;AT5G16490","OSD-38",-0.52,"whole_seedling","dark",FALSE
"GO:0009862 (systemic acquired resistance, salicylic acid mediated signaling pathway)",0.285477767265847,0.462271105369569,-0.372715210429058,-1.13155620414321,1206,17,"AT3G48090;AT4G19660;AT3G52430;AT5G45110;AT3G56400","OSD-38",-0.52,"whole_seedling","dark",FALSE
"GO:0009863 (salicylic acid mediated signaling pathway)",0.351304347826087,0.543975155279503,-0.317061054661867,-1.07051868578671,1413,25,"AT5G06960;AT2G04880;AT5G05190;AT3G52400;AT1G33980;AT3G50930;AT5G47010;AT1G28480","OSD-38",-0.52,"whole_seedling","dark",FALSE
"GO:0009867 (jasmonic acid mediated signaling pathway)",0.283238559436772,0.460985206430257,-0.283350266049764,-1.11033933832661,1045,46,"AT1G32230;AT1G79380;AT5G63970;AT3G52400;AT3G26090;AT4G34460;AT1G33980;AT3G50660;AT4G11260;AT1G25540;AT3G15500;AT4G02570;AT4G14940;AT5G47010;AT1G17440;AT1G28480;AT1G15750;AT5G06600;AT5G64810","OSD-38",-0.52,"whole_seedling","dark",FALSE
"GO:0009873 (ethylene-activated signaling pathway)",0.00539228902669183,0.0232080173150725,-0.43171418935409,-1.67213171614106,19,44,"AT5G44790;AT1G32230;AT4G16110;AT1G64060;AT5G59430;AT3G20770;AT3G16770;AT5G03280;AT1G73500;AT4G17490;AT1G54490;AT5G47230;AT2G33710;AT1G25560;AT1G28370;AT1G73730;AT5G47220;AT1G53910;AT5G21120;AT3G23240","OSD-38",-0.52,"whole_seedling","dark",FALSE
"GO:0009903 (chloroplast avoidance movement)",0.873730534867976,0.939492629413781,0.235013598498397,0.706780710893265,5161,21,"AT5G10470;AT3G13190;AT1G66840","OSD-38",-0.52,"whole_seedling","dark",FALSE
"GO:0009904 (chloroplast accumulation movement)",0.749914295509085,0.871485101156277,0.269403769118841,0.798393161491031,4374,20,"AT5G10470;AT3G13190;AT1G66840;AT5G67385;AT3G45780;AT2G40480","OSD-38",-0.52,"whole_seedling","dark",FALSE
"GO:0009908 (flower development)",0.795314426633785,0.894430568975261,-0.192135966591222,-0.851255210874394,2579,83,"AT1G22770;AT1G17980;AT1G69490;AT5G02600;AT1G79000;AT5G06720;AT1G16710;AT1G01040;AT1G01640;AT5G18560;AT3G22990;AT2G32700;AT1G09000;AT4G29010;AT3G12980;AT2G38110;AT1G73590;AT4G37590;AT4G24560;AT5G45190;AT4G31160;AT5G08335;AT5G10510;AT5G23320;AT4G23100;AT5G57360","OSD-38",-0.52,"whole_seedling","dark",FALSE
"GO:0009909 (regulation of flower development)",0.830404889228419,0.912276297585576,0.207044178760165,0.795998517489544,5434,68,"AT2G45190;AT5G53420;AT2G24790;AT4G28190;AT1G68640;AT5G49020;AT1G80940;AT2G18040;AT5G13290;AT5G03680","OSD-38",-0.52,"whole_seedling","dark",FALSE
"GO:0009910 (negative regulation of flower development)",0.217418744083307,0.384246977077978,0.327856405299395,1.18090610542451,1377,48,"AT2G20570;AT4G26150;AT4G28190;AT5G49160;AT5G56860;AT1G45050;AT5G67100;AT5G48890;AT5G44190;AT1G13260;AT5G60800","OSD-38",-0.52,"whole_seedling","dark",FALSE
"GO:0009911 (positive regulation of flower development)",0.11411332633788,0.237922556220809,-0.352151960442204,-1.28720972083417,434,35,"AT5G06850;AT5G41990;AT5G64390;AT2G43410;AT1G04400;AT4G39400;AT5G55390","OSD-38",-0.52,"whole_seedling","dark",FALSE
"GO:0009926 (auxin polar transport)",0.69672131147541,0.833974102666626,0.246954974886496,0.854408430713892,4334,39,"AT2G31190;AT5G13930;AT1G70940;AT3G01130;AT1G77110;AT3G14370;AT1G70560;AT1G15690;AT1G53700;AT5G55540","OSD-38",-0.52,"whole_seedling","dark",FALSE
"GO:0009933 (meristem structural organization)",0.0375279738337063,0.0989373855615894,0.519224380074474,1.52029414131673,217,19,"AT2G45190;AT5G64630;AT3G18730;AT5G55540;AT3G08880;AT1G36160","OSD-38",-0.52,"whole_seedling","dark",FALSE
"GO:0009934 (regulation of meristem structural organization)",0.165066849502914,0.30974308818488,0.427218655440222,1.26608641772344,962,20,"AT3G49670;AT1G75820;AT3G22780;AT3G18730;AT1G65470;AT1G62360;AT5G65700","OSD-38",-0.52,"whole_seedling","dark",FALSE
"GO:0009938 (negative regulation of gibberellic acid mediated signaling pathway)",0.626044568245125,0.775565892311437,0.31417401158886,0.87909415507406,3595,16,"AT4G26150;AT5G56860","OSD-38",-0.52,"whole_seedling","dark",FALSE
"GO:0009944 (polarity specification of adaxial/abaxial axis)",0.0177725118483412,0.0566943127962085,0.54036472667082,1.62509475238154,104,21,"AT2G45190;AT1G65620;AT2G26580;AT2G26330;AT4G00180;AT1G32240;AT3G57130","OSD-38",-0.52,"whole_seedling","dark",FALSE
"GO:0009958 (positive gravitropism)",0.69408322496749,0.832378002874547,0.254708208700516,0.852797075108093,4269,34,"AT1G69935;AT1G70940;AT4G24670;AT5G14090;AT1G42430;AT1G70560;AT5G62500;AT5G11260;AT4G16340","OSD-38",-0.52,"whole_seedling","dark",FALSE
"GO:0009959 (negative gravitropism)",0.45575959933222,0.640472740911799,-0.319015786605974,-0.99960581391007,1910,19,"AT5G66250;AT1G31480;AT1G29300;AT4G37650;AT5G46860;AT2G17990;AT3G60680;AT2G36810;AT2G26890","OSD-38",-0.52,"whole_seedling","dark",FALSE
"GO:0009960 (endosperm development)",0.992238357536304,1,-0.15353261297208,-0.523024925213344,3962,26,"AT5G16230;AT1G53580;AT4G02020;AT4G25350;AT5G54650;AT1G26830","OSD-38",-0.52,"whole_seedling","dark",FALSE
"GO:0009965 (leaf morphogenesis)",0.0211877513145685,0.0646783987497355,0.403728571478101,1.51547532751066,136,59,"AT3G15030;AT4G18390;AT1G30210;AT5G60970;AT2G31070;AT2G26330;AT2G48120;AT2G19730;AT1G53230;AT4G00100;AT3G25520;AT5G39740;AT4G34740;AT3G57130;AT3G53020;AT1G45050;AT5G67100;AT1G77600;AT2G23380;AT5G55540;AT2G37630;AT5G65810","OSD-38",-0.52,"whole_seedling","dark",FALSE
"GO:0009969 (xyloglucan biosynthetic process)",0.675511619840444,0.818287274701528,0.307170318706561,0.845539582266489,3894,15,"AT5G04885;AT2G03220;AT5G20950;AT4G02500;AT5G62220","OSD-38",-0.52,"whole_seedling","dark",FALSE
"GO:0010015 (root morphogenesis)",0.967610364683301,0.997310844374711,-0.182161913001756,-0.579611040041357,4032,20,"AT5G02600;AT1G12470;AT1G47240;AT1G58340;AT1G24460;AT1G22860;AT5G24740;AT5G25460;AT5G52050;AT5G46700;AT4G29040","OSD-38",-0.52,"whole_seedling","dark",FALSE
"GO:0010017 (red or far-red light signaling pathway)",0.899633821571238,0.955018932050666,0.217510874510185,0.686395436003022,5404,26,"AT2G46970;AT3G17609;AT1G21600","OSD-38",-0.52,"whole_seedling","dark",FALSE
"GO:0010020 (chloroplast fission)",0.00016826518593303,0.0028480108563674,0.758546785694059,2.34719781147882,0,24,"AT1G69390;AT3G52750;AT5G55280;AT3G29185;AT4G23940;AT5G24020;AT2G21280;AT1G63680;AT3G19720;AT1G20830;AT5G21920;AT5G42480;AT3G07430;AT5G46290;AT3G19180;AT1G75010;AT5G51020;AT2G36250","OSD-38",-0.52,"whole_seedling","dark",FALSE
"GO:0010025 (wax biosynthetic process)",0.143514713134966,0.283474882291358,0.400645547702978,1.28704037914782,872,28,"AT5G02890;AT2G47240;AT1G06360;AT1G49430","OSD-38",-0.52,"whole_seedling","dark",FALSE
"GO:0010026 (trichome differentiation)",0.182647615768635,0.331991962565211,0.426084934820581,1.24758092063809,1060,19,"AT1G01380;AT2G41940;AT2G30424;AT5G64630","OSD-38",-0.52,"whole_seedling","dark",FALSE
"GO:0010027 (thylakoid membrane organization)",0.000156519017060573,0.0028480108563674,0.744114548122408,2.71290431172568,0,51,"AT3G47450;AT3G24590;AT5G35220;AT3G12780;AT1G74730;AT5G24314;AT2G34860;AT5G18570;AT1G65260;AT2G45770;AT1G44575;AT2G30950;AT2G20890;AT1G35680;AT4G20130;AT1G03160;AT2G01110;AT1G32500;AT1G32070;AT3G62910;AT4G14870;AT5G08050;AT5G19540;AT5G12130;AT4G31780;AT2G30170;AT1G24490;AT1G56190;AT2G39290;AT1G28530;AT3G10670;AT5G53860;AT3G26900;AT3G58830;AT2G18710;AT2G31530","OSD-38",-0.52,"whole_seedling","dark",FALSE
"GO:0010029 (regulation of seed germination)",0.150990099009901,0.293694156000966,-0.307662553194303,-1.21773283075371,548,49,"AT2G01830;AT2G45210;AT1G27320;AT5G66730;AT5G02310;AT4G28300;AT5G39610;AT5G05700;AT3G16740","OSD-38",-0.52,"whole_seedling","dark",FALSE
"GO:0010030 (positive regulation of seed germination)",0.378633540372671,0.569736317824915,-0.310810383746452,-1.0494140439038,1523,25,"AT5G09530;AT3G48990;AT5G13910;AT1G75220;AT1G07240;AT2G46590;AT4G32010;AT5G63080;AT2G30470","OSD-38",-0.52,"whole_seedling","dark",FALSE
"GO:0010038 (response to metal ion)",0.00119246362985929,0.00745874309657085,-0.60600052297322,-1.89884535947673,4,19,"AT2G19110;AT5G25620;AT2G46800;AT5G39000;AT5G39020;AT5G26240;AT5G44610;AT2G26530;AT5G44070;AT3G59370;AT5G39030","OSD-38",-0.52,"whole_seedling","dark",FALSE
"GO:0010039 (response to iron ion)",0.268197361993161,0.444806763285024,-0.353643883851895,-1.14072056978304,1097,21,"AT1G18910;AT4G36060;AT3G25190;AT5G53550;AT5G24380;AT1G21140;AT5G21105","OSD-38",-0.52,"whole_seedling","dark",FALSE
"GO:0010043 (response to zinc ion)",0.0628726287262873,0.145336004084679,-0.347176612681621,-1.36459452452131,231,47,"AT2G19110;AT2G38380;AT1G52760;AT3G22460;AT5G56550;AT1G16150;AT1G65930;AT5G13740;AT2G46800;AT3G12750;AT5G24380;AT3G58810","OSD-38",-0.52,"whole_seedling","dark",FALSE
"GO:0010044 (response to aluminum ion)",0.00188857412653447,0.0105893873757241,-0.655544353236415,-1.91832687347789,7,15,"AT5G22890;AT5G27920;AT1G34370;AT1G51340;AT1G08430;AT4G11850;AT2G32700;AT2G37330;AT4G29860","OSD-38",-0.52,"whole_seedling","dark",FALSE
"GO:0010051 (xylem and phloem pattern formation)",0.0443990813983159,0.113306455728502,-0.425804149851422,-1.47478323369722,173,28,"AT5G60690;AT5G49660;AT1G05470;AT2G01950;AT4G17220;AT5G51590;AT3G14170;AT1G73590;AT5G13300;AT4G08150;AT4G24220;AT1G15750;AT4G25320;AT5G13010","OSD-38",-0.52,"whole_seedling","dark",FALSE
"GO:0010053 (root epidermal cell differentiation)",0.00310040543763415,0.0152158359170045,-0.590984723635087,-1.85179477154629,12,19,"AT3G18780;AT5G51060;AT3G27560;AT4G31170;AT3G13870;AT5G49270;AT4G26690;AT3G07880;AT1G24460;AT4G31230;AT1G78870;AT5G09810;AT5G65090;AT1G67490","OSD-38",-0.52,"whole_seedling","dark",FALSE
"GO:0010073 (meristem maintenance)",0.755459216441875,0.876332691072575,0.236544846868974,0.821851521487736,4704,40,"AT4G27760;AT4G32980;AT3G51290;AT2G30370;AT5G06250;AT5G13290;AT5G10310;AT1G32120","OSD-38",-0.52,"whole_seedling","dark",FALSE
"GO:0010075 (regulation of meristem growth)",0.184554650875894,0.333557697617056,-0.367967205407494,-1.21644959518131,747,23,"AT1G52150;AT5G44160;AT1G03840;AT4G20270;AT1G04400","OSD-38",-0.52,"whole_seedling","dark",FALSE
"GO:0010078 (maintenance of root meristem identity)",0.466044582685329,0.650626791582582,-0.274100692767469,-0.991377615369069,1797,33,"AT4G26540;AT3G63500;AT4G20270;AT1G63245;AT4G13195;AT3G07780;AT5G48160;AT5G48940;AT1G69970;AT2G12646;AT1G73965;AT3G06010;AT1G14740","OSD-38",-0.52,"whole_seedling","dark",FALSE
"GO:0010082 (regulation of root meristem growth)",0.167890870933893,0.314118403682767,-0.333674797564478,-1.21967074237788,639,35,"AT4G26540;AT1G67710;AT4G16110;AT4G31920;AT3G16857;AT2G43790","OSD-38",-0.52,"whole_seedling","dark",FALSE
"GO:0010087 (phloem or xylem histogenesis)",0.0083986562150056,0.0322743828409551,-0.380766123048543,-1.56184705559945,29,57,"AT1G52150;AT5G19530;AT4G31910;AT4G14740;AT1G27320;AT1G66340;AT2G36120;AT1G08590;AT5G61600;AT2G32280;AT2G01850;AT5G60200;AT5G03280;AT4G13195;AT3G55830;AT4G11280;AT1G05630;AT4G17350;AT4G17500;AT5G35750;AT5G14510;AT4G17490;AT1G20700;AT4G02570;AT4G28650;AT5G13300;AT1G54490","OSD-38",-0.52,"whole_seedling","dark",FALSE
"GO:0010088 (phloem development)",0.361213915618061,0.55397711097193,-0.32114487143926,-1.06166131958478,1463,23,"AT3G01670;AT3G01680;AT2G39830;AT1G79430;AT4G20270;AT1G63245;AT4G13195","OSD-38",-0.52,"whole_seedling","dark",FALSE
"GO:0010089 (xylem development)",0.00207792207792208,0.0114285714285714,-0.483562848048276,-1.75952191805126,7,34,"AT5G13180;AT4G32880;AT5G60690;AT2G23450;AT1G13950;AT1G79430;AT3G21710;AT1G62990;AT5G51590;AT2G45420;AT4G13195;AT4G00220;AT1G71930","OSD-38",-0.52,"whole_seedling","dark",FALSE
"GO:0010090 (trichome morphogenesis)",0.247336131740394,0.421926342380672,0.339094734712529,1.16013137728526,1531,37,"AT5G23940;AT1G05230;AT2G41940;AT1G56580;AT4G00100;AT1G80080;AT1G30825;AT4G01800;AT5G18410","OSD-38",-0.52,"whole_seedling","dark",FALSE
"GO:0010091 (trichome branching)",0.724478053591978,0.852798889652549,0.256913510666436,0.825313207826948,4406,28,"AT5G38110;AT1G17920;AT1G73360","OSD-38",-0.52,"whole_seedling","dark",FALSE
"GO:0010099 (regulation of photomorphogenesis)",0.192760651195012,0.345453077141623,0.436337572396724,1.24269385023088,1112,17,"AT2G24790;AT3G17609;AT3G43810;AT5G06550;AT5G11260;AT2G16365;AT5G37190;AT1G02330;AT2G20180;AT5G11200","OSD-38",-0.52,"whole_seedling","dark",FALSE
"GO:0010100 (negative regulation of photomorphogenesis)",0.545438779049601,0.708488127927637,0.338786312795417,0.932568089927636,3144,15,"AT1G69935;AT2G31380;AT4G10180;AT4G38960;AT2G20180;AT4G33780","OSD-38",-0.52,"whole_seedling","dark",FALSE
"GO:0010102 (lateral root morphogenesis)",0.0084985835694051,0.0322743828409551,-0.595352140186215,-1.74218571796608,35,15,"AT1G32230;AT5G25890;AT5G65710;AT4G12550;AT5G18560;AT4G28490;AT2G04160","OSD-38",-0.52,"whole_seedling","dark",FALSE
"GO:0010105 (negative regulation of ethylene-activated signaling pathway)",0.0366603595080416,0.0970510762080106,-0.515869633517871,-1.56617027693678,154,17,"AT1G66340;AT3G52430;AT3G51770;AT2G40940;AT5G10720;AT2G25490;AT5G03730;AT1G04310;AT5G25350;AT3G15210;AT2G26070;AT1G50640","OSD-38",-0.52,"whole_seedling","dark",FALSE
"GO:0010114 (response to red light)",0.140492031564289,0.27958551981983,0.333247263443768,1.24781837788896,907,58,"AT4G26150;AT1G08540;AT3G17609;AT2G34640;AT4G13790;AT4G14690;AT5G53660;AT1G69530;AT4G36880;AT5G06550;AT5G28490;AT5G44110;AT4G36930;AT4G31390;AT3G17040;AT1G06350;AT1G15550;AT5G11260","OSD-38",-0.52,"whole_seedling","dark",FALSE
"GO:0010118 (stomatal movement)",0.452955465587045,0.637937278244005,0.295664194952453,1.00477853942895,2796,36,"AT1G74710;AT5G11270;AT1G08810;AT5G58140;AT1G32080;AT4G18290;AT1G09780;AT2G33380;AT4G17970","OSD-38",-0.52,"whole_seedling","dark",FALSE
"GO:0010119 (regulation of stomatal movement)",0.00452105114439107,0.0200307682647327,-0.398972808872473,-1.63853458978427,15,58,"AT1G30270;AT5G44790;AT2G40820;AT1G05805;AT4G16110;AT1G64060;AT1G75380;AT2G17290;AT1G66340;AT1G51850;AT2G46370;AT4G04740;AT5G03280;AT5G23720;AT1G69850;AT3G49220;AT2G39660;AT3G56480","OSD-38",-0.52,"whole_seedling","dark",FALSE
"GO:0010143 (cutin biosynthetic process)",0.0556872037914692,0.134069569882858,0.48514082845884,1.45901420944297,328,21,"AT2G47240;AT3G05600;AT5G23940;AT1G64670;AT1G49430;AT2G38530;AT3G48720","OSD-38",-0.52,"whole_seedling","dark",FALSE
"GO:0010150 (leaf senescence)",0.000340367597004765,0.00356436528598724,-0.420772907136574,-1.95878557160128,0,112,"AT1G32450;AT5G44160;AT3G19190;AT5G13180;AT4G16110;AT1G27320;AT1G73220;AT1G17020;AT4G30790;AT1G54115;AT4G32940;AT3G29035;AT1G69490;AT1G54130;AT3G52430;AT5G64930;AT3G10500;AT5G39610;AT3G56400;AT5G05700;AT1G34190;AT2G22300;AT4G12570;AT2G43790;AT2G39200;AT5G45900;AT5G03280;AT1G11190;AT5G47390;AT3G62770;AT2G35980;AT5G24530;AT3G15040;AT5G25110;AT1G73500;AT1G25320;AT2G43570;AT5G51640;AT1G20900;AT2G13790;AT2G41060","OSD-38",-0.52,"whole_seedling","dark",FALSE
"GO:0010152 (pollen maturation)",0.92752596789424,0.970100930354959,-0.2181569579726,-0.638395179592218,3928,15,"AT3G06540;AT3G02130;AT1G12820;AT5G23630;AT5G54800","OSD-38",-0.52,"whole_seedling","dark",FALSE
"GO:0010154 (fruit development)",0.924120603015075,0.968389566882029,-0.197734604622437,-0.681272504487511,3677,27,"AT5G20490;AT2G28350;AT3G22200;AT3G48520;AT4G34460","OSD-38",-0.52,"whole_seedling","dark",FALSE
"GO:0010162 (seed dormancy process)",0.551552795031056,0.712329318278975,-0.277725256920417,-0.93770607482931,2219,25,"AT1G29760;AT1G66340;AT4G23050","OSD-38",-0.52,"whole_seedling","dark",FALSE
"GO:0010167 (response to nitrate)",0.0229604298974108,0.0684521227782622,-0.497446865151062,-1.60457425495742,93,21,"AT1G32450;AT1G02860;AT3G48360;AT1G76350;AT4G24020;AT4G24400;AT5G40890","OSD-38",-0.52,"whole_seedling","dark",FALSE
"GO:0010182 (sugar mediated signaling pathway)",0.0441746318780677,0.113186406177539,-0.413315369722374,-1.46029088441588,170,30,"AT3G48360;AT5G49450;AT1G66340;AT5G64930;AT3G20770;AT3G51770;AT5G03280;AT3G47990;AT3G26090;AT5G03730;AT1G05630","OSD-38",-0.52,"whole_seedling","dark",FALSE
"GO:0010183 (pollen tube guidance)",0.0229145211122554,0.0684521227782622,-0.442870300876395,-1.54937113336398,88,29,"AT1G60420;AT5G45840;AT2G43790;AT3G22200;AT5G59700;AT4G08850;AT3G19090;AT3G45640;AT1G59820;AT5G60410;AT3G46290;AT4G28650;AT5G36260;AT1G80090;AT1G67960;AT5G18480;AT1G15330;AT2G31910;AT1G65240","OSD-38",-0.52,"whole_seedling","dark",FALSE
"GO:0010187 (negative regulation of seed germination)",0.808318264014466,0.898444342232107,0.238451316870771,0.766004951342116,4916,28,"AT4G26150;AT1G32070;AT5G56860;AT4G36930;AT3G44680;AT5G02500","OSD-38",-0.52,"whole_seedling","dark",FALSE
"GO:0010193 (response to ozone)",0.783001808318264,0.888888173855965,-0.227946426011245,-0.80536102072127,3030,30,"AT1G32230;AT1G72520;AT2G46370;AT1G70520;AT5G49570","OSD-38",-0.52,"whole_seedling","dark",FALSE
"GO:0010196 (nonphotochemical quenching)",0.000346380325597506,0.00356436528598724,0.709652182528522,2.02109664356225,1,17,"AT1G74730;AT1G44575;AT4G03280;AT5G08050;AT3G15840;AT1G54520;AT1G65420;AT4G31530;AT4G04850;AT4G18160;AT5G43050;AT1G56500;AT1G71720;AT4G10340","OSD-38",-0.52,"whole_seedling","dark",FALSE
"GO:0010197 (polar nucleus fusion)",0.251664447403462,0.426679280983917,0.370198790920357,1.16823014515383,1511,26,"AT2G31170;AT2G20585;AT5G23420;AT4G14040;AT1G19520;AT1G76110;AT4G30930;AT1G31817","OSD-38",-0.52,"whole_seedling","dark",FALSE
"GO:0010200 (response to chitin)",0.0248943165805543,0.071634182866462,-0.542747773952909,-1.61910552122331,105,16,"AT2G35000;AT1G51800;AT3G21630;AT5G59820;AT3G45640;AT1G59870;AT2G28710;AT5G25910;AT1G27730;AT5G17960;AT3G46080;AT2G37430;AT3G16530","OSD-38",-0.52,"whole_seedling","dark",FALSE
"GO:0010207 (photosystem II assembly)",0.000336190956463271,0.00356436528598724,0.672306301818895,2.06467380552016,1,23,"AT1G55480;AT5G35220;AT4G19100;AT4G35250;AT2G20890;AT3G60370;AT1G54500;AT1G73060;AT1G71500;AT5G02120;AT3G46610;AT1G03600;AT5G35100;AT1G34000;AT4G10340;AT5G66570;AT4G35760;AT1G05385","OSD-38",-0.52,"whole_seedling","dark",FALSE
"GO:0010208 (pollen wall assembly)",0.741958372753075,0.865392032571228,-0.260149988797163,-0.803971993209214,3136,18,"AT2G29940;AT2G39350;AT3G24090;AT5G64510;AT4G21060;AT3G55090","OSD-38",-0.52,"whole_seedling","dark",FALSE
"GO:0010214 (seed coat development)",0.117426139208813,0.243239859789685,-0.383452301683871,-1.30627042378001,468,26,"AT3G29810;AT5G49360;AT4G00940;AT2G48130;AT1G29160;AT3G48990;AT1G62990","OSD-38",-0.52,"whole_seedling","dark",FALSE
"GO:0010218 (response to far red light)",0.687420785804816,0.829578723717952,0.241001437338138,0.864396147014285,4338,47,"AT3G17609;AT2G34640;AT4G13790;AT5G02200;AT4G14690;AT5G53660;AT5G28490;AT5G44110","OSD-38",-0.52,"whole_seedling","dark",FALSE
"GO:0010224 (response to UV-B)",0.506201550387597,0.676891149287304,0.258225835076557,0.972998845431988,3264,61,"AT5G49330;AT3G55120;AT3G51240;AT3G17609;AT2G31190;AT5G13930;AT5G58760;AT5G23730;AT4G14690","OSD-38",-0.52,"whole_seedling","dark",FALSE
"GO:0010227 (floral organ abscission)",0.858667584782234,0.930101730205544,0.243205205906233,0.712107258183722,4987,19,"AT4G32980;AT3G57130","OSD-38",-0.52,"whole_seedling","dark",FALSE
"GO:0010228 (vegetative to reproductive phase transition of meristem)",0.0449033103900361,0.114136701310131,-0.282920178958704,-1.31202123574413,136,106,"AT4G22810;AT5G06850;AT5G10625;AT2G45430;AT5G41990;AT1G31814;AT4G35390;AT4G12050;AT2G43410;AT3G04240;AT3G12140;AT2G27550;AT1G01040;AT5G55390;AT2G32320;AT3G57300;AT3G16470;AT5G50670;AT5G44180;AT4G10710;AT2G44950;AT2G01520;AT1G10570;AT1G20900;AT1G05830;AT1G14400;AT1G71692;AT3G10490;AT2G02760;AT4G15180","OSD-38",-0.52,"whole_seedling","dark",FALSE
"GO:0010229 (inflorescence development)",0.469317792252314,0.653765832875494,0.335330066080506,0.993769435656675,2737,20,"AT5G49160;AT1G23290;AT1G73177;AT5G11320","OSD-38",-0.52,"whole_seedling","dark",FALSE
"GO:0010262 (somatic embryogenesis)",0.243306716768436,0.416165376134751,-0.395868617934712,-1.18094093746158,1035,16,"AT2G38120;AT5G25620;AT3G20910;AT3G54420;AT1G73590;AT5G12840","OSD-38",-0.52,"whole_seedling","dark",FALSE
"GO:0010267 (ta-siRNA processing)",0.997051682275408,1,0.162402706928864,0.447041620276984,5748,15,"AT1G69440;AT3G43920;AT1G09700","OSD-38",-0.52,"whole_seedling","dark",FALSE
"GO:0010268 (brassinosteroid homeostasis)",0.00407869481765835,0.0185871949547573,-0.573450721282332,-1.82463152421832,16,20,"AT3G13730;AT4G39400;AT4G36380;AT1G73340;AT5G47950;AT4G15400;AT5G48000;AT1G12740;AT3G50660","OSD-38",-0.52,"whole_seedling","dark",FALSE
"GO:0010286 (heat acclimation)",0.996197718631179,1,0.148695960810864,0.533325514657244,6287,47,"AT5G44650;AT2G26330;AT1G76080;AT4G26780;AT5G10010;AT1G19340;AT4G38580;AT4G26840;AT5G02500","OSD-38",-0.52,"whole_seedling","dark",FALSE
"GO:0010305 (leaf vascular tissue pattern formation)",0.349986989331252,0.543288805823208,-0.299574916353272,-1.06551456884378,1344,31,"AT4G14740;AT1G05470;AT2G36120;AT2G01950;AT2G32280","OSD-38",-0.52,"whole_seedling","dark",FALSE
"GO:0010311 (lateral root formation)",0.00586428371963139,0.0247775696233432,-0.40004515681288,-1.62834732285069,20,55,"AT1G19220;AT3G22400;AT4G37070;AT5G49660;AT3G53180;AT5G56320;AT5G57740;AT2G38120;AT2G42430;AT1G21410;AT3G05090;AT2G17500;AT1G71090;AT5G20730;AT2G45420;AT4G37060;AT2G42490","OSD-38",-0.52,"whole_seedling","dark",FALSE
"GO:0010315 (auxin export across the plasma membrane)",0.514568158168574,0.68252491665603,0.34696575258878,0.955083416718247,2966,15,"AT1G78570;AT1G70940;AT1G77110","OSD-38",-0.52,"whole_seedling","dark",FALSE
"GO:0010345 (suberin biosynthetic process)",0.0255439924314096,0.0727547641573185,-0.51839799955341,-1.60206608081611,107,18,"AT5G41040;AT3G53510;AT5G10280;AT5G58860;AT4G34100;AT3G11430;AT5G13580;AT5G23190;AT3G44540;AT3G44550;AT4G17785","OSD-38",-0.52,"whole_seedling","dark",FALSE
"GO:0010374 (stomatal complex development)",0.0605073705862187,0.142976675681509,0.492257694479829,1.45883325333384,352,20,"AT5G53210;AT1G34245;AT5G60880;AT2G20875;AT4G12970;AT3G24140;AT2G30370","OSD-38",-0.52,"whole_seedling","dark",FALSE
"GO:0010380 (regulation of chlorophyll biosynthetic process)",0.0252437325905292,0.0722219793397205,0.572736502057163,1.60258103084255,144,16,"AT2G20570;AT2G41680;AT4G26150;AT1G69935;AT3G22840;AT5G56860;AT4G14690","OSD-38",-0.52,"whole_seedling","dark",FALSE
"GO:0010411 (xyloglucan metabolic process)",0.813509933774834,0.901075239146431,-0.209248091703136,-0.799761779904046,3070,41,"AT4G30270;AT5G46340;AT1G32170;AT5G57560;AT1G70230;AT2G01850","OSD-38",-0.52,"whole_seedling","dark",FALSE
"GO:0010431 (seed maturation)",0.581909547738694,0.74400459209877,-0.267514612478248,-0.921691731086013,2315,27,"AT5G23660;AT5G66730;AT3G48740;AT2G17820;AT1G32440;AT4G02280","OSD-38",-0.52,"whole_seedling","dark",FALSE
"GO:0010468 (regulation of gene expression)",0.546110928782409,0.708488127927637,-0.208743508976466,-0.965595724243135,1663,105,"AT4G02720;AT4G02590;AT3G63500;AT3G49940;AT1G30810;AT1G29160;AT5G67420;AT5G39610;AT1G08620;AT5G04240;AT5G65710;AT1G04970;AT5G15540;AT5G61380;AT1G63490;AT5G23720;AT3G07780;AT4G28490;AT3G46640;AT4G25350;AT2G42280;AT5G48160;AT5G46910;AT1G69170","OSD-38",-0.52,"whole_seedling","dark",FALSE
"GO:0010492 (maintenance of shoot apical meristem identity)",0.140834932821497,0.27958551981983,-0.405832524549325,-1.29129634049449,586,20,"AT3G63500;AT3G08850;AT4G31920;AT3G16857;AT4G11920;AT3G07780;AT5G48160;AT5G10510;AT3G06010;AT1G14740;AT1G79440;AT2G25180;AT1G03770","OSD-38",-0.52,"whole_seedling","dark",FALSE
"GO:0010497 (plasmodesmata-mediated intercellular transport)",0.107204710772428,0.227231247417971,0.470825507443581,1.3589347993059,618,18,"AT3G15380;AT2G33330;AT1G04520;AT1G12770;AT1G70070;AT1G62360;AT1G11130;AT2G43800","OSD-38",-0.52,"whole_seedling","dark",FALSE
"GO:0010540 (basipetal auxin transport)",0.616383380547686,0.768279010221534,-0.300335534764342,-0.878875280603649,2610,15,"AT3G27580;AT4G30960;AT2G47000;AT5G13750;AT4G26610;AT1G13980","OSD-38",-0.52,"whole_seedling","dark",FALSE
"GO:0010555 (response to mannitol)",0.776978417266187,0.887347449038421,0.252316611120864,0.789770024752976,4643,25,"AT3G62030;AT1G32070","OSD-38",-0.52,"whole_seedling","dark",FALSE
"GO:0010584 (pollen exine formation)",0.907953376756942,0.960653821510662,0.224860491494065,0.666386662983843,5296,20,"AT1G65060","OSD-38",-0.52,"whole_seedling","dark",FALSE
"GO:0010628 (positive regulation of gene expression)",0.234887737478411,0.406120261548039,-0.35320648574528,-1.16765266112356,951,23,"AT3G12977;AT5G54230;AT1G08620;AT5G04240;AT3G09600;AT2G40470;AT1G71930","OSD-38",-0.52,"whole_seedling","dark",FALSE
"GO:0010629 (negative regulation of gene expression)",0.113540372670807,0.237504123816312,-0.38853531497402,-1.3118429673152,456,25,"AT5G13180;AT1G75380;AT1G06230;AT5G61380;AT4G37180;AT3G10930;AT4G16430","OSD-38",-0.52,"whole_seedling","dark",FALSE
"GO:0010928 (regulation of auxin mediated signaling pathway)",0.541506717850288,0.707953454894434,-0.296252418524226,-0.942629387153715,2256,20,"AT2G35050;AT1G79570;AT3G59060;AT1G59870;AT4G37900","OSD-38",-0.52,"whole_seedling","dark",FALSE
"GO:0012501 (programmed cell death)",0.0466014418125644,0.116594979907514,-0.420156104655741,-1.46990606227612,180,29,"AT1G32230;AT1G73260;AT1G08720;AT4G38360;AT1G12220;AT5G03510;AT5G51290;AT1G29690;AT3G16770;AT1G64280;AT3G06490;AT2G41060;AT3G50930;AT4G35790;AT3G56860;AT5G10380;AT3G15010;AT2G26560","OSD-38",-0.52,"whole_seedling","dark",FALSE
"GO:0015031 (protein transport)",0.722231050373431,0.851725342214878,0.238497151701129,0.844771817904101,4544,44,"AT5G62650;AT2G30695;AT5G55220;AT3G15380;AT5G55510","OSD-38",-0.52,"whole_seedling","dark",FALSE
"GO:0015693 (magnesium ion transport)",0.635344621989029,0.779518978517309,-0.280184630799933,-0.877932057518481,2663,19,"AT3G23870;AT5G09690;AT3G19640;AT2G47600;AT5G09720;AT2G03620;AT3G58970","OSD-38",-0.52,"whole_seedling","dark",FALSE
"GO:0015706 (nitrate transmembrane transport)",0.0998080614203455,0.213478150905398,-0.426680248327872,-1.35763057393912,415,20,"AT1G32450;AT3G45650;AT5G40890;AT1G72140;AT2G38100;AT5G50200;AT3G45680;AT1G52190","OSD-38",-0.52,"whole_seedling","dark",FALSE
"GO:0015914 (phospholipid transport)",0.017233238904627,0.0555293253593537,-0.564898584549492,-1.65306913282205,72,15,"AT1G68710;AT1G72700;AT1G17500;AT3G25610;AT5G04930;AT5G44240;AT3G12740;AT1G13210;AT4G39180","OSD-38",-0.52,"whole_seedling","dark",FALSE
"GO:0015979 (photosynthesis)",0.000157084511467169,0.0028480108563674,0.664206997598087,2.40211847944731,0,49,"AT1G55480;AT1G11750;AT5G23440;AT4G22890;AT5G27390;AT5G15802;AT2G31040;AT1G76450;AT1G20020;AT2G28605;AT1G77090;AT4G09650;AT5G08410;AT5G54180;AT1G67740;AT3G05410;AT2G39470;AT3G55330;AT3G56650;AT4G01037;AT5G38410;AT3G54050;AT3G03630;AT1G67090;AT4G27600;AT3G56090;AT3G58830;AT2G40300;AT4G30720;AT4G02260;AT5G64040","OSD-38",-0.52,"whole_seedling","dark",FALSE
"GO:0015986 (proton motive force-driven ATP synthesis)",0.000172146668961956,0.0028480108563674,0.744712688608583,2.18052614804696,0,19,"AT4G04640;AT4G09650;AT4G29480;AT2G19680;AT1G51650;AT4G26210;AT5G47030;AT5G08690;AT2G33040;AT4G00895;AT3G52300;AT5G13450;AT2G07671;AT4G32260;AT1G15700","OSD-38",-0.52,"whole_seedling","dark",FALSE
"GO:0015995 (chlorophyll biosynthetic process)",0.000160720025715204,0.0028480108563674,0.725992911698211,2.51177148659821,0,39,"AT1G03475;AT3G51820;AT4G18480;AT1G69740;AT5G45930;AT5G18660;AT5G63570;AT2G40490;AT1G08520;AT5G08280;AT4G01690;AT3G48730;AT5G58250;AT3G14930;AT1G63970;AT1G03630;AT5G13630;AT2G26540;AT3G56940;AT3G14110;AT3G03710;AT5G54190;AT4G27440;AT1G58290;AT3G59400;AT4G27430;AT4G15560;AT4G25080","OSD-38",-0.52,"whole_seedling","dark",FALSE
"GO:0015996 (chlorophyll catabolic process)",0.178286507110649,0.326858596369522,0.460918805848407,1.26875896146767,1027,15,"AT5G04900;AT2G20890;AT1G19670;AT4G31390;AT4G37000;AT3G44880","OSD-38",-0.52,"whole_seedling","dark",FALSE
"GO:0016024 (CDP-diacylglycerol biosynthetic process)",0.513508832698303,0.68252491665603,0.336911244052934,0.95952665446273,2964,17,"AT1G32200;AT2G45150;AT4G30580;AT3G60620","OSD-38",-0.52,"whole_seedling","dark",FALSE
"GO:0016036 (cellular response to phosphate starvation)",0.0664869721473495,0.152038309068133,-0.300911749478841,-1.30180851940497,221,74,"AT3G23430;AT1G68740;AT3G03520;AT5G42870;AT1G71040;AT2G01830;AT1G27320;AT1G66270;AT3G08040;AT1G25550;AT1G14040;AT1G13300;AT3G25710;AT3G51770;AT3G25790;AT1G20620;AT1G62300;AT4G25350;AT1G35350;AT1G55180;AT1G18420;AT1G69480;AT5G60410;AT5G43350;AT3G04530;AT4G00550","OSD-38",-0.52,"whole_seedling","dark",FALSE
"GO:0016117 (carotenoid biosynthetic process)",0.000173190162798753,0.0028480108563674,0.768092557932524,2.18753542792095,0,17,"AT1G31800;AT4G14210;AT3G11945;AT3G04870;AT3G53130;AT1G63970;AT5G17230;AT5G57030;AT2G48120;AT1G06820","OSD-38",-0.52,"whole_seedling","dark",FALSE
"GO:0016126 (sterol biosynthetic process)",0.973565333779488,1,0.184112521108881,0.576286078461325,5818,25,"AT4G37760;AT4G22756;AT1G20050;AT1G11680;AT3G02580;AT3G52940;AT1G20330;AT2G29390","OSD-38",-0.52,"whole_seedling","dark",FALSE
"GO:0016132 (brassinosteroid biosynthetic process)",0.00781631656082071,0.0304073778402659,-0.54108476359014,-1.74533350640939,31,21,"AT4G31910;AT3G13730;AT4G36380;AT1G73340;AT5G48000;AT1G12740;AT3G50660;AT2G45400;AT4G15393;AT1G50430","OSD-38",-0.52,"whole_seedling","dark",FALSE
"GO:0016192 (vesicle-mediated transport)",0.00371057513914657,0.0180022131656366,-0.308191900891827,-1.5173334370391,9,156,"AT3G51890;AT1G79590;AT1G12360;AT2G15310;AT3G60190;AT2G06530;AT2G38020;AT1G10730;AT3G54300;AT4G12090;AT4G29160;AT4G32150;AT3G03120;AT4G00800;AT2G39805;AT3G06540;AT4G11740;AT3G58600;AT3G52400;AT1G23900;AT4G18430;AT1G02010;AT4G36630;AT1G16240;AT3G19770;AT5G05380;AT3G54860;AT4G12120;AT1G12470;AT1G73030;AT1G59820;AT3G28430;AT1G18740;AT4G35860;AT5G61210;AT2G05170;AT3G13720;AT1G68110;AT5G01640;AT4G17530;AT4G23460;AT2G33120;AT5G07120;AT1G31730;AT1G03950;AT5G04920;AT4G14950;AT1G03900;AT5G63880;AT5G04850;AT2G44100;AT2G33110;AT4G26750;AT5G22360;AT3G10640;AT4G17170","OSD-38",-0.52,"whole_seedling","dark",FALSE
"GO:0016226 (iron-sulfur cluster assembly)",0.00293207362762665,0.0147296297198882,0.540051473749245,1.78285498258143,17,32,"AT3G24430;AT5G17560;AT1G32500;AT1G60990;AT4G01940;AT4G04770;AT3G10670;AT4G26500;AT5G49940;AT4G28730;AT4G03240","OSD-38",-0.52,"whole_seedling","dark",FALSE
"GO:0016310 (phosphorylation)",0.000410172272354389,0.00401106500691563,-0.430707774736117,-2.19239528090949,0,197,"AT1G61590;AT5G35580;AT1G07560;AT1G51830;AT1G48490;AT2G39110;AT3G63280;AT1G45160;AT3G20830;AT1G30640;AT5G45430;AT1G69790;AT1G79620;AT2G23450;AT1G51790;AT2G23200;AT2G37840;AT1G71530;AT1G51860;AT3G59350;AT2G28960;AT4G37250;AT4G31250;AT3G21070;AT3G17410;AT5G66790;AT2G28940;AT5G58540;AT3G21510;AT1G03740;AT5G42440;AT4G19110;AT2G43790;AT1G26970;AT5G10450;AT5G55560;AT4G21230;AT5G57035;AT5G23170;AT2G41970;AT5G62310;AT2G26290;AT3G08760;AT5G03640;AT2G11520;AT4G33080;AT5G20050;AT4G29450;AT5G48740;AT5G39000;AT1G76360;AT5G15730;AT2G23300;AT2G23950;AT5G16900;AT3G51990;AT5G39020;AT1G24030;AT3G01300;AT2G28590;AT1G70740;AT5G41680;AT1G51620;AT3G21340;AT3G53930;AT5G26751;AT4G03230;AT1G48210;AT2G28970;AT3G57740;AT4G14340;AT3G01840;AT3G56050;AT4G29180;AT5G49780;AT1G11050;AT3G57120;AT1G77280;AT1G73590;AT3G09010;AT5G56790;AT3G58640;AT2G14750;AT1G28390;AT4G35500;AT1G54510","OSD-38",-0.52,"whole_seedling","dark",FALSE
"GO:0016311 (dephosphorylation)",0.844278283485046,0.92076845275805,0.224422242581616,0.751395618693359,5193,34,"AT1G54780;AT5G57440;AT5G63140;AT4G24890","OSD-38",-0.52,"whole_seedling","dark",FALSE
"GO:0016554 (cytidine to uridine editing)",0.00423155044008125,0.0190121773293791,0.602497282181659,1.81195241523234,24,21,"AT1G11430;AT3G20930;AT1G73530;AT3G14330;AT1G70070;AT1G32580;AT2G35240;AT3G06790;AT3G15000;AT4G30700;AT1G74230;AT4G20020;AT3G02330;AT5G61030","OSD-38",-0.52,"whole_seedling","dark",FALSE
"GO:0016579 (protein deubiquitination)",0.162677088422081,0.307976208941507,-0.387814018004324,-1.2509404171486,665,21,"AT2G40930;AT4G24560;AT4G39910;AT4G22410;AT5G06600;AT3G47890;AT5G61940;AT3G47910;AT3G11910;AT1G65120;AT3G20630","OSD-38",-0.52,"whole_seedling","dark",FALSE
"GO:0017148 (negative regulation of translation)",0.00739620104219197,0.0296778381441413,0.560874536127902,1.72246334712849,43,23,"AT3G12930;AT3G07110;AT1G78630;AT4G13170;AT3G24830;AT1G67620;AT1G20340;AT3G20390;AT5G48760;AT3G02830;AT3G01790","OSD-38",-0.52,"whole_seedling","dark",FALSE
"GO:0018119 (peptidyl-cysteine S-nitrosylation)",0.00017343045438779,0.0028480108563674,0.744163940587428,2.04844032493638,0,15,"AT3G12780;AT3G52960;AT1G02560;AT4G21280;AT1G09340;AT1G53240;AT4G20360;AT5G20630;AT3G55440;AT3G26650;AT5G35100;AT3G25760;AT1G32060","OSD-38",-0.52,"whole_seedling","dark",FALSE
"GO:0019252 (starch biosynthetic process)",0.000162892979312592,0.0028480108563674,0.729580673733232,2.40854178274933,0,32,"AT1G66430;AT4G39210;AT2G39930;AT3G55800;AT5G04360;AT5G51820;AT5G48300;AT3G16000;AT3G20440;AT5G03650;AT1G03310;AT5G03420;AT4G18240;AT1G27680;AT1G32900;AT2G21590;AT1G11720;AT5G24300;AT3G01180","OSD-38",-0.52,"whole_seedling","dark",FALSE
"GO:0019432 (triglyceride biosynthetic process)",0.589877010406812,0.745898136748209,-0.292291831550524,-0.903303696060006,2493,18,"AT3G61680;AT1G12640;AT5G13640;AT1G48300;AT3G54320;AT5G12420;AT3G51520","OSD-38",-0.52,"whole_seedling","dark",FALSE
"GO:0019722 (calcium-mediated signaling)",0.271070260165135,0.448038409288487,0.306329056152491,1.12774123586335,1739,53,"AT5G67070;AT3G49260;AT4G13590;AT2G32400;AT3G43810;AT4G33000;AT1G64150;AT4G13950;AT4G14010;AT1G01790;AT3G23805;AT4G04850;AT2G34180;AT4G00630","OSD-38",-0.52,"whole_seedling","dark",FALSE
"GO:0019748 (secondary metabolic process)",0.345789971617786,0.539398537633613,-0.356647618113054,-1.08277530317088,1461,17,"AT1G73300;AT1G73270;AT2G22920;AT1G73280;AT1G73310;AT2G22980;AT3G12220","OSD-38",-0.52,"whole_seedling","dark",FALSE
"GO:0019760 (glucosinolate metabolic process)",0.762337662337662,0.881107660455486,-0.227393280282804,-0.827407362434971,2934,34,"AT4G37260;AT3G19290;AT5G13330;AT1G66140;AT1G68360;AT2G44490;AT1G47600;AT5G63790;AT1G76880;AT5G57220;AT1G24625;AT2G44730;AT5G52020;AT4G30530","OSD-38",-0.52,"whole_seedling","dark",FALSE
"GO:0019761 (glucosinolate biosynthetic process)",0.0151552795031056,0.0506686045766899,-0.485775227978108,-1.64016188994721,60,25,"AT5G23020;AT2G25450;AT1G12140;AT4G12030;AT1G62570;AT5G23010;AT1G12160;AT3G09710;AT2G20610;AT4G23100;AT1G74090;AT5G14200;AT1G24100;AT3G19710;AT1G74100;AT1G18590;AT1G16400","OSD-38",-0.52,"whole_seedling","dark",FALSE
"GO:0019762 (glucosinolate catabolic process)",0.042814221331998,0.110588960363622,-0.43612468338185,-1.4857044082938,170,26,"AT1G66280;AT1G66270;AT3G60140;AT2G44480;AT2G44490;AT3G16410;AT1G51470;AT2G32860;AT1G47600;AT3G21370;AT3G16390","OSD-38",-0.52,"whole_seedling","dark",FALSE
"GO:0019915 (lipid storage)",0.0583013435700576,0.139311824710475,-0.459403967947613,-1.46175238980211,242,20,"AT1G29760;AT3G11620;AT5G56100;AT4G18550;AT5G40420;AT3G18570;AT3G01570;AT1G05510;AT4G25140;AT2G25890;AT3G27660;AT1G48990;AT2G34380;AT5G16460","OSD-38",-0.52,"whole_seedling","dark",FALSE
"GO:0022900 (electron transport chain)",0.00225147211638379,0.0118713984318418,0.646981526905078,1.84260997805369,12,17,"AT1G32550;AT5G66190;AT3G16250;AT1G20020;AT4G32590;AT1G14450;AT3G07480;AT1G10960;AT5G67590;AT2G02510","OSD-38",-0.52,"whole_seedling","dark",FALSE
"GO:0030001 (metal ion transport)",0.000953970903887431,0.00633993163208522,-0.610845425569984,-1.91402640382278,3,19,"AT2G19110;AT3G08040;AT1G60960;AT5G03280;AT2G47600;AT5G17450;AT1G47240;AT3G08650;AT3G12100;AT3G13320","OSD-38",-0.52,"whole_seedling","dark",FALSE
"GO:0030036 (actin cytoskeleton organization)",0.130048746518106,0.261738486683128,0.476184392237206,1.33241738817351,746,16,"AT1G29170;AT3G05520;AT2G34150;AT5G18410;AT1G71790;AT3G25500","OSD-38",-0.52,"whole_seedling","dark",FALSE
"GO:0030048 (actin filament-based movement)",0.0115894039735099,0.0410779985283297,-0.563168023986984,-1.70976727991313,48,17,"AT2G31900;AT5G54280;AT5G20490;AT4G28710;AT4G33200;AT5G20610","OSD-38",-0.52,"whole_seedling","dark",FALSE
"GO:0030148 (sphingolipid biosynthetic process)",0.691628905318388,0.831368764255325,-0.268055268879634,-0.839925848410322,2899,19,"AT5G23450;AT3G48780;AT3G54020;AT3G06460","OSD-38",-0.52,"whole_seedling","dark",FALSE
"GO:0030150 (protein import into mitochondrial matrix)",0.0050192404216162,0.02201706412852,0.561188150437435,1.75656124063011,29,25,"AT3G07910;AT2G35795;AT1G68730;AT4G00026;AT4G26780;AT5G41685;AT5G61880;AT1G55900;AT3G20000;AT1G72750;AT5G03030;AT5G11690","OSD-38",-0.52,"whole_seedling","dark",FALSE
"GO:0030154 (cell differentiation)",0.0827102090645506,0.181962459942011,0.339513915272058,1.31311628309019,541,70,"AT3G15030;AT4G18390;AT1G78570;AT1G30210;AT1G17920;AT5G60970;AT2G31070;AT1G73360;AT3G51080;AT1G75820;AT1G53230;AT1G08000;AT1G08010;AT4G04890;AT4G21750","OSD-38",-0.52,"whole_seedling","dark",FALSE
"GO:0030163 (protein catabolic process)",0.0104616406509465,0.0374973412095724,0.517987225514326,1.64555805805052,62,27,"AT2G30950;AT2G34640;AT1G68660;AT2G47940;AT5G42270","OSD-38",-0.52,"whole_seedling","dark",FALSE
"GO:0030244 (cellulose biosynthetic process)",0.865021008403361,0.935395598917533,-0.205027349622066,-0.761473095086653,3293,37,"AT5G17420;AT4G18780;AT5G44030;AT5G01360;AT5G16910;AT2G32620;AT2G32610;AT3G03050;AT5G49720;AT1G55850","OSD-38",-0.52,"whole_seedling","dark",FALSE
"GO:0030422 (siRNA processing)",0.380733190859773,0.571547707690671,0.328916293988389,1.05661613900313,2315,28,"AT2G27840;AT4G24500;AT2G32940;AT4G15950;AT2G19920;AT2G27040;AT3G43920;AT2G40030;AT2G16390;AT1G56310","OSD-38",-0.52,"whole_seedling","dark",FALSE
"GO:0030488 (tRNA methylation)",0.000692760651195012,0.00517878160639636,0.683769357914148,1.9473820954471,3,17,"AT5G17660;AT2G13440;AT2G39670;AT1G60230;AT5G24840;AT4G17610;AT5G15390;AT1G36310;AT2G45730;AT5G01230","OSD-38",-0.52,"whole_seedling","dark",FALSE
"GO:0030865 (cortical cytoskeleton organization)",0.206729101630246,0.368416667151109,0.44832639833385,1.23409617557605,1191,15,"AT4G35950;AT4G28950;AT1G75840;AT2G17800;AT3G48040;AT3G51300;AT1G20090;AT4G35020","OSD-38",-0.52,"whole_seedling","dark",FALSE
"GO:0030968 (endoplasmic reticulum unfolded protein response)",0.222681477654353,0.390304348196366,-0.332675546105418,-1.17538108435729,861,30,"AT2G17520;AT4G04860;AT4G21810;AT3G10800;AT1G27520;AT4G34460;AT4G15470;AT1G42990;AT1G09080;AT5G64510;AT1G03070;AT3G63310","OSD-38",-0.52,"whole_seedling","dark",FALSE
"GO:0031047 (regulatory ncRNA-mediated gene silencing)",0.338544293158514,0.529390340772382,0.355694489752851,1.09234896917328,2013,23,"AT1G69440;AT2G32940;AT3G49250;AT2G27040;AT5G21150;AT1G15215;AT5G61780;AT3G42670;AT5G43810;AT1G63020;AT2G19430;AT5G07350;AT5G09860;AT3G49500;AT3G23780","OSD-38",-0.52,"whole_seedling","dark",FALSE
"GO:0031124 (mRNA 3'-end processing)",0.999826569545612,1,0.13603563127024,0.374461671042763,5764,15,"AT5G60940;AT1G73840;AT5G13480","OSD-38",-0.52,"whole_seedling","dark",FALSE
"GO:0031145 (anaphase-promoting complex-dependent catabolic process)",0.953690807799443,0.98775119379228,0.21382658469342,0.598310789147715,5477,16,"AT2G18290","OSD-38",-0.52,"whole_seedling","dark",FALSE
"GO:0031146 (SCF-dependent proteasomal ubiquitin-dependent protein catabolic process)",0.00255102040816327,0.0132321221171395,-0.42074862587381,-1.74109108472963,8,60,"AT1G77000;AT1G15740;AT5G27920;AT4G15563;AT1G21410;AT4G24390;AT4G02740;AT5G01720;AT5G57900;AT2G42620;AT2G36370;AT5G15710;AT2G25490;AT1G80570;AT4G02760;AT2G20160;AT1G21760;AT5G40470;AT5G19970;AT1G47056;AT1G12820;AT4G30640;AT5G67140;AT5G57360;AT5G25350;AT5G04010;AT3G21860;AT1G55590","OSD-38",-0.52,"whole_seedling","dark",FALSE
"GO:0031347 (regulation of defense response)",0.447469746974697,0.633428629529061,-0.253271006366479,-1.00245030254206,1626,49,"AT4G02590;AT1G72300;AT2G02220;AT4G08480;AT3G56400;AT4G35580;AT5G55390;AT3G43440;AT3G07780;AT4G19030;AT4G23810;AT1G70700;AT2G34600;AT1G80840;AT3G47620;AT5G42950;AT3G27960;AT1G48500;AT4G02550;AT2G40750;AT1G17380;AT4G32770","OSD-38",-0.52,"whole_seedling","dark",FALSE
"GO:0031348 (negative regulation of defense response)",0.519028542814221,0.685590497547564,-0.282158576990875,-0.961202742350204,2072,26,"AT3G52430;AT2G46370;AT5G48380;AT5G03280;AT1G59870;AT3G61190;AT1G64280;AT5G15400;AT4G12560","OSD-38",-0.52,"whole_seedling","dark",FALSE
"GO:0031408 (oxylipin biosynthetic process)",0.44776851397744,0.633428629529061,-0.307592090218642,-1.00385132852594,1825,22,"AT3G22400;AT2G23600;AT1G72520","OSD-38",-0.52,"whole_seedling","dark",FALSE
"GO:0031425 (chloroplast RNA processing)",0.000174094707520891,0.0028480108563674,0.806308996309089,2.25614309170341,0,16,"AT3G18110;AT2G29760;AT5G39980;AT4G16390;AT3G18680;AT2G02980;AT3G52380;AT3G57430;AT5G13650;AT3G03710;AT3G63370;AT5G53080","OSD-38",-0.52,"whole_seedling","dark",FALSE
"GO:0031507 (heterochromatin formation)",0.108007749434937,0.228175311720165,0.38755292247272,1.32591945463373,668,37,"AT5G64630;AT5G59870;AT3G54560;AT5G66750;AT5G27670;AT1G54690;AT3G20670;AT2G27040;AT1G65470;AT2G23380;AT2G38810;AT1G51060;AT4G27230;AT1G08880;AT5G04290;AT5G18620;AT2G27470;AT5G58230","OSD-38",-0.52,"whole_seedling","dark",FALSE
"GO:0031647 (regulation of protein stability)",0.545345489443378,0.708488127927637,-0.295602871505917,-0.940562628978891,2272,20,"AT4G17895;AT4G31670;AT4G39370;AT4G24560;AT2G27370;AT4G39910;AT5G06600","OSD-38",-0.52,"whole_seedling","dark",FALSE
"GO:0032259 (methylation)",0.888621022179364,0.946477816611743,0.207861462749612,0.719153709195034,5528,39,"AT3G25470;AT5G10910;AT1G23360;AT4G35987;AT1G45110;AT2G14060;AT3G21950;AT1G19340;AT5G55250;AT1G80860;AT1G63140","OSD-38",-0.52,"whole_seedling","dark",FALSE
"GO:0032502 (developmental process)",0.00706713780918728,0.0287186874029394,0.554293697682412,1.71517034763548,41,24,"AT2G06200;AT3G53900;AT3G57180;AT5G55580;AT4G02990","OSD-38",-0.52,"whole_seedling","dark",FALSE
"GO:0032508 (DNA duplex unwinding)",0.650190773499827,0.794677612055344,0.313315117096153,0.862454205675825,3748,15,"AT3G23700;AT1G79890;AT4G36020;AT2G21660;AT3G09660;AT2G14050","OSD-38",-0.52,"whole_seedling","dark",FALSE
"GO:0032543 (mitochondrial translation)",0.000519570488396259,0.00442594519597641,0.675874943513065,1.95076512677868,2,18,"AT3G59650;AT4G02790;AT5G49030;AT4G32915;AT4G21460;AT1G62750;AT1G47278;AT3G18240;AT4G39880","OSD-38",-0.52,"whole_seedling","dark",FALSE
"GO:0032544 (plastid translation)",0.000168804861580014,0.0028480108563674,0.745893014088842,2.26516017593026,0,22,"AT4G37920;AT5G54600;AT4G31850;AT3G63190;AT2G38140;AT1G70200;AT1G09340;AT2G39140;AT3G62910;AT1G68590;AT3G63140;AT3G56910;AT2G17240;AT3G24506;AT3G46610;AT2G33800;AT1G79850","OSD-38",-0.52,"whole_seedling","dark",FALSE
"GO:0032875 (regulation of DNA endoreduplication)",0.279548798430603,0.45848877480392,-0.345622262225532,-1.12796582921434,1139,22,"AT4G36860;AT2G02820;AT2G39830;AT1G19270;AT5G02420","OSD-38",-0.52,"whole_seedling","dark",FALSE
"GO:0032968 (positive regulation of transcription elongation by RNA polymerase II)",0.121333964049196,0.248910189914427,-0.438546660709741,-1.33141921994849,512,17,"AT5G44290;AT3G05050;AT1G71530;AT1G03740","OSD-38",-0.52,"whole_seedling","dark",FALSE
"GO:0032981 (mitochondrial respiratory chain complex I assembly)",0.00401539233729296,0.0185871949547573,0.570915308709206,1.78700797972884,23,25,"AT1G14450;AT2G47690;AT1G22800;AT5G60870;AT2G02510;AT1G17350;AT3G03100;AT4G01400;AT1G72420;AT3G28700;AT2G44525;AT3G62790;AT1G79010;AT4G19540;AT5G11770;AT1G76200","OSD-38",-0.52,"whole_seedling","dark",FALSE
"GO:0034063 (stress granule assembly)",0.903359889158296,0.957381410769091,0.230601581683259,0.665581004363733,5215,18,"AT3G19130;AT3G25150;AT5G43960;AT5G45330;AT1G01510;AT1G13730;AT3G61240","OSD-38",-0.52,"whole_seedling","dark",FALSE
"GO:0034599 (cellular response to oxidative stress)",0.022622271785885,0.0682108707879532,0.429855400568827,1.52716184993884,141,45,"AT5G64940;AT3G52960;AT4G25130;AT3G26060;AT4G08390;AT4G09010;AT3G06050;AT1G77490;AT4G04840;AT2G20270;AT4G21860;AT4G32320;AT4G35000;AT5G57345;AT4G28730;AT5G20500;AT2G41090","OSD-38",-0.52,"whole_seedling","dark",FALSE
"GO:0034605 (cellular response to heat)",0.872494603761949,0.939492629413781,0.199869498373573,0.761870024376957,5658,65,"AT2G04030;AT3G22840;AT1G47490;AT4G14690;AT5G17710;AT1G47500;AT4G19020;AT5G15450;AT3G19130;AT1G20220;AT3G07770;AT5G54070;AT5G61780;AT5G12140;AT3G63350;AT1G06460;AT5G56000;AT5G47550;AT3G22830;AT1G77570","OSD-38",-0.52,"whole_seedling","dark",FALSE
"GO:0034976 (response to endoplasmic reticulum stress)",0.429458969712659,0.618498471053445,-0.281873413456046,-1.01253982206184,1658,32,"AT2G17520;AT3G27090;AT3G10800;AT5G42050;AT3G46220;AT3G24090;AT2G33120;AT1G52260;AT5G22290;AT1G04980;AT1G09210","OSD-38",-0.52,"whole_seedling","dark",FALSE
"GO:0035196 (miRNA processing)",0.687848189415042,0.829578723717952,0.298790336114686,0.836048904053743,3950,16,"AT4G24500;AT2G28380;AT2G22370;AT1G09700;AT2G28230;AT4G20910","OSD-38",-0.52,"whole_seedling","dark",FALSE
"GO:0035556 (intracellular signal transduction)",0.000355492356914326,0.00360006545573556,-0.529927406915074,-2.53310501998414,0,131,"AT1G49160;AT5G58350;AT5G28080;AT1G48490;AT1G74740;AT4G38530;AT1G45160;AT1G30640;AT5G45430;AT5G41990;AT3G20410;AT1G73670;AT2G17290;AT1G59580;AT5G07920;AT2G17440;AT3G26500;AT3G10550;AT3G57530;AT5G58690;AT4G35310;AT4G19110;AT4G04740;AT2G43790;AT1G64630;AT5G55560;AT3G47220;AT3G23310;AT1G12680;AT5G58670;AT3G21630;AT5G62310;AT5G58700;AT5G12480;AT3G16785;AT2G04550;AT4G33080;AT1G69220;AT1G10210;AT1G49580;AT1G18890;AT5G07910;AT3G49370;AT1G12580;AT3G45640;AT1G53165;AT1G35670;AT1G12970;AT1G18150;AT4G38230;AT3G45240;AT3G15220;AT4G14350;AT2G18170;AT2G01450;AT2G41140;AT3G04530;AT4G11330;AT3G56760;AT1G08650;AT4G04695;AT5G20930;AT1G53510;AT5G60550;AT5G05850;AT3G55940;AT3G17850;AT4G35470;AT5G24430;AT3G04910","OSD-38",-0.52,"whole_seedling","dark",FALSE
"GO:0035999 (tetrahydrofolate interconversion)",0.363857093305584,0.555360826624313,0.391776544245935,1.07843289338112,2097,15,"AT4G37930;AT4G00620;AT3G59970;AT5G13050;AT4G32520;AT2G38660;AT2G44160;AT4G13930","OSD-38",-0.52,"whole_seedling","dark",FALSE
"GO:0036297 (interstrand cross-link repair)",0.99154532644434,1,-0.166658554392796,-0.497169769322508,4221,16,"AT1G03750;AT3G26680;AT1G79950;AT5G08110;AT4G29560;AT5G60370;AT5G22750;AT5G03450;AT1G48360;AT5G44010;AT1G35530;AT1G19025;AT4G14970;AT5G65740;AT2G45700;AT5G50930","OSD-38",-0.52,"whole_seedling","dark",FALSE
"GO:0036503 (ERAD pathway)",0.019150707743547,0.0607868235839951,-0.365756249910455,-1.48339057794377,68,54,"AT4G04860;AT4G21810;AT1G17280;AT4G03510;AT2G23780;AT1G18260;AT4G34100;AT1G27520;AT5G25270;AT1G19310;AT2G29070;AT3G16090;AT1G30000;AT5G50430;AT5G15400;AT1G09080;AT3G58030;AT1G08450;AT4G15420;AT4G32670;AT1G65040;AT4G28270;AT1G09210;AT2G26780","OSD-38",-0.52,"whole_seedling","dark",FALSE
"GO:0040008 (regulation of growth)",0.804837952090183,0.898444342232107,-0.254360030359025,-0.758797639156342,3426,16,"AT5G20730;AT1G16060;AT5G60410;AT1G74500","OSD-38",-0.52,"whole_seedling","dark",FALSE
"GO:0040029 (epigenetic regulation of gene expression)",0.995416348357525,1,0.148001848003904,0.570825003636048,6514,69,"AT4G28190;AT4G33470;AT3G42660;AT4G13520;AT3G21820;AT5G06550;AT3G18730;AT5G09230;AT3G44680;AT4G29730;AT2G16390;AT2G35160;AT4G00990;AT5G57380","OSD-38",-0.52,"whole_seedling","dark",FALSE
"GO:0042023 (DNA endoreduplication)",0.034529451591063,0.0921748540380677,0.510344801046831,1.53481272398381,203,21,"AT2G29680;AT1G15570;AT4G37630;AT3G48160;AT3G50630;AT1G47870;AT3G54180;AT5G24630;AT3G20780;AT1G69690;AT5G03415;AT2G42260;AT1G48380;AT4G22910","OSD-38",-0.52,"whole_seedling","dark",FALSE
"GO:0042026 (protein refolding)",0.00145395799676898,0.00875118115036425,0.548775534651803,1.85337996371854,8,35,"AT3G13470;AT5G49910;AT4G39960;AT2G22360;AT3G17830;AT1G26230;AT4G24280;AT5G59610;AT1G55490;AT1G80030;AT2G33210;AT2G28000;AT5G15450","OSD-38",-0.52,"whole_seedling","dark",FALSE
"GO:0042127 (regulation of cell population proliferation)",0.00692099932478055,0.028305112623141,0.572564690176808,1.73878922289769,40,22,"AT4G37750;AT1G04110;AT1G78570;AT4G34160;AT3G50070;AT5G67260;AT1G44900;AT1G11130;AT1G22270;AT1G63980","OSD-38",-0.52,"whole_seedling","dark",FALSE
"GO:0042147 (retrograde transport, endosome to Golgi)",0.58460346163782,0.745898136748209,-0.260976442327359,-0.92205987895857,2262,30,"AT4G29950;AT1G75850;AT1G50970;AT1G50730;AT2G17790;AT4G39890;AT5G53530","OSD-38",-0.52,"whole_seedling","dark",FALSE
"GO:0042254 (ribosome biogenesis)",0.000326211058554885,0.00356436528598724,0.622767741504131,2.02834225918686,1,30,"AT5G66470;AT5G46580;AT1G26880;AT1G48630;AT4G34730;AT2G48120;AT1G69620;AT2G47610;AT5G26742;AT3G09200;AT3G28900;AT3G62870;AT4G12600;AT2G40430;AT4G22380;AT2G40010;AT3G11250;AT1G18080","OSD-38",-0.52,"whole_seedling","dark",FALSE
"GO:0042273 (ribosomal large subunit biogenesis)",0.00183089214380826,0.0104961832061069,0.576764885713512,1.82008732249395,10,26,"AT5G67510;AT1G41880;AT1G07070;AT3G55750;AT1G80770;AT3G49910;AT2G20450;AT4G27090;AT1G74270;AT1G25260;AT4G15770;AT3G55510;AT2G44860;AT1G13160;AT5G05210","OSD-38",-0.52,"whole_seedling","dark",FALSE
"GO:0042538 (hyperosmotic salinity response)",0.807195140943778,0.898444342232107,0.215629186448542,0.79896054234594,5182,55,"AT1G69700;AT5G44650;AT5G65010;AT3G04290;AT1G16920;AT2G42080;AT1G74520;AT4G33000;AT3G14080;AT5G01410","OSD-38",-0.52,"whole_seedling","dark",FALSE
"GO:0042542 (response to hydrogen peroxide)",0.00404975412207116,0.0185871949547573,-0.386916231197468,-1.65192520479373,13,68,"AT1G31770;AT5G63160;AT3G48360;AT1G22770;AT1G73260;AT1G35580;AT1G34370;AT3G29035;AT2G01980;AT1G52760;AT5G58940;AT5G39610;AT4G37610;AT4G12570;AT2G43790;AT4G14030","OSD-38",-0.52,"whole_seedling","dark",FALSE
"GO:0042545 (cell wall modification)",0.377986577181208,0.569736317824915,-0.26758442933177,-1.04453210342854,1407,45,"AT1G14160;AT2G36100;AT1G07000;AT3G47400;AT3G05620;AT3G43270;AT5G51500;AT3G49220;AT5G04960;AT1G02810;AT2G47550;AT3G11550;AT1G05310;AT5G20860;AT1G19900;AT2G18800;AT2G27370;AT3G10710;AT5G06200","OSD-38",-0.52,"whole_seedling","dark",FALSE
"GO:0042546 (cell wall biogenesis)",0.930301609626504,0.971411500722929,0.19003514841021,0.70091949028158,5952,54,"AT2G36870;AT4G03210;AT5G13870;AT4G18800;AT3G23730;AT1G70630;AT2G33570;AT3G44990;AT2G03220;AT4G14130","OSD-38",-0.52,"whole_seedling","dark",FALSE
"GO:0042594 (response to starvation)",0.241662752465946,0.415581768391574,-0.396124713297252,-1.18170491188091,1028,16,"AT5G54730;AT1G03380;AT1G54710;AT5G65040;AT3G62770;AT2G26890","OSD-38",-0.52,"whole_seedling","dark",FALSE
"GO:0042631 (cellular response to water deprivation)",0.0514763522341259,0.125831083238975,-0.387701479654642,-1.42920433803866,196,36,"AT5G24090;AT3G17000;AT1G61660;AT3G20660;AT1G18390;AT1G64660;AT1G17280;AT3G10550","OSD-38",-0.52,"whole_seedling","dark",FALSE
"GO:0042742 (defense response to bacterium)",0.000542005420054201,0.0045227698066126,-0.373956720767983,-2.02365567179476,0,327,"AT1G31770;AT5G65210;AT4G24230;AT3G19190;AT1G02860;AT4G33300;AT1G32230;AT5G04720;AT2G01830;AT1G53940;AT2G17520;AT2G24570;AT1G48490;AT1G73260;AT1G27320;AT2G01660;AT4G19700;AT1G80460;AT3G46510;AT1G79380;AT4G05200;AT3G50260;AT3G45410;AT3G05200;AT4G34390;AT2G47130;AT1G66340;AT5G45250;AT1G02120;AT3G01420;AT5G10030;AT5G02310;AT1G70690;AT5G60280;AT5G44510;AT3G45330;AT4G11530;AT4G19660;AT3G52430;AT4G12010;AT4G11650;AT5G45110;AT5G18370;AT2G27080;AT2G40000;AT4G33430;AT5G18525;AT3G56400;AT3G50950;AT5G63970;AT1G12220;AT2G22300;AT5G46350;AT4G18360;AT2G43790;AT3G20770;AT5G58430;AT4G04960;AT4G31750;AT1G65930;AT5G01550;AT5G27420;AT5G48380;AT3G21630;AT5G01560;AT3G59700;AT3G49120;AT4G18780;AT5G60270;AT2G37710;AT5G03280;AT1G69220;AT3G44260;AT5G44030;AT4G31550;AT4G11850;AT1G51890;AT5G22250;AT5G45260;AT2G38470;AT1G20850;AT2G44490;AT3G10930;AT1G33980;AT3G14460;AT1G59870;AT5G28040;AT1G64280;AT5G24530;AT5G33340;AT4G28350;AT1G59820;AT1G10170;AT1G69170;AT4G23270;AT4G39090;AT1G17750;AT1G16540;AT4G23190;AT2G39050;AT3G25070;AT4G35230;AT3G09830;AT3G57330;AT5G45410;AT1G22070;AT5G59260;AT5G52640;AT1G73805;AT1G15530;AT4G22305;AT2G43120;AT1G18570;AT4G31500;AT1G22885;AT1G77920;AT4G23810;AT4G25030;AT3G57730;AT2G32800;AT3G59730;AT2G28830;AT4G26120;AT5G47010;AT1G66700;AT5G60300;AT1G08450;AT2G19990;AT3G04720;AT1G31280;AT1G08830;AT4G12720;AT2G05940;AT4G02410;AT5G46050;AT5G22540;AT5G44070;AT4G23100;AT5G26920;AT5G46470;AT5G57220;AT4G28460;AT3G59750;AT1G70130;AT3G45440","OSD-38",-0.52,"whole_seedling","dark",FALSE
"GO:0042744 (hydrogen peroxide catabolic process)",0.110757905303664,0.232445867051769,0.428522389412902,1.34130740180129,661,25,"AT2G41680;AT3G52960;AT3G11630;AT4G08390;AT4G09010;AT3G06050;AT1G77490;AT5G06290;AT4G32320;AT4G35000","OSD-38",-0.52,"whole_seedling","dark",FALSE
"GO:0042752 (regulation of circadian rhythm)",0.882352941176471,0.942950044339344,-0.201640893343296,-0.7488957713846,3359,37,"AT1G22770;AT1G10470;AT1G04400;AT5G10140;AT3G09600;AT1G59940;AT3G63180;AT4G02570;AT3G22380;AT5G57360;AT4G08920","OSD-38",-0.52,"whole_seedling","dark",TRUE
"GO:0042761 (very long-chain fatty acid biosynthetic process)",0.493893257487034,0.671503518039463,0.311827136137493,0.976042456863805,2951,25,"AT1G06360;AT5G59770;AT3G15850;AT3G23840;AT1G06350;AT3G25540;AT4G13840;AT2G32720;AT3G55360;AT5G10480;AT2G31360;AT1G06080;AT1G67730","OSD-38",-0.52,"whole_seedling","dark",FALSE
"GO:0043067 (regulation of programmed cell death)",0.482099068170672,0.661682994069236,-0.300871869537841,-0.981919352142497,1965,22,"AT3G27090;AT4G19700;AT3G23280;AT5G51290;AT5G42050","OSD-38",-0.52,"whole_seedling","dark",FALSE
"GO:0043068 (positive regulation of programmed cell death)",0.097918637653737,0.210343740145065,-0.456856343837255,-1.3870070654646,413,17,"AT3G50260;AT1G12290;AT4G28530;AT5G39610;AT2G31880;AT3G24100;AT5G06100;AT1G79340;AT1G79330;AT3G11440;AT1G02170","OSD-38",-0.52,"whole_seedling","dark",FALSE
"GO:0043069 (negative regulation of programmed cell death)",0.083949439542094,0.184054097690227,-0.447173883556076,-1.40117709718077,351,19,"AT4G19700;AT1G64060;AT1G02120;AT4G34180;AT3G52400;AT5G61900;AT5G47120","OSD-38",-0.52,"whole_seedling","dark",FALSE
"GO:0043086 (negative regulation of catalytic activity)",0.103394527190856,0.219885694492553,0.472871683243178,1.36484063799902,596,18,"AT3G02730;AT1G03680;AT3G15360;AT5G64620;AT1G23205;AT3G17130;AT3G62820","OSD-38",-0.52,"whole_seedling","dark",FALSE
"GO:0043161 (proteasome-mediated ubiquitin-dependent protein catabolic process)",0.369656059144969,0.561525156510692,-0.22456278374315,-1.03408348851735,1149,102,"AT5G02880;AT1G23390;AT4G19700;AT1G74770;AT4G22820;AT5G66810;AT3G51770;AT4G37880;AT3G02540;AT4G28370;AT4G12040;AT1G12440;AT3G16090;AT3G53970;AT2G20650;AT4G09300;AT1G14400;AT2G02760;AT3G07370;AT4G38600;AT4G03020;AT3G24800;AT5G03340;AT4G08455","OSD-38",-0.52,"whole_seedling","dark",FALSE
"GO:0043622 (cortical microtubule organization)",0.843088027616507,0.92076845275805,0.211183713862793,0.767120340045781,5372,50,"AT2G07340;AT5G66410;AT5G55230;AT1G69230;AT1G08780;AT4G18570;AT3G06030;AT3G53760;AT5G23290;AT5G49510;AT4G16340;AT5G65930;AT4G18830;AT3G02180;AT1G20090;AT1G11160;AT4G35020;AT1G80350;AT3G22480;AT3G50960","OSD-38",-0.52,"whole_seedling","dark",FALSE
"GO:0044027 (negative regulation of gene expression via chromosomal CpG island methylation)",0.481371866295265,0.661682994069236,0.349446055303245,0.977789293192007,2764,16,"AT5G49160;AT4G19020;AT1G69770;AT1G57820;AT3G43920;AT2G35160","OSD-38",-0.52,"whole_seedling","dark",FALSE
"GO:0044772 (mitotic cell cycle phase transition)",0.382923449948043,0.572530219905671,0.37095662401843,1.05648824335251,2210,17,"AT1G47210;AT1G15570;AT5G43080","OSD-38",-0.52,"whole_seedling","dark",FALSE
"GO:0045010 (actin nucleation)",0.296674748874264,0.474442127454052,0.39242706352655,1.13265484640201,1712,18,"AT3G05470;AT5G48360;AT5G67470;AT5G18410;AT3G25500;AT2G43800;AT3G07540;AT2G46225","OSD-38",-0.52,"whole_seedling","dark",FALSE
"GO:0045036 (protein targeting to chloroplast)",0.000168804861580014,0.0028480108563674,0.766006228820065,2.32624085661575,0,22,"AT2G24820;AT5G49910;AT5G24650;AT4G26670;AT4G24280;AT3G49560;AT5G55510;AT4G35450;AT3G46740;AT4G15810;AT1G02280;AT5G66055;AT5G57180","OSD-38",-0.52,"whole_seedling","dark",FALSE
"GO:0045037 (protein import into chloroplast stroma)",0.000166057788110262,0.0028480108563674,0.704818490167995,2.23908947717258,0,27,"AT2G24020;AT1G04940;AT5G01590;AT2G04030;AT3G16290;AT3G09860;AT4G23940;AT2G20890;AT5G64580;AT1G79560;AT3G47520;AT1G06950;AT2G15290;AT2G28900;AT3G04340","OSD-38",-0.52,"whole_seedling","dark",FALSE
"GO:0045087 (innate immune response)",0.423777019340159,0.613652728073852,-0.24047271419226,-1.01564600595116,1489,65,"AT5G43560;AT1G09970;AT2G02220;AT1G61360;AT3G21630;AT2G23770;AT1G61370;AT2G43850;AT1G67520;AT4G11850;AT2G44950;AT3G16030;AT1G27130;AT2G33580;AT5G64900;AT1G61460;AT1G61430;AT1G61420;AT1G61480;AT4G28460;AT5G47070;AT1G04300;AT1G73080;AT5G64890;AT1G61550;AT2G23270;AT1G62045;AT1G79090;AT4G37290","OSD-38",-0.52,"whole_seedling","dark",FALSE
"GO:0045088 (regulation of innate immune response)",0.790781301078784,0.892953044404007,0.241010351001292,0.779407125276793,4837,29,"AT1G44830;AT5G51560;AT2G45340;AT2G24230","OSD-38",-0.52,"whole_seedling","dark",FALSE
"GO:0045168 (cell-cell signaling involved in cell fate commitment)",0.786456529269138,0.89122427295508,0.269739109589747,0.768219731371566,4540,17,"AT2G01505;AT1G26600;AT3G24770;AT1G05065","OSD-38",-0.52,"whole_seedling","dark",FALSE
"GO:0045292 (mRNA cis splicing, via spliceosome)",0.740387945964669,0.865141958837837,0.279422116599908,0.806490795294957,4274,18,"AT2G15820","OSD-38",-0.52,"whole_seedling","dark",FALSE
"GO:0045324 (late endosome to vacuole transport)",0.0119246362985929,0.0418017470247377,-0.544303125092642,-1.70552239486519,49,19,"AT4G19640;AT4G29380;AT2G06530;AT5G46860;AT3G19770;AT1G73030;AT2G26890;AT5G16830;AT5G13530;AT3G61710;AT5G07120;AT1G03950","OSD-38",-0.52,"whole_seedling","dark",FALSE
"GO:0045454 (cell redox homeostasis)",0.00016121231662099,0.0028480108563674,0.603756658033173,2.07739810146251,0,38,"AT3G06730;AT3G02730;AT2G41680;AT4G36910;AT3G52960;AT3G11630;AT3G26060;AT5G54290;AT1G67740;AT3G06050;AT3G04340;AT4G29670;AT5G16400;AT3G54660;AT5G06290","OSD-38",-0.52,"whole_seedling","dark",FALSE
"GO:0045489 (pectin biosynthetic process)",0.0685955786736021,0.155743698198428,0.420900851094628,1.40923222127501,421,34,"AT1G13250;AT1G02720;AT5G15740;AT3G58790;AT2G33570;AT1G70090;AT2G38650;AT2G18840;AT3G02250;AT5G65810;AT1G19300;AT3G49720","OSD-38",-0.52,"whole_seedling","dark",FALSE
"GO:0045490 (pectin catabolic process)",0.556317183361894,0.717031036333108,0.255490329900068,0.940579989412453,3570,53,"AT5G19730;AT3G27400;AT5G64640;AT2G26440;AT1G67750;AT5G09760;AT3G54920;AT3G09540;AT5G47500;AT4G13210","OSD-38",-0.52,"whole_seedling","dark",FALSE
"GO:0045492 (xylan biosynthetic process)",0.00232979549572871,0.0121836846415977,-0.488048736788994,-1.75315853682985,8,32,"AT3G55990;AT5G46340;AT1G08990;AT4G24910;AT4G33330;AT2G28760;AT3G50220;AT5G54690;AT4G09990;AT3G18660;AT1G67330;AT5G01360;AT1G77130;AT1G33800;AT1G09610;AT1G27600;AT5G01620;AT2G38320;AT5G67210;AT5G61840;AT5G64020","OSD-38",-0.52,"whole_seedling","dark",FALSE
"GO:0045595 (regulation of cell differentiation)",0.383182451253482,0.572530219905671,0.378492659309002,1.05906495210815,2200,16,"AT2G01505;AT1G26600;AT3G24770;AT1G05065;AT5G13290","OSD-38",-0.52,"whole_seedling","dark",FALSE
"GO:0045814 (negative regulation of gene expression, epigenetic)",0.263130389338908,0.4394690795765,-0.30742062630943,-1.13326080961924,1006,36,"AT5G16680;AT1G08620;AT5G61060;AT2G27350;AT1G63490;AT1G21610;AT4G02020;AT5G17690;AT5G46910;AT3G44530;AT3G10490","OSD-38",-0.52,"whole_seedling","dark",FALSE
"GO:0045892 (negative regulation of DNA-templated transcription)",0.00147710487444609,0.00880741037286545,-0.338020868529593,-1.65608695084156,3,152,"AT5G13180;AT5G02810;AT3G48390;AT1G02580;AT3G61850;AT5G57620;AT5G14070;AT1G75380;AT2G30400;AT4G24800;AT1G68840;AT1G74660;AT5G02320;AT3G01320;AT1G24190;AT3G56400;AT2G20080;AT4G35580;AT1G62990;AT2G34140;AT3G09370;AT2G35270;AT2G27350;AT3G20910;AT5G67450;AT5G47390;AT1G62300;AT5G44180;AT2G32700;AT2G30395;AT5G17690;AT3G02140;AT4G28110;AT2G30470;AT3G19580;AT1G27730;AT4G28840;AT3G10490;AT4G05420;AT3G29575;AT2G46790;AT4G04450;AT5G26660;AT4G36990;AT2G40260;AT4G32730;AT1G15750;AT5G62430;AT3G15210;AT1G80840;AT5G24470;AT4G33980;AT1G75080;AT5G08790;AT4G14550;AT2G36050;AT1G13740","OSD-38",-0.52,"whole_seedling","dark",FALSE
"GO:0045893 (positive regulation of DNA-templated transcription)",0.0103724658180104,0.0374973412095724,-0.251682272935228,-1.32163024632657,21,247,"AT5G44160;AT2G24550;AT5G49450;AT3G55370;AT1G03840;AT4G18880;AT3G55990;AT5G57620;AT3G01470;AT1G61660;AT3G54620;AT3G19290;AT4G28530;AT1G79430;AT3G05690;AT2G42430;AT5G61600;AT5G25830;AT5G13330;AT2G04880;AT4G01540;AT3G10500;AT1G75520;AT5G39610;AT4G00210;AT1G34190;AT1G79180;AT5G06100;AT5G64220;AT1G34180;AT4G37730;AT5G12870;AT5G35210;AT1G28470;AT4G28500;AT2G27350;AT3G16770;AT1G69600;AT5G20730;AT4G34680;AT5G12330;AT2G45420;AT5G46760;AT1G50030;AT4G29230;AT2G42400;AT3G22990;AT5G17800;AT1G20980;AT2G32700;AT4G00220;AT1G64280;AT5G11680;AT1G71930;AT1G73500;AT1G07530;AT3G45260;AT4G17500;AT3G11440;AT5G04410;AT1G25540;AT3G58190;AT2G30340;AT4G17880;AT3G04740;AT2G31180;AT4G02640;AT5G16600;AT2G46680;AT4G17785;AT1G35660;AT3G08500;AT2G22850;AT5G47230;AT1G77450;AT4G23810;AT3G24310","OSD-38",-0.52,"whole_seedling","dark",FALSE
"GO:0045944 (positive regulation of transcription by RNA polymerase II)",0.85628382441371,0.929097074789026,-0.18474281214421,-0.806775239331196,2847,77,"AT3G57230;AT4G37940;AT4G04920;AT1G79000;AT5G10140;AT1G16710;AT3G09600;AT2G37520;AT1G43850;AT5G13660;AT1G25540;AT3G12980;AT3G04740;AT1G65330;AT2G22630;AT1G71692;AT1G27630;AT4G25520;AT5G45190;AT2G46020","OSD-38",-0.52,"whole_seedling","dark",FALSE
"GO:0046685 (response to arsenic-containing substance)",0.0715297450424929,0.161829706869186,-0.496486896396427,-1.45287523412381,302,15,"AT3G16950;AT4G10380;AT2G21045;AT1G30400;AT4G19030;AT5G52640;AT5G44610;AT5G44070","OSD-38",-0.52,"whole_seedling","dark",FALSE
"GO:0046686 (response to cadmium ion)",0.411615449675782,0.600939718290959,-0.245289437210786,-1.0240250523182,1459,62,"AT2G19110;AT3G56240;AT2G24550;AT5G11670;AT1G52760;AT4G08500;AT5G64250;AT5G56550;AT1G16150;AT3G01970;AT4G14030;AT4G04460","OSD-38",-0.52,"whole_seedling","dark",FALSE
"GO:0046777 (protein autophosphorylation)",0.000339097999321804,0.00356436528598724,-0.463905041262754,-2.15650366661069,0,111,"AT5G58350;AT2G17520;AT4G00720;AT1G16130;AT5G38210;AT5G41990;AT1G10470;AT3G45410;AT2G17290;AT4G32300;AT5G45800;AT1G08720;AT1G09970;AT5G60280;AT4G08500;AT3G51550;AT2G31800;AT1G70520;AT1G16670;AT5G65530;AT5G25440;AT3G07980;AT3G21630;AT3G59700;AT4G28860;AT2G43850;AT1G69220;AT3G61160;AT4G28540;AT1G18890;AT5G35980;AT4G18710;AT4G28490;AT1G12580;AT5G03730;AT4G24400;AT5G49760;AT1G09000;AT1G35670;AT1G12970;AT1G73500;AT4G03260;AT2G39660;AT4G14340;AT3G45240;AT3G24550;AT2G01450;AT2G41140;AT3G29160;AT2G40120;AT4G28650;AT4G13160;AT4G26890;AT3G17850;AT2G46500;AT5G24430;AT5G04870;AT1G67580;AT1G11440;AT4G08920;AT4G32660;AT2G46700","OSD-38",-0.52,"whole_seedling","dark",FALSE
"GO:0046854 (phosphatidylinositol phosphate biosynthetic process)",0.079694053787318,0.176544466376073,-0.419470036222679,-1.38671095753952,322,23,"AT3G14270;AT4G33240;AT5G64070;AT1G10900;AT1G71010;AT2G41210;AT5G09350;AT5G64090;AT1G34260;AT2G46500;AT1G60890;AT1G77740;AT3G56960","OSD-38",-0.52,"whole_seedling","dark",FALSE
"GO:0046856 (phosphatidylinositol dephosphorylation)",0.000248447204968944,0.00322814047976846,-0.715267582370321,-2.41501534485687,0,25,"AT1G17340;AT1G65580;AT1G05470;AT5G04980;AT3G14205;AT1G71710;AT3G19420;AT3G10550;AT2G37440;AT3G51830;AT2G01900;AT4G18010;AT1G22620;AT1G05630;AT3G43220;AT5G20840;AT1G34120","OSD-38",-0.52,"whole_seedling","dark",FALSE
"GO:0048229 (gametophyte development)",0.0575466935890964,0.138025528232494,0.468656891283452,1.45018138670046,341,24,"AT3G49670;AT2G43090;AT3G48610;AT5G62270;AT2G31270;AT3G49080;AT3G25100;AT5G65700","OSD-38",-0.52,"whole_seedling","dark",FALSE
"GO:0048235 (pollen sperm cell differentiation)",0.712750366389839,0.845231847131445,-0.261606946796495,-0.843844440793087,2917,21,"AT2G24260;AT1G06520;AT5G06100;AT3G11440;AT5G53520","OSD-38",-0.52,"whole_seedling","dark",FALSE
"GO:0048278 (vesicle docking)",0.0257805108798486,0.0731020708504152,-0.517814904061422,-1.60026407249355,108,18,"AT1G79590;AT3G52400;AT1G16240;AT5G46860;AT3G09740;AT5G16830","OSD-38",-0.52,"whole_seedling","dark",FALSE
"GO:0048316 (seed development)",0.83180006133088,0.912276297585576,0.206728288002425,0.792381177110101,5424,67,"AT5G52520;AT3G23070;AT3G58060;AT2G40220;AT4G34160;AT3G50070;AT4G24120;AT5G67260;AT3G54650;AT5G55820;AT4G14510;AT4G15802;AT1G71890","OSD-38",-0.52,"whole_seedling","dark",FALSE
"GO:0048354 (mucilage biosynthetic process involved in seed coat development)",0.443713197090405,0.630487794529351,0.350865683353517,1.01269701716081,2561,18,"AT1G05230;AT1G32070;AT1G02720;AT1G21070;AT5G09870;AT3G46550","OSD-38",-0.52,"whole_seedling","dark",FALSE
"GO:0048364 (root development)",0.0243806527723162,0.0710267418663822,-0.257697157330183,-1.30060166886122,61,184,"AT5G44160;AT3G53480;AT2G35680;AT3G22400;AT4G16110;AT5G29000;AT1G03840;AT1G35580;AT5G01490;AT5G65790;AT1G06230;AT4G31920;AT2G39830;AT3G59350;AT2G22680;AT3G16857;AT4G04920;AT3G51550;AT5G24310;AT3G12070;AT1G01550;AT2G43790;AT3G22200;AT1G02900;AT3G25710;AT5G05980;AT5G10720;AT3G16785;AT5G60200;AT5G48000;AT3G20840;AT5G12330;AT3G62270;AT1G05630;AT4G24400;AT4G34460;AT5G45710;AT1G59870;AT5G48010;AT1G59820;AT1G76220;AT2G23140;AT1G55180;AT5G56610;AT1G30000","OSD-38",-0.52,"whole_seedling","dark",FALSE
"GO:0048366 (leaf development)",0.0614540852200816,0.143093818870117,0.307619859424835,1.30737261740615,436,123,"AT2G06200;AT3G47450;AT3G15030;AT4G18390;AT1G30210;AT2G24060;AT5G60970;AT2G31070;AT3G15380;AT5G64630;AT4G20360;AT3G13960;AT4G18750;AT1G53230;AT2G37860;AT5G06250;AT2G46870;AT5G53660;AT1G01030;AT3G61970;AT3G56090;AT5G53950;AT1G70560;AT1G15690;AT1G65470;AT2G40300;AT4G11140;AT1G11130","OSD-38",-0.52,"whole_seedling","dark",FALSE
"GO:0048367 (shoot system development)",0.836133806073686,0.915014353816486,0.207068817541443,0.790779773964749,5423,66,"AT1G48630;AT5G55580;AT5G64530;AT2G37250;AT1G68825;AT4G24670;AT5G55730;AT3G51410;AT1G70560;AT1G56260;AT1G11130;AT4G26000;AT4G35720;AT2G23430;AT5G24630;AT1G36160","OSD-38",-0.52,"whole_seedling","dark",FALSE
"GO:0048443 (stamen development)",0.252128666035951,0.426679280983917,-0.376904863902431,-1.16479326438929,1065,18,"AT3G13730;AT4G36380;AT4G15180;AT1G12820;AT1G80090;AT2G06050;AT1G15330;AT2G39940;AT4G38680","OSD-38",-0.52,"whole_seedling","dark",FALSE
"GO:0048467 (gynoecium development)",0.874700034281796,0.939492629413781,0.236136863877353,0.699804824231883,5102,20,"AT4G24670;AT3G53020;AT3G50330;AT1G70560;AT5G67060;AT4G26000","OSD-38",-0.52,"whole_seedling","dark",FALSE
"GO:0048481 (plant ovule development)",0.00381376132210392,0.0180235535074245,0.488142071447488,1.72902972698359,23,44,"AT5G64050;AT5G62230;AT5G49030;AT2G25840;AT4G17300;AT5G52520;AT3G55400;AT1G11870;AT5G07180;AT1G32240;AT3G13490;AT2G30370;AT1G17560;AT5G10310;AT1G11130;AT5G21150;AT1G71830;AT1G34210;AT2G16800","OSD-38",-0.52,"whole_seedling","dark",FALSE
"GO:0048510 (regulation of timing of transition from vegetative to reproductive phase)",0.721876620010368,0.851725342214878,-0.234555774701122,-0.84835007984278,2784,33,"AT5G44160;AT4G29720;AT5G61060;AT5G03730;AT1G10480;AT1G75410;AT1G02740;AT3G06500;AT5G12840","OSD-38",-0.52,"whole_seedling","dark",FALSE
"GO:0048527 (lateral root development)",0.305713512049824,0.48639705907179,-0.27876895539768,-1.09238696613011,1128,46,"AT1G19220;AT5G47040;AT2G02820;AT1G60940;AT3G07360;AT1G56010;AT5G39610;AT5G20730;AT5G47390;AT4G34460;AT5G45710;AT5G13080","OSD-38",-0.52,"whole_seedling","dark",FALSE
"GO:0048544 (recognition of pollen)",0.00440642820114049,0.019659448897396,-0.464942403820692,-1.68162103834867,16,33,"AT2G19130;AT5G03700;AT4G27290;AT1G34300;AT1G61360;AT1G61370;AT4G21390;AT4G03230;AT1G11410;AT1G61460;AT1G61430;AT4G27300;AT1G11300;AT1G61420;AT1G61480","OSD-38",-0.52,"whole_seedling","dark",FALSE
"GO:0048564 (photosystem I assembly)",0.000173190162798753,0.0028480108563674,0.762430105834818,2.20058766247189,0,18,"AT2G15820;AT5G35220;AT2G34860;AT5G44650;AT1G22700;AT3G08010;AT4G15510;AT2G30950;AT5G42270;AT3G56010;AT3G55250","OSD-38",-0.52,"whole_seedling","dark",FALSE
"GO:0048573 (photoperiodism, flowering)",0.0876091703056769,0.190117859370823,-0.332014872003184,-1.31044499782701,320,48,"AT5G44160;AT5G41990;AT1G18390;AT1G30810;AT5G64930;AT1G79000;AT3G09600;AT4G00450;AT2G42280;AT5G17690;AT3G10490;AT1G25560;AT1G51140;AT2G25930;AT1G10390;AT4G33980;AT2G29950;AT3G51630;AT2G35510;AT4G02440;AT3G44110","OSD-38",-0.52,"whole_seedling","dark",FALSE
"GO:0048574 (long-day photoperiodism, flowering)",0.486048175530646,0.665447931305906,-0.313225746578081,-0.981463270758114,2037,19,"AT5G06850;AT3G57230;AT1G04400;AT2G42400","OSD-38",-0.52,"whole_seedling","dark",FALSE
"GO:0048653 (anther development)",0.000517732332384157,0.00442594519597641,-0.515995802188554,-1.85354940477253,1,32,"AT1G08320;AT5G14070;AT5G06839;AT1G72520;AT1G75520;AT5G06100;AT2G35270;AT3G48520;AT5G12330;AT5G50670;AT3G22990;AT2G23950;AT3G02130;AT3G11440;AT1G77300","OSD-38",-0.52,"whole_seedling","dark",FALSE
"GO:0048765 (root hair cell differentiation)",0.438588123062247,0.62880724160385,-0.322851890824796,-1.01162588389061,1838,19,"AT2G24260;AT4G18640;AT2G38120;AT3G54870;AT5G03280;AT4G18710","OSD-38",-0.52,"whole_seedling","dark",FALSE
"GO:0048766 (root hair initiation)",0.799099411153447,0.894430568975261,0.264809376987308,0.764314320021605,4613,18,"AT1G70940;AT4G17810;AT1G75840;AT2G18840","OSD-38",-0.52,"whole_seedling","dark",FALSE
"GO:0048767 (root hair elongation)",0.0602275881210103,0.142844614205221,-0.331063272501286,-1.3426869376856,216,54,"AT3G18780;AT5G20490;AT2G24260;AT3G56930;AT2G26650;AT4G30160;AT4G28710;AT5G05980;AT4G13880;AT1G10480;AT1G63450;AT5G16910;AT1G12950","OSD-38",-0.52,"whole_seedling","dark",FALSE
"GO:0048768 (root hair cell tip growth)",0.00804020100502513,0.0310887772194305,-0.497098085608385,-1.71269595630477,31,27,"AT3G18780;AT5G20490;AT5G64070;AT3G54870;AT5G49680;AT2G41970;AT3G05580;AT5G09350;AT1G49240;AT5G49270;AT5G27840;AT5G61980;AT5G44610","OSD-38",-0.52,"whole_seedling","dark",FALSE
"GO:0048825 (cotyledon development)",0.12939453125,0.261738486683128,0.388886102050091,1.29322324221548,794,33,"AT3G15030;AT1G60160;AT4G24670;AT4G04890;AT4G21750;AT3G14370;AT1G70560;AT5G11320;AT1G53700;AT4G11140","OSD-38",-0.52,"whole_seedling","dark",FALSE
"GO:0048868 (pollen tube development)",0.609866193777205,0.764429531689305,0.262995427768852,0.9049112669335,3782,38,"AT2G24630;AT1G16340;AT4G01220;AT3G06430;AT1G79500;AT3G05000;AT5G62270;AT3G03690","OSD-38",-0.52,"whole_seedling","dark",FALSE
"GO:0050821 (protein stabilization)",0.0664114513981358,0.152038309068133,0.450821675960405,1.42265043771853,398,26,"AT2G04030;AT5G13650;AT1G68730;AT5G17710;AT2G28000;AT5G06130;AT3G07770;AT1G55670;AT3G06610;AT5G56000;AT5G52060;AT5G51700;AT3G54826","OSD-38",-0.52,"whole_seedling","dark",FALSE
"GO:0050826 (response to freezing)",0.222658165767533,0.390304348196366,-0.362300138630357,-1.18239540955262,907,22,"AT3G55990;AT1G16670;AT2G43790;AT5G10450;AT3G45640;AT5G60410;AT5G40420;AT2G31180;AT3G01570;AT1G52690;AT4G25140;AT3G27660;AT5G65430;AT5G09410","OSD-38",-0.52,"whole_seedling","dark",FALSE
"GO:0050829 (defense response to Gram-negative bacterium)",0.439780586692106,0.629103171097676,-0.322500769194113,-1.01052567744893,1843,19,"AT3G48090;AT3G52430;AT3G50950;AT5G65710;AT2G23810;AT3G48880;AT4G28490","OSD-38",-0.52,"whole_seedling","dark",FALSE
"GO:0050832 (defense response to fungus)",0.000427533133817871,0.00407113640859405,-0.401774316605984,-2.084697122506,0,222,"AT4G24230;AT3G19190;AT4G33300;AT5G04720;AT1G03850;AT4G19700;AT2G31260;AT1G49050;AT5G24090;AT1G75380;AT3G45410;AT4G34390;AT4G15330;AT3G01420;AT5G02310;AT3G04570;AT5G60280;AT4G21980;AT3G45330;AT4G19660;AT5G45110;AT3G48990;AT1G24150;AT3G60190;AT2G35000;AT5G61600;AT4G33430;AT1G45145;AT5G64120;AT3G51550;AT3G13790;AT5G64570;AT3G56400;AT5G05700;AT2G43510;AT2G22300;AT2G40140;AT5G46350;AT3G12140;AT5G65530;AT5G58430;AT2G01650;AT5G55390;AT5G50260;AT5G12870;AT3G49120;AT3G52400;AT4G18780;AT3G59660;AT5G45900;AT3G05360;AT5G03280;AT1G12200;AT2G31865;AT3G22600;AT5G44030;AT5G10520;AT2G38470;AT1G74080;AT5G66910;AT3G62770;AT4G34460;AT1G70170;AT1G59870;AT1G64280;AT3G59640;AT4G11260;AT5G25110;AT1G59820;AT4G35160;AT1G71930;AT2G19810;AT2G39660;AT1G25540;AT1G17780;AT1G20440;AT4G20830;AT4G35230;AT1G24140;AT5G25910;AT5G39580;AT1G27130;AT1G52410;AT1G68110;AT4G31500;AT3G12500;AT2G14560;AT3G24800;AT5G43580;AT1G15010;AT1G20380;AT4G26120;AT3G61710;AT2G20610;AT3G25820;AT3G25830;AT3G61980;AT2G37130;AT4G23100;AT5G57220;AT4G23570;AT5G64810;AT3G50970;AT5G61420;AT1G80840;AT5G32450;AT3G01210;AT3G01310;AT5G66900;AT1G19250;AT3G14310;AT2G31870;AT3G13437","OSD-38",-0.52,"whole_seedling","dark",FALSE
"GO:0051017 (actin filament bundle assembly)",0.180227057710501,0.329212689815263,-0.404560398308529,-1.25026040287559,761,18,"AT3G57410;AT2G16700;AT1G01780","OSD-38",-0.52,"whole_seedling","dark",FALSE
"GO:0051085 (chaperone cofactor-dependent protein refolding)",0.00063724709256014,0.00484004339349249,0.541970059381513,1.92547539800889,3,45,"AT2G44650;AT3G13470;AT5G49910;AT4G39960;AT2G22360;AT3G17830;AT3G60210;AT4G24280;AT5G59610;AT1G55490;AT4G02450;AT1G80030;AT5G20720","OSD-38",-0.52,"whole_seedling","dark",FALSE
"GO:0051211 (anisotropic cell growth)",0.759575208913649,0.879508136636857,0.279161807983329,0.781126078751555,4362,16,"AT5G66410;AT4G18570;AT4G16340;AT1G20090;AT1G74720;AT4G35020;AT1G80350;AT3G50960;AT2G03680","OSD-38",-0.52,"whole_seedling","dark",FALSE
"GO:0051225 (spindle assembly)",0.631433674297776,0.77771174556367,0.269783490154644,0.884907070683989,3888,31,"AT1G50710;AT3G47690;AT5G17620;AT3G53760;AT5G62500;AT5G54670;AT3G19570;AT2G41350;AT4G27180;AT2G32980;AT5G06680;AT3G43610;AT5G43160","OSD-38",-0.52,"whole_seedling","dark",FALSE
"GO:0051259 (protein complex oligomerization)",0.507137883008356,0.676891149287304,0.342467753711365,0.958263221921055,2912,16,"AT4G10250;AT4G21870;AT1G53540;AT1G54050;AT5G06410;AT2G19310;AT5G12020;AT5G59720;AT5G12030;AT1G59860;AT5G42980;AT1G07400;AT3G46230;AT2G29500;AT5G37670;AT3G17880","OSD-38",-0.52,"whole_seedling","dark",FALSE
"GO:0051301 (cell division)",0.273962487077241,0.450484708132165,0.27747763420687,1.11511506757719,1854,87,"AT1G69390;AT5G38110;AT5G55280;AT2G18290;AT1G75710;AT4G26760;AT1G63680;AT5G65800;AT3G25520;AT5G39740;AT4G19350;AT3G60660;AT3G24770;AT3G18730;AT1G77600;AT1G65470;AT1G57820;AT1G47870","OSD-38",-0.52,"whole_seedling","dark",FALSE
"GO:0051302 (regulation of cell division)",0.797809741745669,0.894430568975261,0.239476160874059,0.774445683945634,4880,29,"AT2G26330;AT3G22780;AT3G54650;AT2G28150;AT5G51020;AT3G56370;AT1G69380;AT1G08260;AT3G51800;AT5G62440;AT2G40360;AT5G10480;AT5G10150;AT1G72440;AT5G44700","OSD-38",-0.52,"whole_seedling","dark",FALSE
"GO:0051321 (meiotic cell cycle)",0.268017270009963,0.444806763285024,0.361552221253587,1.14859043193422,1613,27,"AT3G22880;AT5G63920;AT5G61000;AT2G46980;AT3G53760;AT5G08020;AT1G53490;AT1G01370;AT2G45280;AT5G57450;AT5G06680;AT3G43610;AT5G40820","OSD-38",-0.52,"whole_seedling","dark",FALSE
"GO:0051453 (regulation of intracellular pH)",0.0050383877159309,0.02201706412852,-0.561294021026107,-1.78595078375577,20,20,"AT5G57350;AT3G06370;AT3G42640;AT2G01980;AT5G47560;AT3G60330;AT5G27150;AT4G30190;AT1G79610","OSD-38",-0.52,"whole_seedling","dark",FALSE
"GO:0051510 (regulation of unidimensional cell growth)",0.92113169754632,0.968389566882029,-0.201121392536445,-0.685141086664805,3678,26,"AT2G43790;AT4G28540;AT3G46290;AT5G44585;AT5G03500;AT3G16320;AT4G08920;AT3G14310;AT3G13530;AT1G61210;AT5G23430","OSD-38",-0.52,"whole_seedling","dark",FALSE
"GO:0051555 (flavonol biosynthetic process)",0.00120502668273369,0.00746414586003974,0.663720298357758,1.94337962505066,6,19,"AT1G30530;AT5G49330;AT1G06000;AT5G17050;AT1G78570;AT5G17040","OSD-38",-0.52,"whole_seedling","dark",FALSE
"GO:0051592 (response to calcium ion)",0.231814929644646,0.401896535633924,-0.377293234428548,-1.18221268826904,971,19,"AT3G59690;AT3G51860;AT2G30360;AT4G30960;AT1G01340;AT5G37500;AT4G04695;AT5G10930;AT3G59370;AT4G20260","OSD-38",-0.52,"whole_seedling","dark",FALSE
"GO:0051603 (proteolysis involved in protein catabolic process)",0.00982532751091703,0.0364451101858434,-0.400589258635747,-1.58110444569908,35,48,"AT3G19390;AT4G11320;AT1G77000;AT4G32940;AT5G60360;AT2G25940;AT5G50260;AT5G51740;AT2G22010;AT4G16190;AT1G20850;AT3G48340;AT4G35350;AT1G02305;AT4G39090;AT3G54940;AT3G19400","OSD-38",-0.52,"whole_seedling","dark",FALSE
"GO:0051607 (defense response to virus)",0.290393013100437,0.466676932891886,-0.279821739199342,-1.10444148542092,1063,48,"AT3G20250;AT3G11660;AT3G58350;AT5G46350;AT1G04400;AT3G61260;AT1G05760;AT1G31290;AT2G35980;AT2G45820;AT2G19810;AT3G49860;AT5G20320;AT1G31280;AT3G03300;AT5G06320;AT3G11650;AT5G42950;AT2G21120;AT2G26560","OSD-38",-0.52,"whole_seedling","dark",FALSE
"GO:0051707 (response to other organism)",0.000238492725971858,0.00322814047976846,-0.647591853156413,-2.02916786138703,0,19,"AT1G70690;AT3G52430;AT5G64930;AT3G54950;AT4G36430;AT3G16770;AT2G35980;AT4G34131;AT2G15480;AT5G61210;AT3G13100;AT2G30110;AT3G53160;AT1G19250;AT2G15490","OSD-38",-0.52,"whole_seedling","dark",FALSE
"GO:0051726 (regulation of cell cycle)",0.707206477732794,0.843360248212191,0.249195416980899,0.846860091215038,4366,36,"AT5G24330;AT2G18040;AT1G07370;AT1G22270;AT5G02470;AT1G22980;AT2G36010;AT1G26330;AT1G68310;AT3G27060;AT5G03415;AT5G09790;AT5G45610","OSD-38",-0.52,"whole_seedling","dark",FALSE
"GO:0051865 (protein autoubiquitination)",0.0145480562842833,0.0496345449699078,-0.534529849468216,-1.67489875946753,60,19,"AT5G10650;AT2G37150;AT5G57740;AT3G46620;AT3G11840;AT5G59550;AT2G35930;AT3G12630;AT3G58030;AT5G10380;AT1G26800","OSD-38",-0.52,"whole_seedling","dark",FALSE
"GO:0052544 (defense response by callose deposition in cell wall)",0.168623767026773,0.314567144336495,-0.426515855923044,-1.2723666689312,717,16,"AT1G66340;AT5G03280;AT2G44490;AT1G59870;AT1G18570;AT4G31500;AT5G44070;AT4G23100;AT5G57220;AT1G24100","OSD-38",-0.52,"whole_seedling","dark",FALSE
"GO:0055046 (microgametogenesis)",0.0239923224568138,0.0702160629699414,-0.502627278765467,-1.59928228133836,99,20,"AT2G24260;AT1G60490;AT3G26500;AT4G33620;AT3G20910;AT1G12970;AT5G12840;AT5G05850","OSD-38",-0.52,"whole_seedling","dark",FALSE
"GO:0055062 (phosphate ion homeostasis)",0.476628895184136,0.661063554624954,-0.336224485255042,-0.983897523335711,2018,15,"AT1G14040;AT3G51860;AT5G04340;AT1G68670;AT1G63010;AT2G13100","OSD-38",-0.52,"whole_seedling","dark",FALSE
"GO:0060586 (multicellular organismal-level iron ion homeostasis)",0.910264792415822,0.961288266869286,0.211149144956351,0.682838506277269,5568,29,"AT4G33460;AT5G14100","OSD-38",-0.52,"whole_seedling","dark",FALSE
"GO:0060918 (auxin transport)",0.869688385269122,0.938851420984264,-0.238616946559311,-0.698267476170121,3683,15,"AT5G10200;AT3G13980;AT1G73590;AT1G54200;AT4G08920;AT5G03540;AT5G56750;AT5G12050;AT4G29810;AT3G42800","OSD-38",-0.52,"whole_seedling","dark",FALSE
"GO:0061025 (membrane fusion)",0.0593551538837323,0.141300702156049,-0.450990830503094,-1.45472476869943,242,21,"AT3G27530;AT4G32150;AT3G52400;AT5G46860;AT5G61210;AT5G16830","OSD-38",-0.52,"whole_seedling","dark",FALSE
"GO:0061077 (chaperone-mediated protein folding)",0.0247661932802217,0.071634182866462,0.550690222269741,1.5894468223337,142,18,"AT2G30695;AT5G55220;AT3G47650;AT5G23040;AT5G48580;AT3G62190;AT3G25220","OSD-38",-0.52,"whole_seedling","dark",FALSE
"GO:0070417 (cellular response to cold)",0.373926619828259,0.566663143587718,-0.295041257543473,-1.049389455397,1436,31,"AT1G66280;AT1G27320;AT1G66270;AT2G22300;AT4G16150;AT1G01120;AT5G35750;AT3G49530","OSD-38",-0.52,"whole_seedling","dark",FALSE
"GO:0070588 (calcium ion transmembrane transport)",0.671850699844479,0.818016691795377,-0.242932530066387,-0.878647441278461,2591,33,"AT4G29900;AT5G01490;AT4G00900;AT3G22910;AT1G55730;AT1G27770;AT3G63380;AT3G51860;AT5G57110;AT3G21180;AT3G57330;AT4G37640;AT1G53210;AT1G07670","OSD-38",-0.52,"whole_seedling","dark",FALSE
"GO:0071215 (cellular response to abscisic acid stimulus)",0.191964285714286,0.344994969818914,-0.320050454937311,-1.18866976017709,730,37,"AT4G21534;AT1G27320;AT1G61660;AT1G18390;AT3G07360;AT5G58787;AT5G28770;AT5G35750;AT4G28520;AT4G21540;AT5G44120;AT1G51140;AT1G03880;AT3G27690;AT3G55620","OSD-38",-0.52,"whole_seedling","dark",FALSE
"GO:0071230 (cellular response to amino acid stimulus)",0.154372252076209,0.296655110917534,-0.39135953511706,-1.2623769059038,631,21,"AT3G08850;AT5G48410;AT5G27100;AT3G04110;AT2G29110;AT5G11210;AT2G17260;AT2G29100;AT5G48400;AT4G35290;AT2G24710;AT2G29120;AT1G42540","OSD-38",-0.52,"whole_seedling","dark",FALSE
"GO:0071365 (cellular response to auxin stimulus)",0.00073909830007391,0.00535846267553585,-0.594893603892772,-1.99762917752245,2,24,"AT2G35050;AT2G46370;AT1G21410;AT1G34670;AT5G54500;AT1G79570;AT3G51670;AT1G71930;AT3G53970;AT1G22530;AT4G37590;AT3G13300;AT4G23570;AT4G09160;AT5G67440;AT1G30690;AT5G48070","OSD-38",-0.52,"whole_seedling","dark",FALSE
"GO:0071456 (cellular response to hypoxia)",0.0198325253415602,0.0620252508231146,-0.248138544052102,-1.28823746145442,44,227,"AT4G24230;AT4G38470;AT5G03380;AT5G20250;AT5G64260;AT1G30720;AT3G07350;AT3G52800;AT5G66650;AT1G25550;AT1G68840;AT3G49780;AT4G20860;AT1G55810;AT2G40000;AT3G08720;AT3G56400;AT2G40140;AT5G57560;AT5G19120;AT1G13300;AT5G27420;AT1G35140;AT3G55980;AT2G26190;AT1G02360;AT5G42050;AT1G13360;AT1G66180;AT3G18290;AT4G17230;AT5G19230;AT5G59820;AT2G36220;AT5G54490;AT2G01180;AT5G24530;AT5G35735;AT1G73500;AT4G34131;AT4G27280;AT2G13790;AT4G24570;AT5G58120;AT4G19880;AT1G27730;AT1G07150;AT1G69890;AT5G13190;AT1G23710;AT4G32480;AT5G63790;AT1G68620;AT3G24715;AT5G25250;AT1G25560;AT1G32928;AT1G15010;AT1G50740;AT5G04340;AT1G03220;AT5G45340;AT2G46500;AT1G19020;AT1G68670;AT4G12720;AT1G76600;AT1G09070;AT1G72900;AT5G26920;AT3G25250;AT5G57220;AT4G23570;AT4G24160;AT2G25735;AT1G18300;AT2G22500;AT1G68690;AT5G06320;AT5G57510;AT3G15210;AT4G19520;AT2G41100;AT1G14540;AT3G46080;AT1G26800;AT1G19250;AT5G41080;AT3G30775;AT4G27460;AT2G26560;AT1G26410;AT1G61340;AT3G03280;AT5G20230;AT2G23270;AT4G30280","OSD-38",-0.52,"whole_seedling","dark",FALSE
"GO:0071472 (cellular response to salt stress)",0.00866596638655462,0.032715305056934,-0.443651684825443,-1.64772564346742,32,37,"AT1G66280;AT1G66270;AT5G57630;AT3G45410;AT1G61660;AT1G34370;AT2G01900;AT1G16370;AT5G62460;AT3G03740;AT5G24270;AT1G53210;AT1G08830;AT3G45680;AT1G67580;AT4G20260","OSD-38",-0.52,"whole_seedling","dark",FALSE
"GO:0071555 (cell wall organization)",0.280394873571181,0.458697254713881,0.403768542178002,1.14993692045636,1618,17,"AT3G62060;AT5G26670;AT2G46930;AT2G24630;AT4G19410","OSD-38",-0.52,"whole_seedling","dark",FALSE
"GO:0071577 (zinc ion transmembrane transport)",0.00189214758751183,0.0105893873757241,-0.625620553142411,-1.89937195622593,7,17,"AT5G59520;AT1G60960;AT2G30080;AT1G05300;AT2G46800;AT3G12750;AT3G58810","OSD-38",-0.52,"whole_seedling","dark",FALSE
"GO:0071805 (potassium ion transmembrane transport)",0.00776598498576236,0.0303969228277079,-0.458775159093688,-1.64800259896648,29,32,"AT5G14880;AT4G32650;AT1G70300;AT3G06370;AT4G10310;AT1G31120;AT2G01980;AT5G09400;AT5G27150;AT3G02850","OSD-38",-0.52,"whole_seedling","dark",FALSE
"GO:0072583 (clathrin-dependent endocytosis)",0.000519480519480519,0.00442594519597641,-0.520948424190936,-1.89555540554412,1,34,"AT5G35200;AT3G51890;AT4G25940;AT4G12780;AT2G01600;AT4G36520;AT4G32285;AT5G10410;AT4G12770;AT2G25430;AT1G05020;AT1G68110;AT4G40080;AT1G59610","OSD-38",-0.52,"whole_seedling","dark",FALSE
"GO:0072593 (reactive oxygen species metabolic process)",0.550614947965941,0.712329318278975,-0.306769007674311,-0.931344802035634,2327,17,"AT1G64060;AT1G60490;AT1G70520;AT3G49120;AT4G34460","OSD-38",-0.52,"whole_seedling","dark",FALSE
"GO:0072657 (protein localization to membrane)",0.242976066597294,0.416165376134751,0.433359076631852,1.19289602644431,1400,15,"AT1G55130;AT5G10840;AT1G14670;AT5G35160;AT1G10950;AT4G12650;AT2G24170;AT5G25100","OSD-38",-0.52,"whole_seedling","dark",FALSE
"GO:0080022 (primary root development)",0.795662398745754,0.894430568975261,-0.219609429160628,-0.809557779119519,3044,36,"AT1G10940;AT4G31920;AT3G16857;AT1G79530;AT1G13300;AT2G29130;AT3G07780;AT5G35735;AT5G48160","OSD-38",-0.52,"whole_seedling","dark",FALSE
"GO:0080027 (response to herbivore)",0.084985835694051,0.185688230043851,-0.484695937210246,-1.41837121657067,359,15,"AT4G08850;AT1G66690;AT3G17690;AT1G66700;AT3G04720;AT5G44585;AT3G16400;AT5G44572","OSD-38",-0.52,"whole_seedling","dark",FALSE
"GO:0080092 (regulation of pollen tube growth)",0.977979492351656,1,0.180263581839897,0.553595131426172,5817,23,"AT1G31650;AT5G13150","OSD-38",-0.52,"whole_seedling","dark",FALSE
"GO:0080147 (root hair cell development)",0.629294755877034,0.77771174556367,-0.253398567077666,-0.89528637146041,2435,30,"AT2G24260;AT3G06300;AT3G25710;AT1G50460;AT1G59870;AT1G19360;AT2G35610;AT5G61350;AT5G58010;AT3G57630;AT1G16440;AT4G21060","OSD-38",-0.52,"whole_seedling","dark",FALSE
"GO:0080156 (mitochondrial mRNA modification)",0.00756205819496959,0.0301537070524412,0.522487765570109,1.67844833358285,45,28,"AT3G20930;AT3G22150;AT1G32580;AT2G35240;AT5G54580;AT3G06790;AT3G15000;AT3G18970;AT4G30700;AT1G15480;AT1G74230;AT2G13600;AT4G20020;AT3G02330;AT5G61030","OSD-38",-0.52,"whole_seedling","dark",FALSE
"GO:0080188 (gene silencing by siRNA-directed DNA methylation)",0.121943319838057,0.249358455309872,0.381984357090953,1.29812703382726,752,36,"AT1G13790;AT3G48670;AT3G49250;AT3G29375;AT3G14980;AT4G00380;AT1G05490;AT5G43990;AT2G30280;AT2G16390;AT4G16265;AT3G24340;AT3G42670;AT3G20010;AT1G80790;AT5G04290;AT1G15910","OSD-38",-0.52,"whole_seedling","dark",FALSE
"GO:0090332 (stomatal closure)",0.0138325781063678,0.0474472302788313,-0.537146674108158,-1.68309833213413,57,19,"AT3G14270;AT4G24480;AT5G02800;AT1G71010;AT2G39050;AT1G73660;AT4G20260;AT3G58490;AT2G31870;AT5G64010","OSD-38",-0.52,"whole_seedling","dark",FALSE
"GO:0090333 (regulation of stomatal closure)",0.215759849906191,0.382374400667084,-0.302767589063492,-1.16014631587228,804,42,"AT1G60490;AT2G26650;AT1G07000;AT3G56400;AT2G43790;AT5G58430;AT5G13740;AT5G27150;AT5G10720;AT3G59700;AT3G09770;AT1G63490;AT5G49760;AT4G35160","OSD-38",-0.52,"whole_seedling","dark",FALSE
"GO:0090351 (seedling development)",0.03857421875,0.101277166923868,0.447514610387108,1.48818970987312,236,33,"AT3G05290;AT4G38490;AT2G36990;AT5G12130;AT5G23070;AT5G27520;AT4G00026;AT5G11460;AT2G05710;AT5G56600;AT5G11340;AT4G27490;AT3G10160","OSD-38",-0.52,"whole_seedling","dark",FALSE
"GO:0098542 (defense response to other organism)",0.00522433927473878,0.0226743432468255,-0.344627427717454,-1.55260660756537,16,89,"AT1G53940;AT5G06960;AT4G22820;AT5G06330;AT3G05200;AT3G14470;AT1G12290;AT1G29340;AT3G50950;AT1G12220;AT5G27420;AT1G61760;AT5G10520;AT1G58410;AT1G64300;AT3G14460;AT1G49780;AT4G05220;AT5G45500;AT1G59780;AT5G05400;AT1G59620;AT1G15890;AT3G49530;AT3G46730;AT1G63350;AT4G22305;AT3G44220","OSD-38",-0.52,"whole_seedling","dark",FALSE
"GO:0098869 (cellular oxidant detoxification)",0.739120151371807,0.865141958837837,-0.265107731408074,-0.804861969265498,3124,17,"AT5G64120;AT2G41480;AT3G29200;AT1G48130;AT5G51890","OSD-38",-0.52,"whole_seedling","dark",FALSE
"GO:0099402 (plant organ development)",0.488037476995148,0.66674070732956,0.313029027175916,0.979804466471294,2916,25,"AT2G37860;AT2G24630;AT3G57130;AT5G24690;AT3G18010;AT2G18840;AT5G22790;AT1G09330;AT4G31590;AT4G07960;AT1G74720","OSD-38",-0.52,"whole_seedling","dark",FALSE
"GO:0140964 (intracellular auxin homeostasis)",0.00117426021606388,0.00741760413711639,-0.66007912743591,-1.96912416957877,4,16,"AT2G32280;AT5G54510;AT2G17500;AT1G71090;AT1G28130;AT5G47390;AT1G05630;AT2G23170;AT4G27260;AT4G37390;AT1G14130","OSD-38",-0.52,"whole_seedling","dark",FALSE
"GO:0160062 (cutin-based cuticle development)",0.944059577416003,0.982561191503115,0.212401924126006,0.613051675346941,5450,18,"AT2G38530;AT2G46720;AT2G33510;AT2G26250;AT3G55360","OSD-38",-0.52,"whole_seedling","dark",FALSE
"GO:1900055 (regulation of leaf senescence)",0.152738432483475,0.29441865415633,-0.445190241752691,-1.30276525203523,646,15,"AT5G13180;AT1G63245;AT3G52250;AT1G73980;AT4G02020","OSD-38",-0.52,"whole_seedling","dark",FALSE
"GO:1900056 (negative regulation of leaf senescence)",0.251348700343306,0.426679280983917,-0.353499182968533,-1.15367278854133,1024,22,"AT3G61060;AT5G64930;AT3G56400;AT1G08620;AT5G45900;AT1G70170;AT4G19040;AT3G02480;AT5G62620;AT5G02760","OSD-38",-0.52,"whole_seedling","dark",FALSE
"GO:1900057 (positive regulation of leaf senescence)",0.0153883732291158,0.051134281875916,-0.517857732937981,-1.67041194590816,62,21,"AT2G45210;AT3G29035;AT3G19290;AT1G19270;AT5G39610;AT1G34180;AT2G42620;AT3G04060;AT4G18170;AT1G77450;AT4G04450","OSD-38",-0.52,"whole_seedling","dark",FALSE
"GO:1900150 (regulation of defense response to fungus)",0.000779220779220779,0.00546310832025118,-0.502088358432298,-1.82692999477869,2,34,"AT1G13960;AT1G53570;AT1G08720;AT1G07000;AT5G05190;AT1G51800;AT3G56410;AT4G01090;AT3G28450;AT1G01440;AT4G11260;AT4G19040;AT5G05600","OSD-38",-0.52,"whole_seedling","dark",FALSE
"GO:1900425 (negative regulation of defense response to bacterium)",0.00845467355565993,0.0322743828409551,-0.586231801602422,-1.74882549914157,35,16,"AT1G20160;AT1G33970;AT1G13960;AT3G59700;AT5G62570;AT3G28450","OSD-38",-0.52,"whole_seedling","dark",FALSE
"GO:1900426 (positive regulation of defense response to bacterium)",0.0889447236180905,0.191711938068722,-0.396522297651633,-1.36617330751027,353,27,"AT1G60490;AT3G55150;AT3G52430;AT1G07000;AT4G35580;AT5G25440;AT1G51800","OSD-38",-0.52,"whole_seedling","dark",FALSE
"GO:1901259 (chloroplast rRNA processing)",0.00016826518593303,0.0028480108563674,0.817647879652161,2.53007639063927,0,24,"AT5G50250;AT3G28460;AT3G52150;AT5G46580;AT3G57180;AT1G12800;AT1G45230;AT2G25870;AT3G52380;AT1G01080;AT1G06190;AT3G46630;AT2G31890;AT4G09730;AT1G70070;AT1G60000;AT2G17240;AT2G04270;AT3G24506;AT2G33800;AT4G24770","OSD-38",-0.52,"whole_seedling","dark",FALSE
"GO:1901703 (protein localization involved in auxin polar transport)",0.00614947965941343,0.0254764157318557,-0.575567689903775,-1.77874427371033,25,18,"AT1G68710;AT1G72700;AT1G17500;AT3G25610;AT3G51670;AT2G47260;AT1G59820;AT1G13210;AT1G22530;AT4G37590;AT4G09160;AT5G22360;AT5G03540;AT5G67440;AT1G30690","OSD-38",-0.52,"whole_seedling","dark",FALSE
"GO:1902074 (response to salt)",0.00768211920529801,0.0303969228277079,-0.432810562661628,-1.65423418267832,28,41,"AT1G15380;AT4G02590;AT1G60490;AT4G28300;AT2G41900;AT5G39610;AT1G65690;AT5G42050;AT1G14000;AT2G32700;AT5G49620;AT3G62090;AT4G28110;AT1G51140;AT4G35300;AT1G20840;AT2G43010;AT1G79440;AT5G24240;AT5G04760;AT2G25690;AT5G08450","OSD-38",-0.52,"whole_seedling","dark",FALSE
"GO:1902531 (regulation of intracellular signal transduction)",0.0119236883942766,0.0418017470247377,-0.42425168520068,-1.60878056874015,44,40,"AT3G16800;AT5G06750;AT1G79630;AT5G10740;AT4G31750;AT3G51370;AT3G55050;AT1G68410;AT4G33920;AT5G66080;AT5G01700;AT5G02760;AT1G72770;AT1G16220;AT5G57050;AT1G17550;AT4G28400;AT1G03590;AT1G07430;AT2G29380;AT5G26010;AT3G63340;AT4G11040;AT2G20630;AT2G40860;AT3G02750;AT5G59220","OSD-38",-0.52,"whole_seedling","dark",FALSE
"GO:1902584 (positive regulation of response to water deprivation)",0.443540006927607,0.630487794529351,0.350941971625842,1.01291720656517,2560,18,"AT2G47780;AT1G64670","OSD-38",-0.52,"whole_seedling","dark",FALSE
"GO:1902600 (proton transmembrane transport)",0.0795362631437045,0.176544466376073,-0.342910436885901,-1.32817366547665,294,44,"AT1G32450;AT5G57350;AT3G06370;AT3G42640;AT2G01980;AT3G60330;AT5G27150;AT4G23700;AT4G30190;AT1G64200;AT1G79610;AT5G41610;AT1G64170;AT1G54370;AT1G17260;AT5G51710;AT3G17630;AT2G22500","OSD-38",-0.52,"whole_seedling","dark",FALSE
"GO:1905392 (plant organ morphogenesis)",0.391843548771762,0.580037550154024,-0.332444364842045,-1.04168299454158,1642,19,"AT1G52150;AT5G59790;AT3G49780;AT2G22860","OSD-38",-0.52,"whole_seedling","dark",FALSE
"GO:1990110 (callus formation)",0.0771156735102654,0.173238731336441,-0.404895367705236,-1.37931847386568,307,26,"AT1G19220;AT4G31920;AT2G42430;AT3G16857;AT5G48150;AT5G20730;AT2G45420;AT4G02020;AT2G47260;AT3G58190;AT5G07310;AT1G21110;AT5G11030;AT5G10510;AT1G21120;AT3G54150","OSD-38",-0.52,"whole_seedling","dark",FALSE
"GO:1990961 (xenobiotic detoxification by transmembrane export across the plasma membrane)",0.498552250592261,0.67224717571798,-0.259609673604161,-0.970170125268302,1893,38,"AT4G22790;AT1G66760;AT1G33090;AT4G21903;AT3G26590;AT1G12950;AT5G38030;AT1G11670;AT3G03620;AT1G61890;AT2G04090;AT2G04100;AT1G58340","OSD-38",-0.52,"whole_seedling","dark",FALSE
"GO:2000012 (regulation of auxin polar transport)",0.169466882067851,0.314821096297627,0.366585990244574,1.23807109901557,1048,35,"AT5G11790;AT3G15380;AT4G02450;AT1G10030;AT4G24500;AT5G14090;AT3G03830;AT5G67060;AT3G25540","OSD-38",-0.52,"whole_seedling","dark",FALSE
"GO:2000022 (regulation of jasmonic acid mediated signaling pathway)",0.0286168521462639,0.0800769810057736,-0.392841223566906,-1.48967075234032,107,40,"AT1G15380;AT1G67710;AT4G19660;AT3G52430;AT5G45110;AT4G04920;AT3G56400;AT1G16310;AT3G22160;AT3G43440;AT4G31550;AT1G64280;AT5G05600;AT4G23810;AT4G26120;AT5G60300;AT1G70700;AT2G34600;AT1G48500;AT2G40750;AT1G17380;AT2G38240;AT1G72450;AT1G71020;AT3G11180;AT3G55970","OSD-38",-0.52,"whole_seedling","dark",FALSE
"GO:2000024 (regulation of leaf development)",0.0170612813370474,0.0552543019951077,0.588692317585051,1.64722719396428,97,16,"AT2G45190;AT4G27760;AT2G26580;AT4G00180","OSD-38",-0.52,"whole_seedling","dark",FALSE
"GO:2000028 (regulation of photoperiodism, flowering)",0.495733788395904,0.671503518039463,-0.232081877738884,-0.980206976791091,1742,65,"AT3G46510;AT5G09530;AT5G16680;AT5G56550;AT5G55040;AT1G04400;AT5G10140;AT3G24870;AT4G03110;AT1G70170;AT2G42280;AT5G27650;AT5G54930;AT4G37900;AT1G02740;AT1G51140;AT2G33540;AT2G18000","OSD-38",-0.52,"whole_seedling","dark",FALSE
"GO:2000031 (regulation of salicylic acid mediated signaling pathway)",0.000246730816679003,0.00322814047976846,-0.661534737177029,-2.18694397601603,0,23,"AT1G15380;AT1G67710;AT4G02590;AT1G14780;AT4G24290;AT1G08720;AT4G19660;AT3G52430;AT5G45110;AT3G56400;AT1G28380;AT1G16310","OSD-38",-0.52,"whole_seedling","dark",FALSE
"GO:2000067 (regulation of root morphogenesis)",0.0161211529066927,0.0532916868107252,-0.515029722034253,-1.66128985909497,65,21,"AT5G57620;AT4G34600;AT4G34390;AT5G59790;AT4G20140;AT2G31085","OSD-38",-0.52,"whole_seedling","dark",FALSE
"GO:2000070 (regulation of response to water deprivation)",0.733633529615518,0.861985620432229,0.283973549684711,0.808759561738063,4235,17,"AT2G20890;AT4G35987;AT5G52440;AT1G01790;AT4G00630;AT4G14300","OSD-38",-0.52,"whole_seedling","dark",FALSE
"GO:2000280 (regulation of root development)",0.0115250603055481,0.0410779985283297,-0.412823083747608,-1.58185749405424,42,42,"AT4G26540;AT5G49660;AT5G65790;AT1G07640;AT2G47270;AT4G20140;AT4G34460;AT1G09560;AT1G02335;AT2G40530;AT1G29290;AT5G48940;AT3G62020;AT4G29860;AT2G12646;AT5G04340;AT1G66700;AT5G44585;AT4G28460;AT1G31930;AT2G37430;AT1G53910","OSD-38",-0.52,"whole_seedling","dark",FALSE
"GO:2000377 (regulation of reactive oxygen species metabolic process)",0.145930533955417,0.286311133206871,-0.344034749859817,-1.24431772308384,562,33,"AT1G32230;AT1G61660;AT2G01980;AT3G10500;AT2G46370;AT1G63245;AT2G01900;AT5G47390","OSD-38",-0.52,"whole_seedling","dark",FALSE
"GO:2000652 (regulation of secondary cell wall biogenesis)",0.000238492725971858,0.00322814047976846,-0.653505044417581,-2.04769628728818,0,19,"AT5G49660;AT5G20350;AT1G62990;AT1G79180;AT5G12870;AT1G28470;AT4G28500;AT4G29230;AT4G17880;AT5G16600;AT5G48920;AT1G73410;AT3G08500;AT1G43790;AT4G08920","OSD-38",-0.52,"whole_seedling","dark",FALSE
"00010 (KEGG:00010)",0.0174666079553794,0.0559984717363421,0.360236690571528,1.47112054421633,118,97,"AT3G12780;AT4G26390;AT4G38970;AT5G51820;AT3G50520;AT1G13440;AT4G32840;AT5G64380;AT3G61610;AT1G22430;AT1G56190;AT3G54050;AT2G21170;AT2G19860;AT4G36250;AT3G55440;AT1G09780;AT5G08570;AT2G24270;AT4G34240;AT4G26520;AT1G54220;AT2G36530;AT2G36580;AT3G52990;AT5G15140;AT4G17260;AT4G16155;AT5G42740;AT4G33070;AT1G79550;AT1G77120;AT2G21330;AT1G48030","OSD-38",-0.52,"whole_seedling","dark",FALSE
"00020 (KEGG:00020)",0.748170066967762,0.871044713002613,0.224935790393996,0.833443858162898,4803,55,"AT3G47520;AT1G53240;AT2G22780;AT2G05710;AT5G09660;AT1G54220;AT5G23250;AT2G42790;AT3G15020;AT4G16155;AT2G47510;AT1G48030;AT5G43330","OSD-38",-0.52,"whole_seedling","dark",FALSE
"00030 (KEGG:00030)",0.0231648145249648,0.0687402403112908,0.414014111600436,1.50941904214905,147,51,"AT3G04790;AT5G13110;AT4G38970;AT5G51820;AT3G60750;AT5G61410;AT4G32840;AT5G64380;AT3G54050;AT2G01290;AT5G44520;AT1G32380;AT4G26520;AT5G42740;AT5G35790;AT2G21330;AT5G41670;AT2G36460;AT5G61580;AT1G70730;AT5G03690","OSD-38",-0.52,"whole_seedling","dark",FALSE
"00040 (KEGG:00040)",0.158188486684739,0.303075839353945,0.354387812667801,1.24454458517264,991,42,"AT5G19730;AT3G27400;AT5G61410;AT1G67750;AT1G26570;AT3G54920;AT3G15720;AT4G36250;AT3G09540;AT4G34240;AT4G13210","OSD-38",-0.52,"whole_seedling","dark",FALSE
"00051 (KEGG:00051)",0.172534650310658,0.318141927451444,0.345220035347154,1.22647491951726,1082,45,"AT1G66430;AT4G38970;AT4G32840;AT5G64380;AT3G54050;AT2G45790;AT2G21170;AT2G19860;AT3G02570;AT3G55440","OSD-38",-0.52,"whole_seedling","dark",FALSE
"00052 (KEGG:00052)",0.738698719623726,0.865141958837837,-0.228395372518466,-0.841945863818005,2826,36,"AT3G56310;AT1G12780;AT3G13790;AT1G63180;AT3G54440;AT1G50460;AT4G10960;AT1G62660;AT1G72990","OSD-38",-0.52,"whole_seedling","dark",FALSE
"00053 (KEGG:00053)",0.0151688142228022,0.0506686045766899,0.490709826179375,1.59823223186531,92,30,"AT5G21100;AT3G47930;AT3G02870;AT4G08390;AT4G09010;AT4G26850;AT1G77490;AT1G26570;AT4G36250;AT4G33670;AT4G34240;AT5G28840;AT4G32320;AT4G35000","OSD-38",-0.52,"whole_seedling","dark",FALSE
"00061 (KEGG:00061)",0.146296911325141,0.286311133206871,0.402672801194619,1.27922357951133,880,27,"AT3G03980;AT2G30200;AT2G43710;AT2G22230;AT1G74960;AT5G10160;AT1G43800;AT1G36160;AT5G35360;AT5G16390;AT5G16240;AT1G24360;AT2G04540;AT1G62640","OSD-38",-0.52,"whole_seedling","dark",FALSE
"00071 (KEGG:00071)",0.256518218623482,0.431816948500742,0.33934934069815,1.15323715459593,1583,36,"AT2G47240;AT5G48880;AT3G23790;AT1G04710;AT4G16210;AT4G14070;AT1G49430;AT1G22430;AT4G36250;AT5G27600;AT2G33150;AT4G34240","OSD-38",-0.52,"whole_seedling","dark",FALSE
"00100 (KEGG:00100)",0.922949186316838,0.968389566882029,0.209689491482412,0.666148150767195,5557,27,"AT4G37760;AT4G22756;AT1G20050;AT1G11680;AT3G02580;AT3G52940;AT1G20330;AT2G29390","OSD-38",-0.52,"whole_seedling","dark",FALSE
"00130 (KEGG:00130)",0.0200033619095646,0.0622543653575719,0.518667310127238,1.59284362812321,118,23,"AT1G65060;AT3G11945;AT1G74710;AT1G23360;AT3G63410;AT1G64970;AT1G60600","OSD-38",-0.52,"whole_seedling","dark",FALSE
"00190 (KEGG:00190)",0.000140984068800226,0.0028480108563674,0.516929149162407,2.19094023094097,0,121,"AT4G04640;AT3G18410;AT3G08610;AT5G09650;AT1G04630;AT4G09650;AT4G32470;AT4G34700;AT3G01390;AT4G29480;AT2G47690;AT2G01090;AT2G19680;AT3G52730;AT1G51650;AT5G13430;AT2G02050;AT5G67590;AT1G65290;AT5G57815;AT2G33220;AT4G28220;AT3G15640;AT4G26210;AT5G47030;AT5G08690;AT2G33040;AT1G80230;AT4G26710;AT5G62670;AT1G15690;AT3G52300;AT1G49140;AT3G12260;AT5G13450;AT3G06310;AT4G02580;AT3G03100;AT2G07671;AT2G20360;AT4G02620;AT1G15120;AT4G32260;AT2G44620;AT4G38510;AT5G47890;AT5G55290;AT2G07785;AT1G15700;AT4G38920;AT5G52840;AT4G21490;AT3G62790;AT3G27240;AT4G23710;AT1G75630;AT1G22450;AT2G07707;AT3G03070;AT2G07687;AT1G53030;AT1G02410;AT5G40810;AT4G37830;AT2G25610;AT2G44520;AT1G16780;AT5G08670;AT2G07698;AT2G07751;AT5G56090","OSD-38",-0.52,"whole_seedling","dark",FALSE
"00195 (KEGG:00195)",0.00015890672175433,0.0028480108563674,0.712878689443491,2.52506087444154,0,44,"AT4G28660;AT1G32550;AT4G05390;AT4G04640;AT5G66190;AT1G44575;AT1G20020;AT4G21280;AT4G09650;AT4G03280;AT1G67740;AT3G55330;AT1G60950;AT3G01440;AT2G30570;AT5G45040;AT1G10960;AT1G20340;AT1G14150;AT3G16140;AT1G31330;AT1G06680;AT1G03600;AT5G64040;AT4G32260;AT4G14890;AT1G30380;AT2G20260;AT1G55670;AT4G28750;AT1G52230;AT1G15700;AT4G02770;AT1G79040;AT5G66570;AT4G12800;AT2G07707","OSD-38",-0.52,"whole_seedling","dark",FALSE
"00196 (KEGG:00196)",0.180602572782668,0.329212689815263,0.413619793920437,1.24392160221574,1066,21,"AT1G45474;AT1G19150;AT1G76570;AT5G01530;AT4G10340;AT1G15820;AT3G61470;AT5G54270","OSD-38",-0.52,"whole_seedling","dark",FALSE
"00230 (KEGG:00230)",0.000140567894292943,0.0028480108563674,0.464460247695444,1.97666723742893,0,124,"AT4G09320;AT5G63310;AT4G11010;AT5G66005;AT4G26390;AT5G51820;AT4G13720;AT3G09820;AT1G27450;AT5G63400;AT3G57610;AT5G58240;AT2G21790;AT5G47840;AT1G54250;AT5G03300;AT1G09830;AT3G03710;AT2G37250;AT5G11160;AT4G34740;AT1G67630;AT1G67320;AT3G52090;AT5G08570;AT3G21110;AT5G35170;AT1G32380;AT5G67100;AT5G41880;AT4G04880;AT3G55010;AT1G63660;AT5G50370;AT1G06790;AT2G36580;AT3G52990;AT5G18280;AT3G59600;AT2G35040;AT4G18440;AT1G01210;AT1G36280;AT1G50840;AT1G08260;AT5G45140;AT4G07950;AT2G15430;AT4G16265;AT4G01590;AT4G34900;AT3G25940;AT5G14580;AT2G27120;AT5G51940;AT1G78650;AT1G70730","OSD-38",-0.52,"whole_seedling","dark",FALSE
"00240 (KEGG:00240)",0.000147297098247165,0.0028480108563674,0.468201262024051,1.90038076467905,0,93,"AT3G53900;AT2G41680;AT4G09320;AT5G63310;AT4G11010;AT4G13720;AT3G18680;AT3G46940;AT3G20330;AT3G27740;AT5G23070;AT2G21790;AT3G48540;AT1G54250;AT3G03710;AT1G67630;AT1G67320;AT3G52090;AT5G23300;AT4G34570;AT5G67100;AT3G12670;AT3G54470;AT5G41880;AT4G22930;AT1G06790;AT5G18280;AT3G59600;AT4G26510;AT1G01210;AT1G50840;AT1G08260;AT5G45140;AT1G29900;AT4G07950;AT2G15430;AT2G16370;AT5G26667;AT4G16265;AT4G01590;AT3G25940;AT5G14580;AT2G27120;AT5G51940;AT1G78650;AT2G42120;AT4G25280;AT5G09920;AT3G20540;AT4G35460;AT2G29540;AT3G49000;AT3G27060;AT5G22110","OSD-38",-0.52,"whole_seedling","dark",FALSE
"00250 (KEGG:00250)",0.302088315000797,0.481830862426271,0.314015592443173,1.10663493374161,1894,43,"AT5G35630;AT5G10240;AT4G31990;AT5G65010;AT4G24830;AT5G10920;AT3G20330;AT3G27740;AT3G57610;AT5G12040;AT4G34740;AT2G30970","OSD-38",-0.52,"whole_seedling","dark",FALSE
"00260 (KEGG:00260)",0.288001268029799,0.464002042936898,0.312793488076633,1.11629574629816,1816,46,"AT1G31230;AT4G19710;AT4G37930;AT4G02610;AT4G33010;AT1G11860;AT2G17630;AT3G19480;AT3G10050;AT4G11640;AT1G18640;AT1G14810","OSD-38",-0.52,"whole_seedling","dark",FALSE
"00270 (KEGG:00270)",0.495366218236173,0.671503518039463,0.248665136979101,0.981899489755449,3313,78,"AT1G31230;AT4G19710;AT4G31990;AT5G49160;AT4G35640;AT5G65800;AT3G03630;AT2G30970;AT3G23810;AT4G19020;AT1G14810;AT2G19590;AT5G11520;AT1G69770;AT2G43750;AT4G17260;AT2G05830;AT3G01120;AT5G19550","OSD-38",-0.52,"whole_seedling","dark",FALSE
"00280 (KEGG:00280)",0.00211920529801325,0.0115560083772004,-0.470241554847255,-1.79729822063582,7,41,"AT1G03090;AT1G54100;AT3G45300;AT1G10070;AT3G06850;AT3G13450;AT1G23800;AT5G47720;AT4G34030;AT2G14170;AT1G55510;AT3G16950;AT1G21400","OSD-38",-0.52,"whole_seedling","dark",FALSE
"00290 (KEGG:00290)",0.0124394184168013,0.043132331249561,0.477697418725644,1.61332779739886,76,35,"AT1G31180;AT5G49030;AT5G57850;AT3G23940;AT4G04350;AT5G16715;AT1G74040;AT2G43090;AT3G10050;AT3G49680;AT3G58610","OSD-38",-0.52,"whole_seedling","dark",FALSE
"00300 (KEGG:00300)",0.000519570488396259,0.00442594519597641,0.692641035834381,1.99915678344044,2,18,"AT2G44040;AT1G31230;AT4G33680;AT4G19710;AT3G57560;AT2G19940;AT3G14390;AT5G52100;AT2G45440;AT5G11880;AT3G59890;AT1G14810","OSD-38",-0.52,"whole_seedling","dark",FALSE
"00330 (KEGG:00330)",0.384579728059332,0.573275389023024,0.275475050269544,1.0444223091967,2488,63,"AT3G47450;AT5G35630;AT3G57560;AT2G19940;AT4G31990;AT4G24830;AT5G10920;AT4G08870;AT4G36250;AT1G75330;AT2G30970;AT2G37500;AT5G11520;AT4G34240;AT5G14800;AT3G28480;AT5G19550;AT1G80600;AT1G20270","OSD-38",-0.52,"whole_seedling","dark",FALSE
"00340 (KEGG:00340)",0.0289206403856085,0.0803784177443417,0.532193432286175,1.55826765498929,167,19,"AT1G31860;AT1G09795;AT5G63890;AT3G27180;AT1G58080;AT2G36230;AT3G21300;AT4G36250;AT4G26900;AT4G34240;AT4G14910","OSD-38",-0.52,"whole_seedling","dark",FALSE
"00350 (KEGG:00350)",0.281844186437826,0.459888979404944,0.367679407868107,1.13772323309524,1674,24,"AT3G27180;AT4G31990;AT1G22430;AT3G21300;AT2G30970;AT4G28680;AT5G11520;AT5G19550;AT1G77120","OSD-38",-0.52,"whole_seedling","dark",FALSE
"00360 (KEGG:00360)",0.00061652281134402,0.00484004339349249,-0.423188502525214,-1.87492963627757,1,83,"AT4G33420;AT3G21770;AT3G10340;AT5G66390;AT1G49570;AT2G38380;AT1G05260;AT3G21230;AT2G18980;AT1G06570;AT5G64100;AT2G40890;AT5G42180;AT2G18150;AT5G64120;AT3G21240;AT2G41480;AT4G11290;AT4G36430;AT5G17820;AT5G06720;AT5G14130;AT3G49120;AT4G37520;AT2G38390;AT4G37530;AT2G42490;AT5G19890;AT3G01190;AT1G62800;AT2G37040;AT1G48130;AT1G68850;AT5G51890;AT5G15180;AT5G22410;AT4G30170;AT4G08780;AT5G47000;AT5G06730;AT4G21960;AT1G34510;AT5G05340;AT5G64110;AT3G53260;AT2G37130","OSD-38",-0.52,"whole_seedling","dark",FALSE
"00380 (KEGG:00380)",0.287513116474292,0.464002042936898,-0.304735595787168,-1.11389021003566,1095,35,"AT1G54100;AT1G23800;AT5G47720;AT5G20960;AT5G25620;AT3G44300;AT4G13260;AT1G20620;AT2G44490;AT4G31500;AT1G44170;AT5G65750;AT2G20610;AT3G48000","OSD-38",-0.52,"whole_seedling","dark",FALSE
"00400 (KEGG:00400)",0.273006134969325,0.450072129484314,0.333301528876645,1.14031131174818,1690,37,"AT4G31990;AT2G29690;AT4G02610;AT5G48220;AT2G30970;AT5G11520;AT5G57890;AT5G19550","OSD-38",-0.52,"whole_seedling","dark",FALSE
"00410 (KEGG:00410)",0.133416149068323,0.267671393413805,-0.379415439746369,-1.28105080063407,536,25,"AT1G54100;AT5G19530;AT1G23800;AT5G12200;AT5G17330;AT2G42490;AT5G64370","OSD-38",-0.52,"whole_seedling","dark",FALSE
"00450 (KEGG:00450)",0.388985105645999,0.577145342795692,0.369121703921326,1.05126237222752,2245,17,"AT2G41680;AT3G55400;AT1G08490","OSD-38",-0.52,"whole_seedling","dark",FALSE
"00460 (KEGG:00460)",0.630890698248211,0.77771174556367,-0.269949630240721,-0.892416806715196,2556,23,"AT1G61820;AT4G29210;AT3G44300;AT3G47050;AT4G39640;AT2G44480;AT1G22020;AT2G44450","OSD-38",-0.52,"whole_seedling","dark",FALSE
"00480 (KEGG:00480)",0.767383412454622,0.884452266451437,-0.207238383776671,-0.843544939034198,2747,55,"AT5G19530;AT5G40760;AT1G02950;AT2G29490;AT4G35970;AT1G65930;AT4G29210;AT3G43800;AT3G63080;AT3G27300;AT4G39640;AT1G02920;AT2G29480","OSD-38",-0.52,"whole_seedling","dark",FALSE
"00500 (KEGG:00500)",0.00737136960047177,0.0296778381441413,0.380291642539585,1.54061323299089,49,92,"AT1G66430;AT4G39210;AT5G19730;AT3G18080;AT5G64860;AT5G51820;AT5G48300;AT3G29320;AT5G03650;AT2G40840;AT2G45310;AT3G46970;AT1G27680;AT1G26570;AT2G21590;AT3G15720;AT5G24300;AT2G19860;AT3G01180;AT3G58790;AT3G23820;AT5G19220;AT4G30440;AT4G39010;AT2G38650","OSD-38",-0.52,"whole_seedling","dark",FALSE
"00510 (KEGG:00510)",0.949373191899711,0.984878205580513,0.188250124447463,0.651302908494868,5906,39,"AT2G44660;AT1G32210;AT3G57220;AT2G47760;AT5G38460;AT1G76400;AT5G66680;AT5G19690","OSD-38",-0.52,"whole_seedling","dark",FALSE
"00520 (KEGG:00520)",0.0233279196810867,0.0689037627617282,0.354279218263061,1.43285779620483,157,91,"AT1G66430;AT5G18070;AT4G39210;AT1G78570;AT5G51820;AT5G48300;AT4G33030;AT2G45310;AT1G27680;AT1G26570;AT2G21590;AT2G45790;AT2G19860;AT3G02570;AT3G58790;AT1G05590;AT3G23820;AT5G28840;AT5G19220;AT4G30440;AT5G20080;AT2G38650;AT2G35020;AT2G39770;AT5G42740;AT5G18200;AT3G03250","OSD-38",-0.52,"whole_seedling","dark",FALSE
"00561 (KEGG:00561)",0.352987012987013,0.543975155279503,-0.294183510020638,-1.07043445521044,1358,34,"AT1G54100;AT3G56310;AT1G23800;AT1G80460;AT1G06520;AT5G07920","OSD-38",-0.52,"whole_seedling","dark",FALSE
"00562 (KEGG:00562)",0.0148930408881668,0.0505412770566512,-0.396700041674044,-1.5545129635034,54,46,"AT3G14270;AT3G03520;AT4G33240;AT4G38530;AT1G60490;AT2G14170;AT3G19420;AT5G64070;AT5G58690;AT1G10900;AT5G58670;AT5G58700;AT5G09290;AT2G41210;AT5G63990;AT5G09350;AT1G14520;AT3G55940;AT4G33770;AT1G60890;AT1G77740;AT5G64000;AT1G07230;AT3G56960","OSD-38",-0.52,"whole_seedling","dark",FALSE
"00564 (KEGG:00564)",0.522827282728273,0.686345280618597,-0.24257967872293,-0.960133873257047,1900,49,"AT3G03520;AT1G06520;AT2G32260;AT4G25970;AT5G07920;AT5G25370;AT1G15110;AT3G16785;AT4G11840;AT1G75020;AT3G11430;AT4G11850;AT1G55180;AT2G45670;AT2G38110","OSD-38",-0.52,"whole_seedling","dark",FALSE
"00565 (KEGG:00565)",0.060826679192109,0.143093818870117,-0.496808870667553,-1.48206224713203,258,16,"AT3G03520;AT5G25370;AT3G16785;AT4G11840;AT4G11850;AT1G55180;AT2G45670;AT1G80950;AT1G07230","OSD-38",-0.52,"whole_seedling","dark",FALSE
"00592 (KEGG:00592)",0.169997532691833,0.314821096297627,-0.37466039855874,-1.23857638251359,688,23,"AT3G22400;AT3G51840;AT3G01420;AT1G72520","OSD-38",-0.52,"whole_seedling","dark",FALSE
"00620 (KEGG:00620)",0.709396485867074,0.844154803750857,0.224151909178897,0.864526464349931,4642,69,"AT4G26390;AT3G47520;AT1G53240;AT1G74040;AT2G22780;AT4G36250;AT5G08570;AT1G67280;AT4G34240;AT5G09660;AT1G54220;AT2G36580;AT3G52990;AT3G15020;AT4G17260;AT5G03860;AT4G16155;AT1G48030;AT5G43330;AT1G36160","OSD-38",-0.52,"whole_seedling","dark",FALSE
"00630 (KEGG:00630)",0.0206874083726991,0.0637611910231017,0.47471553110554,1.56716348548153,126,32,"AT3G47520;AT5G47435;AT1G53240;AT5G38420;AT2G22780;AT4G37550;AT5G38410;AT1G67090;AT3G14415;AT3G14420;AT5G38430;AT2G05710;AT5G09660;AT2G42790;AT3G15020;AT5G03860;AT5G43330;AT3G21720","OSD-38",-0.52,"whole_seedling","dark",FALSE
"00640 (KEGG:00640)",0.141107425363613,0.27958551981983,-0.366175304396593,-1.26825724856488,552,28,"AT1G54100;AT1G23800;AT4G13660;AT5G47720;AT2G14170","OSD-38",-0.52,"whole_seedling","dark",FALSE
"00650 (KEGG:00650)",0.362508943477224,0.554629990260117,-0.340188005118812,-1.06594695941879,1519,19,"AT2G31810;AT5G47720;AT5G17330","OSD-38",-0.52,"whole_seedling","dark",FALSE
"00670 (KEGG:00670)",0.00277104260478005,0.014257461143949,0.627366174085662,1.81075517871038,15,18,"AT1G66520;AT1G76730;AT4G37930;AT5G47435;AT1G11860;AT4G34570;AT3G59970;AT2G35040","OSD-38",-0.52,"whole_seedling","dark",FALSE
"00710 (KEGG:00710)",0.000152601861742713,0.0028480108563674,0.552322175354996,2.13618119713672,0,70,"AT3G04790;AT3G12780;AT3G55800;AT4G26390;AT4G38970;AT4G31990;AT3G47520;AT3G60750;AT1G42970;AT1G53240;AT5G61410;AT5G38420;AT5G64380;AT2G22780;AT1G56190;AT5G38410;AT3G54050;AT2G01290;AT2G21170;AT5G44520;AT1G67090;AT3G55440;AT5G08570;AT5G11520;AT5G38430;AT5G09660;AT4G26520;AT3G26650;AT2G36580;AT3G52990;AT3G15020;AT1G12900;AT5G19550","OSD-38",-0.52,"whole_seedling","dark",FALSE
"00770 (KEGG:00770)",0.424170616113744,0.613652728073852,0.34167975188491,1.027568870389,2505,21,"AT2G46110;AT5G57850;AT3G23940;AT5G48840;AT3G49680;AT3G58610","OSD-38",-0.52,"whole_seedling","dark",FALSE
"00860 (KEGG:00860)",0.00016121231662099,0.0028480108563674,0.692007173890449,2.38104933520993,0,38,"AT5G64050;AT1G03475;AT3G51820;AT4G18480;AT5G04900;AT1G69740;AT5G45930;AT3G09150;AT5G63570;AT1G08520;AT5G08280;AT4G01690;AT3G48730;AT1G03630;AT5G13630;AT3G56940;AT5G54190;AT1G19670;AT4G27440;AT1G58290;AT3G56090;AT2G40300;AT4G25080;AT1G74470;AT5G26710;AT4G37000","OSD-38",-0.52,"whole_seedling","dark",FALSE
"00900 (KEGG:00900)",0.10995951417004,0.231531914325036,0.387990084864046,1.31853676379482,678,36,"AT5G62790;AT2G26930;AT1G63970;AT5G60600;AT4G36810;AT2G02500;AT5G11380;AT1G11755;AT4G15560;AT1G74470;AT4G17190;AT5G16440;AT1G78510","OSD-38",-0.52,"whole_seedling","dark",FALSE
"00903 (KEGG:00903)",0.006698297516048,0.0275710568725073,-0.40262644918225,-1.62427502622804,23,53,"AT1G18270;AT3G48360;AT1G23800;AT4G37340;AT3G26210;AT4G37410;AT1G01190;AT4G13290;AT5G58860;AT3G26220;AT5G25120;AT4G37400;AT4G13310;AT5G23190;AT5G42590;AT5G25140;AT5G36220;AT1G13090;AT1G13100","OSD-38",-0.52,"whole_seedling","dark",FALSE
"00906 (KEGG:00906)",0.00605143721633888,0.0254001114738435,0.570089685482841,1.75076336073185,35,23,"AT4G14210;AT3G04870;AT3G53130;AT5G17230;AT5G57030;AT2G32640;AT1G06820;AT4G25700;AT5G52570;AT1G08550","OSD-38",-0.52,"whole_seedling","dark",FALSE
"00908 (KEGG:00908)",0.228476821192053,0.397188588339318,-0.38436144473846,-1.18783720986469,965,18,"AT3G63110;AT5G38450;AT3G23630;AT5G56970;AT1G67110;AT5G19040","OSD-38",-0.52,"whole_seedling","dark",FALSE
"00910 (KEGG:00910)",0.571520826606393,0.733662550050058,0.271508391046237,0.928900898198871,3539,37,"AT5G35630;AT5G04140;AT5G10240;AT5G65010;AT1G11860;AT4G37550;AT1G70410;AT3G44310;AT5G04230;AT3G52720","OSD-38",-0.52,"whole_seedling","dark",FALSE
"00920 (KEGG:00920)",0.815946155837432,0.902207361220592,-0.219985224079983,-0.790226353436891,3151,32,"AT5G43780;AT3G22460;AT1G55920;AT5G67520;AT5G09290;AT5G63990","OSD-38",-0.52,"whole_seedling","dark",FALSE
"00940 (KEGG:00940)",0.000623441396508728,0.00484004339349249,-0.440479540932769,-2.00578478848857,1,94,"AT4G33420;AT3G21770;AT3G10340;AT5G66390;AT1G49570;AT2G38380;AT1G05260;AT3G21230;AT2G18980;AT5G64100;AT5G48930;AT2G40890;AT1G61820;AT5G42180;AT3G50740;AT5G26310;AT4G34230;AT2G18150;AT5G64120;AT3G21240;AT2G41480;AT4G11290;AT4G36430;AT5G04330;AT5G17820;AT5G06720;AT5G14130;AT3G49120;AT3G24503;AT4G37520;AT3G47050;AT1G15950;AT2G38390;AT4G37530;AT5G19890;AT3G01190;AT2G44480;AT2G37040;AT1G48130;AT1G68850;AT5G51890;AT5G15180;AT2G44450;AT5G22410;AT4G30170;AT4G08780;AT5G47000;AT5G06730;AT1G80820;AT4G21960;AT1G34510;AT5G05340;AT5G64110;AT3G53260;AT2G37130","OSD-38",-0.52,"whole_seedling","dark",FALSE
"00945 (KEGG:00945)",0.00137513751375138,0.00835559746450836,-0.449959316419648,-1.78094547555047,4,49,"AT3G48360;AT5G48930;AT2G40890;AT4G37340;AT3G26210;AT4G37410;AT1G01190;AT4G13290;AT5G58860;AT3G26220;AT5G25120;AT4G37400;AT4G13310;AT5G23190;AT5G42590;AT5G25140;AT5G36220;AT1G13090;AT1G13100","OSD-38",-0.52,"whole_seedling","dark",FALSE
"00960 (KEGG:00960)",0.418427433321787,0.608101827925513,0.360772025598072,1.02748240332244,2415,17,"AT2G29260;AT4G31990;AT5G06060;AT5G11520;AT5G19550","OSD-38",-0.52,"whole_seedling","dark",FALSE
"00966 (KEGG:00966)",0.100046970408643,0.213478150905398,-0.464273365698503,-1.38500350592796,425,16,"AT1G10070;AT5G23020;AT4G31500;AT2G20610;AT1G74090;AT1G24100;AT3G19710;AT1G74100;AT4G39950;AT1G18590;AT1G16400","OSD-38",-0.52,"whole_seedling","dark",FALSE
"00970 (KEGG:00970)",0.000158428390367554,0.0028480108563674,0.655718431212395,2.35185520769734,0,47,"AT5G64050;AT3G46100;AT3G58140;AT1G48520;AT4G33760;AT1G66520;AT5G49030;AT2G31170;AT2G25840;AT4G17300;AT5G52520;AT3G55400;AT3G48110;AT1G11870;AT2G04842;AT4G04350;AT5G16715;AT3G02660;AT3G13490;AT1G29880;AT4G26300;AT5G22800;AT3G04600;AT1G72550;AT3G11710;AT5G27470;AT5G56680;AT5G26710;AT5G26830;AT3G62120","OSD-38",-0.52,"whole_seedling","dark",FALSE
"01040 (KEGG:01040)",0.00405910050332846,0.0185871949547573,0.530285316884209,1.73936969279237,24,31,"AT3G03980;AT5G05580;AT3G11170;AT5G48880;AT2G43710;AT2G29980;AT1G04710;AT4G30950;AT3G15850;AT2G33150;AT1G43800;AT3G12120","OSD-38",-0.52,"whole_seedling","dark",FALSE
"03008 (KEGG:03008)",0.0103900015057973,0.0374973412095724,0.396063338865806,1.54554666433052,68,73,"AT2G46230;AT5G08180;AT4G26100;AT5G20020;AT2G43190;AT4G12600;AT4G25630;AT1G04635;AT3G03110;AT4G02400;AT5G20010;AT4G04940;AT5G15750;AT5G42540;AT3G06530;AT5G14050;AT1G63810;AT3G03920;AT3G57000;AT5G55190;AT4G22380;AT5G38720;AT5G25800;AT2G21440;AT2G24990;AT5G60340;AT1G15440;AT3G26480;AT1G50920;AT3G05060;AT2G47300;AT4G17640;AT3G07050;AT1G06720;AT1G08410;AT5G66540;AT3G01610;AT2G20490;AT5G41190;AT2G03820;AT3G51270;AT1G52980;AT5G11240;AT2G47990","OSD-38",-0.52,"whole_seedling","dark",FALSE
"03010 (KEGG:03010)",0.000132205182443152,0.0028480108563674,0.747295822849538,3.3834118022211,0,197,"AT5G67510;AT3G11510;AT1G26880;AT3G10610;AT5G30510;AT1G77750;AT1G32990;AT5G02870;AT5G27770;AT5G20180;AT3G13120;AT1G35680;AT1G41880;AT2G39460;AT5G56710;AT1G07070;AT2G40590;AT3G22230;AT1G48350;AT5G56670;AT3G27830;AT3G55750;AT3G53890;AT3G59540;AT3G46040;AT3G23390;AT1G70600;AT3G16080;AT2G01250;AT3G25920;AT5G02610;AT2G36170;AT5G64140;AT2G45710;AT1G56045;AT4G15000;AT5G64650;AT4G18100;AT1G74970;AT1G78630;AT3G54210;AT3G44890;AT2G40510;AT3G04840;AT2G43460;AT5G47930;AT3G52580;AT5G22440;AT1G23290;AT5G61170;AT2G43030;AT1G67430;AT3G60770;AT1G69620;AT2G25210;AT1G77940;AT4G31700;AT2G36620;AT3G05590;AT3G61110;AT1G09690;AT3G53430;AT2G19730;AT4G13170;AT4G31985;AT2G32220;AT3G09500;AT5G02960;AT4G10450;AT1G57660;AT4G00100;AT4G17390;AT5G47320;AT3G06680;AT2G18400;AT3G04400;AT3G48930;AT3G25520;AT3G56340;AT1G18540;AT2G32060;AT4G39200;AT4G34620;AT1G22780;AT5G52650;AT2G37600;AT3G60245;AT2G19720;AT3G24830;AT5G23740;AT5G15200;AT2G31610;AT1G52300;AT5G46160;AT3G55170;AT5G41520;AT4G36130;AT3G06700;AT4G29410;AT5G39740;AT3G27850;AT5G47700;AT3G49910;AT3G12370;AT3G62250;AT3G16780;AT4G01310;AT3G53870;AT2G20450;AT5G20290;AT5G62300;AT3G04920;AT2G47610;AT5G02450;AT3G53020;AT2G33800;AT2G05220;AT1G09590;AT3G18740;AT5G16130;AT2G34480;AT3G43980;AT4G26230;AT3G55280;AT3G14600;AT2G37270;AT4G16720;AT4G27090;AT5G60670;AT2G27720;AT5G48760;AT1G27400;AT1G79850;AT1G08360;AT3G44590;AT2G39390;AT1G17560;AT2G17360;AT3G09200;AT1G74270;AT5G27850;AT5G28060;AT5G15520;AT3G28900;AT1G14320;AT3G18760;AT3G49080;AT2G36160;AT5G23900;AT5G27700;AT1G02780;AT2G18020;AT5G09510;AT2G09990;AT1G74050;AT3G01790;AT1G33120;AT2G47110;AT5G03850;AT3G62870;AT1G15250;AT2G04390;AT1G80750;AT3G57490","OSD-38",-0.52,"whole_seedling","dark",FALSE
"03013 (KEGG:03013)",0.0409058740268931,0.106583986352085,0.322837013259161,1.35684904702009,288,114,"AT2G32765;AT3G16260;AT2G46290;AT2G45640;AT1G80670;AT2G39990;AT1G28090;AT1G72730;AT5G20020;AT4G18040;AT2G43190;AT3G16310;AT5G44200;AT3G57290;AT5G38640;AT4G26840;AT5G02530;AT1G04170;AT2G44070;AT1G04635;AT3G03110;AT1G75340;AT3G11400;AT5G20010;AT5G37475;AT5G40480;AT1G49760;AT1G11400;AT4G20980;AT5G55160;AT5G05680;AT5G55190;AT1G10840;AT1G33410;AT5G05470;AT5G06000;AT2G05120;AT3G07300;AT5G16790;AT1G15200;AT1G72340;AT5G62290;AT1G15470;AT5G20920;AT2G47300;AT4G39680;AT3G56900;AT1G29550;AT2G19430;AT2G30050;AT2G45000;AT4G31120;AT4G11420;AT5G09860;AT5G25780;AT3G57870;AT5G37720;AT1G02140;AT1G72560;AT2G03820;AT1G54270","OSD-38",-0.52,"whole_seedling","dark",FALSE
"03015 (KEGG:03015)",0.618659420289855,0.768696099637008,-0.211161903340607,-0.924718402260439,2048,78,"AT4G32850;AT5G44090;AT1G17980;AT5G55550;AT5G03470;AT5G19400;AT2G25850;AT3G26020;AT3G09100;AT3G26030;AT1G66260;AT1G33980;AT5G47620;AT1G13460;AT3G25800;AT3G20650;AT5G47010;AT3G09880","OSD-38",-0.52,"whole_seedling","dark",FALSE
"03018 (KEGG:03018)",0.159066147859922,0.303844917169552,0.330206891016877,1.22652219070344,1021,56,"AT5G48870;AT2G33210;AT3G03710;AT2G43810;AT1G65700;AT5G02270;AT3G14080;AT2G36530;AT5G59460;AT1G76860;AT1G03330;AT1G55870;AT1G07705;AT5G25080;AT1G49760;AT3G23990;AT5G42540;AT1G59760;AT5G14580;AT5G18230;AT1G60080","OSD-38",-0.52,"whole_seedling","dark",FALSE
"03020 (KEGG:03020)",0.0167680420844978,0.0545816880097428,0.494478760761755,1.58847174361505,101,28,"AT1G54250;AT3G52090;AT1G06790;AT3G59600;AT1G01210;AT5G45140;AT4G07950;AT2G15430;AT4G16265;AT4G01590;AT3G25940;AT5G51940;AT5G09920;AT2G29540;AT3G49000","OSD-38",-0.52,"whole_seedling","dark",FALSE
"03022 (KEGG:03022)",0.999510683412168,1,0.126216250668964,0.41108384067816,6127,30,"AT1G18340;AT1G54140;AT3G10070;AT4G31720;AT4G24440;AT1G55300;AT5G60340;AT1G04950;AT4G20330;AT1G02680;AT4G20340;AT4G17020;AT3G13445;AT2G41630","OSD-38",-0.52,"whole_seedling","dark",FALSE
"03030 (KEGG:03030)",0.000159413358839471,0.0028480108563674,0.610524185373566,2.15157274889398,0,43,"AT2G07690;AT2G25100;AT2G16440;AT2G39440;AT4G02060;AT1G67630;AT1G67320;AT1G44900;AT5G44635;AT1G07370;AT1G21690;AT5G61000;AT5G67100;AT5G46280;AT5G41880;AT2G29570;AT1G08130;AT1G50840;AT1G08260;AT4G28440;AT1G23750;AT1G77470;AT4G20325;AT2G27120;AT5G27740;AT1G78650;AT3G18580;AT2G24490;AT1G63160;AT2G42120;AT3G20540;AT3G02920","OSD-38",-0.52,"whole_seedling","dark",FALSE
"03040 (KEGG:03040)",0.0519168199179516,0.126423401174249,0.318029744907064,1.33547719238782,366,113,"AT5G48870;AT5G49910;AT4G24280;AT3G05070;AT2G43810;AT4G30330;AT4G14342;AT1G76300;AT3G11500;AT5G40490;AT1G65700;AT1G07170;AT1G09760;AT4G30220;AT1G76860;AT1G03330;AT5G57370;AT4G20440;AT4G12600;AT1G06220;AT5G44200;AT2G38730;AT5G02500;AT5G02530;AT3G07590;AT3G05760;AT4G22380;AT2G30260;AT3G18790;AT3G18165;AT4G03120;AT3G59810;AT5G44500;AT5G41770;AT2G36130;AT2G03870;AT4G15900;AT1G16030;AT1G30480;AT3G06480;AT4G21110;AT1G07360;AT2G38770;AT2G43770;AT4G39680","OSD-38",-0.52,"whole_seedling","dark",FALSE
"03050 (KEGG:03050)",0.0548989113530327,0.132672369103162,0.372277095919246,1.38835976165719,352,57,"AT1G79210;AT5G45010;AT3G14290;AT3G26340;AT1G56450;AT3G22630;AT5G45620;AT5G64760;AT1G67250;AT5G09900;AT1G47250;AT5G66140;AT1G64750;AT4G14800;AT5G35590;AT1G16470;AT3G22110;AT3G51260;AT3G27430;AT5G42790;AT5G43010;AT1G53850;AT2G20140;AT1G13060;AT4G19006","OSD-38",-0.52,"whole_seedling","dark",FALSE
"03060 (KEGG:03060)",0.000797066794197354,0.00552748494236861,0.516838805159178,1.82141234596791,4,43,"AT3G24590;AT2G45770;AT5G03940;AT5G28750;AT2G01110;AT1G24490;AT1G53530;AT1G21650;AT1G29960;AT4G01800;AT2G43640;AT2G18710;AT3G49100;AT1G48160;AT5G27430;AT2G28800;AT5G05670;AT1G29310;AT2G46470;AT5G60460;AT5G61970;AT2G39960","OSD-38",-0.52,"whole_seedling","dark",FALSE
"03410 (KEGG:03410)",0.76866032564888,0.884452266451437,0.234448746015366,0.806688213508411,4767,38,"AT1G07370;AT2G29570;AT1G08130;AT1G21710;AT1G50840;AT1G08260;AT2G27120;AT4G02390;AT1G78650;AT2G42120;AT3G20540;AT5G44680;AT5G22110;AT5G13920;AT1G15970","OSD-38",-0.52,"whole_seedling","dark",FALSE
"03420 (KEGG:03420)",0.387790063852982,0.576713428294179,0.282441257285056,1.0465161225064,2489,55,"AT5G58760;AT1G18340;AT1G16190;AT1G07370;AT1G21690;AT5G61000;AT2G29570;AT1G08130;AT1G50840;AT1G08260;AT4G28440;AT1G23750;AT1G77470;AT2G27120;AT5G27740;AT1G78650;AT2G24490;AT1G63160;AT2G42120;AT1G79650;AT3G20540;AT3G02920","OSD-38",-0.52,"whole_seedling","dark",FALSE
"03430 (KEGG:03430)",0.0165611300535801,0.0541846203804314,0.48673099205847,1.59650872685605,101,31,"AT1G07370;AT1G21690;AT5G61000;AT2G29570;AT3G18524;AT1G08130;AT4G25540;AT1G65070;AT4G28440;AT1G23750;AT1G77470;AT5G27740;AT1G78650;AT3G18580;AT2G24490;AT1G63160;AT2G42120;AT3G02920","OSD-38",-0.52,"whole_seedling","dark",FALSE
"03440 (KEGG:03440)",0.0285062713797035,0.0800769810057736,0.465801141013058,1.5377346892175,174,32,"AT1G10930;AT5G63920;AT5G45010;AT5G01630;AT5G61000;AT5G64520;AT1G50840;AT4G28440;AT2G01440;AT1G23750;AT1G64750;AT1G78650;AT3G18580;AT2G24490;AT2G42120;AT3G20540;AT3G02920;AT5G57450","OSD-38",-0.52,"whole_seedling","dark",FALSE
"04070 (KEGG:04070)",0.00997573469937989,0.0367891256543605,-0.415583687599039,-1.60965444704261,36,44,"AT3G14270;AT4G33240;AT4G38530;AT1G60490;AT5G07920;AT3G19420;AT5G64070;AT5G58690;AT1G10900;AT5G58670;AT5G58700;AT5G09290;AT2G41210;AT5G63990;AT5G09350;AT3G55940;AT4G33770;AT1G60890;AT1G77740;AT5G64000;AT5G63770;AT3G56960;AT4G26770;AT5G16760;AT5G37780;AT4G38570","OSD-38",-0.52,"whole_seedling","dark",FALSE
"04075 (KEGG:04075)",0.00122549019607843,0.00751791101055807,-0.29545130728804,-1.5058127584612,2,199,"AT5G65210;AT5G50760;AT1G08320;AT1G67710;AT2G01830;AT4G16110;AT5G25890;AT2G45210;AT1G27320;AT5G06960;AT2G23030;AT1G10940;AT1G10470;AT1G66340;AT4G31920;AT5G10030;AT5G06839;AT1G60940;AT3G19290;AT2G38120;AT1G73000;AT3G16857;AT4G22620;AT4G33430;AT2G46370;AT3G21510;AT5G54510;AT5G57560;AT5G62920;AT2G43790;AT3G20770;AT4G39400;AT3G57040;AT5G53590;AT2G40940;AT1G28130;AT5G20730;AT3G12250;AT5G27320;AT5G03280;AT3G43440;AT5G20810;AT1G78290;AT2G25490;AT4G18710;AT5G03730;AT1G64280;AT2G23170;AT4G27260;AT5G35750;AT4G37390;AT4G00880;AT1G59940;AT2G14960;AT3G63010;AT4G35230;AT5G66880;AT3G48100;AT3G60690;AT1G22070","OSD-38",-0.52,"whole_seedling","dark",FALSE
"04120 (KEGG:04120)",0.207772337821297,0.369244433231164,-0.255886864800194,-1.13207477957605,678,82,"AT1G77000;AT5G56150;AT3G17000;AT3G61790;AT1G17280;AT4G12570;AT4G11920;AT2G20160;AT3G08690;AT1G75440;AT3G16090;AT1G06590;AT2G21470;AT5G22920;AT5G50430;AT1G14400;AT5G15400;AT5G05080;AT2G16920;AT2G02760;AT3G07370;AT4G05420;AT4G38600;AT1G26830;AT3G16320;AT2G16740;AT3G58040;AT2G30110;AT1G65040;AT3G21860;AT3G62970;AT5G19180;AT1G63800","OSD-38",-0.52,"whole_seedling","dark",FALSE
"04130 (KEGG:04130)",0.285414480587618,0.462271105369569,-0.305683679057983,-1.11735570828482,1087,35,"AT1G79590;AT5G39510;AT4G32150;AT3G52400;AT1G16240;AT5G46860;AT3G09740;AT5G61210;AT5G16830","OSD-38",-0.52,"whole_seedling","dark",FALSE
"04141 (KEGG:04141)",0.990112512785544,1,-0.152102369682188,-0.709451542884227,2903,113,"AT5G56150;AT3G17000;AT4G04860;AT1G17280;AT5G20970;AT5G49570;AT2G23780;AT2G01650;AT3G02540;AT4G34100;AT1G27520;AT2G20160;AT3G08690;AT3G16090;AT1G30000;AT5G50430;AT5G15400;AT5G52640;AT3G07370;AT5G03340;AT4G32670;AT2G16740;AT3G62560;AT3G53230;AT3G09840;AT3G07100;AT1G65040;AT3G21860;AT1G04980;AT1G24320;AT5G38470;AT4G32640;AT1G09210","OSD-38",-0.52,"whole_seedling","dark",FALSE
"04144 (KEGG:04144)",0.00963172804532578,0.0359359210112155,-0.367948180960634,-1.54290170989928,33,63,"AT1G15130;AT2G14120;AT1G48790;AT2G06530;AT4G12570;AT1G10900;AT5G25370;AT4G29160;AT3G12400;AT3G16785;AT4G11840;AT4G11850;AT2G41210;AT4G16144;AT1G73030;AT1G55180;AT5G46630;AT1G60890;AT1G77740;AT5G04920;AT3G56960;AT5G63880;AT5G04850;AT4G21560;AT4G26750;AT3G10640;AT4G33650;AT5G13860;AT5G09260;AT5G02490;AT5G22770;AT2G26420;AT5G54310;AT3G59290;AT3G12580;AT3G15730;AT2G27600;AT4G27040;AT5G22780;AT3G08530","OSD-38",-0.52,"whole_seedling","dark",FALSE
"04145 (KEGG:04145)",0.830015552099533,0.912276297585576,0.210853371193507,0.786350649512784,5336,57,"AT3G01390;AT3G16100;AT4G26710;AT2G18710;AT5G62700;AT4G02620;AT4G38510;AT5G62690;AT5G55290;AT4G14960;AT4G38920;AT4G23710;AT1G75630;AT1G29310;AT5G60460","OSD-38",-0.52,"whole_seedling","dark",FALSE
"04146 (KEGG:04146)",0.0439220538199814,0.112993025553017,0.377027450136815,1.41524736875748,283,59,"AT5G19750;AT2G47240;AT5G48880;AT3G23790;AT1G04710;AT4G14070;AT1G49430;AT2G39970;AT5G18100;AT3G04460;AT3G14415;AT3G14420;AT5G27600;AT5G62810;AT2G33150;AT5G08470;AT1G77590;AT5G56290;AT3G18160;AT5G20070;AT1G03000;AT1G06290;AT4G35090;AT1G79810;AT5G17550","OSD-38",-0.52,"whole_seedling","dark",FALSE
"04626 (KEGG:04626)",0.000698080279232112,0.00517878160639636,-0.393477807509597,-1.87519778747629,1,128,"AT2G30250;AT1G74740;AT4G26470;AT1G80460;AT1G64060;AT3G20410;AT2G17290;AT2G23980;AT5G45250;AT4G37010;AT1G73630;AT4G08500;AT4G33430;AT5G53130;AT4G35310;AT1G12220;AT4G04740;AT2G43790;AT2G24610;AT3G51920;AT3G21630;AT5G12480;AT3G43440;AT3G22930;AT1G18890;AT5G07390;AT5G57940;AT5G45260;AT2G38470;AT2G46430;AT3G03000;AT3G45640;AT1G35670;AT4G14640;AT2G41410;AT2G27480;AT4G11260;AT4G01010;AT4G38230;AT1G19780;AT2G13790;AT3G25070;AT2G43290;AT1G01340;AT5G52640;AT4G04695;AT4G30360;AT3G17690;AT3G17700","OSD-38",-0.52,"whole_seedling","dark",FALSE
"04650 (KEGG:04650)",0.489901362141851,0.667856985142096,-0.32520171536887,-0.970129990640392,2085,16,"AT1G59580;AT1G10210;AT3G45640;AT4G11330;AT1G01560;AT4G26070;AT4G17615;AT4G29810;AT1G64480","OSD-38",-0.52,"whole_seedling","dark",FALSE
"04712 (KEGG:04712)",0.352729145211123,0.543975155279503,-0.305425529408799,-1.0685238945171,1369,29,"AT5G02810;AT1G22770;AT1G04400;AT5G61380;AT2G46790;AT3G04910;AT5G57360;AT4G08920;AT2G25930;AT5G24470;AT5G15840","OSD-38",-0.52,"whole_seedling","dark",FALSE
"GO:0000028 (ribosomal small subunit assembly)",0.611843527123406,0.788137424769133,0.264090879260371,0.895874803057439,2830,25,"AT2G07696;AT1G15440;AT1G30960;AT1G72370","OSD-281",-0.17,"root","unknown",FALSE
"GO:0000045 (autophagosome assembly)",0.0262922554104811,0.0918717890205318,-0.425104880198904,-1.53388633113573,146,39,"AT1G62040;AT4G21980;AT3G06420;AT2G45170;AT3G60640;AT4G22150;AT2G05630;AT3G13970;AT1G04760;AT4G04210;AT3G15580;AT4G16520;AT5G66930;AT5G49540;AT1G54210","OSD-281",-0.17,"root","unknown",FALSE
"GO:0000082 (G1/S transition of mitotic cell cycle)",0.979900632339657,0.997044710364946,0.164208346842457,0.611935620498571,4338,37,"AT3G12280;AT1G80370;AT5G03415;AT1G14750;AT1G16330;AT5G67260;AT1G15570;AT1G34460;AT3G48750;AT1G47230;AT5G11300","OSD-281",-0.17,"root","unknown",FALSE
"GO:0000103 (sulfate assimilation)",0.35197306901066,0.551545427728045,-0.342322483285499,-1.07527865090413,1881,22,"AT5G43780;AT2G14750;AT5G63980;AT4G39940;AT5G63990;AT4G04610;AT5G39950;AT5G64000","OSD-281",-0.17,"root","unknown",FALSE
"GO:0000122 (negative regulation of transcription by RNA polymerase II)",0.00065359477124183,0.00584390618992695,0.61498966622004,2.14660495217742,2,28,"AT4G25520;AT1G24190;AT1G03760;AT1G10450;AT1G59890;AT1G70060;AT4G20400;AT1G43850;AT3G52250;AT3G01320;AT5G14070;AT3G15880;AT2G47210;AT3G10490;AT3G10480;AT5G15020;AT5G13080;AT2G19385;AT5G62090;AT4G25515;AT3G20740;AT5G47390","OSD-281",-0.17,"root","unknown",FALSE
"GO:0000160 (phosphorelay signal transduction system)",0.579951374602581,0.763454639110043,-0.291036760718653,-0.91418364468939,3100,22,"AT5G62920;AT3G29350;AT5G39340;AT3G57040","OSD-281",-0.17,"root","unknown",FALSE
"GO:0000162 (tryptophan biosynthetic process)",0.934196561239652,0.972588200742651,0.208277792512139,0.644320407707247,4400,18,"AT4G27070;AT2G29690","OSD-281",-0.17,"root","unknown",FALSE
"GO:0000165 (MAPK cascade)",0.853488372093023,0.932916757059619,0.24394692716526,0.72867060406353,4036,16,"AT1G09000;AT4G08480;AT1G08720;AT4G08470","OSD-281",-0.17,"root","unknown",FALSE
"GO:0000209 (protein polyubiquitination)",0.0587179026755252,0.165280022345923,-0.376519687052808,-1.39358229677252,326,44,"AT5G25760;AT4G27960;AT1G75440;AT2G46030;AT5G50430;AT1G02340;AT5G56150;AT3G46460;AT5G42990;AT5G41340;AT4G15563;AT5G50870;AT3G24515;AT3G08700;AT2G02760;AT1G14400;AT1G64230;AT3G08505;AT1G63800;AT3G20060","OSD-281",-0.17,"root","unknown",FALSE
"GO:0000226 (microtubule cytoskeleton organization)",0.0661389621811785,0.177931367283879,-0.350052365282799,-1.3598777228459,375,55,"AT3G16800;AT5G44340;AT3G23090;AT1G20090;AT1G20010;AT3G60840;AT4G20890;AT4G37010;AT4G14960;AT2G18990;AT4G09550;AT3G55005;AT5G27930;AT3G04630;AT1G80350;AT1G27920;AT5G19780;AT1G75950;AT4G15830;AT3G50360;AT1G73440;AT2G38720;AT1G75780;AT2G01910","OSD-281",-0.17,"root","unknown",FALSE
"GO:0000245 (spliceosomal complex assembly)",0.00295983086680761,0.0181775471416063,0.635807600694618,1.89916025526518,13,16,"AT2G37340;AT2G32600;AT4G22285;AT4G36690;AT5G64270;AT1G60900;AT4G22350;AT4G22410;AT3G53030;AT3G51110;AT2G33435;AT5G41770;AT5G22840","OSD-281",-0.17,"root","unknown",FALSE
"GO:0000278 (mitotic cell cycle)",0.728900255754476,0.862208825488066,0.213984886813748,0.855669150092469,3134,51,"AT1G80260;AT5G63920;AT5G40840;AT2G32900;AT2G38185;AT1G59830;AT4G15890;AT3G42660;AT3G58500;AT3G60660","OSD-281",-0.17,"root","unknown",FALSE
"GO:0000302 (response to reactive oxygen species)",0.685356559608057,0.840114492422779,-0.246634741684837,-0.857842771533807,3776,33,"AT3G56240;AT4G00860;AT4G35970;AT5G19790;AT1G07890;AT1G18150;AT4G02380;AT5G01600","OSD-281",-0.17,"root","unknown",FALSE
"GO:0000373 (Group II intron splicing)",0.000871839581517001,0.00736220091058801,0.592192039030543,2.02261810460541,3,26,"AT1G64810;AT3G22310;AT3G01370;AT4G14510;AT5G26742;AT1G30010;AT3G23990;AT3G22330;AT4G31010;AT2G20020;AT1G70070;AT5G27270;AT3G27550;AT4G01037;AT1G66345;AT5G46920;AT3G23070","OSD-281",-0.17,"root","unknown",FALSE
"GO:0000387 (spliceosomal snRNP assembly)",0.888794205368556,0.95069433059115,0.220816838415183,0.694714996470441,4171,19,"AT1G54380;AT1G13030;AT1G15470","OSD-281",-0.17,"root","unknown",FALSE
"GO:0000398 (mRNA splicing, via spliceosome)",0.00025062656641604,0.00319946114338638,0.55688813268163,2.66612614803111,0,131,"AT3G61860;AT2G33340;AT1G06220;AT3G54230;AT5G52040;AT1G09230;AT5G19350;AT3G55200;AT5G13010;AT2G46610;AT3G50670;AT2G37340;AT5G51280;AT1G51380;AT2G43370;AT5G56900;AT1G73720;AT2G38770;AT1G31870;AT1G80070;AT1G44910;AT3G19670;AT3G11960;AT5G42820;AT1G23860;AT1G65660;AT1G30460;AT1G16610;AT1G03910;AT1G14650;AT1G55310;AT5G08550;AT1G27650;AT5G10370;AT4G01020;AT1G09770;AT1G77180;AT1G04510;AT5G25340;AT4G36690;AT5G06160;AT4G15900;AT4G21660;AT5G44500;AT1G28060;AT1G60170;AT1G10580;AT4G25500;AT1G10320;AT1G60900;AT4G20440;AT1G80930;AT2G30260;AT3G07860;AT2G41500;AT1G33520;AT4G08580;AT2G18510;AT2G36130;AT1G25682;AT1G20920;AT5G64200;AT3G26560;AT5G64730;AT5G17900;AT1G56290;AT3G53500;AT3G47120;AT4G03430;AT5G28740;AT1G17070;AT2G33730;AT5G16260;AT3G51110","OSD-281",-0.17,"root","unknown",FALSE
"GO:0000423 (mitophagy)",0.0227700414000753,0.0837990424898385,-0.518446919250907,-1.58921253888284,120,20,"AT1G62040;AT4G21980;AT3G06420;AT2G45170;AT3G60640;AT2G05630;AT3G15580;AT4G16520","OSD-281",-0.17,"root","unknown",FALSE
"GO:0000462 (maturation of SSU-rRNA from tricistronic rRNA transcript (SSU-rRNA, 5.8S rRNA, LSU-rRNA))",0.000648368273179166,0.00584390618992695,0.620212849617298,2.10394643715349,2,25,"AT3G56990;AT1G06720;AT4G28200;AT1G17690;AT1G15440;AT3G10530;AT4G28450;AT1G07840;AT1G15420;AT3G06530;AT1G33390;AT1G42440","OSD-281",-0.17,"root","unknown",FALSE
"GO:0000463 (maturation of LSU-rRNA from tricistronic rRNA transcript (SSU-rRNA, 5.8S rRNA, LSU-rRNA))",0.00551899808957758,0.0289845860479898,0.57877700905278,1.79048296002433,25,18,"AT5G14520;AT2G40360;AT4G25730;AT3G13580;AT3G18600","OSD-281",-0.17,"root","unknown",FALSE
"GO:0000723 (telomere maintenance)",0.00827849713436638,0.039632490218069,0.555629071246876,1.71887336331798,38,18,"AT1G79950;AT5G40820;AT2G31970;AT4G09680;AT5G54260;AT1G51190;AT5G06310;AT5G16850;AT1G07745;AT4G30870;AT3G20840;AT2G05210","OSD-281",-0.17,"root","unknown",FALSE
"GO:0000724 (double-strand break repair via homologous recombination)",0.00141576215195847,0.0110356844665481,0.414701784191555,1.76025869264123,5,68,"AT1G10930;AT2G45280;AT4G26720;AT3G23255;AT4G00020;AT5G16630;AT1G04020;AT4G02110;AT5G61460;AT5G54260;AT5G15920;AT5G24280;AT3G19210;AT5G01630;AT4G26110;AT1G31360;AT3G05210;AT5G64520;AT4G19130;AT1G67500;AT5G07660;AT5G22750;AT1G14750;AT5G41150;AT3G02680;AT2G06510;AT1G79730;AT1G07745;AT2G14050;AT4G35740;AT2G30350;AT3G09660;AT4G31400;AT1G65470;AT3G05090;AT4G30870;AT5G38110;AT4G21070;AT5G61000;AT2G19480;AT5G27680;AT5G63690;AT5G43210;AT1G27880","OSD-281",-0.17,"root","unknown",FALSE
"GO:0000902 (cell morphogenesis)",0.425661486770265,0.627028966012017,0.332044270737907,1.01277435242675,2026,17,"AT5G18410;AT5G15680;AT1G13180;AT1G71790;AT1G11130;AT3G20780","OSD-281",-0.17,"root","unknown",FALSE
"GO:0000911 (cytokinesis by cell plate formation)",0.109016579604815,0.259929727057755,0.33266982444276,1.29835415953454,479,45,"AT5G13260;AT3G60740;AT5G42080;AT5G51600;AT1G13980;AT3G17360;AT2G35630;AT3G19050;AT4G26760;AT2G28620;AT1G18370;AT5G11040;AT2G41670;AT4G00100;AT5G23700;AT1G49040;AT3G48750;AT1G01040;AT3G43210;AT3G48860;AT3G61650;AT3G63130;AT5G05620;AT1G50240;AT1G53140","OSD-281",-0.17,"root","unknown",FALSE
"GO:0001510 (RNA methylation)",0.000426075841499787,0.00446645020054949,0.659718611905907,2.07555010945299,1,19,"AT2G22400;AT3G05680;AT5G01160;AT5G13830;AT5G52470;AT4G26600;AT4G09980;AT4G10760;AT5G26180;AT4G17610;AT5G26880;AT4G40000;AT1G06560;AT4G15520;AT3G13180","OSD-281",-0.17,"root","unknown",FALSE
"GO:0001522 (pseudouridine synthesis)",0.00170648464163823,0.0122063842601887,0.614181972734805,1.96229513434478,7,20,"AT1G34150;AT2G39140;AT3G57150;AT5G18180;AT3G04820;AT3G52260;AT3G19440;AT1G03530;AT1G78910;AT5G14460;AT3G06950;AT1G76050;AT4G21770;AT1G09800","OSD-281",-0.17,"root","unknown",FALSE
"GO:0001666 (response to hypoxia)",0.00384789497510186,0.022100625699732,0.459063067697706,1.74526817403522,16,40,"AT3G16770;AT5G03730;AT3G14230;AT4G32551;AT4G27780;AT3G20770;AT1G43850;AT5G15120;AT5G57090;AT2G31810;AT1G72330;AT4G19230;AT2G32700;AT5G27630;AT1G77120;AT4G24230;AT5G39890","OSD-281",-0.17,"root","unknown",FALSE
"GO:0002181 (cytoplasmic translation)",1,1,0.113300917003126,0.43830416411785,4435,43,"AT1G17470;AT4G39520","OSD-281",-0.17,"root","unknown",FALSE
"GO:0002213 (defense response to insect)",0.23295033358043,0.427896685247436,-0.367168175635326,-1.18185616199588,1256,24,"AT3G52430;AT1G45145;AT5G44575;AT5G44568;AT5G44585","OSD-281",-0.17,"root","unknown",FALSE
"GO:0002221 (pattern recognition receptor signaling pathway)",0.889712292938099,0.95069433059115,0.208967170922068,0.713722501010096,4081,26,"AT1G61440;AT1G61460;AT1G61380;AT1G61490;AT1G61420;AT1G61370;AT1G61550;AT5G13160;AT2G25110","OSD-281",-0.17,"root","unknown",FALSE
"GO:0002229 (defense response to oomycetes)",0.982327289419325,0.997044710364946,0.157815401296842,0.621712460400109,4279,47,"AT5G12170;AT3G44670;AT3G56400;AT5G01560;AT4G24460;AT4G00270;AT1G08720","OSD-281",-0.17,"root","unknown",FALSE
"GO:0002237 (response to molecule of bacterial origin)",0.155956678700361,0.334928512697352,-0.351909764245433,-1.24767826704237,863,36,"AT3G22600;AT2G25000;AT1G12080;AT3G55150;AT1G08320;AT3G59370","OSD-281",-0.17,"root","unknown",FALSE
"GO:0002239 (response to oomycetes)",0.421052631578947,0.62660953622101,0.312560522248148,1.02543268630812,1959,22,"AT4G02520;AT2G34930;AT1G26190;AT5G58950","OSD-281",-0.17,"root","unknown",FALSE
"GO:0003333 (amino acid transmembrane transport)",0.184446436575527,0.370110341379275,0.322967129860724,1.19747345957111,822,36,"AT1G77380;AT1G25530;AT5G02180;AT4G35180;AT1G08230","OSD-281",-0.17,"root","unknown",FALSE
"GO:0005975 (carbohydrate metabolic process)",0.842205842205842,0.931020276474822,0.170439202183015,0.870917531927982,3084,206,"AT1G02850;AT1G09910;AT4G17180;AT3G01850;AT1G09010;AT4G34860;AT1G32860;AT5G65280;AT3G46970;AT5G51820;AT3G54440;AT5G24318;AT5G63840;AT5G58480;AT3G23640;AT1G80170;AT3G24180;AT4G03200;AT5G61410;AT4G10180;AT2G20770;AT4G27820;AT2G01630;AT2G32810;AT1G27520;AT1G56680;AT4G34480;AT2G19450;AT2G05790;AT3G59850;AT4G29360;AT1G66250;AT1G72990;AT4G34260;AT1G52920;AT3G29320;AT5G41870;AT4G23820;AT2G31870;AT3G07020;AT2G42790;AT4G30310;AT1G70730;AT5G17520;AT5G64380;AT1G16300;AT3G58750;AT5G58090;AT5G18200;AT2G39930;AT2G16230;AT5G43710;AT4G36360;AT5G42100;AT5G08380;AT2G40690;AT3G26380;AT3G20440;AT3G47540","OSD-281",-0.17,"root","unknown",FALSE
"GO:0005983 (starch catabolic process)",0.000418410041841004,0.00446304044630404,0.708676736203058,2.07921999001776,1,15,"AT1G43670;AT4G09020;AT5G26570;AT5G55700;AT5G64860;AT2G40840;AT1G69830;AT5G04360;AT1G10760;AT5G17520;AT3G10940","OSD-281",-0.17,"root","unknown",FALSE
"GO:0005985 (sucrose metabolic process)",0.568038639227215,0.757242897848703,0.301530829703595,0.919704743319628,2704,17,"AT4G02280;AT2G02860;AT1G15690","OSD-281",-0.17,"root","unknown",FALSE
"GO:0005992 (trehalose biosynthetic process)",0.827631827631828,0.921611998535075,-0.245891150021011,-0.735775346569625,4378,18,"AT5G10100;AT4G12430;AT1G78090","OSD-281",-0.17,"root","unknown",FALSE
"GO:0006006 (glucose metabolic process)",0.902215594375799,0.952210031845054,0.216975008442656,0.68262816054362,4234,19,"AT3G47800;AT5G64860;AT2G19860;AT1G16300","OSD-281",-0.17,"root","unknown",FALSE
"GO:0006012 (galactose metabolic process)",0.728265434691306,0.862208825488066,0.268271609551915,0.818260182699805,3467,17,"AT1G56600;AT2G47180;AT1G12780;AT5G18200;AT1G63180;AT3G10700;AT1G60470;AT3G06580;AT4G16130","OSD-281",-0.17,"root","unknown",FALSE
"GO:0006094 (gluconeogenesis)",0.245201354911554,0.443697689839956,-0.384334159297786,-1.17811224716997,1302,20,"AT3G04120;AT3G55440;AT3G52930;AT1G13440;AT1G79550","OSD-281",-0.17,"root","unknown",FALSE
"GO:0006096 (glycolytic process)",0.136232925952552,0.306776366589451,-0.346238787294939,-1.26903800992061,757,42,"AT3G04120;AT3G55440;AT3G52930;AT1G22170;AT5G56350;AT1G13440;AT1G79550;AT4G29220;AT5G56630;AT2G36580;AT2G22480;AT1G78050;AT3G52990;AT4G29130;AT2G29560;AT1G09780;AT1G32440;AT1G74030","OSD-281",-0.17,"root","unknown",FALSE
"GO:0006098 (pentose-phosphate shunt)",0.447061039939714,0.650270603548674,-0.33157636711927,-1.00393308651626,2372,19,"AT5G24410;AT3G52930;AT5G13420","OSD-281",-0.17,"root","unknown",FALSE
"GO:0006099 (tricarboxylic acid cycle)",0.0175816289917474,0.0707922544833273,-0.434430854366577,-1.58475136742544,97,41,"AT3G47833;AT3G27380;AT1G08480;AT2G46390;AT1G04410;AT5G51040;AT5G62575;AT5G40650;AT1G47420;AT2G17130;AT2G46505;AT5G08300;AT5G03290;AT5G67490;AT2G44350;AT4G32210;AT4G35260;AT5G09600;AT5G50950;AT4G26910;AT4G26970","OSD-281",-0.17,"root","unknown",FALSE
"GO:0006108 (malate metabolic process)",0.867510867510867,0.943553859475147,-0.235141253592566,-0.703608638782253,4589,18,"AT1G04410;AT3G15020;AT5G11670;AT5G12040;AT5G50950","OSD-281",-0.17,"root","unknown",FALSE
"GO:0006260 (DNA replication)",0.00022670596236681,0.00319946114338638,0.572779416583744,2.16563738229332,0,39,"AT5G55300;AT1G79950;AT5G55310;AT1G10930;AT5G44785;AT4G29910;AT5G45720;AT4G20010;AT1G47720;AT1G21690;AT1G31360;AT1G08130;AT4G11060;AT2G02480;AT1G08840;AT2G21790;AT4G18820","OSD-281",-0.17,"root","unknown",FALSE
"GO:0006261 (DNA-templated DNA replication)",0.00808854831843338,0.0390304553778372,0.542314137763633,1.75720239348933,37,21,"AT1G50840;AT1G77470;AT5G45720;AT1G21690;AT3G42660;AT2G02480;AT5G63960;AT1G63160;AT4G18820;AT5G13060;AT5G49010;AT1G24290;AT2G40550;AT4G24790;AT5G27740;AT5G22110","OSD-281",-0.17,"root","unknown",FALSE
"GO:0006270 (DNA replication initiation)",0.0429645542427497,0.129044184350791,0.459955345934555,1.50899813761188,199,22,"AT1G77320;AT4G29910;AT5G16690;AT2G29680;AT5G49010;AT5G46280;AT1G67630;AT2G16440;AT1G44900;AT1G79150;AT1G80190;AT4G02060;AT2G20980;AT1G07270","OSD-281",-0.17,"root","unknown",FALSE
"GO:0006281 (DNA repair)",0.000250375563345017,0.00319946114338638,0.504870813861487,2.43518588357913,0,136,"AT5G64610;AT1G77470;AT1G79950;AT3G12380;AT3G57300;AT2G36490;AT1G10930;AT5G67380;AT4G31880;AT1G52500;AT1G15940;AT5G63920;AT5G47690;AT2G41460;AT3G20010;AT5G15170;AT2G19520;AT1G77600;AT1G04020;AT5G45720;AT1G11060;AT5G40820;AT2G01440;AT5G63950;AT2G32000;AT3G10140;AT4G10180;AT1G50410;AT1G21690;AT4G26110;AT1G31360;AT3G48190;AT4G36050;AT5G10950;AT1G49980;AT2G21800;AT1G80210;AT3G54460;AT3G42660;AT5G52910;AT2G18760;AT2G47210;AT4G19130;AT5G49110;AT2G02480;AT1G67500;AT5G07400;AT5G14170;AT5G46210;AT1G03190;AT1G61140;AT2G31320;AT1G63160;AT1G08840;AT1G08260;AT5G22750;AT3G09100;AT1G61030;AT5G41150;AT4G18820;AT1G76710;AT2G06510","OSD-281",-0.17,"root","unknown",FALSE
"GO:0006284 (base-excision repair)",0.108326068003487,0.259300194276064,0.390160747209645,1.33258493698174,496,26,"AT2G36490;AT1G52500;AT2G41460;AT5G04560;AT1G75230;AT4G36050;AT3G10010;AT1G80420;AT4G12740","OSD-281",-0.17,"root","unknown",FALSE
"GO:0006289 (nucleotide-excision repair)",0.00536312849162011,0.0286033519553073,0.467392832452105,1.72224278099931,23,35,"AT5G41370;AT2G41460;AT5G16630;AT1G16190;AT4G19130;AT1G20720;AT4G17020;AT1G03190;AT1G79650;AT3G02540;AT1G18340;AT5G41150;AT5G41360;AT2G06510;AT4G15475;AT5G08110;AT2G06040;AT1G21710;AT1G10520;AT3G61420;AT2G31450;AT1G05900;AT1G55750;AT5G61000","OSD-281",-0.17,"root","unknown",FALSE
"GO:0006298 (mismatch repair)",0.00251046025104603,0.0161324559541499,0.662402490962841,1.94345380663499,11,15,"AT3G24320;AT4G02460;AT5G16630;AT4G02070;AT4G25540;AT4G12740;AT1G65070;AT4G09140;AT5G54090;AT2G29570;AT3G18524","OSD-281",-0.17,"root","unknown",FALSE
"GO:0006302 (double-strand break repair)",0.00152571926765475,0.0114523125275813,0.547825522120103,1.87108530033428,6,26,"AT1G50840;AT3G20540;AT5G40840;AT5G61460;AT2G31970;AT5G54260;AT1G08130;AT1G80210;AT5G16270;AT2G31320;AT4G29170;AT5G42470;AT5G57160;AT1G61410","OSD-281",-0.17,"root","unknown",FALSE
"GO:0006303 (double-strand break repair via nonhomologous end joining)",0.102719665271967,0.249432249432249,0.466395946081018,1.36838099067645,490,15,"AT5G40820;AT5G54260;AT3G48190;AT1G80420;AT2G45700;AT5G57160;AT1G61410;AT1G10520","OSD-281",-0.17,"root","unknown",FALSE
"GO:0006310 (DNA recombination)",0.00021795989537925,0.00319946114338638,0.6334265155754,2.16345349801949,0,26,"AT1G79950;AT1G10930;AT4G31880;AT1G15940;AT5G63920;AT5G47690;AT4G02460;AT1G77600;AT4G25120;AT2G32000;AT1G31360;AT2G21800;AT1G80210;AT2G30480;AT3G09100","OSD-281",-0.17,"root","unknown",FALSE
"GO:0006325 (chromatin organization)",0.064708386547467,0.176424659286367,0.443733824122608,1.43778316574197,303,21,"AT1G18450;AT5G67380;AT4G32820;AT4G15890;AT1G21610;AT1G28760;AT5G17690;AT1G05970;AT3G50000","OSD-281",-0.17,"root","unknown",FALSE
"GO:0006334 (nucleosome assembly)",0.0416210295728368,0.127163748644647,0.430220445785653,1.48438206799719,189,27,"AT1G49950;AT1G05910;AT5G08780;AT3G15120;AT4G26110;AT3G18035;AT4G25340;AT2G18050;AT1G72740;AT3G44530","OSD-281",-0.17,"root","unknown",FALSE
"GO:0006338 (chromatin remodeling)",0.00023696682464455,0.00319946114338638,0.607119562256968,2.66975363007809,0,81,"AT5G55300;AT5G08230;AT1G18450;AT3G12270;AT2G48160;AT3G12810;AT3G57300;AT5G49020;AT3G06400;AT5G67630;AT2G16780;AT4G16420;AT1G04870;AT4G35050;AT3G48430;AT2G19520;AT5G67320;AT2G25170;AT1G73150;AT4G20400;AT5G63950;AT1G54840;AT5G22330;AT4G29510;AT1G17790;AT1G08620;AT5G63550;AT3G44600;AT2G34900;AT3G07740;AT2G47210;AT3G54610;AT5G23150;AT1G06230;AT2G47620;AT3G20020;AT2G38950;AT2G47350;AT5G04240;AT3G06660;AT4G29730;AT1G30810;AT3G06930;AT3G63070;AT2G18000;AT3G44530;AT1G21700;AT5G44800;AT4G16570;AT1G63490;AT2G19670;AT2G44980;AT5G18620;AT5G37055;AT4G02020;AT4G18470;AT3G27420;AT5G66750","OSD-281",-0.17,"root","unknown",FALSE
"GO:0006351 (DNA-templated transcription)",0.00165680473372781,0.0120951698893929,0.392119275639006,1.72101660051775,6,80,"AT4G37740;AT1G68990;AT5G45140;AT2G24120;AT2G22840;AT2G36400;AT5G49530;AT5G25520;AT1G29940;AT5G60040;AT5G57980;AT3G05380;AT2G16770;AT4G21710;AT2G40030;AT3G23780;AT5G15700;AT4G40050;AT3G14880;AT3G10490;AT3G21430;AT3G10480;AT2G45480;AT4G07950;AT3G57660;AT2G15430;AT3G44530;AT3G59600;AT3G52910;AT2G25640","OSD-281",-0.17,"root","unknown",FALSE
"GO:0006352 (DNA-templated transcription initiation)",0.711119320280754,0.859563711194231,-0.254968839264618,-0.836752883490787,3849,26,"AT5G24120;AT5G59180;AT5G09920","OSD-281",-0.17,"root","unknown",FALSE
"GO:0006357 (regulation of transcription by RNA polymerase II)",0.000281135788585887,0.00341861118920439,0.319854139202383,1.68207031664846,0,256,"AT5G64610;AT3G12280;AT4G25410;AT2G17410;AT1G18450;AT2G38560;AT5G49430;AT3G20910;AT2G34640;AT5G67630;AT5G25520;AT5G09410;AT2G26430;AT2G24530;AT2G45050;AT1G30500;AT2G42280;AT1G18750;AT5G09790;AT1G62310;AT4G16420;AT1G20910;AT1G49950;AT4G12750;AT1G11950;AT5G67320;AT3G01890;AT1G26665;AT1G76510;AT1G23230;AT1G72050;AT1G73150;AT1G54830;AT5G22330;AT3G05380;AT5G02850;AT2G16770;AT1G17040;AT1G67310;AT5G20170;AT5G19910;AT3G60530;AT3G04740;AT1G17790;AT4G08350;AT2G22300;AT4G32890;AT5G04290;AT3G21350;AT3G05860;AT3G52100;AT1G79000;AT3G08020;AT4G00990;AT2G34900;AT1G05830;AT4G00450;AT3G07740;AT5G13790;AT2G18510;AT1G77800;AT1G72390;AT5G14170;AT3G21430;AT1G54160;AT2G24260;AT4G02880;AT3G61740;AT4G32620;AT4G06634;AT3G01435;AT4G19600;AT1G06230;AT5G24330;AT1G55325;AT3G01330;AT5G27620;AT5G03415;AT4G16150;AT1G56170;AT1G32330;AT1G66470;AT1G72830;AT5G22220;AT4G17750;AT1G67970;AT5G16820;AT2G18000","OSD-281",-0.17,"root","unknown",FALSE
"GO:0006364 (rRNA processing)",0.000237473284255521,0.00319946114338638,0.511294214307126,2.26661463673837,0,84,"AT1G59760;AT2G48100;AT1G77030;AT2G17250;AT5G11010;AT5G41190;AT4G18905;AT3G22660;AT1G08410;AT5G16750;AT1G15440;AT5G02250;AT5G52470;AT1G48920;AT3G11964;AT5G35910;AT4G14510;AT1G49970;AT3G17170;AT2G47300;AT3G01540;AT1G30240;AT3G19810;AT1G15420;AT1G63810;AT2G24500;AT1G31660;AT2G40430;AT4G32720;AT5G53770;AT4G04940;AT5G13650;AT2G04270;AT2G43650;AT2G43190;AT1G63780;AT3G52905;AT5G66470;AT4G02400;AT5G11240;AT4G25550","OSD-281",-0.17,"root","unknown",FALSE
"GO:0006366 (transcription by RNA polymerase II)",0.44980443285528,0.652699511159929,-0.314003602099765,-0.998413125069112,2414,23,"AT1G12400;AT1G11475;AT5G09920;AT3G19040;AT2G15400;AT3G22320","OSD-281",-0.17,"root","unknown",FALSE
"GO:0006367 (transcription initiation at RNA polymerase II promoter)",0.145262249082668,0.324703850890669,0.386485543333572,1.28127496662877,672,23,"AT1G04950;AT5G41370;AT5G43130;AT1G73960;AT5G25150;AT1G54360;AT5G27620;AT5G41360;AT1G03280;AT4G12610","OSD-281",-0.17,"root","unknown",FALSE
"GO:0006368 (transcription elongation by RNA polymerase II)",0.0697674418604651,0.186046511627907,0.487591025995276,1.45643665848369,329,16,"AT2G38560;AT5G61150;AT4G08350;AT5G04290;AT1G71080;AT2G06210;AT1G65440;AT1G79730;AT4G10710","OSD-281",-0.17,"root","unknown",FALSE
"GO:0006396 (RNA processing)",0.000234852043212776,0.00319946114338638,0.567620504267095,2.39463741522658,0,66,"AT1G04080;AT2G48100;AT5G58040;AT5G23080;AT5G55100;AT4G31200;AT1G30460;AT3G17740;AT5G41270;AT4G38020;AT2G28450;AT5G16420;AT3G53460;AT4G26600;AT1G49970;AT1G13030;AT1G73840;AT4G24270;AT2G43970;AT2G17520;AT4G15900;AT2G29670;AT3G60500;AT4G24770;AT5G61990;AT3G12990;AT3G21300;AT3G59040;AT3G03300;AT2G04270;AT1G03560;AT1G04530;AT1G60080;AT5G26880;AT5G20320;AT5G45150;AT1G05970;AT4G26000;AT1G09700","OSD-281",-0.17,"root","unknown",FALSE
"GO:0006397 (mRNA processing)",0.000234521575984991,0.00319946114338638,0.560474968680711,2.41438558375489,0,72,"AT1G04080;AT3G54230;AT3G05680;AT5G01160;AT2G17525;AT5G50280;AT5G04050;AT3G62470;AT5G03560;AT5G13480;AT2G45620;AT4G39620;AT5G15280;AT3G60050;AT2G06990;AT5G07350;AT5G64960;AT2G16940;AT3G61520;AT1G79540;AT4G29820;AT1G20960;AT1G60200;AT4G09980;AT3G58560;AT5G14080;AT4G19890;AT5G24360;AT5G28460;AT5G23150;AT5G61780;AT4G11690;AT3G62540;AT1G70070;AT5G27270;AT1G11710;AT1G80550;AT4G25550;AT1G24706;AT1G26500;AT4G21900;AT1G55630","OSD-281",-0.17,"root","unknown",FALSE
"GO:0006400 (tRNA modification)",0.00328587075575027,0.0197802912821403,0.518974167681424,1.79060747997059,14,27,"AT5G15810;AT4G36390;AT5G13680;AT5G20040;AT5G24670;AT1G78010;AT5G47680;AT1G09290;AT3G02320;AT2G18410;AT5G54880;AT2G41750;AT5G14460;AT1G13870;AT3G56330;AT3G26410;AT1G03110;AT1G48175;AT1G01760","OSD-281",-0.17,"root","unknown",FALSE
"GO:0006401 (RNA catabolic process)",0.487737843551797,0.683282508938923,0.325779270651019,0.973104193994783,2306,16,"AT1G59760;AT3G46960;AT2G06990;AT3G03710;AT1G76630","OSD-281",-0.17,"root","unknown",FALSE
"GO:0006402 (mRNA catabolic process)",0.000217108119843682,0.00319946114338638,0.63592220190189,2.12803149980789,0,24,"AT5G14580;AT1G54490;AT5G13570;AT5G02250;AT1G14710;AT3G03710;AT5G07350;AT5G12980;AT3G13290;AT3G03950;AT4G36090;AT3G13300;AT5G21160","OSD-281",-0.17,"root","unknown",FALSE
"GO:0006406 (mRNA export from nucleus)",0.0105147864184009,0.0480675950555469,0.487830011497529,1.68315134343609,47,27,"AT5G05680;AT1G80680;AT1G33410;AT3G14120;AT1G79280;AT4G32910;AT5G09860;AT5G42920","OSD-281",-0.17,"root","unknown",FALSE
"GO:0006412 (translation)",0.995123350545037,1,0.14280340673861,0.761330704194622,3468,284,"AT1G52370;AT3G57290;AT2G07696;AT3G17465;AT5G66860;AT4G02230;AT2G20060;AT2G07725;AT1G64600;AT3G09680;AT3G63490;AT2G07715;AT1G15810;AT4G08350;AT2G44065;AT1G80620;AT5G39850;AT3G01790;AT1G25350;AT5G47010;AT1G07320;AT3G20230;AT1G26740;AT1G64880;AT5G53070;AT2G42710;AT3G22300;AT5G27330;AT5G09770;AT2G33800;AT5G15220;AT1G17560;AT4G23620;AT1G07830;AT1G27400;AT2G42740;AT4G31850;AT1G49400;AT3G49080;AT3G14600;AT2G33450;AT1G58380;AT5G64650;AT2G16930;AT2G17360;AT3G13120;AT5G02870;AT5G30510;AT5G16130;AT3G08010;AT1G18070;AT5G59240;AT1G08845;AT1G08360;AT4G00100;AT1G43170;AT5G11750;AT5G60390;AT4G17390;AT5G18790;AT1G15930;AT5G58420;AT5G47320;AT1G07210;AT5G35530;AT5G15200;AT5G48760;AT5G23900;AT3G07110;AT1G02780;AT2G04390;AT5G64670;AT4G10450;AT4G28360;AT5G02610;AT3G49910;AT2G05220;AT3G12370;AT3G58700;AT4G30930;AT3G25520;AT4G36130;AT5G23535;AT3G09630;AT1G33140;AT5G61770;AT5G22440;AT3G13882;AT5G55140;AT4G30800;AT5G04800;AT3G56340;AT3G49010;AT2G34480;AT5G10360;AT4G17560;AT3G10610;AT3G11940;AT4G13170;AT3G53870;AT1G78630;AT5G62300;AT2G37270;AT3G16780;AT1G07920;AT4G39880;AT3G15190;AT4G29410;AT1G15250;AT5G60670;AT3G45020;AT1G24240;AT1G29965;AT1G74970;AT4G35490;AT4G01310;AT2G09990;AT5G07090;AT1G61580;AT2G18020;AT3G02080;AT1G09690","OSD-281",-0.17,"root","unknown",FALSE
"GO:0006413 (translational initiation)",0.0171325518485122,0.0707922544833273,0.410039569929907,1.58623650811592,75,43,"AT3G57290;AT4G11420;AT5G25757;AT3G07300;AT1G10840;AT4G11160;AT5G25780;AT1G53880;AT4G20980;AT5G27640;AT4G27130;AT2G39990;AT4G19210;AT2G40290;AT1G76820;AT3G60240;AT3G56150;AT1G76720;AT2G24050;AT1G76810","OSD-281",-0.17,"root","unknown",FALSE
"GO:0006414 (translational elongation)",0.737414675767918,0.863869215543149,0.254965286561233,0.814607337004926,3456,20,"AT3G08740;AT1G30230;AT3G12915;AT1G56070;AT5G60390;AT5G19510;AT2G18110;AT1G07920","OSD-281",-0.17,"root","unknown",FALSE
"GO:0006417 (regulation of translation)",0.405285412262156,0.612968981729829,0.345469102629027,1.03191781353099,1916,16,"AT5G18410;AT3G16810;AT4G14000;AT1G64790;AT1G18080","OSD-281",-0.17,"root","unknown",FALSE
"GO:0006457 (protein folding)",0.000252589037635767,0.00319946114338638,0.403702522567049,1.9672502109256,0,144,"AT3G07770;AT1G04130;AT2G04030;AT3G60740;AT2G46240;AT5G52640;AT1G55490;AT2G33210;AT1G79920;AT2G01270;AT3G63400;AT5G55220;AT5G09590;AT1G16030;AT4G24280;AT3G12580;AT4G39960;AT5G22060;AT4G33060;AT4G32420;AT2G28000;AT1G53540;AT5G67530;AT5G18820;AT5G26360;AT1G54050;AT4G26780;AT5G42020;AT4G24190;AT3G44110;AT2G32120;AT3G02530;AT2G20560;AT3G20050;AT4G37910;AT3G44600;AT3G03960;AT3G23990;AT2G36130;AT2G29500;AT5G60640;AT5G01390;AT5G28540;AT5G02500;AT3G16110;AT3G13860;AT5G16070;AT5G49840;AT5G13120;AT1G56340;AT2G19310;AT1G77510;AT3G18190;AT5G17710","OSD-281",-0.17,"root","unknown",FALSE
"GO:0006465 (signal peptide processing)",0.243319533308242,0.441606794780332,-0.385050711243304,-1.18030871761718,1292,20,"AT2G22425;AT4G40042;AT1G53530;AT1G52600;AT3G05230;AT2G39960;AT2G30440","OSD-281",-0.17,"root","unknown",FALSE
"GO:0006468 (protein phosphorylation)",1,1,-0.129802346195752,-0.651581614509002,6576,295,"AT1G52540;AT3G25250;AT4G18950;AT4G21230;AT2G32800;AT3G50500;AT2G26730;AT2G43230;AT1G08650;AT3G61160;AT2G28960;AT1G35670;AT4G35030;AT3G26700;AT5G35580;AT2G17290;AT1G61860;AT2G39110;AT1G53430;AT1G51830;AT5G16590;AT2G39840;AT3G45240;AT3G46400;AT3G28450;AT1G49160;AT1G31420;AT2G16750;AT4G11570;AT2G30740;AT1G51790;AT4G01370;AT5G03455;AT5G49760;AT5G18500;AT4G18640;AT5G24010;AT5G11020;AT1G16440;AT4G29180;AT5G28080;AT1G76360;AT3G46330;AT1G28440;AT2G35620;AT3G21630;AT2G30360;AT2G19130;AT3G20860;AT2G18890;AT5G44290;AT5G61570;AT1G51850;AT3G17410;AT1G51860;AT1G77280;AT3G17420;AT1G25320;AT2G05940;AT3G05840;AT4G20450;AT4G22730;AT1G59580;AT1G48210;AT5G57565;AT1G30640;AT1G07150","OSD-281",-0.17,"root","unknown",FALSE
"GO:0006470 (protein dephosphorylation)",0.903659849300323,0.952210031845054,-0.196416335669182,-0.716503106093327,5036,41,"AT3G16800;AT5G56610;AT2G39840;AT5G27840;AT1G17720;AT5G27930;AT5G55260;AT4G26080;AT3G46820;AT3G23610;AT1G10430;AT1G22280;AT3G05580;AT4G03415","OSD-281",-0.17,"root","unknown",FALSE
"GO:0006486 (protein glycosylation)",0.632328507002136,0.804300695098952,0.204705294276271,0.916659898157446,2663,88,"AT3G11540;AT1G16900;AT5G16890;AT5G62620;AT5G19690;AT1G71220;AT1G76400;AT2G25300;AT1G71990;AT1G34130;AT5G44930;AT1G16570;AT1G27520;AT3G14960;AT3G62720;AT1G21480;AT4G38240;AT5G43710;AT4G38040;AT2G01480;AT3G48820;AT2G35610;AT1G77810;AT2G47760;AT1G26810;AT1G30000;AT1G53290","OSD-281",-0.17,"root","unknown",FALSE
"GO:0006487 (protein N-linked glycosylation)",0.124561403508772,0.285522745411014,0.367615832102435,1.29328319268452,567,29,"AT1G16900;AT4G21150;AT2G01720;AT1G76400;AT5G14950;AT2G40190;AT1G02145;AT1G67490;AT2G13290;AT5G14480;AT1G61790;AT2G44660;AT5G38460;AT5G28960;AT1G12990","OSD-281",-0.17,"root","unknown",FALSE
"GO:0006499 (N-terminal protein myristoylation)",0.671078519048471,0.8287132830336,-0.240013986782913,-0.866031397793985,3751,39,"AT3G22950;AT4G20260;AT3G54840;AT5G17060;AT1G67800;AT2G15310;AT1G02440;AT1G70490;AT5G39950;AT1G02430;AT1G23490;AT5G24270","OSD-281",-0.17,"root","unknown",FALSE
"GO:0006506 (GPI anchor biosynthetic process)",0.89448545375597,0.952210031845054,0.210170951427184,0.703309938926527,4119,24,"AT3G45100;AT3G01380;AT2G22530;AT5G17250","OSD-281",-0.17,"root","unknown",FALSE
"GO:0006508 (proteolysis)",0.581041968162084,0.763454639110043,0.20453597319813,0.945928539435529,2408,104,"AT3G04340;AT5G36950;AT5G60160;AT1G67420;AT1G49970;AT5G51540;AT5G04710;AT5G04250;AT4G23940;AT5G67170;AT3G16480;AT1G67690;AT5G10540;AT4G20310;AT3G16290;AT5G65620;AT4G15880;AT4G30920;AT1G09300;AT1G62290;AT4G17040;AT1G09730;AT5G60190;AT5G20660;AT4G29490;AT5G64580;AT5G05740;AT4G11320;AT5G39830;AT1G71696;AT2G26140","OSD-281",-0.17,"root","unknown",FALSE
"GO:0006511 (ubiquitin-dependent protein catabolic process)",0.179977814753189,0.365974954414512,0.214304247347879,1.10957090175662,648,227,"AT5G25350;AT1G05890;AT2G40930;AT5G06460;AT5G47430;AT4G03190;AT2G32730;AT4G12570;AT2G20580;AT4G02570;AT3G50080;AT3G05530;AT2G25490;AT5G45360;AT2G38185;AT3G60300;AT5G66160;AT4G26430;AT1G80570;AT3G62980;AT4G28270;AT4G24015;AT2G36370;AT3G54650;AT1G66650;AT5G05560;AT1G04860;AT2G42030;AT4G33210;AT2G22010;AT4G36410;AT5G09900;AT2G17200;AT5G46210;AT3G18290;AT2G31510;AT5G48655;AT5G02880;AT1G70320;AT4G17410;AT3G55530;AT5G01520;AT5G25560;AT2G18915;AT3G53970;AT5G45620;AT1G20200;AT2G17020;AT5G14250;AT5G66140;AT5G64920;AT4G15475;AT1G47570;AT2G44410;AT4G03510;AT1G55860;AT5G20620;AT3G24800;AT2G40830","OSD-281",-0.17,"root","unknown",FALSE
"GO:0006520 (amino acid metabolic process)",0.766684951545072,0.877861488774772,-0.235197584654048,-0.805208414642766,4192,31,"AT1G34040;AT2G20610;AT4G38220;AT5G36160;AT1G44820;AT1G62800;AT2G20340;AT5G65800;AT1G80360;AT1G35580;AT1G01480;AT4G28410;AT3G09920;AT4G31990","OSD-281",-0.17,"root","unknown",FALSE
"GO:0006606 (protein import into nucleus)",0.000225580870742161,0.00319946114338638,0.635209076239405,2.46958916559282,0,44,"AT5G05680;AT2G41620;AT3G14120;AT5G03070;AT4G27640;AT1G79280;AT1G14850;AT4G32910;AT2G45000;AT4G38760;AT2G05120;AT2G46520;AT3G57350;AT5G55190;AT1G02690;AT1G26170;AT5G58590;AT2G31660;AT3G08943;AT5G19820;AT2G16950;AT3G59020;AT3G08947;AT5G62600","OSD-281",-0.17,"root","unknown",FALSE
"GO:0006612 (protein targeting to membrane)",0.830327321309285,0.922923238310869,0.213523712060101,0.777282108221504,3728,33,"AT4G24630;AT1G69420;AT5G20350;AT4G15080;AT3G22180;AT3G51390;AT3G60800;AT3G04970;AT3G11820;AT3G26935;AT3G51780;AT2G33640;AT1G33040;AT3G09320;AT3G49470;AT5G04270","OSD-281",-0.17,"root","unknown",FALSE
"GO:0006623 (protein targeting to vacuole)",0.312640071716719,0.513743685415581,0.293704186976332,1.08897450034849,1394,36,"AT4G00800;AT3G52850;AT1G24460;AT2G14720;AT4G29380;AT2G14740;AT3G50380;AT5G24740;AT5G18525;AT5G06140;AT4G17140;AT3G47700;AT1G48760","OSD-281",-0.17,"root","unknown",FALSE
"GO:0006629 (lipid metabolic process)",0.74775397373877,0.870979803718757,0.20704936192692,0.847445024048269,3245,56,"AT5G41080;AT3G03310;AT5G14180;AT5G42870;AT5G67130;AT5G53470;AT2G42450;AT3G09560;AT1G62290;AT5G18630;AT1G04010;AT3G22960;AT2G30550;AT5G52920;AT2G46210;AT1G06800;AT2G18250;AT1G71340","OSD-281",-0.17,"root","unknown",FALSE
"GO:0006631 (fatty acid metabolic process)",0.0656440333859689,0.177384765771863,0.353500521282293,1.3743523039037,290,44,"AT2G43710;AT3G45770;AT2G47240;AT5G27600;AT1G01600;AT2G34770;AT3G48460;AT1G08640;AT3G05970","OSD-281",-0.17,"root","unknown",FALSE
"GO:0006633 (fatty acid biosynthetic process)",0.475842564223427,0.67438759684812,0.232708414240121,0.984482626849203,2018,67,"AT3G45770;AT4G30950;AT1G36180;AT3G06650;AT5G05580;AT4G34250;AT2G04540;AT3G23790;AT1G79750;AT2G15090;AT1G08510;AT5G43760;AT3G11170;AT5G52920;AT2G26250;AT2G30200","OSD-281",-0.17,"root","unknown",FALSE
"GO:0006635 (fatty acid beta-oxidation)",0.209975506568693,0.401320340266279,0.323971634288374,1.17934140650737,942,33,"AT5G08470;AT5G65940;AT1G06310;AT4G39850;AT2G26350;AT1G79810;AT3G05290;AT3G07560;AT4G16210;AT3G06860;AT1G03000","OSD-281",-0.17,"root","unknown",FALSE
"GO:0006636 (unsaturated fatty acid biosynthetic process)",0.155381023137338,0.334928512697352,0.41505439788664,1.28399679889741,731,18,"AT2G43710;AT4G30950;AT5G05580;AT3G12120;AT1G06350;AT1G06080;AT3G11170","OSD-281",-0.17,"root","unknown",FALSE
"GO:0006744 (ubiquinone biosynthetic process)",0.0606887862242755,0.167721736474361,0.485242759739206,1.4800478884111,288,17,"AT4G19010;AT1G19140;AT4G39850;AT1G24340;AT3G24200;AT4G23660;AT3G10230;AT2G34630;AT5G57300;AT1G32220","OSD-281",-0.17,"root","unknown",FALSE
"GO:0006749 (glutathione metabolic process)",0.000179083094555874,0.00319946114338638,-0.615614592423404,-2.23341749985223,0,40,"AT1G10370;AT5G62480;AT2G30870;AT1G53680;AT1G78380;AT1G02950;AT1G78340;AT5G17220;AT1G53580;AT1G78370;AT2G30860;AT2G47730;AT1G17190;AT2G29450;AT1G27130;AT2G29440;AT3G03190;AT2G29490","OSD-281",-0.17,"root","unknown",FALSE
"GO:0006813 (potassium ion transport)",0.782646233541981,0.891131572898498,0.237878864082426,0.788614836689611,3625,23,"AT3G46960;AT4G00630;AT3G02050;AT2G40540;AT1G53760;AT5G53130;AT4G23640;AT5G09400;AT1G31120","OSD-281",-0.17,"root","unknown",FALSE
"GO:0006816 (calcium ion transport)",0.750701489315778,0.870979803718757,0.245029802106454,0.812321591149488,3477,23,"AT1G10130;AT1G42540;AT1G07810;AT5G17850;AT4G35290;AT4G37270;AT5G53130;AT3G13320;AT5G36290","OSD-281",-0.17,"root","unknown",FALSE
"GO:0006817 (phosphate ion transport)",0.735406902428632,0.863380852860074,0.260527265469565,0.81964853590938,3451,19,"AT3G01970;AT3G15990;AT1G69480;AT2G32295;AT2G33770;AT5G35730;AT2G03260;AT1G14040;AT3G23430;AT5G03545","OSD-281",-0.17,"root","unknown",FALSE
"GO:0006833 (water transport)",0.000187020759304283,0.00319946114338638,-0.793592080804873,-2.49277410535836,0,22,"AT4G17340;AT3G53420;AT2G37180;AT3G26520;AT3G16240;AT2G39010;AT2G37170;AT2G36830;AT1G01620;AT3G61430;AT5G47450;AT4G00430;AT5G60660;AT4G23400;AT2G45960","OSD-281",-0.17,"root","unknown",FALSE
"GO:0006869 (lipid transport)",0.41808935706502,0.626104258855991,-0.292402098689431,-1.02475353827951,2301,34,"AT3G22600;AT2G44300;AT2G44290;AT1G31812;AT1G48750;AT2G13820;AT1G73780;AT4G33355","OSD-281",-0.17,"root","unknown",FALSE
"GO:0006874 (intracellular calcium ion homeostasis)",0.202920662598082,0.392294696448735,0.352393662083475,1.20359233812914,930,26,"AT1G10130;AT4G31200;AT1G42540;AT5G23630;AT1G07670","OSD-281",-0.17,"root","unknown",FALSE
"GO:0006879 (intracellular iron ion homeostasis)",0.0578808446455505,0.164138758513604,-0.471688557309246,-1.46151568248675,306,21,"AT5G09830;AT3G23210;AT3G25190;AT1G76800;AT4G14410;AT1G51070;AT1G74770;AT4G19690;AT4G36060;AT1G21140","OSD-281",-0.17,"root","unknown",FALSE
"GO:0006886 (intracellular protein transport)",0.524919093851133,0.720430720229094,-0.206266736178484,-0.97192289573258,3243,174,"AT3G18820;AT3G22950;AT3G22845;AT1G56330;AT1G79590;AT1G26690;AT4G02080;AT5G46860;AT3G54840;AT2G22290;AT4G20410;AT3G11730;AT1G69460;AT1G43890;AT4G18800;AT4G08520;AT3G50860;AT5G17060;AT1G08560;AT1G15370;AT4G21160;AT1G21900;AT1G57620;AT2G15310;AT5G50460;AT2G31680;AT4G19640;AT5G45750;AT3G48570;AT5G53530;AT1G73640;AT1G02440;AT3G52400;AT5G46630","OSD-281",-0.17,"root","unknown",FALSE
"GO:0006887 (exocytosis)",0.819339791890922,0.915732708583972,-0.214989542735532,-0.784255925673306,4566,41,"AT2G39380;AT3G55150;AT1G08560;AT5G13150;AT5G03520;AT3G52400;AT4G03330;AT1G18740;AT3G53610;AT1G72470;AT5G08080;AT1G07000;AT4G35560","OSD-281",-0.17,"root","unknown",FALSE
"GO:0006888 (endoplasmic reticulum to Golgi vesicle-mediated transport)",0.0961968680089485,0.237466063348416,-0.302384188038017,-1.27410363108089,558,83,"AT4G17170;AT5G17190;AT5G42570;AT3G22845;AT1G56330;AT1G26690;AT4G02080;AT3G11730;AT1G69460;AT3G03180;AT3G17780;AT5G02280;AT1G21900;AT1G57620;AT1G05785;AT3G54085;AT5G48660;AT3G20450;AT5G58030;AT3G62560;AT2G37975;AT4G14455","OSD-281",-0.17,"root","unknown",FALSE
"GO:0006890 (retrograde vesicle-mediated transport, Golgi to endoplasmic reticulum)",0.29336620349619,0.494090447993583,0.297108290521706,1.10159598183169,1308,36,"AT1G60970;AT2G21390;AT2G17980;AT1G50500;AT5G24350;AT1G79990;AT3G55600;AT1G62020;AT5G39500;AT3G47700;AT3G15980;AT5G64990;AT5G51430","OSD-281",-0.17,"root","unknown",FALSE
"GO:0006891 (intra-Golgi vesicle-mediated transport)",0.110220440881764,0.261773547094188,0.360431091847768,1.3120633593198,494,33,"AT4G31490;AT4G31480;AT1G60970;AT5G16300;AT2G21390;AT1G73430;AT3G18480;AT4G24840;AT1G31780;AT1G79990;AT1G62020;AT3G15980;AT1G67930;AT5G64990","OSD-281",-0.17,"root","unknown",FALSE
"GO:0006893 (Golgi to plasma membrane transport)",0.0124735729386892,0.0553571704140368,0.562601769093218,1.68049409638453,58,16,"AT1G10180;AT1G21170;AT3G10380;AT1G47550;AT5G12370;AT1G59820;AT3G56640;AT1G76850;AT1G47560","OSD-281",-0.17,"root","unknown",FALSE
"GO:0006896 (Golgi to vacuole transport)",0.48765690376569,0.683282508938923,0.33144403563106,0.97243923675067,2330,15,"AT3G52850;AT4G19490;AT1G10290;AT1G23900;AT5G06140;AT1G48760;AT1G60070","OSD-281",-0.17,"root","unknown",FALSE
"GO:0006897 (endocytosis)",0.0861136158701533,0.217249288170345,0.345907197557626,1.338140670862,381,43,"AT3G56960;AT1G20760;AT1G13980;AT1G21630;AT3G13670;AT3G08530;AT3G59290;AT3G20290;AT1G60490;AT4G05520;AT5G39500;AT2G19470;AT2G25760;AT4G14340;AT1G56590;AT2G26890;AT1G03900;AT3G11130;AT5G18190;AT1G72710;AT5G13300;AT4G26100;AT2G43160","OSD-281",-0.17,"root","unknown",FALSE
"GO:0006900 (vesicle budding from membrane)",0.0204120204120204,0.0775656775656776,-0.538367257181973,-1.61094596206881,107,18,"AT4G40080;AT2G19830;AT4G29160;AT5G04850;AT5G09260;AT5G63880;AT5G10410;AT1G25240","OSD-281",-0.17,"root","unknown",FALSE
"GO:0006906 (vesicle fusion)",0.282051282051282,0.487077371815608,-0.332626555281697,-1.13048158122736,1539,30,"AT1G79590;AT5G46860;AT5G39510;AT1G26670;AT3G17440;AT1G08560;AT3G52400;AT4G03330;AT1G32270;AT3G24350;AT5G08080;AT3G05710;AT3G09740","OSD-281",-0.17,"root","unknown",FALSE
"GO:0006913 (nucleocytoplasmic transport)",0.202748414376321,0.392294696448735,0.409704239238987,1.22378846482218,958,16,"AT1G80680;AT3G16310;AT1G14850;AT4G13350;AT2G42810","OSD-281",-0.17,"root","unknown",FALSE
"GO:0006914 (autophagy)",0.8384715588363,0.928580524175721,0.224853373275922,0.752442766958221,3861,24,"AT2G46240;AT5G47490;AT2G44140;AT5G47480","OSD-281",-0.17,"root","unknown",FALSE
"GO:0006950 (response to stress)",0.000177147918511957,0.00319946114338638,-0.615800322311204,-2.31504433355472,0,47,"AT5G42180;AT1G05260;AT3G21770;AT5G15180;AT2G37130;AT3G01190;AT1G30870;AT5G59820;AT5G65300;AT1G05250;AT3G46430;AT3G53600;AT2G37430;AT4G26010;AT1G05240;AT5G17820;AT5G44070;AT5G13240;AT5G22410;AT4G02380;AT4G11290;AT5G64100;AT2G41480;AT5G27380;AT2G31130;AT1G34510","OSD-281",-0.17,"root","unknown",FALSE
"GO:0006952 (defense response)",0.0236638763683194,0.0858782824343513,-0.286551208304435,-1.36184449969646,146,185,"AT3G63360;AT5G24980;AT2G37040;AT1G70890;AT1G70860;AT5G46790;AT2G43910;AT3G61220;AT5G44568;AT3G52450;AT4G16950;AT5G28010;AT1G72870;AT2G02130;AT4G39030;AT3G53260;AT2G03760;AT2G30860;AT4G19520;AT3G62780;AT4G09420;AT1G35260;AT2G47730;AT5G22630;AT3G49120;AT3G57750;AT2G35930;AT1G09090;AT3G20600;AT1G30990;AT1G75030;AT1G56540;AT3G16720;AT1G58420;AT1G14960;AT1G65850;AT3G11340;AT1G16150;AT5G64905;AT5G23950;AT1G70850;AT3G03040;AT2G22330;AT1G65250;AT4G22212;AT1G19230;AT4G38660;AT1G70880;AT2G39200;AT2G01530;AT4G16890;AT4G39950;AT4G15740;AT2G37940","OSD-281",-0.17,"root","unknown",FALSE
"GO:0006955 (immune response)",0.646855413875081,0.814261059287887,0.258047359637528,0.875373387154505,2992,25,"AT4G21400;AT1G11300;AT1G77630;AT5G58430;AT4G03230;AT3G25070;AT3G43300;AT4G27300;AT2G25320","OSD-281",-0.17,"root","unknown",FALSE
"GO:0006970 (response to osmotic stress)",0.210561165369972,0.401320340266279,-0.246276252678236,-1.13178012343253,1271,146,"AT1G35720;AT3G16690;AT2G37180;AT1G20440;AT5G15970;AT5G54160;AT2G35612;AT3G14440;AT4G39090;AT5G15960;AT3G12630;AT3G50500;AT1G04220;AT2G32510;AT2G38750;AT1G32070;AT3G53600;AT4G40010;AT3G50610;AT3G54560;AT1G05100;AT1G69310;AT1G78080;AT5G45800;AT1G15380;AT5G67590;AT2G30250;AT3G58620;AT4G02590;AT1G02730;AT3G51960;AT3G56200;AT5G38710;AT1G72180;AT3G17510","OSD-281",-0.17,"root","unknown",FALSE
"GO:0006974 (DNA damage response)",0.000231642344220524,0.00319946114338638,0.491349794934827,2.00137637618194,0,55,"AT3G16730;AT5G06460;AT1G10930;AT5G67380;AT1G77320;AT3G09370;AT4G32551;AT4G02110;AT4G04950;AT2G02090;AT4G29860;AT1G16590;AT1G43850;AT1G68790;AT5G20170;AT3G48190;AT3G54650;AT5G44750;AT2G18760;AT1G67500;AT5G60870;AT1G08840;AT2G23070;AT2G31870;AT3G02680;AT2G27470;AT2G32700;AT4G03130;AT5G65770;AT2G41450;AT3G50000;AT5G57160;AT4G18470;AT1G13220;AT2G30110;AT5G22010;AT5G54770;AT5G51795","OSD-281",-0.17,"root","unknown",FALSE
"GO:0006979 (response to oxidative stress)",0.000310655483069276,0.00363227949434846,-0.339887814424472,-1.67480829607373,1,247,"AT5G42180;AT1G35720;AT5G66390;AT4G37530;AT4G11600;AT1G05260;AT3G32980;AT3G21770;AT5G17000;AT2G31570;AT5G15180;AT2G37040;AT1G44970;AT3G04120;AT3G25250;AT5G19875;AT1G45145;AT1G49300;AT1G78380;AT2G37130;AT5G40390;AT1G63460;AT5G09830;AT5G13930;AT3G01190;AT2G38380;AT3G03100;AT1G01230;AT1G27330;AT3G14430;AT1G30870;AT5G59820;AT2G40880;AT4G16270;AT3G53990;AT1G05250;AT1G11210;AT1G14540;AT3G53260;AT3G63080;AT4G26010;AT1G53670;AT1G52200;AT5G44380;AT2G18980;AT5G64940;AT3G49120;AT5G01820;AT5G07460;AT4G30170;AT2G29450;AT5G37980;AT3G06050;AT3G03190;AT4G37520;AT1G05240;AT1G15380;AT5G67400;AT5G17820;AT3G15360;AT3G47860;AT1G68850;AT1G73680;AT5G22410;AT4G02380;AT5G42000;AT4G11290;AT1G31170;AT2G22080;AT2G38390;AT5G64100;AT5G61640;AT1G09350;AT3G06110;AT2G41480;AT1G73120;AT3G12260;AT5G21280","OSD-281",-0.17,"root","unknown",FALSE
"GO:0006995 (cellular response to nitrogen starvation)",0.00708318198329096,0.0347304406922653,-0.486572865565912,-1.70524516702962,38,34,"AT3G16690;AT1G62040;AT4G21980;AT2G35612;AT3G06420;AT2G45170;AT5G38480;AT3G60640;AT3G50610;AT2G05630;AT1G06830;AT3G15580;AT4G16520","OSD-281",-0.17,"root","unknown",FALSE
"GO:0007005 (mitochondrion organization)",0.0101626016260163,0.046809559004681,0.429332104241497,1.64241442686615,44,41,"AT5G26860;AT5G27540;AT1G11870;AT5G16420;AT5G16930;AT4G28510;AT3G03060;AT1G30010;AT5G61990;AT2G18330;AT3G23990;AT4G27585;AT2G40090;AT1G03860;AT1G03560;AT5G12290;AT4G37190;AT1G55890;AT3G27280;AT5G13610","OSD-281",-0.17,"root","unknown",FALSE
"GO:0007010 (cytoskeleton organization)",0.17071129707113,0.354240507232924,0.431015533918367,1.26457673626027,815,15,"AT5G49430;AT5G58450;AT2G01750;AT1G14840","OSD-281",-0.17,"root","unknown",FALSE
"GO:0007015 (actin filament organization)",0.640399358174363,0.807860245670093,-0.238105317015262,-0.891620085982033,3591,46,"AT4G01710;AT3G46010;AT1G75840;AT1G20090;AT4G34490;AT3G51300;AT4G14147;AT3G48040;AT2G26770;AT4G28950;AT3G05520;AT5G62880;AT5G45970;AT2G20290;AT2G44690;AT2G35110","OSD-281",-0.17,"root","unknown",FALSE
"GO:0007017 (microtubule-based process)",0.358566465533004,0.560272682116369,-0.312263048106761,-1.06904513618794,1960,31,"AT5G44340;AT4G15930;AT1G20010;AT3G44200;AT4G20890;AT4G14960;AT5G19780;AT5G19770;AT1G73860;AT5G20110;AT3G20860;AT1G23220;AT1G75780;AT1G09170;AT5G12250","OSD-281",-0.17,"root","unknown",FALSE
"GO:0007018 (microtubule-based movement)",0.000465008137642409,0.004602887403381,0.467173753448786,1.92261443881442,1,58,"AT5G66310;AT2G21300;AT2G22610;AT1G63640;AT2G36200;AT1G01950;AT5G60930;AT3G17360;AT3G10180;AT3G44050;AT3G19050;AT4G21270;AT5G27000;AT3G45850;AT4G14150;AT3G50240;AT5G47820;AT5G27550;AT2G28620;AT5G06670;AT3G44730;AT1G18370;AT1G20060;AT2G21380;AT5G65930;AT3G16630;AT1G12430;AT1G72250;AT3G43210;AT4G05190;AT3G49650;AT3G10310;AT4G39050;AT3G51150;AT3G23670","OSD-281",-0.17,"root","unknown",FALSE
"GO:0007030 (Golgi organization)",0.297991677220916,0.497801498013767,-0.314485123625186,-1.10953124254781,1646,35,"AT4G11150;AT3G22845;AT1G26690;AT1G69460;AT1G09330;AT4G22150;AT1G21900;AT1G57620","OSD-281",-0.17,"root","unknown",FALSE
"GO:0007031 (peroxisome organization)",0.0200085142613878,0.0774834090032062,0.497663613685978,1.61252608447154,93,21,"AT5G08470;AT1G48635;AT4G39850;AT2G26350;AT1G79810;AT3G05290;AT1G01820;AT5G62810;AT3G03490;AT3G21865;AT3G18160","OSD-281",-0.17,"root","unknown",FALSE
"GO:0007033 (vacuole organization)",0.183813953488372,0.370062528877252,-0.379927590791412,-1.23394398312401,987,25,"AT3G18820;AT5G54800;AT5G46860;AT3G54300;AT4G19640","OSD-281",-0.17,"root","unknown",FALSE
"GO:0007034 (vacuolar transport)",0.0175535846267554,0.0707922544833273,-0.479307763320147,-1.60023532407858,94,28,"AT3G28715;AT2G19830;AT1G09330;AT4G29160;AT5G04850;AT1G03950;AT2G06530;AT1G73030;AT2G17990;AT5G09260;AT5G63880;AT3G28710;AT1G17730;AT1G08190;AT5G22950;AT3G05710","OSD-281",-0.17,"root","unknown",FALSE
"GO:0007059 (chromosome segregation)",0.00524989500209996,0.0283484245176572,0.582793696011027,1.77758979778288,24,17,"AT5G55300;AT5G55310;AT5G63920;AT2G32900;AT3G23890;AT5G20930;AT3G54670;AT3G60660;AT5G16800","OSD-281",-0.17,"root","unknown",FALSE
"GO:0007064 (mitotic sister chromatid cohesion)",0.00606694560669456,0.0312601943124601,0.611424666882946,1.79388757218737,28,15,"AT4G31880;AT1G15940;AT5G47690;AT1G77600;AT1G11060;AT5G51340;AT5G10950;AT2G44580;AT1G61030;AT5G11340","OSD-281",-0.17,"root","unknown",FALSE
"GO:0007131 (reciprocal meiotic recombination)",0.00198544010589014,0.0138752595905886,0.516113914310561,1.84957890980917,8,31,"AT2G45280;AT4G26720;AT1G77320;AT5G66030;AT5G23610;AT3G19210;AT5G64520;AT4G32190;AT4G29170;AT3G02680;AT5G02820;AT2G06510;AT4G24710;AT1G07745;AT1G12790;AT1G65010","OSD-281",-0.17,"root","unknown",FALSE
"GO:0007166 (cell surface receptor signaling pathway)",0.913523053165674,0.95762416607712,0.196552207648899,0.70437709169198,4140,31,"AT3G26600;AT2G46850","OSD-281",-0.17,"root","unknown",FALSE
"GO:0007186 (G protein-coupled receptor signaling pathway)",0.98089577584377,0.997044710364946,0.176542275191548,0.54614459543186,4620,18,"AT3G13290;AT2G26300;AT2G01070;AT2G23460;AT5G27210;AT5G02630","OSD-281",-0.17,"root","unknown",FALSE
"GO:0007264 (small GTPase-mediated signal transduction)",0.123707391803907,0.285522745411014,-0.476002509841786,-1.35258557144059,645,15,"AT1G75840;AT1G20090;AT3G51300;AT3G48040;AT4G28950;AT5G62880;AT5G45970;AT2G44690","OSD-281",-0.17,"root","unknown",FALSE
"GO:0007267 (cell-cell signaling)",0.00229797012638836,0.0156050212329087,-0.666316058818952,-1.89337129225901,11,15,"AT3G23805;AT3G29780;AT1G02900;AT3G05490;AT4G15800;AT4G14010;AT3G16570;AT4G13950","OSD-281",-0.17,"root","unknown",FALSE
"GO:0007275 (multicellular organism development)",0.195716085678286,0.385098317451127,0.403137973644141,1.22961856649035,931,17,"AT3G12380;AT1G43850;AT4G26430;AT5G09900;AT4G27760;AT5G17520;AT4G29010;AT5G64760","OSD-281",-0.17,"root","unknown",FALSE
"GO:0007623 (circadian rhythm)",0.268923286273176,0.473928574069828,-0.252480438141867,-1.10228574277866,1580,103,"AT4G15248;AT3G21890;AT5G54160;AT2G46830;AT3G46640;AT3G12700;AT1G01060;AT4G36240;AT4G34680;AT2G47890;AT1G32070;AT3G57040;AT4G37930;AT5G64940;AT1G15950;AT3G58850;AT3G24050;AT2G18170;AT2G23080;AT1G27450;AT2G46790;AT4G38960;AT1G68830;AT1G35460;AT4G18020;AT2G17840;AT5G02120;AT3G55960;AT4G13930;AT5G37260;AT5G24470;AT1G10470;AT1G69690;AT1G80820;AT1G18330","OSD-281",-0.17,"root","unknown",TRUE
"GO:0008104 (protein localization)",0.154790697674419,0.334920797815112,-0.3904996783909,-1.26828043090679,831,25,"AT1G22300;AT4G09000;AT5G65430;AT5G38480;AT1G34760;AT5G10450;AT1G35160;AT2G42590","OSD-281",-0.17,"root","unknown",FALSE
"GO:0008284 (positive regulation of cell population proliferation)",0.193472696245734,0.383164167157675,0.383294289505624,1.22461510221465,906,20,"AT1G49540;AT5G13680;AT1G65660;AT3G04740;AT5G22220;AT4G10090;AT3G11220;AT4G16850;AT3G48750;AT1G13710;AT5G14960","OSD-281",-0.17,"root","unknown",FALSE
"GO:0008285 (negative regulation of cell population proliferation)",0.43967415235579,0.644149119595953,0.283547614868521,1.00457353584574,1996,30,"AT4G37740;AT2G36400;AT3G14362;AT3G09370;AT3G11440;AT1G30210;AT1G17980","OSD-281",-0.17,"root","unknown",FALSE
"GO:0008360 (regulation of cell shape)",0.176593323216995,0.361860197840988,-0.438837229026705,-1.27044477245929,930,16,"AT1G75840;AT1G20090;AT3G51300;AT3G48040;AT4G28950;AT5G62880;AT5G45970;AT2G44690","OSD-281",-0.17,"root","unknown",FALSE
"GO:0008380 (RNA splicing)",0.000235682300259251,0.00319946114338638,0.65113711672702,2.75466265887996,0,67,"AT3G61860;AT5G52040;AT1G32490;AT5G13010;AT2G39340;AT5G04050;AT2G37340;AT1G19290;AT3G63400;AT1G73720;AT2G27100;AT1G44910;AT3G19670;AT1G65660;AT2G41720;AT5G04810;AT1G16610;AT5G51300;AT3G49430;AT1G55310;AT3G53460;AT2G29210;AT4G14510;AT3G17170;AT1G77180;AT2G17520;AT3G52250;AT5G04430;AT1G60170;AT3G48190;AT4G25500;AT3G25840;AT1G07350;AT1G25682;AT5G60870;AT5G47010;AT5G24360;AT3G02490;AT5G64200;AT5G64730;AT4G02820;AT4G02990","OSD-281",-0.17,"root","unknown",FALSE
"GO:0008610 (lipid biosynthetic process)",0.392811839323467,0.598570421826236,0.34763428624246,1.03838522703704,1857,16,"AT2G43710;AT1G02205;AT2G26250;AT3G05630;AT3G23470","OSD-281",-0.17,"root","unknown",FALSE
"GO:0009058 (biosynthetic process)",0.168107249955901,0.352408575562032,-0.317566793652071,-1.22029372792117,952,52,"AT1G21110;AT1G74020;AT4G02860;AT5G54160;AT3G57010;AT1G03210;AT1G76790;AT3G57020;AT5G22020;AT5G36160;AT3G27610;AT1G62800;AT4G02850;AT1G51990;AT1G21120","OSD-281",-0.17,"root","unknown",FALSE
"GO:0009098 (L-leucine biosynthetic process)",0.147489539748954,0.328474872407927,0.440905778986003,1.29359419118758,704,15,"AT1G18500;AT1G74040;AT1G80560;AT1G50110","OSD-281",-0.17,"root","unknown",FALSE
"GO:0009266 (response to temperature stimulus)",0.0703720304796056,0.186839277430568,0.373779246589536,1.38587083992874,313,36,"AT3G20810;AT2G34640;AT5G05580;AT3G12580;AT5G02810;AT2G33680;AT3G04740;AT4G33210;AT2G41100;AT3G45880;AT3G29320;AT4G32770;AT5G56040;AT4G28590;AT3G11670;AT4G22260","OSD-281",-0.17,"root","unknown",FALSE
"GO:0009269 (response to desiccation)",0.00453600453600454,0.0256670043904086,-0.58610845422028,-1.75380102534989,23,18,"AT1G05260;AT2G37180;AT2G21620;AT1G76180;AT4G39090;AT1G44170","OSD-281",-0.17,"root","unknown",FALSE
"GO:0009294 (DNA-mediated transformation)",0.028006947459835,0.0962046556812411,0.467484541288229,1.5643766274543,128,24,"AT3G18520;AT5G50320;AT5G09790;AT5G49160;AT4G38130;AT1G79000;AT1G32750;AT1G06230;AT5G22750;AT3G44750;AT4G13460;AT5G22650;AT5G53430;AT5G66750;AT1G43700;AT5G10550;AT2G23380;AT5G38110","OSD-281",-0.17,"root","unknown",FALSE
"GO:0009395 (phospholipid catabolic process)",0.263334733305334,0.46678576632549,0.378268304138439,1.15376312898278,1253,17,"AT1G07230;AT3G05630;AT4G11840;AT2G26870;AT4G00240;AT4G35790;AT1G55180;AT4G11850;AT3G16785;AT3G03530;AT3G15730","OSD-281",-0.17,"root","unknown",FALSE
"GO:0009407 (toxin catabolic process)",0.000178858880343409,0.00319946114338638,-0.598995662907645,-2.16132842162086,0,39,"AT1G10370;AT5G62480;AT2G30870;AT1G53680;AT1G78380;AT1G02950;AT1G78340;AT5G17220;AT1G78370;AT2G30860;AT2G47730;AT1G17190;AT2G29450;AT1G27130;AT2G29440;AT3G03190;AT2G29490","OSD-281",-0.17,"root","unknown",FALSE
"GO:0009408 (response to heat)",0.0457499350142969,0.136352747493591,0.252745359571303,1.26715916494182,175,177,"AT3G24320;AT5G14800;AT2G04030;AT3G18520;AT2G46240;AT5G52640;AT2G38560;AT5G48030;AT5G23570;AT5G09590;AT1G16030;AT4G24280;AT3G12580;AT4G39960;AT3G08970;AT5G22060;AT2G25140;AT1G53540;AT3G48430;AT3G06010;AT1G74310;AT4G04950;AT2G33590;AT1G09530;AT1G79350;AT2G20180;AT1G54050;AT4G21320;AT4G26780;AT5G42020;AT5G15450;AT3G10140;AT5G17020;AT3G44110;AT2G47180;AT2G32120;AT5G05630;AT1G50500;AT1G71790;AT5G67030;AT1G52560;AT1G66340;AT3G23990;AT2G29500;AT1G03190;AT5G28540;AT5G18040;AT5G02500;AT1G32330;AT2G19540;AT2G27470;AT4G17750;AT5G16820;AT5G57560;AT2G19310;AT3G25230;AT5G08000","OSD-281",-0.17,"root","unknown",FALSE
"GO:0009409 (response to cold)",0.00151699029126214,0.0114523125275813,-0.294627688418658,-1.48158459783861,9,303,"AT5G54470;AT1G35720;AT5G47230;AT3G23000;AT3G16690;AT1G05260;AT4G11150;AT3G05880;AT3G22840;AT1G20440;AT1G20450;AT5G11260;AT3G05890;AT3G50970;AT1G76180;AT3G17020;AT5G15970;AT1G12080;AT3G55990;AT4G39730;AT4G20260;AT5G44610;AT2G46830;AT5G37770;AT5G58780;AT5G10230;AT1G01120;AT5G59820;AT2G40880;AT5G15960;AT3G53990;AT5G65430;AT1G01060;AT5G38480;AT1G48500;AT5G65020;AT5G63980;AT2G38750;AT3G22370;AT3G59370;AT1G32070;AT4G27310;AT3G53600;AT1G22885;AT5G67450;AT2G47730;AT4G37930;AT1G17190;AT5G50720;AT1G31812;AT5G01820;AT1G15950;AT2G38760;AT1G45474;AT1G78080;AT5G10450;AT3G54890;AT1G15380;AT5G11790;AT3G50260;AT1G61520;AT1G65500;AT2G30250;AT4G02380;AT1G71730;AT1G29990;AT4G09650;AT5G01600;AT4G01370;AT3G08920;AT5G24090;AT2G42200;AT3G56200;AT5G58940;AT1G09350;AT1G18740;AT3G47470;AT4G26080;AT1G63940;AT1G35460;AT5G23290;AT1G16670;AT5G43170","OSD-281",-0.17,"root","unknown",FALSE
"GO:0009411 (response to UV)",0.66031573217202,0.82437775186979,-0.250941436188739,-0.87282227816835,3638,33,"AT3G55120;AT1G51680;AT5G07990;AT1G65060;AT3G12610;AT5G59920;AT3G21240;AT1G20340","OSD-281",-0.17,"root","unknown",FALSE
"GO:0009414 (response to water deprivation)",0.000302617642608564,0.00360767699423543,-0.311008731002276,-1.56642075849375,1,308,"AT5G67300;AT1G35720;AT3G16800;AT3G53420;AT3G57540;AT2G30870;AT2G37180;AT1G20440;AT1G20450;AT3G50970;AT4G23450;AT1G76180;AT2G16600;AT5G47120;AT3G13437;AT2G37170;AT5G15970;AT1G62660;AT5G40390;AT1G01620;AT4G39730;AT4G20260;AT5G03190;AT5G65790;AT3G61430;AT2G05620;AT3G14440;AT4G39090;AT4G00430;AT5G10230;AT2G40880;AT3G51920;AT5G15960;AT1G05850;AT3G14080;AT5G48870;AT3G12630;AT5G65020;AT3G50500;AT3G52450;AT5G63980;AT2G38750;AT4G23400;AT3G53600;AT1G22885;AT2G46680;AT2G22430;AT2G41870;AT1G47128;AT2G28740;AT5G47640;AT2G45960;AT5G50720;AT5G01820;AT2G35930;AT4G31920;AT3G05700;AT4G27410;AT2G38760;AT1G16060;AT3G43670;AT3G09940;AT1G69310;AT3G46620;AT5G12420;AT1G78080;AT1G19120;AT1G15380","OSD-281",-0.17,"root","unknown",FALSE
"GO:0009416 (response to light stimulus)",0.0165718927701056,0.0690117178371521,-0.297906192272728,-1.40535196000436,101,177,"AT4G14690;AT1G06040;AT2G47460;AT1G80340;AT3G22840;AT4G18610;AT1G60950;AT1G78440;AT1G01120;AT5G59820;AT1G62480;AT5G49730;AT1G17060;AT4G36240;AT5G63600;AT1G55480;AT2G47890;AT2G30490;AT5G24314;AT5G63980;AT1G20090;AT1G22500;AT1G07090;AT2G31090;AT4G37930;AT1G15820;AT3G49120;AT1G02400;AT3G19040;AT4G10340;AT1G45474;AT5G11060;AT1G78080;AT1G79550;AT3G54890;AT4G01900;AT1G29930;AT1G61520;AT2G19690;AT5G38970;AT2G32390;AT4G02380","OSD-281",-0.17,"root","unknown",FALSE
"GO:0009451 (RNA modification)",0.000252334090335604,0.00319946114338638,0.543692633252995,2.63476107401457,0,140,"AT5G13270;AT4G14050;AT1G69350;AT3G24000;AT3G26782;AT4G32450;AT1G53600;AT1G25360;AT1G15510;AT3G09040;AT1G71460;AT3G11460;AT3G49170;AT3G22150;AT2G40720;AT2G35030;AT4G30700;AT3G53360;AT5G03800;AT4G19220;AT2G33680;AT2G37310;AT1G29710;AT3G56550;AT3G15000;AT3G15130;AT3G13770;AT4G24770;AT2G21090;AT3G25970;AT2G37320;AT5G08305;AT5G39350;AT5G44230;AT1G06150;AT5G27110;AT4G14850;AT5G50250;AT3G62890;AT4G37170;AT1G31790;AT1G77170;AT4G22760;AT1G04840;AT3G28660;AT3G51320;AT3G57430;AT4G13650;AT2G15690;AT5G56310;AT2G03380;AT4G38010;AT5G50990;AT5G06540;AT4G39952;AT1G17630;AT1G03510;AT1G16480;AT3G05340;AT5G37570;AT5G47460;AT4G14170;AT2G22410;AT1G68930;AT4G21300;AT5G16860;AT4G35130;AT2G29760;AT1G56570;AT1G34160;AT1G43980;AT1G50270;AT3G16610;AT3G04750;AT3G26540;AT3G13880;AT4G33170;AT5G40405;AT4G32430;AT5G13230;AT2G02980;AT5G52850;AT4G18520;AT2G42920;AT3G58590;AT1G22830;AT5G42450;AT2G22070;AT3G49142;AT3G47530;AT1G09190;AT3G14730;AT3G08820","OSD-281",-0.17,"root","unknown",FALSE
"GO:0009553 (embryo sac development)",0.000234962406015038,0.00319946114338638,0.510236054298455,2.17519145357054,0,69,"AT3G12280;AT3G23940;AT1G67120;AT5G48030;AT1G72970;AT5G41190;AT3G06400;AT1G17690;AT1G15440;AT3G21510;AT3G03110;AT5G60410;AT4G00020;AT1G14360;AT5G52820;AT3G11964;AT4G15570;AT3G05530;AT1G80560;AT4G16280;AT1G09100;AT1G72440;AT5G17020;AT1G31660;AT5G05560;AT5G05920;AT2G41500;AT3G48360;AT2G43410;AT5G55490;AT1G61140;AT2G02810;AT4G29170;AT5G52520;AT5G55820;AT3G06430;AT1G17560;AT1G77300;AT5G05970","OSD-281",-0.17,"root","unknown",FALSE
"GO:0009555 (pollen development)",0.00163176502583628,0.0120951698893929,0.30111303903537,1.53467532701595,5,202,"AT3G12280;AT3G23940;AT2G37690;AT1G34355;AT1G79950;AT3G55200;AT5G12330;AT5G17310;AT4G00800;AT3G20910;AT5G41190;AT4G02460;AT4G14790;AT3G03110;AT1G74260;AT3G27580;AT1G18750;AT5G09790;AT3G18000;AT1G14360;AT3G07100;AT5G18480;AT3G05530;AT2G38185;AT1G80560;AT4G29860;AT4G29380;AT1G09100;AT1G72440;AT4G03550;AT5G17020;AT1G21630;AT3G13530;AT1G31660;AT3G54650;AT4G18530;AT5G24710;AT3G59530;AT5G58270;AT3G48360;AT1G47270;AT1G42470;AT2G43040;AT5G26850;AT2G36850;AT3G10490;AT5G55490;AT2G07050;AT1G05960;AT2G01690;AT1G53000;AT2G02810;AT1G53320;AT4G20060;AT4G29170;AT2G20400;AT3G06430;AT2G06510;AT3G06540;AT5G64510;AT4G33240;AT3G51610;AT1G49340;AT5G23670;AT1G77300;AT5G05970;AT3G55610;AT4G34200;AT1G12790;AT3G49080;AT2G43790;AT1G18370;AT3G63290;AT1G34220;AT4G09140;AT3G07160;AT3G09660;AT2G35690;AT3G48780;AT1G63180","OSD-281",-0.17,"root","unknown",FALSE
"GO:0009556 (microsporogenesis)",0.171562366964666,0.354795643246656,0.385762921493245,1.24994626133611,805,21,"AT4G31880;AT1G15940;AT5G47690;AT4G15890;AT5G57790;AT2G36850","OSD-281",-0.17,"root","unknown",FALSE
"GO:0009561 (megagametogenesis)",0.051697699890471,0.148265101572671,0.422010875633459,1.45605673190669,235,27,"AT5G45140;AT3G56990;AT3G06400;AT4G14790;AT3G60360;AT1G29940;AT5G57790;AT1G01960","OSD-281",-0.17,"root","unknown",FALSE
"GO:0009567 (double fertilization forming a zygote and endosperm)",0.95487441464453,0.982341191377113,0.190895283322939,0.618537532774216,4485,21,"AT3G12280","OSD-281",-0.17,"root","unknown",FALSE
"GO:0009585 (red, far-red light phototransduction)",0.497230507030251,0.694979651205501,0.308060255968033,0.969192753476179,2333,19,"AT1G25540;AT1G09570;AT4G18130;AT5G35840;AT3G22170;AT5G48150;AT4G02440","OSD-281",-0.17,"root","unknown",FALSE
"GO:0009611 (response to wounding)",0.030337259964499,0.101849370142053,-0.28339506878809,-1.34277335399576,187,181,"AT5G56980;AT1G74020;AT2G38870;AT2G21970;AT1G76930;AT2G37040;AT3G25250;AT1G51680;AT5G44575;AT4G34190;AT5G13930;AT1G71697;AT5G59820;AT5G12140;AT2G26690;AT5G50200;AT5G44568;AT1G55480;AT2G32800;AT3G54420;AT1G48500;AT5G20900;AT2G30490;AT1G04220;AT3G53260;AT3G53600;AT1G22640;AT5G44585;AT2G46370","OSD-281",-0.17,"root","unknown",FALSE
"GO:0009615 (response to virus)",0.116136363636364,0.272628992628993,0.347216933945513,1.30388260296939,510,38,"AT3G13460;AT5G09590;AT1G16030;AT3G12580;AT1G50030;AT5G64960;AT2G22010;AT4G13350;AT3G51440;AT4G19600;AT5G42900;AT5G02500;AT3G60240;AT2G43570;AT3G04720;AT5G02490","OSD-281",-0.17,"root","unknown",FALSE
"GO:0009617 (response to bacterium)",0.162153012863913,0.343106884710516,-0.267596834462062,-1.17760928900335,957,109,"AT5G56980;AT3G52430;AT4G31550;AT1G62660;AT3G10260;AT3G55150;AT5G03760;AT2G32800;AT3G54420;AT1G65490;AT4G00860;AT5G67160;AT5G44585;AT1G22885;AT1G29640;AT1G11580;AT4G18980;AT3G28930;AT4G19690;AT3G50260;AT1G65500;AT1G69900;AT4G23630;AT5G49520;AT5G67500;AT5G01600;AT2G22330;AT1G64090;AT1G80460;AT1G01580;AT3G15352;AT5G06320;AT5G11630;AT4G39950;AT2G03440","OSD-281",-0.17,"root","unknown",FALSE
"GO:0009620 (response to fungus)",0.895948753462604,0.952210031845054,-0.183091179911628,-0.776863146001165,5174,87,"AT1G21010;AT1G51680;AT3G55150;AT1G51360;AT3G18740;AT4G37240;AT3G44326;AT5G67620;AT5G12340;AT1G56540;AT1G18290;AT5G62900;AT3G21240;AT4G01370","OSD-281",-0.17,"root","unknown",FALSE
"GO:0009624 (response to nematode)",0.28279327672847,0.487077371815608,-0.266680240243861,-1.10139108253095,1631,75,"AT3G22600;AT5G55850;AT5G54800;AT2G39010;AT1G64780;AT5G13580;AT4G39030;AT2G40460;AT1G72140;AT5G27350;AT5G44370;AT1G60960","OSD-281",-0.17,"root","unknown",FALSE
"GO:0009625 (response to insect)",0.041896361631753,0.127364939360529,-0.440473758123217,-1.48428428689524,227,29,"AT3G52430;AT2G44300;AT5G44575;AT1G17860;AT5G44568;AT5G44585;AT1G74080;AT5G45800;AT4G31500;AT4G02380;AT2G22330;AT1G16670;AT5G65040;AT4G39950;AT4G13770","OSD-281",-0.17,"root","unknown",FALSE
"GO:0009626 (plant-type hypersensitive response)",0.522535211267606,0.718781467083041,-0.251737834609777,-0.956976429597034,2967,49,"AT3G52430;AT3G21220;AT3G54420;AT4G05200;AT1G14780;AT4G37930;AT5G50260;AT3G20600","OSD-281",-0.17,"root","unknown",FALSE
"GO:0009627 (systemic acquired resistance)",0.265222063037249,0.468764576530952,-0.31378933421925,-1.13841127052142,1480,40,"AT3G53980;AT3G52430;AT4G37150;AT2G23620;AT5G52810;AT5G05960;AT2G46370;AT3G07690","OSD-281",-0.17,"root","unknown",FALSE
"GO:0009630 (gravitropism)",0.725499196694974,0.862208825488066,0.216010066688888,0.850969860538117,3160,47,"AT5G02750;AT1G54490;AT1G42540;AT1G09570;AT1G50030;AT1G68130;AT5G49665;AT1G05630;AT3G44610;AT1G31480;AT2G01940;AT5G35220","OSD-281",-0.17,"root","unknown",FALSE
"GO:0009631 (cold acclimation)",0.0494718309859155,0.143918053777209,-0.375190071192794,-1.42627768013856,280,49,"AT2G15970;AT1G20440;AT1G20450;AT3G50970;AT1G76180;AT5G59820;AT5G15960;AT3G14080;AT5G38480;AT4G04800","OSD-281",-0.17,"root","unknown",FALSE
"GO:0009637 (response to blue light)",0.236927348449792,0.432588071644064,0.287722006008154,1.14157612366416,1023,49,"AT5G53980;AT2G34640;AT4G33980;AT5G55280;AT3G28860;AT3G45780;AT1G10120;AT1G05630;AT5G42900;AT1G63980;AT5G27620;AT2G18915;AT4G18390","OSD-281",-0.17,"root","unknown",FALSE
"GO:0009638 (phototropism)",0.327799063431247,0.524726012301897,0.337632045711758,1.09399294160018,1539,21,"AT1G09570;AT3G27580;AT5G47750;AT3G45780;AT3G44610","OSD-281",-0.17,"root","unknown",FALSE
"GO:0009639 (response to red or far red light)",0.751441860465116,0.870979803718757,-0.248482828155216,-0.807032440242284,4038,25,"AT1G80340;AT4G25560","OSD-281",-0.17,"root","unknown",FALSE
"GO:0009640 (photomorphogenesis)",0.616753926701571,0.789510173323286,-0.229049552170837,-0.912513683539582,3533,62,"AT1G06040;AT4G37470;AT5G11260;AT1G69640;AT2G31380;AT1G74660;AT2G46370","OSD-281",-0.17,"root","unknown",FALSE
"GO:0009644 (response to high light intensity)",0.203244785166696,0.392294696448735,-0.316706327044597,-1.18595303158416,1139,46,"AT1G07600;AT4G34190;AT2G05620;AT1G55480;AT1G32070;AT4G04850;AT5G64940;AT2G42080;AT1G45474;AT3G54890;AT1G61520;AT3G47860","OSD-281",-0.17,"root","unknown",FALSE
"GO:0009646 (response to absence of light)",0.437286592305941,0.642198666961382,0.25600582696336,1.00474966108211,1920,46,"AT5G53980;AT3G06850;AT3G48390;AT4G00630;AT3G47340;AT4G33980;AT4G24800;AT5G45630;AT5G63190;AT4G01800;AT3G57180;AT2G41100;AT4G06634;AT1G22730;AT5G42900","OSD-281",-0.17,"root","unknown",FALSE
"GO:0009651 (response to salt stress)",0.82174688057041,0.916737804379467,-0.173118952516431,-0.882895985308475,5531,347,"AT5G67300;AT1G10370;AT1G35720;AT1G06040;AT1G13930;AT2G47460;AT1G15100;AT3G57540;AT3G32980;AT1G49300;AT1G70170;AT5G23750;AT1G62660;AT3G02140;AT4G39730;AT2G35612;AT5G44610;AT4G39090;AT5G10230;AT3G51920;AT1G05850;AT1G44170;AT2G01430;AT5G65020;AT3G50500;AT5G63980;AT2G38750;AT2G03760;AT1G22885;AT5G20270;AT4G40010;AT5G13180;AT2G41870;AT2G45960;AT5G01820;AT3G05700;AT2G38760;AT1G16060;AT1G73660;AT4G11393;AT1G69310;AT2G44480;AT5G12420;AT1G78080;AT3G57530;AT3G23490;AT4G27710;AT1G65500;AT2G30250;AT1G71730;AT2G45640;AT4G32150;AT4G34000;AT1G02730;AT4G01370;AT3G51960;AT4G21870;AT5G24090;AT1G66350;AT1G08920;AT3G62260;AT5G58940;AT3G17510;AT1G14080;AT5G27150;AT5G59720;AT4G38630;AT5G23290;AT3G44550;AT1G66280;AT2G17840;AT4G19810;AT3G16460;AT1G45249;AT5G27200;AT3G09260;AT5G38820;AT5G22500;AT5G11150;AT3G49210;AT1G65484;AT3G61890;AT3G44540;AT2G03440;AT2G38170;AT4G29920","OSD-281",-0.17,"root","unknown",FALSE
"GO:0009658 (chloroplast organization)",0.000258197779499096,0.0032037602027643,0.355762692874806,1.73843421284423,0,150,"AT3G04340;AT1G64810;AT1G06950;AT5G63420;AT3G57190;AT3G26900;AT3G48870;AT3G63190;AT3G10350;AT1G11870;AT5G53080;AT5G67570;AT4G00630;AT4G34020;AT5G02250;AT2G25870;AT4G39460;AT2G47940;AT2G28000;AT3G19570;AT1G15510;AT3G54090;AT1G49970;AT3G18680;AT5G42480;AT5G55280;AT3G24560;AT3G47390;AT4G23940;AT5G15450;AT5G14100;AT5G26742;AT1G30610;AT5G16620;AT5G50920;AT4G26150;AT5G39980;AT3G62910;AT3G46740;AT5G58270;AT4G01800;AT2G16800;AT2G31840;AT1G43160;AT2G31530;AT3G57180;AT5G23040;AT1G24490;AT2G04270;AT3G19180;AT5G22370;AT4G37920","OSD-281",-0.17,"root","unknown",FALSE
"GO:0009664 (plant-type cell wall organization)",0.416725352112676,0.625602503912363,-0.268955875662172,-1.0224304741848,2366,49,"AT1G76930;AT1G62980;AT1G05250;AT2G45890;AT5G44585;AT3G11490;AT1G12560;AT1G31420;AT1G64760;AT2G41480;AT5G62880;AT2G35620;AT3G03220;AT2G40610","OSD-281",-0.17,"root","unknown",FALSE
"GO:0009682 (induced systemic resistance)",0.787103594080338,0.894502776076347,0.259170705797313,0.774144101519937,3722,16,"AT1G18570;AT5G51200;AT3G56400;AT5G57220;AT1G64790","OSD-281",-0.17,"root","unknown",FALSE
"GO:0009686 (gibberellin biosynthetic process)",0.581380753138075,0.763454639110043,0.311440987441057,0.913751353357209,2778,15,"AT5G07200;AT5G03730;AT5G25900;AT2G20180;AT1G30040;AT5G61780;AT2G32440","OSD-281",-0.17,"root","unknown",FALSE
"GO:0009693 (ethylene biosynthetic process)",0.960687022900763,0.986524193064796,-0.200471327572663,-0.588945435108063,5033,17,"AT1G31340;AT5G65800;AT1G62380;AT1G01480;AT1G05010;AT2G19590;AT1G48420;AT1G02500;AT3G51770;AT4G11280;AT2G41060;AT1G73500;AT1G12010;AT1G77330;AT3G15010;AT4G08040;AT3G56860","OSD-281",-0.17,"root","unknown",FALSE
"GO:0009695 (jasmonic acid biosynthetic process)",0.881651766709238,0.949685599927578,0.218054046305851,0.706537162499123,4141,21,"AT2G43710","OSD-281",-0.17,"root","unknown",FALSE
"GO:0009723 (response to ethylene)",0.0511627906976744,0.147426430067232,0.28343814022066,1.31422316510371,208,107,"AT1G54970;AT5G13330;AT5G25350;AT2G26070;AT5G42520;AT1G54490;AT3G16770;AT2G27050;AT3G03450;AT5G03730;AT3G09370;AT2G35550;AT1G14920;AT3G20770;AT1G09530;AT2G25490;AT4G24800;AT1G68120;AT1G06160;AT5G57090;AT1G66340;AT1G08720;AT1G25490;AT3G51440;AT1G70560;AT1G74840;AT5G39610;AT5G35220;AT1G19220;AT5G06100;AT1G02120;AT5G17490;AT1G13960;AT2G43790;AT5G08560;AT3G04720;AT5G03280","OSD-281",-0.17,"root","unknown",FALSE
"GO:0009733 (response to auxin)",0.216313033893635,0.409714406876417,0.212803385642114,1.09369800894031,784,215,"AT1G80680;AT3G59900;AT5G54490;AT1G33410;AT5G20820;AT1G15750;AT5G12330;AT4G34770;AT5G10990;AT2G20000;AT4G16780;AT3G12670;AT4G03190;AT4G29940;AT5G56290;AT5G09410;AT1G48410;AT1G58220;AT1G76520;AT5G65940;AT1G50030;AT3G21110;AT3G09370;AT4G32551;AT4G16420;AT4G02570;AT2G25170;AT1G09530;AT1G17345;AT1G10840;AT3G47600;AT2G20180;AT1G26870;AT1G43850;AT3G62980;AT3G28860;AT1G79220;AT5G57090;AT4G26150;AT1G75580;AT1G59750","OSD-281",-0.17,"root","unknown",FALSE
"GO:0009734 (auxin-activated signaling pathway)",0.679354499210665,0.83443946569714,-0.223219600888399,-0.87667559658158,3872,58,"AT1G13670;AT3G45600;AT5G23030;AT5G45550;AT1G04250;AT3G12090;AT5G65670;AT4G17350;AT5G43870;AT5G16760;AT2G19580;AT4G11260;AT1G56010;AT3G53020","OSD-281",-0.17,"root","unknown",FALSE
"GO:0009735 (response to cytokinin)",0.91151832460733,0.957172955718923,-0.186313791086853,-0.742258093008989,5222,62,"AT1G30260;AT5G62920;AT1G05850;AT5G24314;AT1G74660;AT3G57040;AT4G31920;AT4G37790;AT1G13430;AT1G13420;AT4G38630;AT5G65800;AT1G03850;AT1G10470;AT4G34160;AT1G69690;AT1G64520;AT2G40670;AT3G18780;AT2G18300;AT1G19050","OSD-281",-0.17,"root","unknown",FALSE
"GO:0009736 (cytokinin-activated signaling pathway)",0.382564462375022,0.585892174115903,-0.272215259942284,-1.04299723663178,2180,51,"AT1G67030;AT5G62920;AT3G29350;AT1G78100;AT5G39340;AT3G57040;AT3G30580;AT4G31920;AT1G78080;AT4G01540;AT2G46790;AT1G03430;AT1G31320;AT1G10480;AT5G24470;AT5G38790;AT1G26210;AT1G10470","OSD-281",-0.17,"root","unknown",FALSE
"GO:0009737 (response to abscisic acid)",0.0964705882352941,0.237466063348416,-0.229288145144944,-1.17630333906983,655,364,"AT4G24130;AT5G67300;AT1G35720;AT2G15970;AT3G57540;AT3G05880;AT1G20440;AT4G28110;AT1G76930;AT1G20450;AT5G11260;AT3G50970;AT4G23450;AT3G57870;AT1G76180;AT1G63840;AT2G16600;AT5G15970;AT4G05100;AT1G62660;AT3G02140;AT5G44610;AT5G37770;AT1G75750;AT1G69260;AT5G37740;AT3G51920;AT5G15960;AT4G34990;AT5G48870;AT2G46270;AT1G44170;AT3G50500;AT2G32020;AT1G02340;AT2G32510;AT2G38750;AT3G28210;AT1G70670;AT5G19730;AT3G59370;AT2G43230;AT1G74660;AT2G35940;AT5G13180;AT2G46680;AT2G22570;AT5G53160;AT2G41870;AT5G65310;AT2G02820;AT5G50720;AT5G01820;AT3G05700;AT4G27410;AT1G16060;AT3G43670;AT1G05100;AT4G18980;AT5G46230;AT2G38610;AT1G11700;AT3G46620;AT5G12420","OSD-281",-0.17,"root","unknown",FALSE
"GO:0009738 (abscisic acid-activated signaling pathway)",0.466195239737841,0.665367853898139,-0.231936112077999,-0.992179127560202,2702,91,"AT1G18720;AT1G69260;AT5G46790;AT3G21220;AT4G34990;AT5G45870;AT5G63980;AT1G02340;AT2G32510;AT2G46680;AT2G22430;AT5G53160;AT5G65310;AT1G05100;AT2G17290;AT3G59220;AT3G57530;AT4G37790;AT2G38310;AT4G34000;AT3G48040;AT2G30360;AT1G15080;AT2G18470;AT2G03440;AT1G74740;AT4G17870;AT2G28400;AT5G23580;AT2G43350","OSD-281",-0.17,"root","unknown",FALSE
"GO:0009739 (response to gibberellin)",0.152430391694195,0.332178057885558,0.284542409592638,1.20777934651751,645,68,"AT2G36250;AT2G38560;AT2G22840;AT2G36400;AT3G03450;AT1G14920;AT2G25170;AT5G42480;AT3G19720;AT4G19700;AT1G79220;AT5G66880;AT2G36270;AT4G26150;AT4G36410;AT1G66340;AT2G37320;AT5G08520;AT5G13910;AT1G74840;AT5G67480;AT1G18080;AT5G04760;AT5G06100;AT5G17490","OSD-281",-0.17,"root","unknown",FALSE
"GO:0009740 (gibberellic acid mediated signaling pathway)",0.35938543754175,0.560272682116369,0.290004840166116,1.05569339996914,1613,33,"AT3G11540;AT3G03450;AT1G14920;AT5G25900;AT1G09530;AT2G20180;AT1G54830;AT3G11440;AT4G26150","OSD-281",-0.17,"root","unknown",FALSE
"GO:0009741 (response to brassinosteroid)",0.161363636363636,0.343106884710516,0.329820649671816,1.23855539624869,709,38,"AT2G44080;AT4G08950;AT3G20810;AT1G13260;AT4G00720;AT3G48430;AT5G26230;AT3G57180;AT3G20780;AT5G04240;AT1G17560;AT5G57560;AT5G58220","OSD-281",-0.17,"root","unknown",FALSE
"GO:0009742 (brassinosteroid mediated signaling pathway)",0.815446868402533,0.914744826547491,-0.20622170308225,-0.798646051785591,4634,54,"AT1G22300;AT3G05800;AT3G54030;AT5G65430;AT4G15400;AT4G18890;AT2G42080;AT5G10450;AT1G35160","OSD-281",-0.17,"root","unknown",FALSE
"GO:0009744 (response to sucrose)",0.323539699195523,0.521976288896952,-0.269821603290949,-1.07785937392872,1849,63,"AT3G16690;AT4G37220;AT3G04120;AT5G42890;AT1G74670;AT3G12700;AT5G47060;AT1G62480;AT5G20270;AT4G37680;AT4G01900;AT4G30850;AT4G17670;AT4G38630;AT5G41670;AT5G65420;AT1G16880;AT5G20700;AT5G03840;AT4G34160;AT1G20840;AT3G63210;AT1G22160;AT4G38320;AT1G08810;AT4G39795","OSD-281",-0.17,"root","unknown",FALSE
"GO:0009749 (response to glucose)",0.515845070422535,0.714427796849434,-0.252821029816858,-0.961094174883261,2929,49,"AT3G16690;AT4G37220;AT1G74670;AT1G12080;AT5G47060;AT5G13420;AT3G59370","OSD-281",-0.17,"root","unknown",FALSE
"GO:0009750 (response to fructose)",0.254691689008043,0.452785224903187,-0.414606259536786,-1.17812497388891,1329,15,"AT3G16690;AT4G37220;AT1G74670","OSD-281",-0.17,"root","unknown",FALSE
"GO:0009751 (response to salicylic acid)",0.532730825598437,0.723819041482653,0.207472961708676,0.965344289014019,2180,109,"AT5G13330;AT2G40000;AT1G55870;AT4G35890;AT1G26190;AT1G61340;AT4G31800;AT3G09370;AT1G71220;AT2G20580;AT5G08790;AT1G73260;AT2G17520;AT2G06010;AT3G03950;AT5G45630;AT3G56400;AT5G56140;AT1G43160;AT4G23810;AT3G48360;AT3G20470;AT5G24360;AT3G51440;AT5G08520;AT1G15780;AT5G67480;AT1G62810;AT5G04760;AT1G60490;AT1G80840;AT5G43470;AT1G02120","OSD-281",-0.17,"root","unknown",FALSE
"GO:0009753 (response to jasmonic acid)",0.0256147540983607,0.090545177277926,-0.324204925722121,-1.41551915033074,149,104,"AT5G67300;AT5G56980;AT1G74020;AT1G76930;AT1G70170;AT5G13930;AT3G50660;AT2G26690;AT4G20860;AT1G65490;AT3G53600;AT5G67160;AT1G51360;AT1G22885;AT2G46370;AT4G14940;AT1G53940;AT3G43670;AT3G09940;AT5G14200;AT1G74950;AT5G11790;AT2G34810;AT1G65500;AT1G19570;AT1G18150","OSD-281",-0.17,"root","unknown",FALSE
"GO:0009755 (hormone-mediated signaling pathway)",0.986962190352021,0.998457590239648,-0.168881886032651,-0.53698075586997,5298,23,"AT3G58190;AT3G13380;AT4G39270;AT2G01950;AT1G76540;AT2G31310;AT1G35710","OSD-281",-0.17,"root","unknown",FALSE
"GO:0009768 (photosynthesis, light harvesting in photosystem I)",0.0381679389312977,0.120238895700668,-0.521375964256274,-1.53170030767866,199,17,"AT1G15820;AT1G08380;AT4G10340;AT1G45474;AT3G54890;AT1G29930;AT1G61520;AT3G47470","OSD-281",-0.17,"root","unknown",FALSE
"GO:0009785 (blue light signaling pathway)",0.0201354911554385,0.0774834090032062,-0.52151752155653,-1.59862495798463,106,20,"AT3G52740;AT3G44450;AT1G02340;AT5G43630;AT3G59220","OSD-281",-0.17,"root","unknown",FALSE
"GO:0009787 (regulation of abscisic acid-activated signaling pathway)",0.652943686006826,0.818535589880722,0.272409634273955,0.870341565878609,3060,20,"AT3G20810;AT5G13680;AT5G60410;AT1G52920;AT3G45880;AT5G08520;AT1G69935","OSD-281",-0.17,"root","unknown",FALSE
"GO:0009788 (negative regulation of abscisic acid-activated signaling pathway)",0.81091036660235,0.911337343612253,-0.209287726204557,-0.801889358218141,4622,51,"AT1G67030;AT4G33360;AT3G02140;AT5G25160;AT5G20270;AT2G22430","OSD-281",-0.17,"root","unknown",FALSE
"GO:0009789 (positive regulation of abscisic acid-activated signaling pathway)",0.019393068773568,0.0760708762214795,-0.418541276345086,-1.54911345472695,107,44,"AT1G15100;AT2G01540;AT4G23450;AT2G01150;AT5G37740;AT1G23140;AT3G50500;AT1G73580;AT1G35670;AT5G53160;AT1G67800;AT1G05100","OSD-281",-0.17,"root","unknown",FALSE
"GO:0009791 (post-embryonic development)",0.0144156132180084,0.0617231889897826,0.451866192652008,1.63194994953298,64,32,"AT5G55300;AT5G13570;AT1G50030;AT1G17580;AT5G11530;AT4G39800;AT3G13300;AT3G42170;AT2G32410;AT5G57390;AT2G30280;AT4G15180;AT3G20440;AT3G27530;AT4G22140;AT4G33650;AT1G55180;AT4G27630","OSD-281",-0.17,"root","unknown",FALSE
"GO:0009809 (lignin biosynthetic process)",0.000544365813826892,0.00501476386070834,-0.577857466033636,-2.00989871429891,2,33,"AT5G66390;AT4G34050;AT3G19450;AT4G01070;AT5G54160;AT1G12840;AT5G60020;AT1G05850;AT5G13420;AT4G34230;AT5G48930;AT1G07890;AT1G15950;AT1G61810;AT2G40890;AT3G16920","OSD-281",-0.17,"root","unknown",FALSE
"GO:0009813 (flavonoid biosynthetic process)",0.000188394875659382,0.00319946114338638,-0.689908607779963,-2.08887649032458,0,19,"AT5G05270;AT2G47460;AT3G55120;AT5G08640;AT5G13930;AT5G07990;AT4G25640;AT5G63600;AT3G51240;AT2G45400;AT2G26670","OSD-281",-0.17,"root","unknown",FALSE
"GO:0009825 (multidimensional cell growth)",0.0638995084653195,0.175795932791467,-0.409034281189732,-1.4118445460329,350,32,"AT5G25810;AT5G54790;AT4G28110;AT4G01710;AT1G50930;AT1G05850;AT3G20557","OSD-281",-0.17,"root","unknown",FALSE
"GO:0009826 (unidimensional cell growth)",0.878209459459459,0.948403821227978,-0.181673818324768,-0.798947220950158,5198,108,"AT4G01630;AT1G62980;AT1G12840;AT4G02270;AT1G75750;AT3G50660;AT2G19760;AT3G51160;AT3G23090;AT1G17060;AT1G09330;AT2G06850;AT4G34490;AT3G49120","OSD-281",-0.17,"root","unknown",FALSE
"GO:0009827 (plant-type cell wall modification)",0.0185052102048149,0.0735370444740359,-0.422365521300319,-1.55463090201546,102,43,"AT3G17130;AT5G64620;AT2G34070;AT5G38610;AT2G28470;AT4G25250;AT5G62350;AT1G62770;AT1G27930;AT1G70720;AT4G00080;AT4G26140;AT5G62360;AT2G47670;AT1G70370;AT5G14650;AT4G12390","OSD-281",-0.17,"root","unknown",FALSE
"GO:0009828 (plant-type cell wall loosening)",0.272794662713121,0.479361719449646,-0.353099604858196,-1.13657166250282,1471,24,"AT4G01630;AT1G62980;AT1G12560;AT4G38400;AT3G03220;AT2G40610;AT2G20750","OSD-281",-0.17,"root","unknown",FALSE
"GO:0009832 (plant-type cell wall biogenesis)",0.303113553113553,0.50216087273308,-0.32738201637108,-1.11265722371189,1654,30,"AT4G11150;AT4G02270;AT1G64440;AT2G03220;AT1G80350;AT5G09870;AT5G17420;AT2G35620;AT3G02230","OSD-281",-0.17,"root","unknown",FALSE
"GO:0009833 (plant-type primary cell wall biogenesis)",0.380314055917273,0.584175084175084,-0.374797423039298,-1.06500612104875,1985,15,"AT1G02730;AT5G09870;AT5G17420;AT4G18780;AT1G76670;AT4G15290;AT4G39350","OSD-281",-0.17,"root","unknown",FALSE
"GO:0009834 (plant-type secondary cell wall biogenesis)",0.00140721196130167,0.0110356844665481,-0.464848314493149,-1.80583515518031,7,55,"AT5G67210;AT1G43790;AT4G33330;AT2G28110;AT1G33800;AT2G06850;AT3G50220;AT4G14940;AT1G27930;AT2G35700;AT5G03170;AT1G09610;AT4G09990;AT2G37090;AT5G61840;AT4G03210;AT5G17420;AT4G18780;AT2G40320;AT1G17950;AT1G03870;AT1G27440;AT5G67230;AT2G38080;AT2G36570;AT5G15630;AT5G48920;AT2G04780","OSD-281",-0.17,"root","unknown",FALSE
"GO:0009845 (seed germination)",0.230697019478996,0.425851239669422,0.26189900605465,1.13125095705579,982,73,"AT5G11310;AT2G38560;AT4G27490;AT4G21750;AT4G03090;AT4G04890;AT5G08450;AT1G75390;AT3G18130;AT1G30010;AT1G60170;AT2G36270;AT4G32320;AT5G44280;AT5G01560;AT3G03090;AT1G09970;AT5G61780;AT2G26300;AT5G57710;AT5G57390;AT3G25230;AT1G18080;AT4G03430","OSD-281",-0.17,"root","unknown",FALSE
"GO:0009846 (pollen germination)",0.0430854760250174,0.129044184350791,0.344925749785094,1.40495885878673,185,55,"AT3G55200;AT3G45100;AT3G03110;AT3G56960;AT5G23630;AT1G21170;AT3G10380;AT4G29380;AT5G17020;AT3G04080;AT2G43040;AT1G05630;AT2G39990;AT3G56640;AT3G06540;AT1G76850;AT3G09840;AT3G07160;AT3G48820;AT5G35700;AT5G65930","OSD-281",-0.17,"root","unknown",FALSE
"GO:0009853 (photorespiration)",0.000717617509867241,0.0062330206571326,-0.547804984530266,-1.95444123955422,3,37,"AT2G31490;AT1G67350;AT2G02050;AT2G47690;AT2G27730;AT4G16450;AT1G19580;AT1G14450;AT3G18410;AT4G37930;AT2G33220;AT1G12550;AT4G34700;AT4G00585;AT5G66510;AT1G49140","OSD-281",-0.17,"root","unknown",FALSE
"GO:0009860 (pollen tube growth)",0.697996918335901,0.850465183062581,-0.205355691466895,-0.88585157646037,4076,95,"AT5G04950;AT1G75840;AT3G27960;AT1G27380;AT5G56080;AT5G26720;AT1G20090;AT4G14880;AT1G72150;AT5G47200;AT1G63530;AT2G36880;AT4G17530;AT5G27840;AT4G34600;AT5G16490;AT3G51300;AT2G19690;AT5G07370;AT4G14455;AT5G23530;AT2G37540;AT3G56950;AT3G58170","OSD-281",-0.17,"root","unknown",FALSE
"GO:0009862 (systemic acquired resistance, salicylic acid mediated signaling pathway)",0.849433011339773,0.932916757059619,0.239000302994918,0.728979230864478,4044,17,"AT4G26120;AT5G51200;AT3G56400;AT5G60600","OSD-281",-0.17,"root","unknown",FALSE
"GO:0009863 (salicylic acid mediated signaling pathway)",0.593473092716663,0.774316824832041,0.267891102436279,0.908766290256184,2745,25,"AT3G03450;AT1G14920;AT4G03550;AT1G33980;AT5G47010;AT2G39260;AT5G17490;AT1G53130;AT2G04880;AT4G02195;AT3G11820;AT2G20370;AT5G22570","OSD-281",-0.17,"root","unknown",FALSE
"GO:0009867 (jasmonic acid mediated signaling pathway)",0.276825969341749,0.483649969424665,0.288238108874137,1.11504802183995,1227,43,"AT1G15750;AT3G17860;AT3G03450;AT1G25540;AT4G02570;AT1G14920;AT5G53060;AT4G28910;AT1G33980;AT5G64810;AT5G47010;AT1G17440;AT3G11910;AT2G39260;AT5G17490;AT3G11670;AT1G53130","OSD-281",-0.17,"root","unknown",FALSE
"GO:0009873 (ethylene-activated signaling pathway)",0.168669236000907,0.352408575562032,0.321790656952461,1.21666710742753,743,39,"AT1G54490;AT3G16770;AT5G05550;AT2G27050;AT3G48430;AT5G09860;AT3G20770;AT1G06160;AT1G28360","OSD-281",-0.17,"root","unknown",FALSE
"GO:0009903 (chloroplast avoidance movement)",0.483816334211517,0.68250656891091,-0.319611390698612,-0.97971539767642,2570,20,"AT1G58070;AT1G75720;AT3G51720;AT2G40480;AT1G10430;AT1G42550;AT3G13190;AT5G55860","OSD-281",-0.17,"root","unknown",FALSE
"GO:0009904 (chloroplast accumulation movement)",0.517709118311982,0.715379872576557,-0.315657081231285,-0.955733337072388,2747,19,"AT1G58070;AT1G75720;AT3G51720;AT2G40480;AT2G30520;AT3G13190;AT5G55860","OSD-281",-0.17,"root","unknown",FALSE
"GO:0009908 (flower development)",0.000469373386528984,0.004602887403381,0.435169587026889,1.87967880910176,1,73,"AT5G10510;AT5G05660;AT2G28290;AT4G36620;AT3G23980;AT3G57290;AT5G07200;AT1G17110;AT4G32551;AT4G03090;AT2G19520;AT4G24560;AT5G08450;AT1G09000;AT5G64960;AT3G12980;AT3G61970;AT1G17980;AT1G79000;AT1G69490;AT3G54610;AT5G46210;AT1G16710;AT5G35770;AT2G32700;AT1G70560;AT1G72560","OSD-281",-0.17,"root","unknown",FALSE
"GO:0009909 (regulation of flower development)",0.124056603773585,0.285522745411014,0.289500854679167,1.24117190174661,525,71,"AT4G31120;AT4G27900;AT5G49020;AT1G25540;AT5G59570;AT5G13480;AT4G32551;AT3G01890;AT5G11530;AT5G59990;AT4G16280;AT1G43850;AT2G03070;AT5G06110;AT5G02810;AT1G65380;AT4G00830;AT3G44600;AT5G10625;AT3G24440;AT4G15880;AT5G14170","OSD-281",-0.17,"root","unknown",FALSE
"GO:0009910 (negative regulation of flower development)",0.000225428313796213,0.00319946114338638,0.516955748347443,1.99984133543325,0,43,"AT1G80680;AT3G12810;AT2G38560;AT1G79280;AT5G22290;AT3G04240;AT1G13260;AT5G60410;AT3G19980;AT5G11530;AT4G20400;AT5G61150;AT5G49160;AT4G26150;AT5G67100;AT5G13790;AT5G23150;AT5G17690;AT1G30970;AT2G06210;AT1G79730;AT1G77300;AT5G16260;AT4G00650;AT1G61040","OSD-281",-0.17,"root","unknown",FALSE
"GO:0009911 (positive regulation of flower development)",0.0186294078509647,0.0735498699570556,0.441663650324016,1.59510267326397,83,32,"AT3G04610;AT4G02560;AT1G25540;AT3G44110;AT4G15880;AT3G03090;AT2G43410;AT4G39400;AT3G10390;AT5G62000","OSD-281",-0.17,"root","unknown",FALSE
"GO:0009926 (auxin polar transport)",0.0345528455284553,0.109990209849742,0.398557385754924,1.48525617513354,152,37,"AT4G04950;AT4G13750;AT3G28860;AT5G57090;AT1G28560;AT1G15690;AT5G55540;AT1G25490;AT2G34650;AT3G14370;AT1G70560;AT4G36760;AT4G10090;AT5G03280;AT2G31190;AT3G02260","OSD-281",-0.17,"root","unknown",FALSE
"GO:0009933 (meristem structural organization)",0.29802589683719,0.497801498013767,0.362412287081451,1.1211451290796,1403,18,"AT5G55300;AT3G44600;AT5G55540;AT2G34780;AT5G51430;AT1G13870;AT1G36160","OSD-281",-0.17,"root","unknown",FALSE
"GO:0009934 (regulation of meristem structural organization)",0.286962079250107,0.489245225684299,0.359437556531742,1.13083160962477,1346,19,"AT1G04020;AT5G43810;AT4G24190;AT5G19280;AT3G22780;AT5G40280;AT2G42620;AT1G65470;AT3G50870;AT1G55350;AT3G49670;AT1G20930","OSD-281",-0.17,"root","unknown",FALSE
"GO:0009944 (polarity specification of adaxial/abaxial axis)",0.193023255813953,0.383164167157675,0.413851946931966,1.2361776869585,912,16,"AT4G32551;AT3G44750;AT2G32700;AT1G32240;AT2G26330;AT5G22650;AT2G34710;AT1G30490;AT5G16560;AT3G05040;AT5G60690","OSD-281",-0.17,"root","unknown",FALSE
"GO:0009958 (positive gravitropism)",0.714190391459075,0.859856946548747,0.232098261462789,0.85097285185078,3210,34,"AT2G16005;AT3G28860;AT5G57090;AT1G42430;AT2G14820;AT3G61050;AT2G23050;AT5G06140;AT1G69935;AT2G34650;AT1G70560","OSD-281",-0.17,"root","unknown",FALSE
"GO:0009959 (negative gravitropism)",0.336812952705582,0.534223918575064,0.345262316278497,1.08623468462041,1580,19,"AT2G20180;AT5G58960;AT1G53380;AT1G42430;AT1G31480;AT2G01940;AT5G35220;AT3G14870","OSD-281",-0.17,"root","unknown",FALSE
"GO:0009960 (endosperm development)",0.569177638679042,0.757242897848703,0.278560800412917,0.9234833913182,2636,23,"AT3G12280;AT2G44190;AT3G26744;AT3G20070;AT2G34260;AT4G02020;AT2G18390;AT2G35230;AT4G24900;AT1G02680;AT1G26830;AT5G12210;AT5G54650;AT4G22970;AT2G42260","OSD-281",-0.17,"root","unknown",FALSE
"GO:0009965 (leaf morphogenesis)",0.000231642344220524,0.00319946114338638,0.469522050568335,1.91246714619797,0,55,"AT5G55300;AT5G13680;AT3G20630;AT3G23980;AT1G48410;AT1G55250;AT2G19520;AT1G77600;AT4G03550;AT2G44950;AT1G68130;AT3G13300;AT1G30210;AT5G67100;AT5G55540;AT5G55920;AT2G30130;AT4G18390;AT2G01940;AT3G15030;AT2G26330","OSD-281",-0.17,"root","unknown",FALSE
"GO:0009969 (xyloglucan biosynthetic process)",0.626196859440827,0.798171258993759,-0.307253485670078,-0.873076555059152,3269,15,"AT1G64440;AT2G15370;AT5G62220;AT2G03220;AT1G14080;AT1G74380;AT2G15390;AT5G07720","OSD-281",-0.17,"root","unknown",FALSE
"GO:0010015 (root morphogenesis)",0.34069199745277,0.538027881691647,0.348671757897161,1.07863794067823,1604,18,"AT1G24460;AT1G12470;AT5G24740;AT3G54610;AT5G55920;AT4G10090;AT1G22860","OSD-281",-0.17,"root","unknown",FALSE
"GO:0010017 (red or far-red light signaling pathway)",0.152356118457813,0.332178057885558,-0.401479212934906,-1.27655260307897,817,23,"AT2G40080;AT3G17609;AT5G11260;AT2G02950;AT5G15960","OSD-281",-0.17,"root","unknown",FALSE
"GO:0010020 (chloroplast fission)",0.00455927051671732,0.0256670043904086,0.530810211883161,1.77628780364762,20,24,"AT2G36250;AT1G75010;AT5G42480;AT5G55280;AT3G19720;AT4G23940;AT5G21920;AT3G07630;AT3G19180;AT3G29185;AT5G51020;AT2G16070;AT4G27990;AT1G20830;AT3G07430;AT2G21280;AT5G10490;AT5G46290;AT1G69390","OSD-281",-0.17,"root","unknown",FALSE
"GO:0010025 (wax biosynthetic process)",0.11854103343465,0.276909588791538,0.392178264837797,1.31237390142826,545,24,"AT2G47240;AT5G23570;AT3G27670;AT4G34100;AT1G06350;AT1G02205;AT3G60500;AT3G12990","OSD-281",-0.17,"root","unknown",FALSE
"GO:0010026 (trichome differentiation)",0.60964581763376,0.787214952606846,-0.295804809335022,-0.895625456729978,3235,19,"AT1G67030;AT5G04470;AT1G01380;AT1G10480;AT4G26690","OSD-281",-0.17,"root","unknown",FALSE
"GO:0010027 (thylakoid membrane organization)",0.202861758596815,0.392294696448735,0.290840344100451,1.16921397872684,878,52,"AT3G26900;AT1G28530;AT4G13200;AT2G04540;AT2G18710;AT3G62910;AT4G31780;AT3G10670;AT2G31530;AT2G07050;AT1G24490;AT2G26300;AT4G18160;AT2G34860;AT2G28800;AT5G35220;AT5G19540;AT2G01110","OSD-281",-0.17,"root","unknown",FALSE
"GO:0010029 (regulation of seed germination)",0.0224329324699352,0.083165993547077,0.382666258654022,1.51143929530236,96,48,"AT5G11310;AT3G03450;AT4G21750;AT1G14920;AT2G47790;AT4G04890;AT4G28300;AT2G20180;AT1G54830;AT5G66880;AT4G26150;AT5G66730;AT5G55630;AT5G53470;AT2G19450;AT2G42160;AT5G15090;AT5G39610;AT3G54770","OSD-281",-0.17,"root","unknown",FALSE
"GO:0010030 (positive regulation of seed germination)",0.22887323943662,0.425550243356161,-0.368573258690062,-1.18637890164641,1234,24,"AT4G14690;AT3G22840;AT3G23210;AT5G09530","OSD-281",-0.17,"root","unknown",FALSE
"GO:0010038 (response to metal ion)",0.0580424886191199,0.164138758513604,-0.51227668820625,-1.48305384670265,305,16,"AT1G12080;AT5G44610;AT5G37770;AT5G56795;AT1G62480;AT3G59370","OSD-281",-0.17,"root","unknown",FALSE
"GO:0010039 (response to iron ion)",0.0211161387631976,0.0792506936297786,-0.519236893041647,-1.60884306041906,111,21,"AT5G09830;AT2G28160;AT3G25190;AT1G76800;AT4G31940;AT5G01600;AT4G36060;AT1G21140","OSD-281",-0.17,"root","unknown",FALSE
"GO:0010043 (response to zinc ion)",0.0481369228026386,0.141387676637702,-0.382210642380577,-1.43124349382242,269,46,"AT1G16470;AT4G33020;AT3G58810;AT2G38380;AT3G55440;AT2G32520;AT1G04410;AT5G56080;AT2G30860;AT1G65930;AT3G12820;AT4G38220;AT1G19570;AT1G16150;AT3G10920;AT3G07720;AT5G01600;AT4G35040;AT5G03630","OSD-281",-0.17,"root","unknown",FALSE
"GO:0010044 (response to aluminum ion)",0.675986212179242,0.831983030374451,-0.295454303561134,-0.839548573283044,3529,15,"AT4G23870;AT5G22890;AT1G51340;AT2G37330;AT5G27920;AT2G05520;AT1G08430","OSD-281",-0.17,"root","unknown",FALSE
"GO:0010051 (xylem and phloem pattern formation)",0.169769989047097,0.353493675824093,0.359071888921244,1.23889944854487,774,27,"AT1G15750;AT5G13010;AT3G15380;AT5G42080","OSD-281",-0.17,"root","unknown",FALSE
"GO:0010053 (root epidermal cell differentiation)",0.443669932177845,0.648439094245457,-0.332672344090215,-1.00725143984992,2354,19,"AT1G05850;AT1G64440;AT5G49270;AT5G65090;AT3G07880;AT4G34580;AT5G51060;AT4G26690;AT3G18780","OSD-281",-0.17,"root","unknown",FALSE
"GO:0010073 (meristem maintenance)",0.0961452263558942,0.237466063348416,0.357244826154137,1.32456574783061,428,36,"AT1G27470;AT5G06250;AT4G32551;AT5G23630;AT4G29840;AT4G07410;AT1G51190;AT2G04865;AT4G27760;AT1G08840;AT5G16850;AT2G32700;AT2G30370;AT1G50790;AT2G26140","OSD-281",-0.17,"root","unknown",FALSE
"GO:0010075 (regulation of meristem growth)",0.150276713495104,0.33080270692986,0.39497764935941,1.27980375671425,705,21,"AT5G55300;AT4G24190;AT1G65380;AT2G18510;AT5G03150;AT3G45260;AT1G13710;AT1G03840;AT5G13290;AT3G49670;AT4G08920;AT2G31081;AT5G44160","OSD-281",-0.17,"root","unknown",FALSE
"GO:0010078 (maintenance of root meristem identity)",0.729045271178844,0.862208825488066,0.229103776334078,0.849453911194871,3252,36,"AT3G24240;AT3G06010;AT5G48160;AT3G08550;AT1G65380;AT5G48940;AT1G14740;AT2G27230;AT3G63500;AT1G70560;AT5G57280;AT4G28980;AT5G19310;AT3G07780","OSD-281",-0.17,"root","unknown",FALSE
"GO:0010082 (regulation of root meristem growth)",0.211607949412827,0.402055103884372,0.31404916729941,1.17032949757908,936,37,"AT3G12380;AT3G24240;AT1G34110;AT3G17170;AT4G20400;AT3G19960;AT3G44600;AT5G24740;AT5G48940;AT2G25180;AT5G56040;AT2G43790;AT1G69380;AT1G71696;AT2G30980;AT1G08030;AT2G25010","OSD-281",-0.17,"root","unknown",FALSE
"GO:0010087 (phloem or xylem histogenesis)",0.17668739921677,0.361860197840988,0.29210339008381,1.19556786908393,766,56,"AT4G17500;AT1G54490;AT5G23080;AT1G08590;AT4G02570;AT4G28650;AT1G13980;AT1G78770;AT1G66340;AT1G05630;AT1G70560;AT5G61600;AT4G18750;AT5G47440;AT2G26330;AT5G03280;AT3G63300;AT4G16670;AT4G34840","OSD-281",-0.17,"root","unknown",FALSE
"GO:0010088 (phloem development)",0.318308809834234,0.516084683677904,-0.346072191825199,-1.10037915561852,1708,23,"AT1G63245;AT1G73965;AT1G70895;AT1G05065;AT1G69588","OSD-281",-0.17,"root","unknown",FALSE
"GO:0010089 (xylem development)",0.000542789940293107,0.00501476386070834,-0.569627150582359,-2.00969480810124,2,35,"AT5G54790;AT1G22740;AT1G50930;AT3G20557;AT2G06850;AT5G13180;AT1G62990;AT1G09540;AT3G21710;AT2G13820;AT4G08150;AT4G03210;AT1G29950","OSD-281",-0.17,"root","unknown",FALSE
"GO:0010090 (trichome morphogenesis)",0.317838078291815,0.516084683677904,0.294637822363683,1.08026999590484,1428,34,"AT3G12280;AT5G18410;AT2G19520;AT1G17580;AT2G38440;AT1G13180;AT4G01800;AT4G19600;AT5G24630;AT5G22220;AT1G30825","OSD-281",-0.17,"root","unknown",FALSE
"GO:0010091 (trichome branching)",0.851892686512312,0.932916757059619,-0.22193213305504,-0.747854717280548,4635,29,"AT4G20780;AT2G46600","OSD-281",-0.17,"root","unknown",FALSE
"GO:0010099 (regulation of photomorphogenesis)",0.112595419847328,0.265341144446417,-0.462609735850035,-1.35905665645214,589,17,"AT3G17609;AT3G43810;AT5G11260","OSD-281",-0.17,"root","unknown",FALSE
"GO:0010100 (negative regulation of photomorphogenesis)",0.479707112970711,0.678283545781843,0.333647031414368,0.978902709638352,2292,15,"AT2G20180;AT4G10180;AT4G05420;AT5G46210;AT1G71230;AT1G22920;AT1G69935","OSD-281",-0.17,"root","unknown",FALSE
"GO:0010102 (lateral root morphogenesis)",0.0724582701062216,0.189890638899063,-0.496939444331816,-1.43865214143388,381,16,"AT4G12550;AT4G14550;AT5G25890","OSD-281",-0.17,"root","unknown",FALSE
"GO:0010105 (negative regulation of ethylene-activated signaling pathway)",0.00253699788583509,0.0161324559541499,0.643064842635242,1.92083767063646,11,16,"AT3G23150;AT2G40940;AT5G25350;AT2G26070;AT3G04580;AT5G03730;AT2G25490;AT1G04310;AT1G66340;AT4G02680","OSD-281",-0.17,"root","unknown",FALSE
"GO:0010114 (response to red light)",0.0012278547623224,0.00989853996535511,-0.478685493569109,-1.83409132579179,6,51,"AT4G14690;AT2G40080;AT3G17609;AT5G52250;AT1G80340;AT5G44110;AT5G24120;AT5G11260;AT2G02950;AT3G25717;AT2G21650;AT2G47890","OSD-281",-0.17,"root","unknown",FALSE
"GO:0010118 (stomatal movement)",0.999779832672831,1,0.124531176698625,0.441198295944675,4540,30,"AT3G56960;AT5G06970;AT5G04310;AT4G17615","OSD-281",-0.17,"root","unknown",FALSE
"GO:0010119 (regulation of stomatal movement)",0.575863883529205,0.762800089729318,-0.241702330159553,-0.926086445327591,3282,51,"AT1G70410;AT4G18950;AT1G20090;AT2G46370;AT5G20090;AT2G17290;AT2G26670;AT1G09540;AT2G19690;AT4G01370;AT2G26770;AT4G26080;AT3G49220;AT1G51850","OSD-281",-0.17,"root","unknown",FALSE
"GO:0010143 (cutin biosynthetic process)",0.285926554871577,0.489245225684299,0.366231548371153,1.13296025330211,1346,18,"AT4G00730;AT2G47240;AT1G64670;AT3G27670;AT4G34100","OSD-281",-0.17,"root","unknown",FALSE
"GO:0010150 (leaf senescence)",0.877118644067797,0.948403821227978,-0.183378934762999,-0.80216485599805,5174,105,"AT3G52430;AT2G44300;AT1G61930;AT5G44610;AT1G01230;AT5G37600;AT1G29640;AT5G13180;AT5G64940;AT1G11190;AT4G18980;AT1G11700;AT2G46700;AT1G73680;AT4G02380;AT5G42000;AT3G11340;AT2G13810;AT3G14067","OSD-281",-0.17,"root","unknown",FALSE
"GO:0010152 (pollen maturation)",0.412761506276151,0.622727036764019,0.349265523751949,1.02472653850598,1972,15,"AT4G03190;AT1G18750;AT5G23630;AT3G62980","OSD-281",-0.17,"root","unknown",FALSE
"GO:0010154 (fruit development)",0.370569280343716,0.573298021498676,0.324014582217902,1.06301058450025,1724,22,"AT1G53330;AT4G02460;AT1G17110;AT1G17580;AT4G15900;AT5G46210","OSD-281",-0.17,"root","unknown",FALSE
"GO:0010162 (seed dormancy process)",0.156446871062579,0.334928512697352,0.420401332967673,1.28227385706574,744,17,"AT2G38560;AT1G55250;AT2G44950;AT1G66340;AT5G53470;AT3G44750;AT3G26744;AT5G22650;AT4G23050","OSD-281",-0.17,"root","unknown",FALSE
"GO:0010167 (response to nitrate)",0.875942684766214,0.948403821227978,-0.228545453129223,-0.708142605398011,4645,21,"AT1G05850;AT5G50200;AT5G40890;AT2G15620;AT1G12110","OSD-281",-0.17,"root","unknown",FALSE
"GO:0010182 (sugar mediated signaling pathway)",0.000871459694989107,0.00736220091058801,0.598060212599948,2.08751314791685,3,28,"AT5G03730;AT1G16610;AT3G48430;AT3G20770;AT5G49450;AT4G15900;AT2G36270;AT5G67030;AT3G48360;AT1G66340;AT1G05630;AT5G46210;AT5G47010;AT2G19860","OSD-281",-0.17,"root","unknown",FALSE
"GO:0010183 (pollen tube guidance)",0.0825010855405992,0.210759075666741,0.410738670568967,1.37448390156195,379,24,"AT5G60410;AT2G15890;AT3G18000;AT4G28650;AT5G18480;AT4G15570","OSD-281",-0.17,"root","unknown",FALSE
"GO:0010187 (negative regulation of seed germination)",0.162524313810244,0.343106884710516,0.370616003350772,1.25723970453542,751,25,"AT5G19330;AT3G03450;AT1G36060;AT1G14920;AT2G20180;AT2G36270;AT4G26150;AT5G02500;AT2G23070","OSD-281",-0.17,"root","unknown",FALSE
"GO:0010193 (response to ozone)",0.983570646221249,0.997044710364946,0.165061083165696,0.56950736390019,4489,27,"AT5G27600;AT3G10985;AT3G05970;AT4G23810","OSD-281",-0.17,"root","unknown",FALSE
"GO:0010196 (nonphotochemical quenching)",0.0142261001517451,0.0613437510089433,-0.576684224294251,-1.66951527731433,74,16,"AT5G08050;AT1G44575;AT4G04850;AT1G15820;AT4G10340;AT1G74730;AT1G65420","OSD-281",-0.17,"root","unknown",FALSE
"GO:0010197 (polar nucleus fusion)",0.179520697167756,0.365974954414512,0.351411931592504,1.22659393164633,823,28,"AT5G48030;AT3G28730;AT1G72440;AT5G42020;AT2G01730;AT1G19520;AT5G28540","OSD-281",-0.17,"root","unknown",FALSE
"GO:0010207 (photosystem II assembly)",0.0469361147327249,0.139205647597545,-0.467133528170474,-1.48530858425331,251,23,"AT5G24120;AT1G34000;AT1G55480;AT5G66570;AT4G10340;AT1G54500;AT4G35250;AT1G71500;AT3G50820","OSD-281",-0.17,"root","unknown",FALSE
"GO:0010214 (seed coat development)",0.104072398190045,0.250102838338132,-0.435704410191215,-1.3500196656363,551,21,"AT2G48130;AT1G62990;AT4G00940;AT1G09540;AT1G63930;AT2G47670;AT2G22900;AT1G29160;AT2G45970","OSD-281",-0.17,"root","unknown",FALSE
"GO:0010218 (response to far red light)",0.00981792217065334,0.0455671502271544,-0.463352432683425,-1.66316568188797,54,38,"AT4G14690;AT3G17609;AT5G52250;AT5G44110;AT5G24120;AT5G11260;AT2G02950;AT3G25717;AT2G47890;AT1G02340","OSD-281",-0.17,"root","unknown",FALSE
"GO:0010224 (response to UV-B)",0.000175346308960196,0.00319946114338638,-0.504067907502838,-1.98702368849883,0,59,"AT4G14690;AT4G15480;AT3G21890;AT2G47460;AT3G17609;AT3G55120;AT5G52250;AT4G38620;AT2G37040;AT5G11260;AT5G13930;AT5G59820;AT4G01660;AT5G23730;AT3G51240;AT3G53600;AT2G46370","OSD-281",-0.17,"root","unknown",FALSE
"GO:0010227 (floral organ abscission)",0.0120229007633588,0.054147582697201,-0.568629423021096,-1.6705217000921,62,17,"AT3G25655;AT1G64405;AT2G44010;AT3G21220;AT2G41370","OSD-281",-0.17,"root","unknown",FALSE
"GO:0010228 (vegetative to reproductive phase transition of meristem)",0.000489596083231334,0.0047249907715024,0.399063955546159,1.85034764315199,1,107,"AT2G46240;AT3G57300;AT4G02560;AT5G49020;AT3G06400;AT3G04240;AT1G04870;AT1G55250;AT3G48430;AT2G42940;AT4G12680;AT3G60870;AT1G77180;AT3G28730;AT2G39810;AT2G44950;AT3G12140;AT1G20960;AT1G30010;AT3G21060;AT3G03140;AT1G66650;AT5G10625;AT2G01290;AT1G05830;AT5G39550;AT2G45430;AT2G43410;AT5G60870;AT3G10490;AT3G10480;AT5G42900;AT3G10390;AT5G63110;AT1G76710;AT3G06930;AT2G35720;AT5G01040;AT1G18080;AT3G49660;AT2G01520;AT4G15180;AT1G76500;AT4G00650;AT2G02560;AT5G18620;AT4G10710;AT5G42400;AT2G39800;AT3G63060;AT5G55390;AT1G60220;AT1G28420;AT4G35390;AT5G44180;AT2G23380;AT1G01040","OSD-281",-0.17,"root","unknown",FALSE
"GO:0010229 (inflorescence development)",0.32881679389313,0.524726012301897,-0.37533262473146,-1.10265362463168,1722,17,"AT4G29350;AT2G19760;AT3G21220;AT1G73177","OSD-281",-0.17,"root","unknown",FALSE
"GO:0010262 (somatic embryogenesis)",0.288075313807531,0.489245225684299,0.387018940986281,1.13549306405284,1376,15,"AT3G55560;AT3G20910;AT5G13790;AT1G54160","OSD-281",-0.17,"root","unknown",FALSE
"GO:0010267 (ta-siRNA processing)",0.00481171548117155,0.0265956637504755,0.624094712946127,1.83106081592916,22,15,"AT3G49500;AT5G23570;AT2G27100;AT5G09860;AT3G10490;AT3G03300;AT5G20320;AT1G09700","OSD-281",-0.17,"root","unknown",FALSE
"GO:0010268 (brassinosteroid homeostasis)",0.0596537448249906,0.165862289631822,-0.475387034161768,-1.45721964478794,316,20,"AT3G50660;AT5G47950;AT4G15393;AT1G73340;AT4G15400;AT5G38970;AT5G48000;AT1G55940","OSD-281",-0.17,"root","unknown",FALSE
"GO:0010286 (heat acclimation)",0.111741994094935,0.264354600816034,0.331131304883139,1.29234957744446,491,45,"AT4G12400;AT1G54490;AT3G16770;AT5G23570;AT5G60410;AT3G48430;AT1G79350;AT4G21320;AT4G26780;AT5G53060;AT1G50500;AT5G21160;AT1G19340;AT5G18040;AT5G02500;AT3G56740;AT1G11270","OSD-281",-0.17,"root","unknown",FALSE
"GO:0010305 (leaf vascular tissue pattern formation)",0.0652989190381646,0.17723992310359,0.391420755551076,1.40272051238132,295,31,"AT1G48410;AT1G48920;AT4G13750;AT4G07410;AT3G44600;AT5G55540;AT1G11130;AT2G42580;AT4G18750;AT5G47440;AT1G09700;AT3G63300;AT4G16670","OSD-281",-0.17,"root","unknown",FALSE
"GO:0010311 (lateral root formation)",0.763847371197468,0.876327423143842,-0.212049369354192,-0.830282313684736,4343,57,"AT4G01630;AT3G58190;AT4G37070;AT3G24300;AT1G71090;AT1G70895;AT1G26960;AT2G22670;AT2G23430;AT5G09680","OSD-281",-0.17,"root","unknown",FALSE
"GO:0010315 (auxin export across the plasma membrane)",0.609832635983264,0.787214952606846,0.304759909933497,0.894149425991847,2914,15,"AT5G57090;AT3G14790;AT3G62150;AT1G23080;AT5G12210;AT1G78570;AT1G73590;AT2G47000;AT2G36910;AT1G31880;AT1G70940;AT1G53500;AT5G16530;AT1G75500;AT2G01420","OSD-281",-0.17,"root","unknown",FALSE
"GO:0010345 (suberin biosynthetic process)",0.030996030996031,0.102981348882988,-0.522326216856253,-1.56294666642932,163,18,"AT5G41040;AT4G33790;AT5G10280;AT5G13580;AT1G04220;AT2G37360;AT5G23190;AT3G11430;AT4G17785;AT3G53510;AT3G44550;AT5G58860;AT5G22500;AT3G44540","OSD-281",-0.17,"root","unknown",FALSE
"GO:0010411 (xyloglucan metabolic process)",0.0411375424789841,0.126321342561729,-0.408040442470518,-1.47231350758254,229,39,"AT2G36870;AT3G44990;AT2G18800;AT2G06850;AT2G14620;AT4G25820;AT1G10550;AT1G70230;AT2G01850;AT1G11545;AT4G37800;AT1G14720;AT4G30280;AT4G03210","OSD-281",-0.17,"root","unknown",FALSE
"GO:0010431 (seed maturation)",0.252773037542662,0.452017667135113,0.361554885372081,1.15515828184453,1184,20,"AT3G14180;AT4G02280;AT4G32320;AT5G66730;AT3G22960;AT5G52920;AT5G63110;AT5G17490","OSD-281",-0.17,"root","unknown",FALSE
"GO:0010468 (regulation of gene expression)",0.00167104320840296,0.0120951698893929,0.368395215243643,1.69122393892163,6,99,"AT1G33680;AT1G64810;AT3G20810;AT5G61190;AT2G25970;AT3G13224;AT4G31880;AT5G05550;AT3G14230;AT2G42280;AT3G48430;AT4G10070;AT5G48160;AT3G17170;AT3G57670;AT4G20400;AT1G10522;AT5G53060;AT1G17640;AT4G00830;AT4G26150;AT1G08620;AT3G62460;AT5G15540;AT3G02550;AT5G14170;AT5G13650;AT4G17040;AT2G38950;AT3G62200;AT1G14740;AT5G04240;AT5G09840;AT5G28640;AT1G30810;AT3G63500;AT5G39610;AT1G09700;AT1G63490;AT3G24120;AT4G28490;AT5G17510;AT5G61380;AT3G11100;AT3G07780;AT2G15560;AT1G08030","OSD-281",-0.17,"root","unknown",FALSE
"GO:0010492 (maintenance of shoot apical meristem identity)",0.0300767918088737,0.101849370142053,0.488552486576156,1.56091225376031,140,20,"AT5G10510;AT3G06010;AT5G48160;AT1G03770;AT5G44280;AT3G08850;AT1G14740;AT3G63500;AT2G25180;AT5G19310;AT3G07780","OSD-281",-0.17,"root","unknown",FALSE
"GO:0010497 (plasmodesmata-mediated intercellular transport)",0.743595128097438,0.86943430362162,0.2649869106677,0.808241462069615,3540,17,"AT1G12770;AT3G15380;AT4G29860;AT1G11130;AT1G70070","OSD-281",-0.17,"root","unknown",FALSE
"GO:0010555 (response to mannitol)",0.0224240177909563,0.083165993547077,-0.493309290938886,-1.58788441905979,120,24,"AT3G57540;AT1G12080;AT5G23750;AT5G54160;AT1G62480;AT3G59370;AT1G32070;AT2G41870","OSD-281",-0.17,"root","unknown",FALSE
"GO:0010584 (pollen exine formation)",0.195712163022713,0.385098317451127,0.395829439440604,1.22452318476554,921,18,"AT4G01810;AT1G02050;AT3G09090;AT5G58100;AT3G59530;AT3G51050;AT4G39400","OSD-281",-0.17,"root","unknown",FALSE
"GO:0010628 (positive regulation of gene expression)",0.422087745839637,0.62660953622101,0.301203972119565,1.02177345146666,1952,25,"AT3G09600;AT3G48430;AT2G40470;AT1G23230;AT2G21230;AT1G08620;AT2G46040;AT5G04240;AT3G24120;AT1G09060","OSD-281",-0.17,"root","unknown",FALSE
"GO:0010629 (negative regulation of gene expression)",0.613581395348837,0.788705049412459,-0.275747616000028,-0.895584105685103,3297,25,"AT4G02370;AT2G28550","OSD-281",-0.17,"root","unknown",FALSE
"GO:0010928 (regulation of auxin mediated signaling pathway)",0.248845023099538,0.446306118125425,0.383016919314592,1.16824696768677,1184,17,"AT5G13680;AT5G50320;AT1G07910;AT2G35050;AT3G11220;AT1G79570;AT1G79200;AT4G16340","OSD-281",-0.17,"root","unknown",FALSE
"GO:0012501 (programmed cell death)",0.671193866374589,0.8287132830336,0.251286240219784,0.867008512892764,3063,27,"AT3G16770;AT1G73260;AT1G12220;AT1G08720;AT2G19860;AT3G56860;AT3G15010;AT5G43940;AT4G35790;AT5G10380;AT4G38360","OSD-281",-0.17,"root","unknown",FALSE
"GO:0015031 (protein transport)",0.640441839495041,0.807860245670093,0.231568945476606,0.895823579962509,2840,43,"AT3G15380;AT5G55220;AT1G13340;AT2G32900;AT4G32160;AT4G29440;AT3G27325;AT5G06120;AT2G19710;AT1G26170;AT3G23710;AT5G24350","OSD-281",-0.17,"root","unknown",FALSE
"GO:0015693 (magnesium ion transport)",0.275244993608862,0.482273648744059,0.362805332151949,1.1414270164103,1291,19,"AT1G80900;AT3G58970;AT1G55930;AT1G34470;AT3G19640;AT5G64560;AT3G13070;AT2G47600;AT2G03620;AT1G16010;AT4G09640","OSD-281",-0.17,"root","unknown",FALSE
"GO:0015706 (nitrate transmembrane transport)",0.0259541984732824,0.0912147553280678,-0.539495799898033,-1.58493283033083,135,17,"AT3G45650;AT1G22550;AT5G50200;AT1G72130;AT5G40890;AT1G72140;AT1G22540;AT5G62720;AT1G12110;AT3G16180","OSD-281",-0.17,"root","unknown",FALSE
"GO:0015979 (photosynthesis)",0.983925701018039,0.997044710364946,-0.161365247020907,-0.601353906128741,5508,45,"AT1G55480;AT5G64040;AT1G15820;AT4G10340;AT1G76450;AT1G67740;AT4G09650;AT1G20020;AT5G01600;AT5G15802","OSD-281",-0.17,"root","unknown",FALSE
"GO:0015986 (proton motive force-driven ATP synthesis)",0.0246797287113791,0.0882663238618733,-0.521788487305697,-1.57984940579626,130,19,"AT4G00895;AT3G52300;AT1G51650;AT4G39080;AT4G04640;AT5G13450;AT4G09650;AT4G29480;AT2G33040","OSD-281",-0.17,"root","unknown",FALSE
"GO:0015995 (chlorophyll biosynthetic process)",0.32399143163156,0.521976288896952,-0.303532465753441,-1.08950497455329,1814,38,"AT1G74470;AT5G13630;AT5G18660;AT4G18480;AT3G56940;AT5G08280;AT1G03630;AT3G59400;AT1G58290;AT1G78600;AT5G45930;AT1G10670;AT2G40400","OSD-281",-0.17,"root","unknown",FALSE
"GO:0016024 (CDP-diacylglycerol biosynthetic process)",0.11887072808321,0.276909588791538,0.433214281813167,1.34017553823552,559,18,"AT2G45150;AT3G18850;AT1G32200;AT3G47630;AT4G22340;AT3G57650;AT4G00400;AT4G30580","OSD-281",-0.17,"root","unknown",FALSE
"GO:0016036 (cellular response to phosphate starvation)",0.401463299504366,0.60870245909889,0.235175142117499,1.01817414482586,1700,74,"AT1G20630;AT3G20000;AT4G33030;AT5G60410;AT1G69480;AT5G23630;AT3G27740;AT3G03710;AT1G20620;AT5G15330;AT4G37870;AT3G62980;AT5G42870;AT1G29900;AT3G09560;AT2G33770;AT2G22240;AT4G17615;AT3G05630;AT3G24120;AT5G20410;AT3G53900;AT2G03260;AT1G14040;AT1G73010;AT1G58250;AT5G21040;AT5G63060;AT2G01830;AT1G66270;AT3G04530;AT1G55180;AT3G54470;AT3G23430;AT5G03545;AT2G27190;AT3G20330","OSD-281",-0.17,"root","unknown",FALSE
"GO:0016102 (diterpenoid biosynthetic process)",0.190167364016736,0.379087728925166,0.423115364684492,1.24139805837167,908,15,"AT1G31950;AT5G48110;AT1G33750;AT1G48820;AT1G70080;AT3G25820","OSD-281",-0.17,"root","unknown",FALSE
"GO:0016117 (carotenoid biosynthetic process)",0.9422511549769,0.975094652514007,0.204944360075574,0.625104571440986,4486,17,"AT3G10230;AT5G49650;AT4G22260;AT1G06570;AT3G04870;AT4G14210","OSD-281",-0.17,"root","unknown",FALSE
"GO:0016126 (sterol biosynthetic process)",0.453084595493166,0.654291094969061,-0.305171027179932,-1.00150566511242,2452,26,"AT2G28860;AT5G24140;AT4G12110;AT4G34650;AT4G34640;AT1G07420;AT4G37760;AT5G24160;AT2G34500;AT4G22756;AT1G76490","OSD-281",-0.17,"root","unknown",FALSE
"GO:0016132 (brassinosteroid biosynthetic process)",0.097473604826546,0.238967547316693,-0.439628821458772,-1.36217935983109,516,21,"AT3G50660;AT4G15393;AT1G73340;AT2G45400;AT5G38970;AT5G48000;AT1G55940","OSD-281",-0.17,"root","unknown",FALSE
"GO:0016192 (vesicle-mediated transport)",0.00701697127937337,0.0346855165679594,-0.321000311137152,-1.49070845406966,42,157,"AT3G22950;AT1G47830;AT4G18430;AT4G17170;AT1G06400;AT1G79590;AT2G19830;AT2G33120;AT3G13720;AT1G08770;AT1G04750;AT4G12090;AT4G35860;AT1G09330;AT4G29160;AT5G04850;AT3G50860;AT5G17060;AT1G08560;AT1G03950;AT5G47200;AT2G15310;AT3G54300;AT4G17530;AT5G56230;AT1G04760;AT2G06530;AT3G11397;AT1G55640;AT1G73030;AT5G24170;AT1G02440;AT3G52400;AT4G03330;AT5G09260;AT4G32150;AT5G63880;AT4G14950;AT5G60860;AT1G18740;AT1G70490;AT1G02430;AT1G32270;AT1G23490","OSD-281",-0.17,"root","unknown",FALSE
"GO:0016226 (iron-sulfur cluster assembly)",0.536260811709913,0.723819041482653,0.261887073092853,0.945825562228682,2417,32,"AT1G67810;AT5G09590;AT4G19540;AT5G65720;AT4G12130;AT4G37910;AT3G10670;AT2G26060","OSD-281",-0.17,"root","unknown",FALSE
"GO:0016310 (phosphorylation)",0.0337133550488599,0.108453544284163,-0.282365081884815,-1.33020878240782,206,176,"AT3G29350;AT2G14750;AT2G28970;AT4G21230;AT1G78530;AT2G15300;AT2G28590;AT5G39340;AT3G21070;AT2G28960;AT3G07070;AT4G35030;AT5G35580;AT1G51620;AT4G39940;AT3G20830;AT1G61860;AT5G59680;AT2G39110;AT1G51830;AT5G10450;AT3G04810;AT3G46400;AT1G61590;AT1G26970;AT5G20050;AT1G31420;AT1G51790;AT3G01300;AT1G33260;AT5G42440;AT4G01370;AT5G55560;AT5G41680;AT4G33080;AT1G51880;AT5G11020;AT1G03430;AT4G29180;AT1G76360;AT1G28440;AT1G65250;AT1G28390;AT4G34500;AT3G51990;AT2G41970;AT2G18890;AT5G39020;AT5G61570;AT3G17410;AT1G51860;AT5G01060;AT1G77280;AT1G70450;AT3G05840;AT2G23950;AT4G20450;AT1G48210;AT5G23170;AT1G30640;AT2G14510;AT4G19110;AT5G40380;AT3G09010;AT5G26751","OSD-281",-0.17,"root","unknown",FALSE
"GO:0016311 (dephosphorylation)",0.364051929054672,0.566096094284502,-0.310875205838426,-1.06429380222206,1990,31,"AT2G01880;AT1G05000;AT2G38740;AT2G01890;AT1G14700;AT2G38600;AT2G39840;AT1G54780;AT5G64000;AT2G03450;AT3G52820;AT5G16480","OSD-281",-0.17,"root","unknown",FALSE
"GO:0016554 (cytidine to uridine editing)",0.000213037920749893,0.00319946114338638,0.6777004955243,2.13212316929817,0,19,"AT4G14050;AT4G20020;AT3G06790;AT3G11460;AT4G30700;AT3G15000;AT3G14330;AT5G61030;AT5G44780;AT3G02330;AT1G32580;AT1G73530;AT1G70070;AT3G20930","OSD-281",-0.17,"root","unknown",FALSE
"GO:0016579 (protein deubiquitination)",0.000212856534695615,0.00319946114338638,0.673913541933512,2.18360984239466,0,21,"AT3G47890;AT2G40930;AT3G20630;AT3G47910;AT1G17110;AT1G65110;AT4G24560;AT4G39910;AT1G65200;AT4G22350;AT4G22410;AT3G11910;AT1G65130","OSD-281",-0.17,"root","unknown",FALSE
"GO:0016998 (cell wall macromolecule catabolic process)",0.0266181539639985,0.0924790720577775,-0.563562336981557,-1.60139131590285,138,15,"AT2G36870;AT3G44990;AT1G05850;AT1G02360;AT3G54420;AT2G43600;AT3G16920","OSD-281",-0.17,"root","unknown",FALSE
"GO:0017148 (negative regulation of translation)",0.14915327833261,0.33080270692986,0.379373563518753,1.26952462258399,686,24,"AT1G09570;AT3G61240;AT5G12980;AT1G02080;AT3G01790;AT5G45330;AT1G26110;AT2G45810;AT4G00660;AT5G48760;AT3G07110;AT5G35430;AT4G13170;AT1G78630","OSD-281",-0.17,"root","unknown",FALSE
"GO:0019252 (starch biosynthetic process)",0.0848684210526316,0.215,0.38681881600076,1.36083984872695,386,29,"AT5G51820;AT4G18240;AT2G36390;AT3G58560;AT4G32190;AT1G27070;AT1G11720;AT5G04360;AT5G39790;AT2G39930;AT3G20440","OSD-281",-0.17,"root","unknown",FALSE
"GO:0019432 (triglyceride biosynthetic process)",0.649809160305344,0.816289193110845,-0.294960169261946,-0.866535116661805,3404,17,"AT1G73600;AT5G12420;AT5G60620;AT1G54570;AT3G51520;AT3G49210","OSD-281",-0.17,"root","unknown",FALSE
"GO:0019722 (calcium-mediated signaling)",0.000179083094555874,0.00319946114338638,-0.633123836793842,-2.29694012142002,0,40,"AT3G23805;AT3G29780;AT3G43810;AT1G02900;AT3G56800;AT3G05490;AT1G64480;AT4G15800;AT5G21274;AT4G14010;AT4G14020;AT3G51920;AT4G16350;AT5G55990;AT3G16570;AT4G04850;AT4G13950","OSD-281",-0.17,"root","unknown",FALSE
"GO:0019748 (secondary metabolic process)",0.0313740313740314,0.103342357983173,-0.521906284451333,-1.56169011079184,165,18,"AT2G23000;AT1G73290;AT1G73300;AT1G73270;AT4G12910;AT5G36180;AT2G22970","OSD-281",-0.17,"root","unknown",FALSE
"GO:0019760 (glucosinolate metabolic process)",0.277666888445332,0.483729135171237,0.309460360581409,1.11764019536247,1251,32,"AT5G13330;AT5G61590;AT2G22840;AT1G20910;AT4G37260;AT5G15210","OSD-281",-0.17,"root","unknown",FALSE
"GO:0019761 (glucosinolate biosynthetic process)",0.000186046511627907,0.00319946114338638,-0.674054706050353,-2.18922175958497,0,25,"AT1G62570;AT4G03070;AT1G74100;AT1G16400;AT2G25450;AT2G20610;AT1G74090;AT5G14200;AT1G18590;AT2G43100;AT3G58990;AT1G12140;AT2G22330;AT1G24100;AT1G62560;AT4G13770","OSD-281",-0.17,"root","unknown",FALSE
"GO:0019762 (glucosinolate catabolic process)",0.0130880121396055,0.0573693149650878,-0.579751039235601,-1.67839378340411,68,16,"AT2G43910;AT3G16390;AT3G44320;AT2G44480;AT3G16400;AT3G16410;AT1G66280;AT3G09260;AT1G54040","OSD-281",-0.17,"root","unknown",FALSE
"GO:0022900 (electron transport chain)",0.0106221547799697,0.0481960455688175,-0.58694154113311,-1.69921046654494,55,16,"AT2G02510;AT1G10960;AT1G14450;AT5G67590;AT2G27510;AT3G07480;AT1G20020;AT4G05450","OSD-281",-0.17,"root","unknown",FALSE
"GO:0030001 (metal ion transport)",0.281273549359457,0.487077371815608,-0.376546137384838,-1.14009068017975,1492,19,"AT3G20870;AT5G17450;AT1G60960;AT4G19690;AT1G15960","OSD-281",-0.17,"root","unknown",FALSE
"GO:0030036 (actin cytoskeleton organization)",0.565116279069767,0.755144390493228,0.308144761843032,0.920429834310085,2672,16,"AT5G18410;AT4G18600;AT2G38440;AT1G71790;AT3G25500;AT2G34150;AT5G35700","OSD-281",-0.17,"root","unknown",FALSE
"GO:0030048 (actin filament-based movement)",0.0237295254094918,0.0858782824343513,0.525442873919761,1.60266299788495,112,17,"AT4G33200;AT1G17580;AT3G19960;AT5G54280;AT1G08730;AT3G58160;AT2G33240;AT1G50360;AT4G28710;AT4G27370;AT2G31900;AT5G20610","OSD-281",-0.17,"root","unknown",FALSE
"GO:0030148 (sphingolipid biosynthetic process)",0.530896759608139,0.723819041482653,-0.312683322219616,-0.946729513642275,2817,19,"AT1G01230;AT5G10480;AT3G06470;AT5G42000;AT3G06460;AT3G61580;AT2G37940","OSD-281",-0.17,"root","unknown",FALSE
"GO:0030150 (protein import into mitochondrial matrix)",0.0326396495071194,0.10555801542728,0.439749454236377,1.51725983893673,148,27,"AT1G17530;AT3G20000;AT2G37410;AT1G55900;AT5G09420;AT5G61880;AT4G26780;AT4G00026","OSD-281",-0.17,"root","unknown",FALSE
"GO:0030154 (cell differentiation)",0.165723715228666,0.348650584287297,0.278997260824829,1.19279477026151,702,70,"AT3G12280;AT2G20000;AT1G48410;AT4G00720;AT4G21750;AT2G45050;AT4G04890;AT4G38440;AT3G08550;AT5G26760;AT2G22860;AT3G60530;AT4G26110;AT1G30210;AT5G14640;AT4G32890","OSD-281",-0.17,"root","unknown",FALSE
"GO:0030163 (protein catabolic process)",0.414559721011334,0.623891857363592,0.299792051389893,1.02393276301156,1901,26,"AT2G34640;AT2G47940;AT2G20580;AT2G22010;AT4G28470;AT5G35770;AT1G04810;AT5G64760;AT3G27925","OSD-281",-0.17,"root","unknown",FALSE
"GO:0030244 (cellulose biosynthetic process)",0.670008718395815,0.8287132830336,0.253312809797446,0.865183996839164,3073,26,"AT1G55850;AT5G63840;AT3G57200;AT3G08550","OSD-281",-0.17,"root","unknown",FALSE
"GO:0030422 (siRNA processing)",0.0249726177437021,0.0887915297553852,0.451642584359362,1.55829449747017,113,27,"AT3G49500;AT5G23080;AT5G23570;AT2G40030;AT4G11130;AT2G19910;AT3G23780;AT5G04290;AT2G27040;AT3G03300;AT5G20320;AT5G45150","OSD-281",-0.17,"root","unknown",FALSE
"GO:0030488 (tRNA methylation)",0.00230995380092398,0.0156050212329087,0.646204504716537,1.97100027458726,10,17,"AT3G19630;AT3G55160;AT4G01860;AT2G39670;AT4G04670;AT1G78010;AT4G17610;AT5G15390;AT5G01230;AT2G45730;AT5G14600","OSD-281",-0.17,"root","unknown",FALSE
"GO:0030865 (cortical cytoskeleton organization)",0.0273841440061279,0.0945997702029874,-0.561949452409447,-1.59680822157975,142,15,"AT1G75840;AT1G20090;AT3G51300;AT3G55005;AT3G48040;AT4G28950;AT5G62880;AT5G45970;AT2G44690","OSD-281",-0.17,"root","unknown",FALSE
"GO:0030968 (endoplasmic reticulum unfolded protein response)",0.380482456140351,0.584175084175084,0.297090063994055,1.04517148861537,1734,29,"AT5G35080;AT1G14360;AT2G17520;AT5G42020;AT1G27520;AT5G24360;AT5G28540;AT2G02810;AT5G64510;AT3G10800;AT5G43710;AT3G58460","OSD-281",-0.17,"root","unknown",FALSE
"GO:0031047 (regulatory ncRNA-mediated gene silencing)",0.000212856534695615,0.00319946114338638,0.69251217214284,2.24387299108229,0,21,"AT3G49500;AT5G19350;AT1G17760;AT1G48410;AT5G09860;AT1G15215;AT1G71800;AT5G07350;AT5G43810;AT3G23780;AT2G27040;AT3G42670;AT5G61780","OSD-281",-0.17,"root","unknown",FALSE
"GO:0031124 (mRNA 3'-end processing)",0.00376569037656904,0.0220148052784036,0.633711978455261,1.85927736329748,17,15,"AT1G17760;AT5G13480;AT1G30460;AT5G65180;AT1G73840;AT1G71800;AT5G60940;AT4G29820;AT5G10060;AT4G25550","OSD-281",-0.17,"root","unknown",FALSE
"GO:0031145 (anaphase-promoting complex-dependent catabolic process)",0.181395348837209,0.367627906976744,0.419332564171473,1.25254831609885,857,16,"AT2G20000;AT5G05560;AT1G06590;AT1G78770","OSD-281",-0.17,"root","unknown",FALSE
"GO:0031146 (SCF-dependent proteasomal ubiquitin-dependent protein catabolic process)",0.292789679797282,0.494090447993583,0.268243121080947,1.09790871162144,1270,56,"AT5G25350;AT4G03190;AT4G02740;AT3G50080;AT2G25490;AT1G80570;AT3G62980;AT2G36370;AT3G54650;AT4G02760;AT1G21410;AT1G55590;AT2G17020;AT4G26980;AT1G80630;AT4G15475;AT2G06040;AT5G42190;AT1G77000;AT2G42620;AT1G15740;AT5G51380;AT1G47056;AT2G45950;AT3G58530;AT5G57360","OSD-281",-0.17,"root","unknown",FALSE
"GO:0031347 (regulation of defense response)",0.196480938416422,0.385356163087693,0.304738386480183,1.18477308612646,870,44,"AT3G17860;AT4G31800;AT4G00020;AT5G40820;AT2G02220;AT3G56400;AT4G14713;AT5G13220;AT4G08480;AT4G23810;AT2G34600;AT4G35580;AT5G42950;AT1G22920;AT5G51910;AT4G32770;AT1G80840","OSD-281",-0.17,"root","unknown",FALSE
"GO:0031348 (negative regulation of defense response)",0.919283339490211,0.962003907762561,-0.205511246189199,-0.674443701962053,4976,26,"AT3G52430;AT4G39030;AT2G46370","OSD-281",-0.17,"root","unknown",FALSE
"GO:0031408 (oxylipin biosynthetic process)",0.222137112217541,0.418140446527136,-0.428556209950749,-1.21776447423211,1159,15,"AT4G37150;AT2G23620","OSD-281",-0.17,"root","unknown",FALSE
"GO:0031507 (heterochromatin formation)",0.0174809502465262,0.0707922544833273,0.426584998783752,1.58166007331769,77,36,"AT2G28240;AT2G28290;AT3G06400;AT2G46020;AT3G06010;AT2G02090;AT1G08060;AT3G23780;AT5G04290;AT2G27040;AT3G44600;AT5G17690;AT2G27470;AT1G09060;AT5G18620;AT5G19310;AT4G02020;AT5G66750;AT1G65470;AT3G20740;AT2G23380","OSD-281",-0.17,"root","unknown",FALSE
"GO:0031647 (regulation of protein stability)",0.0479948805460751,0.141387676637702,0.465174426839637,1.48621997214363,224,20,"AT1G17110;AT4G31670;AT4G30890;AT4G24560;AT5G57990;AT4G39910;AT1G04860;AT3G14400;AT5G63460","OSD-281",-0.17,"root","unknown",FALSE
"GO:0032259 (methylation)",0.730324909747292,0.862208825488066,-0.235685987825132,-0.835612747166465,4045,36,"AT1G21110;AT5G54160;AT1G76790;AT1G48600;AT5G38100","OSD-281",-0.17,"root","unknown",FALSE
"GO:0032502 (developmental process)",0.333619763694952,0.530996901378352,0.333057462156626,1.09267800571145,1552,22,"AT3G45890;AT3G57180;AT2G42870;AT5G22370;AT4G02990;AT5G03540;AT2G30280","OSD-281",-0.17,"root","unknown",FALSE
"GO:0032508 (DNA duplex unwinding)",0.00836820083682008,0.0397489539748954,0.591375862354454,1.73506544212149,39,15,"AT1G79950;AT4G25120;AT2G31970;AT1G79890;AT1G31360;AT3G02680;AT2G14050;AT4G35740;AT3G09660","OSD-281",-0.17,"root","unknown",FALSE
"GO:0032543 (mitochondrial translation)",0.00318403735937168,0.0193589471449798,0.617464573275308,1.91016536520253,14,18,"AT5G49030;AT5G64320;AT4G02790;AT4G19540;AT3G15590;AT2G07715;AT2G44065;AT3G02760;AT3G18240;AT4G21460;AT4G10650;AT1G07830;AT2G41670","OSD-281",-0.17,"root","unknown",FALSE
"GO:0032544 (plastid translation)",0.0315789473684211,0.103342357983173,0.474145813997319,1.55555350449221,146,22,"AT3G63190;AT5G10900;AT2G39140;AT5G60170;AT3G62910;AT1G71720;AT4G37920;AT2G33800;AT3G24506;AT4G31850","OSD-281",-0.17,"root","unknown",FALSE
"GO:0032875 (regulation of DNA endoreduplication)",0.635935143288084,0.807199513818696,-0.285077268926386,-0.883305080863442,3372,21,"AT5G02420;AT2G02820;AT5G04470;AT4G36860;AT1G08180","OSD-281",-0.17,"root","unknown",FALSE
"GO:0032968 (positive regulation of transcription elongation by RNA polymerase II)",0.230866807610994,0.425851239669422,0.397950659011101,1.1886804661108,1091,16,"AT5G64960;AT5G61150;AT1G09600;AT4G12610;AT3G22590;AT5G10270;AT1G03740;AT1G53050;AT1G54610;AT1G74330;AT5G53450","OSD-281",-0.17,"root","unknown",FALSE
"GO:0032981 (mitochondrial respiratory chain complex I assembly)",0.012416604892513,0.0553571704140368,-0.516762480220882,-1.66337651807796,66,24,"AT3G62790;AT1G16700;AT2G47690;AT1G79010;AT3G03100;AT2G02510;AT1G76200;AT1G14450","OSD-281",-0.17,"root","unknown",FALSE
"GO:0034063 (stress granule assembly)",0.00254722988749735,0.0161324559541499,0.624564385530863,1.93212907948992,11,18,"AT2G03640;AT3G14010;AT3G19130;AT3G61240;AT3G14100;AT3G25150;AT5G45330;AT5G54920;AT1G13730;AT1G26110;AT5G43960;AT5G60980;AT2G45810;AT4G00660","OSD-281",-0.17,"root","unknown",FALSE
"GO:0034599 (cellular response to oxidative stress)",0.0244686551169852,0.0880292444445384,-0.408537296401231,-1.52248085337933,136,45,"AT4G04840;AT5G40370;AT4G04800;AT4G35970;AT4G28730;AT1G07890;AT5G64940;AT3G26060;AT5G07460;AT3G06050;AT1G77370;AT1G31170;AT5G61640;AT3G06110;AT2G20270;AT5G20500;AT5G07470;AT5G57345","OSD-281",-0.17,"root","unknown",FALSE
"GO:0034605 (cellular response to heat)",0.0152777777777778,0.0645061728395062,0.369296085284803,1.53890848552104,65,61,"AT3G07770;AT2G04030;AT5G19350;AT5G52640;AT1G49600;AT1G33270;AT4G19020;AT3G19130;AT3G08970;AT2G25140;AT1G47500;AT1G74310;AT5G07350;AT1G20220;AT5G15450;AT1G76010;AT1G43160;AT5G61780;AT5G51740;AT1G47490;AT1G32330;AT4G17750;AT1G67970;AT5G16820;AT5G17710;AT3G07030","OSD-281",-0.17,"root","unknown",FALSE
"GO:0034976 (response to endoplasmic reticulum stress)",0.302284320248392,0.50216087273308,0.304431785293259,1.09947910404569,1362,32,"AT5G22290;AT2G17520;AT5G42020;AT4G24190;AT5G60640;AT5G24360;AT3G46220;AT1G04980;AT3G16110;AT5G11340;AT1G56340;AT1G77510;AT3G10800","OSD-281",-0.17,"root","unknown",FALSE
"GO:0035196 (miRNA processing)",0.006553911205074,0.0332064834390416,0.585672531648653,1.74940657125283,30,16,"AT5G23080;AT4G21710;AT5G20170;AT3G20550;AT1G20920;AT2G28380;AT1G24706;AT1G09700;AT2G33730;AT4G24500;AT1G01040","OSD-281",-0.17,"root","unknown",FALSE
"GO:0035556 (intracellular signal transduction)",0.944472403959067,0.975094652514007,-0.168820776911309,-0.758592762828401,5629,123,"AT3G26500;AT1G08650;AT1G35670;AT2G17290;AT2G18730;AT3G45240;AT1G61950;AT2G46700;AT3G57530;AT1G49160;AT1G73670;AT5G52200;AT3G50530;AT2G18170;AT4G11330;AT1G18150;AT4G01370;AT5G55560;AT4G33080;AT5G58700;AT5G28080;AT3G06110;AT2G17890;AT1G07880;AT3G55940;AT5G05850;AT3G21630;AT1G49580;AT1G74740;AT1G59580;AT1G30640;AT4G14350;AT4G19110;AT5G23580;AT2G35890;AT3G51850;AT5G62310;AT4G13020;AT5G07910;AT5G58670","OSD-281",-0.17,"root","unknown",FALSE
"GO:0035999 (tetrahydrofolate interconversion)",0.848117154811715,0.932916757059619,0.246739050899487,0.723919300211409,4053,15,"AT4G00620;AT4G32520","OSD-281",-0.17,"root","unknown",FALSE
"GO:0036297 (interstrand cross-link repair)",0.0784355179704017,0.202931042238316,0.478124863853144,1.4281611882147,370,16,"AT1G79950;AT5G03450;AT5G22750;AT2G45700;AT5G08110;AT4G29560","OSD-281",-0.17,"root","unknown",FALSE
"GO:0036503 (ERAD pathway)",0.00552995391705069,0.0289845860479898,0.413977718725053,1.67179023827732,23,53,"AT1G16900;AT4G32670;AT5G35080;AT5G42220;AT1G71220;AT4G34100;AT5G25270;AT5G42020;AT4G28270;AT1G18260;AT2G42030;AT1G02145;AT1G27520;AT5G28540;AT1G01930;AT1G56340;AT2G44410;AT4G03510;AT5G61790;AT5G43710;AT2G33000;AT3G58460;AT1G09210;AT4G10790;AT4G27470;AT1G30000","OSD-281",-0.17,"root","unknown",FALSE
"GO:0040008 (regulation of growth)",0.542619542619543,0.72828406603241,-0.314060743081846,-0.939757905338251,2870,18,"AT1G74450;AT1G17400;AT1G72490;AT3G57750;AT1G16060","OSD-281",-0.17,"root","unknown",FALSE
"GO:0040029 (epigenetic regulation of gene expression)",0.000234962406015038,0.00319946114338638,0.576536184030625,2.45783607334819,0,69,"AT3G18520;AT3G20810;AT1G54490;AT2G28290;AT4G24680;AT2G46020;AT5G04560;AT1G62310;AT3G48430;AT2G19520;AT2G42940;AT3G20770;AT5G11530;AT1G79350;AT3G52250;AT3G09670;AT4G38130;AT4G00830;AT3G42660;AT4G00990;AT3G24440;AT1G05830;AT5G14620;AT3G61740;AT2G35160;AT5G40340;AT5G04240;AT4G29730;AT1G30970;AT5G63110;AT3G01460;AT3G06930;AT1G05970;AT1G77300;AT4G15180;AT2G33290;AT5G61060;AT4G33470;AT3G21820;AT1G09060;AT5G03280;AT4G27910;AT3G11100;AT5G53430;AT5G26040;AT5G55390;AT5G22010;AT3G44680;AT1G08460;AT3G07610","OSD-281",-0.17,"root","unknown",FALSE
"GO:0042023 (DNA endoreduplication)",0.86236802413273,0.939641144574731,-0.232486618471715,-0.720354211692181,4573,21,"AT2G27960;AT3G50630","OSD-281",-0.17,"root","unknown",FALSE
"GO:0042026 (protein refolding)",0.000222667557336896,0.00319946114338638,0.692957921829164,2.52254791372565,0,33,"AT3G13470;AT1G55490;AT2G33210;AT5G48030;AT5G09590;AT1G16030;AT4G24280;AT3G12580;AT4G39960;AT5G22060;AT2G25140;AT2G28000;AT5G18820;AT5G42020;AT5G15450;AT3G44110;AT2G32120;AT4G37910;AT5G18140;AT3G23990;AT5G28540;AT5G02500;AT3G13860","OSD-281",-0.17,"root","unknown",FALSE
"GO:0042127 (regulation of cell population proliferation)",0.0157513835674755,0.0660471807518974,0.509889278129838,1.65213959503083,73,21,"AT3G59900;AT3G20630;AT4G16420;AT4G14713;AT1G69220;AT1G11130;AT1G63980;AT2G26300;AT5G13060;AT5G67260","OSD-281",-0.17,"root","unknown",FALSE
"GO:0042147 (retrograde transport, endosome to Golgi)",0.730295024218406,0.862208825488066,0.236596652086774,0.838232180038915,3316,30,"AT4G19490;AT3G61480;AT1G50730;AT2G27900;AT1G75850;AT1G50500","OSD-281",-0.17,"root","unknown",FALSE
"GO:0042254 (ribosome biogenesis)",0.0173245614035088,0.0707922544833273,0.454704094486244,1.59966223348083,78,29,"AT1G52980;AT1G08410;AT1G48920;AT5G26742;AT5G21160;AT2G40430;AT4G30150;AT3G01610;AT2G19540;AT5G46580;AT5G66470;AT1G18080;AT1G03530","OSD-281",-0.17,"root","unknown",FALSE
"GO:0042273 (ribosomal large subunit biogenesis)",0.0149124702831208,0.0634040694555067,0.48396025032093,1.64173709882813,68,25,"AT1G50920;AT3G22660;AT1G13160;AT1G02870;AT2G24500;AT2G18220;AT3G56690;AT1G29320;AT3G55510;AT1G80770;AT1G25260;AT3G49910;AT2G37990;AT1G10300","OSD-281",-0.17,"root","unknown",FALSE
"GO:0042538 (hyperosmotic salinity response)",0.246427941435879,0.444594030839806,-0.298796150796846,-1.14816497200856,1396,52,"AT1G05260;AT3G05880;AT5G49480;AT2G25090;AT3G14440;AT5G59820;AT3G14080;AT5G67450;AT5G50720;AT2G42080;AT1G19120;AT3G51960;AT1G66350;AT5G43170;AT1G74520;AT4G24960;AT4G30996;AT5G26751;AT5G52310;AT5G58070;AT3G19580;AT2G01570","OSD-281",-0.17,"root","unknown",FALSE
"GO:0042542 (response to hydrogen peroxide)",0.713886950453594,0.859856946548747,0.210513166888237,0.869037538658524,3068,59,"AT1G20630;AT4G12570;AT1G53540;AT1G73260;AT1G54050;AT4G14030;AT1G20620;AT2G47900;AT4G23810;AT3G48360;AT2G29500;AT4G17410;AT5G39610;AT5G67480;AT2G19310;AT1G77120;AT1G07400;AT2G43790","OSD-281",-0.17,"root","unknown",FALSE
"GO:0042545 (cell wall modification)",0.00214323986426148,0.0148078390621702,-0.477981513726402,-1.78127605319787,11,45,"AT2G36100;AT3G11550;AT2G27370;AT5G06200;AT1G14160;AT2G18800;AT5G19730;AT1G53830;AT5G09760;AT1G05310;AT1G11580;AT2G19150;AT5G15290;AT1G19900;AT2G43050;AT5G53370;AT5G04970;AT5G04960;AT3G49220;AT5G20860;AT3G10710;AT1G25570;AT3G14310;AT1G07000;AT2G21610","OSD-281",-0.17,"root","unknown",FALSE
"GO:0042546 (cell wall biogenesis)",0.000176616036736136,0.00319946114338638,-0.562317352823523,-2.1663155472459,0,53,"AT4G39990;AT1G06400;AT2G36870;AT5G59150;AT1G01200;AT3G44990;AT2G18800;AT4G18800;AT2G06850;AT2G14620;AT1G64440;AT4G25820;AT1G10550;AT2G01850;AT5G45750;AT2G15370;AT1G11545;AT1G07410;AT4G37800;AT1G14720;AT2G03220;AT5G61840;AT4G30280;AT4G03210;AT1G02730;AT5G65270","OSD-281",-0.17,"root","unknown",FALSE
"GO:0042594 (response to starvation)",0.3850531107739,0.588221837564148,-0.365629598058799,-1.05850684669674,2029,16,"AT5G47060;AT2G44670;AT4G17670;AT5G65040;AT5G20700;AT1G22160;AT1G78020","OSD-281",-0.17,"root","unknown",FALSE
"GO:0042631 (cellular response to water deprivation)",0.0384125250318587,0.120385645460671,-0.430591395745768,-1.48625223265912,210,32,"AT2G15970;AT1G79410;AT1G78380;AT5G12140;AT1G16370;AT1G61660;AT5G50430;AT3G53600;AT1G18390;AT4G02380;AT5G24090;AT5G19000;AT4G29920;AT2G43350;AT5G21010;AT5G05860;AT2G05070","OSD-281",-0.17,"root","unknown",FALSE
"GO:0042742 (defense response to bacterium)",0.905804870577424,0.95281896420601,-0.166574595546534,-0.833951321415099,5913,286,"AT5G67300;AT5G56980;AT3G52430;AT2G25000;AT5G59890;AT3G28940;AT4G31550;AT4G25030;AT1G01230;AT4G39090;AT3G17210;AT5G45410;AT2G27080;AT5G44568;AT2G32800;AT4G05200;AT4G39030;AT1G22885;AT4G14465;AT1G70690;AT3G23400;AT3G54560;AT3G49120;AT1G53940;AT4G22305;AT1G20850;AT3G20600;AT2G24570;AT5G52830;AT3G54640;AT1G65930;AT2G39050;AT3G05200;AT3G45390;AT5G44070;AT3G28930;AT4G25890;AT1G48480;AT4G31500;AT3G50260;AT4G02410;AT3G14150;AT5G42000;AT2G13810;AT5G49520;AT3G59700;AT3G45410;AT4G23270;AT3G45440;AT5G55830;AT5G63970;AT2G22330;AT4G18780;AT4G35450;AT1G80460;AT1G24100;AT5G10030;AT3G21630;AT5G06320;AT2G01660;AT2G30880;AT1G33560;AT1G54040;AT2G05940;AT5G11630;AT4G16890;AT4G39950;AT1G19180","OSD-281",-0.17,"root","unknown",FALSE
"GO:0042744 (hydrogen peroxide catabolic process)",0.837772397094431,0.928580524175721,-0.23500224569083,-0.747218582683311,4497,23,"AT3G52880;AT4G35970;AT1G07890;AT3G06050","OSD-281",-0.17,"root","unknown",FALSE
"GO:0042752 (regulation of circadian rhythm)",0.124916201117318,0.285522745411014,0.347063315880552,1.27885420747485,558,35,"AT3G63180;AT3G20810;AT1G59940;AT5G67380;AT3G09600;AT4G33980;AT4G02570;AT1G77180","OSD-281",-0.17,"root","unknown",TRUE
"GO:0042761 (very long-chain fatty acid biosynthetic process)",0.0317935290817281,0.10337147423364,-0.491096917470238,-1.54259815426778,169,22,"AT1G01120;AT1G06120;AT2G32720;AT1G67730;AT5G10480;AT3G06470;AT5G23190;AT3G25540","OSD-281",-0.17,"root","unknown",FALSE
"GO:0043067 (regulation of programmed cell death)",0.425925925925926,0.627028966012017,0.313384392789866,1.0154258698905,2000,21,"AT1G29030;AT2G34040;AT3G12920;AT4G19700;AT4G36480;AT5G23670;AT1G77300;AT3G19515;AT5G04870","OSD-281",-0.17,"root","unknown",FALSE
"GO:0043068 (positive regulation of programmed cell death)",0.886760242792109,0.95069433059115,-0.234052720209274,-0.677588488855519,4674,16,"AT1G79340;AT1G79330","OSD-281",-0.17,"root","unknown",FALSE
"GO:0043069 (negative regulation of programmed cell death)",0.964848743076268,0.987537690553985,0.186018657558903,0.585235944672343,4528,19,"AT2G34770;AT4G19700;AT2G41560;AT1G02120;AT3G23450","OSD-281",-0.17,"root","unknown",FALSE
"GO:0043086 (negative regulation of catalytic activity)",0.000376789751318764,0.00411879471060048,-0.667228702128099,-2.02020721850407,1,19,"AT3G17130;AT5G64620;AT5G38610;AT3G49330;AT4G25250;AT5G62350;AT1G62770;AT1G70720;AT3G15360;AT3G02730;AT2G47670","OSD-281",-0.17,"root","unknown",FALSE
"GO:0043161 (proteasome-mediated ubiquitin-dependent protein catabolic process)",0.775406257579432,0.88617858009078,0.188080130957062,0.867548341541192,3196,103,"AT2G32730;AT3G12920;AT2G20580;AT3G18860;AT3G05530;AT4G15410;AT4G19700;AT1G09100;AT1G14570;AT4G04180;AT4G28470;AT1G16190;AT5G03340;AT5G02880;AT1G79650;AT3G27640;AT3G02540;AT3G53970;AT5G66140;AT3G53230;AT4G08455;AT3G09840;AT3G24800;AT2G32950;AT1G04810;AT1G09060;AT1G23390;AT1G27840","OSD-281",-0.17,"root","unknown",FALSE
"GO:0043622 (cortical microtubule organization)",0.00526870389884088,0.0283484245176572,-0.447852814580978,-1.70927867834972,29,50,"AT5G01840;AT4G23496;AT3G51540;AT4G20260;AT5G44610;AT5G15600;AT3G23090;AT1G20090;AT3G44200;AT1G29990;AT4G01370;AT1G80350;AT5G23290;AT3G20860;AT1G69230;AT2G03680","OSD-281",-0.17,"root","unknown",FALSE
"GO:0044772 (mitotic cell cycle phase transition)",0.884082318353633,0.949685599927578,0.229319637834899,0.69945205556731,4209,17,"AT1G80370;AT1G15570;AT1G47230;AT5G11300;AT4G35620;AT5G43080;AT5G25380;AT4G37490;AT1G77390;AT1G20610","OSD-281",-0.17,"root","unknown",FALSE
"GO:0045010 (actin nucleation)",0.692356152876942,0.846987003921893,0.276329117999197,0.842836537779609,3296,17,"AT5G18410;AT2G38440;AT5G48360","OSD-281",-0.17,"root","unknown",FALSE
"GO:0045036 (protein targeting to chloroplast)",0.0228793438376862,0.0837990424898385,0.48279472747051,1.60055869876205,105,23,"AT4G24280;AT4G02510;AT4G15810;AT2G16640;AT4G32250;AT5G50920;AT3G46740;AT5G66055;AT3G16620;AT1G02280;AT5G20300","OSD-281",-0.17,"root","unknown",FALSE
"GO:0045037 (protein import into chloroplast stroma)",0.00196078431372549,0.0138622891016872,0.532204443421588,1.85764535011041,8,28,"AT1G79560;AT2G04030;AT3G04340;AT1G06950;AT3G48870;AT4G02510;AT4G23940;AT5G16620;AT5G50920;AT3G16290;AT3G46740","OSD-281",-0.17,"root","unknown",FALSE
"GO:0045087 (innate immune response)",0.0397766922540126,0.122762583200201,0.342517676972042,1.41397672812005,170,59,"AT5G05680;AT1G48410;AT1G42540;AT1G55250;AT2G20580;AT5G18610;AT2G02220;AT2G44950;AT4G00830;AT4G24770;AT1G51940;AT1G61440;AT1G04300;AT1G61460;AT1G61380;AT1G09970;AT5G50250;AT1G64790;AT5G09990;AT1G61490;AT1G61420;AT3G43300;AT5G43560;AT1G61370","OSD-281",-0.17,"root","unknown",FALSE
"GO:0045088 (regulation of innate immune response)",0.793866374589266,0.900505141325138,0.229008880302779,0.790145328199778,3623,27,"AT1G56130;AT5G18610;AT2G02780;AT5G51560;AT2G45340;AT5G58150","OSD-281",-0.17,"root","unknown",FALSE
"GO:0045168 (cell-cell signaling involved in cell fate commitment)",0.000187020759304283,0.00319946114338638,-0.682800271479901,-2.14476287887159,0,22,"AT1G63245;AT1G68795;AT2G31083;AT1G73165;AT1G73965;AT5G44585;AT2G34925;AT1G70895;AT1G05065;AT2G31085;AT1G69588","OSD-281",-0.17,"root","unknown",FALSE
"GO:0045292 (mRNA cis splicing, via spliceosome)",0.00461990760184796,0.0257697598341611,0.591297038164772,1.80352599847108,21,17,"AT1G44910;AT3G19670;AT1G23860;AT1G03910;AT1G14650;AT1G13350;AT3G25840","OSD-281",-0.17,"root","unknown",FALSE
"GO:0045324 (late endosome to vacuole transport)",0.0316146029356417,0.103342357983173,-0.505727489059433,-1.55022324760314,167,20,"AT3G18820;AT5G46860;AT1G03950;AT2G30330;AT2G06530;AT4G19640;AT1G73030","OSD-281",-0.17,"root","unknown",FALSE
"GO:0045454 (cell redox homeostasis)",0.763903839253678,0.876327423143842,-0.227912720385066,-0.813139771120412,4257,37,"AT5G42850;AT4G34120;AT3G26060;AT5G04260;AT3G06050;AT3G02730;AT1G67740;AT5G10860;AT5G16400;AT3G47300;AT4G26160;AT2G15570;AT3G14395;AT3G24170","OSD-281",-0.17,"root","unknown",FALSE
"GO:0045489 (pectin biosynthetic process)",0.992735197965855,1,-0.151552126808938,-0.531130176142123,5465,34,"AT1G24170;AT1G13250;AT5G54690;AT3G28340;AT1G70090;AT1G19300;AT3G02250;AT5G15740;AT5G65810;AT1G02720;AT3G50760;AT3G62660;AT4G30260;AT5G33290;AT5G01360;AT3G49720;AT1G14020;AT4G32460;AT2G38650;AT1G10950;AT3G58790;AT5G47780;AT3G25140;AT2G35100;AT1G06780;AT4G02130;AT2G30575;AT3G02350;AT5G06700;AT2G18840;AT2G33570;AT2G03280;AT4G00740","OSD-281",-0.17,"root","unknown",FALSE
"GO:0045490 (pectin catabolic process)",0.588816369730111,0.771552484473939,-0.240124813982062,-0.922712356196742,3337,52,"AT5G19730;AT1G53830;AT5G09760;AT1G05310;AT1G11580;AT3G09540;AT2G19150;AT2G43050;AT5G53370;AT5G04970;AT5G04960;AT3G49220;AT3G07010;AT5G20860;AT3G10710;AT1G68765;AT3G07970;AT3G14310;AT2G21610;AT5G55590;AT5G48900","OSD-281",-0.17,"root","unknown",FALSE
"GO:0045492 (xylan biosynthetic process)",0.000364099763335154,0.00411879471060048,-0.602694191634291,-2.08029142425323,1,32,"AT5G67210;AT1G08990;AT3G55990;AT4G33330;AT2G28760;AT1G33800;AT3G50220;AT1G27930;AT5G59290;AT1G09610;AT4G09990;AT5G61840;AT2G38320","OSD-281",-0.17,"root","unknown",FALSE
"GO:0045595 (regulation of cell differentiation)",0.0301593323216995,0.101849370142053,-0.546600852362187,-1.58242316187598,158,16,"AT1G63245;AT1G73965;AT1G70895;AT1G78080;AT1G05065;AT1G69588;AT1G69970;AT3G28455;AT3G24770;AT5G52870","OSD-281",-0.17,"root","unknown",FALSE
"GO:0045814 (negative regulation of gene expression, epigenetic)",0.000223463687150838,0.00319946114338638,0.620620936103822,2.28685562278358,0,35,"AT3G18520;AT3G20810;AT4G29940;AT5G11530;AT4G20400;AT1G03770;AT3G02890;AT1G08060;AT1G69770;AT5G16680;AT5G44280;AT1G08620;AT1G21610;AT3G44600;AT3G24440;AT3G10490;AT3G10480;AT3G45880;AT5G17690;AT3G44530;AT1G63490;AT5G61060;AT3G19510","OSD-281",-0.17,"root","unknown",FALSE
"GO:0045892 (negative regulation of DNA-templated transcription)",0.00385306961212433,0.022100625699732,0.31469222189958,1.54181333237185,14,151,"AT1G15750;AT5G06250;AT1G17760;AT3G20910;AT1G24190;AT5G05660;AT4G16780;AT3G48390;AT5G63320;AT1G13260;AT1G30500;AT3G09370;AT4G32551;AT5G08550;AT1G60650;AT4G33980;AT2G25170;AT5G11530;AT5G08790;AT4G28840;AT2G36080;AT4G20400;AT2G39810;AT1G71800;AT1G03770;AT4G24800;AT2G34010;AT4G19190;AT4G15900;AT3G01320;AT5G02810;AT5G14070;AT5G63190;AT4G28910;AT5G03740;AT4G38130;AT3G56400;AT1G59750;AT5G44280;AT5G63550;AT2G47210;AT5G13790;AT4G37460;AT2G42870;AT3G10490;AT4G05420;AT3G61050;AT1G54160;AT3G07050;AT3G10480;AT4G06634;AT4G35580;AT1G22730;AT5G42900","OSD-281",-0.17,"root","unknown",FALSE
"GO:0045893 (positive regulation of DNA-templated transcription)",0.0597431602456728,0.165862289631822,0.235676862849674,1.22205521858648,213,230,"AT5G13330;AT5G61590;AT2G41070;AT5G53980;AT3G01770;AT3G47610;AT5G12330;AT4G17500;AT2G02160;AT2G30340;AT1G35660;AT3G16770;AT5G05660;AT2G34640;AT2G35530;AT1G25540;AT5G22290;AT4G29940;AT5G09410;AT2G45050;AT2G41460;AT1G50030;AT3G56850;AT1G74850;AT4G32910;AT5G08790;AT1G75240;AT1G77180;AT3G47600;AT1G75390;AT3G11440;AT5G49450;AT2G02080;AT5G28300;AT3G60530;AT3G04740;AT2G36270;AT4G00830;AT2G40950;AT4G32890;AT4G26640;AT4G31510;AT3G22170;AT1G43160;AT4G23810;AT2G34900;AT3G54610;AT5G13790;AT1G19790;AT2G42400;AT4G06634;AT5G08520;AT1G69600;AT2G27230;AT1G56170;AT1G20980;AT3G19290;AT5G22220;AT2G32700;AT2G06210;AT3G06930;AT3G26744;AT2G21400;AT5G61600;AT5G39610;AT2G24550","OSD-281",-0.17,"root","unknown",FALSE
"GO:0045944 (positive regulation of transcription by RNA polymerase II)",0.000469043151969981,0.004602887403381,0.437039550415953,1.88265676260041,1,72,"AT4G25520;AT1G26660;AT3G54350;AT2G28290;AT5G59830;AT3G06400;AT2G46020;AT2G36720;AT1G25540;AT1G18750;AT3G09600;AT3G06010;AT1G04020;AT1G14920;AT1G26665;AT2G02090;AT1G43850;AT3G12980;AT3G04740;AT3G05860;AT1G79000;AT3G54610;AT5G13790;AT2G37520;AT4G19600;AT1G55325;AT1G16710;AT5G28640;AT4G18390;AT3G26730","OSD-281",-0.17,"root","unknown",FALSE
"GO:0046685 (response to arsenic-containing substance)",0.537342014553811,0.723819041482653,-0.33009051213884,-0.937969138307341,2805,15,"AT5G44610;AT2G21045;AT4G10380;AT5G44070;AT5G03455","OSD-281",-0.17,"root","unknown",FALSE
"GO:0046686 (response to cadmium ion)",0.0497198879551821,0.143950913698813,0.332094874076624,1.37622723984145,212,60,"AT1G68560;AT1G59900;AT5G56550;AT3G12810;AT4G02520;AT3G01970;AT5G12170;AT4G14030;AT4G02930;AT1G48030;AT4G31510;AT3G22890;AT5G58270;AT4G24460;AT5G26220;AT4G17410;AT5G61780;AT1G62740;AT5G65140;AT3G06930;AT2G24550","OSD-281",-0.17,"root","unknown",FALSE
"GO:0046777 (protein autophosphorylation)",0.756730536017463,0.871386677838291,0.189684353420068,0.874948062767255,3119,103,"AT4G16970;AT5G26570;AT5G03730;AT4G00720;AT4G28650;AT1G09000;AT2G17520;AT1G67580;AT3G13530;AT3G45780;AT4G32300;AT5G14640;AT1G69220;AT2G01450;AT5G24430;AT1G08720;AT1G61380;AT1G09970","OSD-281",-0.17,"root","unknown",FALSE
"GO:0046854 (phosphatidylinositol phosphate biosynthetic process)",0.756605800214823,0.871386677838291,0.245887899423782,0.806696531677183,3521,22,"AT5G54390;AT3G56960;AT4G33240;AT1G49340;AT5G09350;AT1G77740;AT1G71010;AT1G34260;AT1G60890;AT1G21980;AT5G64070;AT5G21050;AT2G03890;AT3G14270;AT1G10900;AT1G31190;AT3G09920;AT3G07960;AT2G46500;AT2G26420;AT5G64090;AT3G02870","OSD-281",-0.17,"root","unknown",FALSE
"GO:0046856 (phosphatidylinositol dephosphorylation)",0.869199222965681,0.943702013505596,0.217910569321746,0.722416044407641,4026,23,"AT3G63240;AT1G65580;AT5G04540;AT1G05630;AT2G43900;AT5G20840;AT3G19420","OSD-281",-0.17,"root","unknown",FALSE
"GO:0048229 (gametophyte development)",0.316326530612245,0.515620725501997,0.329469592928455,1.10252743163196,1456,24,"AT3G12280;AT3G57550;AT5G62270;AT5G19820;AT1G70730;AT2G26870;AT3G49080;AT1G18370;AT5G17410;AT3G48750;AT3G43210","OSD-281",-0.17,"root","unknown",FALSE
"GO:0048278 (vesicle docking)",0.103383103383103,0.249432249432249,-0.457552001451873,-1.36912403074739,546,18,"AT1G79590;AT5G46860;AT1G08560;AT3G52400;AT4G03330;AT1G32270;AT3G24350;AT5G08080;AT3G05710;AT3G09740","OSD-281",-0.17,"root","unknown",FALSE
"GO:0048316 (seed development)",0.297619047619048,0.497801498013767,0.262389379001869,1.0873621938053,1274,60,"AT3G20910;AT3G23980;AT1G13120;AT3G27670;AT4G02460;AT4G14510;AT2G46660;AT5G17400;AT3G54650;AT2G36270;AT5G53470;AT1G54160;AT2G44190;AT3G29810;AT5G52920;AT5G52520;AT5G55820;AT3G07020;AT3G49600;AT5G67260;AT1G53130;AT4G09140","OSD-281",-0.17,"root","unknown",FALSE
"GO:0048354 (mucilage biosynthetic process involved in seed coat development)",0.802290076335878,0.903319197059655,-0.256078853394893,-0.752309437767175,4203,17,"AT5G54160;AT1G32070;AT1G63930;AT5G09870;AT2G35620;AT3G10320;AT5G63800","OSD-281",-0.17,"root","unknown",FALSE
"GO:0048364 (root development)",0.00106524633821571,0.00875229423831288,0.309901134631917,1.56999217754026,3,191,"AT4G37740;AT3G23940;AT1G79950;AT1G10130;AT5G12330;AT1G53330;AT5G13010;AT2G22840;AT4G00730;AT3G15380;AT5G10510;AT2G36400;AT2G20000;AT4G16780;AT4G23750;AT1G17110;AT1G24460;AT4G03090;AT1G48920;AT2G25170;AT4G24560;AT4G13750;AT3G60870;AT5G05980;AT2G31280;AT3G18130;AT1G01950;AT3G51410;AT4G15900;AT5G17400;AT3G28860;AT2G02080;AT1G51190;AT1G80600;AT5G44280;AT5G58270;AT1G78240;AT5G49665;AT1G05630;AT5G14170;AT1G59820;AT1G06230;AT5G24630;AT1G06150;AT4G14850;AT3G51050;AT5G06140;AT2G27230;AT5G03540;AT3G14370;AT5G57390;AT5G11340;AT3G44750;AT1G70560;AT3G05630;AT1G49340;AT2G25180;AT3G25820;AT2G26870;AT5G57280;AT5G22650;AT2G43790;AT2G22680;AT3G02260;AT4G30340;AT3G59420;AT2G39800;AT1G11760;AT5G59030;AT2G23140;AT4G31400;AT3G54010;AT5G03150;AT2G17070;AT2G45680;AT1G36160","OSD-281",-0.17,"root","unknown",FALSE
"GO:0048366 (leaf development)",0.000247524752475248,0.00319946114338638,0.393200147076844,1.84253788270052,0,115,"AT4G37740;AT3G12280;AT4G11140;AT3G49500;AT1G01160;AT5G06250;AT2G22840;AT3G15380;AT2G36400;AT1G08410;AT1G13260;AT5G04810;AT1G17110;AT1G48920;AT3G48430;AT1G04020;AT4G02570;AT4G24560;AT4G28840;AT5G64960;AT4G07410;AT5G06110;AT2G34010;AT4G15900;AT1G30210;AT3G61970;AT2G42600;AT1G15690;AT4G14713;AT1G17980;AT2G16800;AT1G11130;AT5G46210;AT4G02440;AT4G19600;AT2G45480;AT4G39400;AT5G28640;AT4G18390;AT1G70560;AT3G11450;AT1G19220;AT4G18750;AT3G15030;AT3G52910;AT2G37860;AT4G30340;AT1G13870;AT4G31160;AT2G28350;AT2G24060","OSD-281",-0.17,"root","unknown",FALSE
"GO:0048367 (shoot system development)",0.557069046500705,0.746030793551604,0.224576730110626,0.947428495745623,2371,66,"AT1G53330;AT2G27100;AT3G14362;AT1G17110;AT1G48920;AT5G11530;AT4G24560;AT3G18130;AT3G51410;AT5G17400;AT4G29900;AT1G78240;AT1G11130;AT5G46210;AT1G59820;AT5G24630","OSD-281",-0.17,"root","unknown",FALSE
"GO:0048443 (stamen development)",0.0691331923890063,0.185167317059541,0.488639064309242,1.45956715379344,326,16,"AT1G79280;AT4G03190;AT3G62980;AT3G28860;AT3G44600","OSD-281",-0.17,"root","unknown",FALSE
"GO:0048467 (gynoecium development)",0.0422091558168837,0.127677446451071,0.502301726416651,1.53207975720807,200,17,"AT3G49500;AT4G25520;AT1G17580;AT1G43850;AT1G70560;AT4G26000;AT2G22125;AT5G62090;AT1G75520;AT1G79200;AT4G24670","OSD-281",-0.17,"root","unknown",FALSE
"GO:0048481 (plant ovule development)",0.000450653447498873,0.004602887403381,0.491759121098607,1.89477874847536,1,42,"AT1G68990;AT5G49030;AT4G25520;AT3G55200;AT3G13490;AT1G11870;AT5G60410;AT4G29860;AT1G43850;AT5G05560;AT5G42630;AT2G16800;AT1G25350;AT1G11130;AT5G52520;AT3G55400;AT5G62000;AT1G17560;AT1G32240;AT2G30370;AT4G21530;AT2G43790;AT2G41670;AT2G25840","OSD-281",-0.17,"root","unknown",FALSE
"GO:0048510 (regulation of timing of transition from vegetative to reproductive phase)",0.129448398576512,0.293245934191154,0.348775264944178,1.27876133148952,581,34,"AT1G04080;AT1G33410;AT5G14530;AT3G06400;AT5G03730;AT2G19520;AT1G72390;AT5G23150;AT3G10390;AT5G63110;AT5G43270;AT5G61060;AT4G00650","OSD-281",-0.17,"root","unknown",FALSE
"GO:0048527 (lateral root development)",0.343149578021189,0.54049229830801,-0.290268364454931,-1.07434715348834,1910,44,"AT1G10370;AT4G29350;AT2G19760;AT3G22942;AT5G43070;AT2G02820;AT1G26960;AT2G23430;AT1G12110;AT5G60810;AT1G56010;AT3G07360;AT5G26930;AT1G21210","OSD-281",-0.17,"root","unknown",FALSE
"GO:0048544 (recognition of pollen)",0.00691592824724444,0.0344662653633165,0.501669368169483,1.70181169326065,31,25,"AT3G49500;AT1G11300;AT1G34300;AT1G61440;AT1G61460;AT1G61380;AT4G03230;AT1G61490;AT1G61420;AT1G61370;AT4G27300;AT1G61550","OSD-281",-0.17,"root","unknown",FALSE
"GO:0048564 (photosystem I assembly)",0.944622944622945,0.975094652514007,-0.204409762228972,-0.611651389785218,4997,18,"AT4G25910;AT4G20190;AT2G34910;AT1G30850;AT3G55250;AT2G15820;AT4G15510;AT3G22690;AT5G42270;AT2G30950;AT3G56010;AT5G44650;AT5G44660;AT1G01990;AT3G08010;AT5G35220;AT1G22700;AT2G34860","OSD-281",-0.17,"root","unknown",FALSE
"GO:0048573 (photoperiodism, flowering)",0.0195765991349875,0.0762985402184127,0.391571085352063,1.53680453278647,85,46,"AT1G04080;AT5G19350;AT2G35510;AT5G42820;AT2G42280;AT3G09600;AT4G33980;AT1G27650;AT4G20400;AT3G44110;AT1G12910;AT2G21070;AT1G79000;AT4G00450;AT3G10490;AT4G02440;AT3G10480;AT5G17690;AT3G01460;AT1G30810;AT2G25930","OSD-281",-0.17,"root","unknown",FALSE
"GO:0048574 (long-day photoperiodism, flowering)",0.226915729144555,0.423204795459784,0.383601953872892,1.18669669164211,1068,18,"AT1G80680;AT1G18450;AT1G54830;AT3G13670;AT2G13540;AT1G72390;AT2G42400","OSD-281",-0.17,"root","unknown",FALSE
"GO:0048653 (anther development)",0.891666666666667,0.951111111111111,0.204465590848378,0.719315897289305,4065,29,"AT5G12330;AT3G11440;AT5G14070;AT5G43270;AT1G77300;AT5G06100;AT4G31400;AT1G75520;AT2G23470;AT5G45780","OSD-281",-0.17,"root","unknown",FALSE
"GO:0048765 (root hair cell differentiation)",0.937264506405426,0.974114222041878,-0.208538690261121,-0.631404743319958,4974,19,"AT2G03720;AT5G49270;AT1G01380;AT5G65090;AT4G18640;AT5G58650","OSD-281",-0.17,"root","unknown",FALSE
"GO:0048766 (root hair initiation)",0.616804822908817,0.789510173323286,-0.294215618424064,-0.890813770812303,3273,19,"AT1G75840;AT1G20090;AT4G33880;AT3G02242","OSD-281",-0.17,"root","unknown",FALSE
"GO:0048767 (root hair elongation)",0.0592892329345531,0.165862289631822,-0.355654488674454,-1.37736256142928,336,54,"AT1G24620;AT1G75840;AT5G56540;AT5G60660;AT1G20090;AT2G45890;AT5G63220;AT1G12560;AT3G56930;AT4G16444;AT5G51310;AT1G12950;AT4G38630;AT5G05500;AT5G58650;AT2G20290;AT4G34580;AT1G10480;AT1G74380;AT3G43960;AT2G26650;AT3G18780;AT4G15290;AT2G26420","OSD-281",-0.17,"root","unknown",FALSE
"GO:0048768 (root hair cell tip growth)",0.17676394532693,0.361860197840988,-0.379264008705674,-1.24466289215596,956,26,"AT5G44610;AT5G27840;AT5G49270;AT1G49240;AT5G61980;AT2G41970;AT4G34580;AT3G05580;AT3G18780;AT2G26420","OSD-281",-0.17,"root","unknown",FALSE
"GO:0048825 (cotyledon development)",0.00352967129936025,0.0210396093138336,0.503734199405692,1.80521416985039,15,31,"AT4G11140;AT4G23750;AT1G08410;AT4G21750;AT4G04890;AT5G22510;AT4G15900;AT5G46210;AT3G07050;AT5G28640;AT2G34650;AT3G14370;AT1G70560;AT2G26700","OSD-281",-0.17,"root","unknown",FALSE
"GO:0048829 (root cap development)",0.121338912133891,0.281580376249641,0.455591741823412,1.33668202791805,579,15,"AT3G53180;AT2G20000;AT1G26870","OSD-281",-0.17,"root","unknown",FALSE
"GO:0048868 (pollen tube development)",0.0718157181571816,0.18902145731414,0.369496505706207,1.37695846672345,317,37,"AT4G07960;AT4G31590;AT3G28180;AT1G47550;AT1G16570;AT5G62270;AT3G06430;AT2G32440;AT5G04480;AT1G16340;AT1G79500;AT2G22125;AT4G38350;AT2G34590;AT5G59980;AT2G47510","OSD-281",-0.17,"root","unknown",FALSE
"GO:0050821 (protein stabilization)",0.129673654635833,0.293245934191154,0.384300506692503,1.30366160964076,599,25,"AT3G07770;AT2G04030;AT5G52640;AT2G28000;AT5G06130;AT1G09300;AT5G13650","OSD-281",-0.17,"root","unknown",FALSE
"GO:0050826 (response to freezing)",0.375190839694656,0.578974696787693,-0.362703076544749,-1.06555048952451,1965,17,"AT3G55990;AT5G65430;AT5G38480;AT5G63980;AT1G31812;AT5G10450","OSD-281",-0.17,"root","unknown",FALSE
"GO:0050829 (defense response to Gram-negative bacterium)",0.328754234098607,0.524726012301897,-0.358510089025455,-1.09895286795893,1746,20,"AT3G52430;AT3G23820;AT3G57750;AT4G30440;AT3G11340","OSD-281",-0.17,"root","unknown",FALSE
"GO:0050832 (defense response to fungus)",0.0644853875476493,0.176424659286367,-0.262722348061685,-1.25950863533399,405,197,"AT3G22600;AT5G67300;AT4G30650;AT5G52020;AT4G12490;AT3G43810;AT2G38870;AT2G35000;AT1G20440;AT3G50970;AT1G45145;AT2G25000;AT3G13437;AT4G21980;AT1G70170;AT2G37130;AT3G17210;AT3G23820;AT5G42980;AT1G32070;AT5G45490;AT5G46870;AT4G15330;AT1G47128;AT3G10190;AT2G20610;AT3G49120;AT5G50260;AT1G74080;AT1G27130","OSD-281",-0.17,"root","unknown",FALSE
"GO:0051017 (actin filament bundle assembly)",0.315076335877863,0.514963473692851,-0.379007987090736,-1.11345111826866,1650,17,"AT1G10200;AT2G39900;AT1G20260;AT1G01780","OSD-281",-0.17,"root","unknown",FALSE
"GO:0051085 (chaperone cofactor-dependent protein refolding)",0.000225580870742161,0.00319946114338638,0.526155177525296,2.04560541472381,0,44,"AT3G13470;AT1G55490;AT5G48030;AT5G09590;AT1G16030;AT4G24280;AT3G12580;AT4G39960;AT5G42020;AT2G32120;AT2G20560;AT4G22670;AT4G37910;AT5G18140;AT5G01390;AT5G28540;AT5G02500","OSD-281",-0.17,"root","unknown",FALSE
"GO:0051211 (anisotropic cell growth)",0.990999617004979,1,-0.170236162748076,-0.483734797001372,5174,15,"AT1G20090;AT1G80350;AT2G03680;AT3G50960;AT3G22190;AT5G66410;AT4G18570;AT2G40070;AT3G09000;AT4G35020;AT1G74720;AT4G16340;AT2G22125;AT1G27850;AT1G77460","OSD-281",-0.17,"root","unknown",FALSE
"GO:0051225 (spindle assembly)",0.0394881976615928,0.122494000909431,0.414480594413199,1.48535922922343,178,31,"AT1G80260;AT3G19570;AT5G38880;AT1G49890;AT3G44050;AT5G48520;AT4G21270;AT2G44190;AT5G27550;AT3G43610;AT5G17410;AT1G03780;AT1G20570;AT4G30710;AT4G05190;AT5G06680;AT5G40740;AT2G24070;AT2G20815;AT3G53760","OSD-281",-0.17,"root","unknown",FALSE
"GO:0051301 (cell division)",0.000712419852766564,0.0062330206571326,0.406577162587823,1.8023942417067,2,84,"AT4G17500;AT1G54490;AT1G10270;AT2G20000;AT5G13680;AT2G47420;AT5G50320;AT5G16750;AT1G17110;AT5G60410;AT1G77600;AT1G17580;AT2G25170;AT4G24560;AT1G80370;AT5G55280;AT1G75710;AT2G44950;AT1G78770;AT1G66340;AT3G20550;AT3G60660;AT5G55920;AT2G44190;AT5G22370;AT5G28640;AT5G61600;AT4G26760;AT3G10220;AT3G09840;AT3G11220;AT2G43790","OSD-281",-0.17,"root","unknown",FALSE
"GO:0051302 (regulation of cell division)",0.454886388705052,0.654291094969061,0.278118111641824,0.99668189418187,2061,31,"AT2G40360;AT2G41230;AT2G20000;AT1G72440;AT3G13530;AT3G54650;AT3G51800;AT1G08260;AT5G22220;AT3G22780;AT2G26330;AT1G69380;AT5G51020;AT5G03150","OSD-281",-0.17,"root","unknown",FALSE
"GO:0051321 (meiotic cell cycle)",0.0131434830230011,0.0573693149650878,0.479110682939251,1.65306719684643,59,27,"AT1G80260;AT5G63920;AT2G45280;AT5G40820;AT3G48190;AT4G19130;AT2G06510;AT3G43610;AT5G17410;AT5G22010;AT1G20570;AT5G19400;AT3G02980;AT5G61000","OSD-281",-0.17,"root","unknown",FALSE
"GO:0051453 (regulation of intracellular pH)",0.3996591393268,0.607481891776736,0.329849229277684,1.03774335235509,1875,19,"AT5G55470;AT1G79610;AT3G42640;AT2G18960;AT1G54370;AT5G62670;AT5G57350","OSD-281",-0.17,"root","unknown",FALSE
"GO:0051510 (regulation of unidimensional cell growth)",0.796051406220898,0.901302150805039,-0.245459023392628,-0.780467195226578,4273,23,"AT5G01840;AT3G21220;AT5G44585;AT2G42080","OSD-281",-0.17,"root","unknown",FALSE
"GO:0051555 (flavonol biosynthetic process)",0.00267175572519084,0.0165757906215921,-0.624100101013878,-1.83348367067294,13,17,"AT2G47460;AT4G34131;AT5G54160;AT5G17050;AT5G63600;AT5G17040","OSD-281",-0.17,"root","unknown",FALSE
"GO:0051592 (response to calcium ion)",0.000376364320662401,0.00411879471060048,-0.65089195305732,-1.99520069431838,1,20,"AT5G10930;AT5G44460;AT5G62070;AT1G12080;AT4G20260;AT5G37770;AT1G62480;AT3G59370;AT3G51380","OSD-281",-0.17,"root","unknown",FALSE
"GO:0051603 (proteolysis involved in protein catabolic process)",0.0177610333692142,0.0710441334768568,-0.434052705693954,-1.58337192666978,98,41,"AT4G39090;AT3G45310;AT4G35350;AT1G47128;AT1G02305;AT5G27660;AT5G43060;AT5G50260;AT1G20850;AT3G48350;AT1G02300;AT1G09850;AT3G48340;AT5G60360;AT3G19400;AT3G19390;AT4G16190;AT4G32940;AT3G43960;AT5G40580;AT2G34080;AT4G01610","OSD-281",-0.17,"root","unknown",FALSE
"GO:0051607 (defense response to virus)",0.144950405770965,0.324703850890669,0.323118530089352,1.24998279791411,642,43,"AT2G43710;AT3G49500;AT5G23570;AT1G48410;AT2G19810;AT5G43810;AT1G58160;AT2G27040;AT2G13540;AT3G03300;AT5G42950;AT2G22240;AT5G20320;AT5G43470","OSD-281",-0.17,"root","unknown",FALSE
"GO:0051707 (response to other organism)",0.337404580152672,0.534223918575064,-0.372843892526252,-1.09534221761297,1767,17,"AT3G52430;AT4G34131;AT1G70690;AT3G54950;AT1G33560;AT2G15480;AT4G36430","OSD-281",-0.17,"root","unknown",FALSE
"GO:0051726 (regulation of cell cycle)",0.00649932765575975,0.0332064834390416,0.454976779889657,1.68692900380896,28,36,"AT3G12280;AT5G67380;AT5G09790;AT2G20580;AT4G04950;AT4G29860;AT3G05380;AT2G22010;AT3G21430;AT5G24330;AT5G03415;AT2G23070;AT1G22980;AT5G22220;AT3G50000;AT1G26330;AT1G66750","OSD-281",-0.17,"root","unknown",FALSE
"GO:0051865 (protein autoubiquitination)",0.224566691785983,0.421208357483923,-0.396024055859176,-1.19906510885433,1191,19,"AT1G23030;AT3G12630;AT3G52450;AT2G35930;AT3G46620","OSD-281",-0.17,"root","unknown",FALSE
"GO:0052544 (defense response by callose deposition in cell wall)",0.882995021064726,0.949685599927578,-0.238805580453272,-0.678578318017591,4610,15,"AT3G54640;AT5G44070;AT4G31500;AT2G22330;AT1G24100;AT4G39950","OSD-281",-0.17,"root","unknown",FALSE
"GO:0055046 (microgametogenesis)",0.0842576791808874,0.214345895154726,0.438117368443816,1.39977338726035,394,20,"AT3G55200;AT3G20910;AT1G74260;AT2G45100;AT2G24260;AT4G14150;AT1G60490;AT3G09360;AT4G14220;AT4G33620;AT4G30980;AT3G55220","OSD-281",-0.17,"root","unknown",FALSE
"GO:0060586 (multicellular organismal-level iron ion homeostasis)",0.593286835222319,0.774316824832041,0.266065005953821,0.908738825542346,2721,26,"AT3G13440;AT5G14100;AT1G07030;AT2G30160;AT3G18290;AT4G03390","OSD-281",-0.17,"root","unknown",FALSE
"GO:0060918 (auxin transport)",0.462970711297071,0.662320452867339,0.337914262670322,0.991422540015381,2212,15,"AT5G63420;AT3G28860;AT5G03540;AT2G26260","OSD-281",-0.17,"root","unknown",FALSE
"GO:0061025 (membrane fusion)",0.314452389913436,0.514963473692851,-0.362821870296371,-1.11216991411394,1670,20,"AT5G46860;AT1G08560;AT4G22150;AT4G04210;AT3G52400;AT4G03330;AT4G32150;AT3G24350;AT5G08080;AT3G05710","OSD-281",-0.17,"root","unknown",FALSE
"GO:0061077 (chaperone-mediated protein folding)",0.150711101676926,0.33080270692986,0.417033172232264,1.29011826138151,709,18,"AT5G48570;AT5G52640;AT5G60160;AT5G55220","OSD-281",-0.17,"root","unknown",FALSE
"GO:0070417 (cellular response to cold)",0.701329885482084,0.852112001903857,-0.256816701195094,-0.842817168848472,3796,26,"AT1G79410;AT1G01120;AT5G12140;AT1G20823;AT1G29390;AT4G35450;AT1G66280;AT3G09260;AT3G61580","OSD-281",-0.17,"root","unknown",FALSE
"GO:0070588 (calcium ion transmembrane transport)",0.897985347985348,0.952210031845054,-0.208941648461611,-0.710119746564117,4902,30,"AT1G35720;AT1G25520","OSD-281",-0.17,"root","unknown",FALSE
"GO:0071215 (cellular response to abscisic acid stimulus)",0.693967415235579,0.847253390488418,0.242473976346825,0.859054800662861,3151,30,"AT2G41230;AT5G13680;AT1G10930;AT2G43140;AT3G18130","OSD-281",-0.17,"root","unknown",FALSE
"GO:0071365 (cellular response to auxin stimulus)",0.600303951367781,0.779882056477801,0.270168124001448,0.904082726471287,2764,24,"AT3G13300;AT1G28560;AT5G13790;AT1G21410;AT3G53970;AT2G35050;AT1G79570;AT4G09160;AT5G67440;AT1G79200","OSD-281",-0.17,"root","unknown",FALSE
"GO:0071456 (cellular response to hypoxia)",0.344030459613816,0.54049229830801,0.203834412578084,1.03887777421565,1264,202,"AT3G23150;AT4G32480;AT5G54490;AT4G27450;AT5G41080;AT2G40000;AT1G33055;AT5G19120;AT1G19530;AT1G72900;AT1G61340;AT1G13260;AT1G68620;AT3G10020;AT3G07350;AT2G15890;AT1G53840;AT1G74310;AT2G33590;AT3G56880;AT3G14100;AT5G20250;AT4G30370;AT4G26270;AT1G54050;AT5G45630;AT4G24110;AT1G10140;AT1G01720;AT5G15120;AT3G56400;AT2G18670;AT1G30040","OSD-281",-0.17,"root","unknown",FALSE
"GO:0071472 (cellular response to salt stress)",0.101888848528878,0.248788834962079,-0.379537871609221,-1.33012990873134,560,34,"AT5G24120;AT1G79410;AT4G20260;AT1G16370;AT2G01900;AT1G61660;AT1G78080;AT5G57630;AT5G62460;AT3G45410;AT1G66280;AT2G03680;AT5G19000;AT5G24270;AT2G34620;AT5G21010;AT1G08830","OSD-281",-0.17,"root","unknown",FALSE
"GO:0071555 (cell wall organization)",0.239864147739333,0.436638927621302,0.379301271691801,1.17339226171266,1129,18,"AT4G07960;AT4G31590;AT3G28180;AT1G13980;AT2G46930","OSD-281",-0.17,"root","unknown",FALSE
"GO:0071577 (zinc ion transmembrane transport)",0.000379362670713202,0.00411879471060048,-0.682175979324025,-1.97491655106765,1,16,"AT1G05300;AT4G33020;AT3G58810;AT5G59520;AT2G32270;AT3G20870;AT1G60960;AT4G19690;AT1G55910","OSD-281",-0.17,"root","unknown",FALSE
"GO:0071805 (potassium ion transmembrane transport)",0.85329803662034,0.932916757059619,0.211761679775833,0.758882731038837,3867,31,"AT5G55470;AT1G79610;AT3G02050;AT5G55630;AT4G18160;AT1G54370;AT2G40540;AT4G23640;AT5G09400;AT1G31120;AT1G08960","OSD-281",-0.17,"root","unknown",FALSE
"GO:0072583 (clathrin-dependent endocytosis)",0.726923076923077,0.862208825488066,-0.244053330646369,-0.829452101018387,3968,30,"AT1G47830;AT4G40080","OSD-281",-0.17,"root","unknown",FALSE
"GO:0072593 (reactive oxygen species metabolic process)",0.671966527196653,0.8287132830336,0.290619068809678,0.852660947482111,3211,15,"AT4G04950;AT2G26300;AT5G27620;AT1G60490;AT5G53540","OSD-281",-0.17,"root","unknown",FALSE
"GO:0072657 (protein localization to membrane)",0.0866108786610879,0.217600885231163,0.479397296653636,1.40652626429254,413,15,"AT5G10840;AT1G55130;AT1G14670;AT2G01970;AT5G57020;AT1G08350;AT1G76950;AT5G25100;AT3G13772;AT5G37310","OSD-281",-0.17,"root","unknown",FALSE
"GO:0080022 (primary root development)",0.702151501568803,0.852112001903857,0.233088129550577,0.864226799173817,3132,36,"AT3G20810;AT4G00630;AT5G48160;AT3G17170;AT3G57670;AT1G75710;AT1G80600;AT3G45880;AT1G70560;AT1G16300;AT2G25180","OSD-281",-0.17,"root","unknown",FALSE
"GO:0080147 (root hair cell development)",0.308648747485829,0.509941408889631,-0.324226395442231,-1.1100021381741,1687,31,"AT3G06300;AT4G02270;AT5G58010;AT3G02242;AT1G52240;AT1G01380;AT1G16440;AT3G11600;AT3G14310;AT3G61440;AT2G17720;AT3G25710;AT5G61350","OSD-281",-0.17,"root","unknown",FALSE
"GO:0080156 (mitochondrial mRNA modification)",0.00675675675675676,0.0339513066785794,0.503289644993573,1.71897405019307,30,26,"AT4G20020;AT1G15480;AT3G06790;AT3G22150;AT4G30700;AT3G15000;AT5G61030;AT5G44780;AT3G02330;AT4G11690;AT1G32580","OSD-281",-0.17,"root","unknown",FALSE
"GO:0080188 (gene silencing by siRNA-directed DNA methylation)",0.000223463687150838,0.00319946114338638,0.598157930691954,2.20408424456801,0,35,"AT3G20010;AT3G29375;AT3G54760;AT3G14980;AT2G19520;AT5G35910;AT3G12550;AT1G15910;AT1G50410;AT1G28060;AT1G54440;AT5G04290;AT3G42670;AT1G80790;AT5G50780;AT2G30280;AT4G03430;AT2G33290;AT4G13460;AT1G13790;AT3G24340;AT4G00380;AT3G48670;AT3G07610;AT3G49250;AT1G49590","OSD-281",-0.17,"root","unknown",FALSE
"GO:0090332 (stomatal closure)",0.725748248779452,0.862208825488066,0.266655426231778,0.824915277210821,3418,18,"AT2G41070;AT5G48650;AT5G02500;AT1G25480;AT2G31870;AT5G02800;AT4G24480;AT5G64010;AT1G15520","OSD-281",-0.17,"root","unknown",FALSE
"GO:0090333 (regulation of stomatal closure)",0.581227436823105,0.763454639110043,-0.260587491667941,-0.923899769346606,3219,36,"AT5G54160;AT1G23030;AT3G21220;AT1G32070;AT1G47128;AT3G59700;AT4G01370;AT5G49760;AT5G27150;AT3G05010;AT5G13750;AT1G07000;AT2G26650;AT2G05070","OSD-281",-0.17,"root","unknown",FALSE
"GO:0090351 (seedling development)",0.538054268696228,0.723819041482653,0.263658922885651,0.944865018420843,2438,31,"AT4G27490;AT3G10160;AT3G05290;AT4G00026;AT1G30010;AT3G03140;AT2G05710;AT4G39400;AT5G57710;AT5G11340;AT5G11460;AT1G48510;AT5G27520;AT5G12130;AT4G38490;AT5G23070","OSD-281",-0.17,"root","unknown",FALSE
"GO:0098542 (defense response to other organism)",0.735577766088024,0.863380852860074,-0.215094473543671,-0.847897292874276,4194,59,"AT3G52470;AT5G06330;AT3G21220;AT5G47250;AT1G53940;AT4G22305;AT3G20600;AT3G05200;AT3G46710;AT2G35960;AT5G45500;AT1G51660;AT3G19380;AT3G15700;AT4G22820;AT5G06960;AT3G23170;AT3G44220;AT5G36920;AT4G29810","OSD-281",-0.17,"root","unknown",FALSE
"GO:0098869 (cellular oxidant detoxification)",0.0873228648027576,0.218486838683443,-0.497433389341583,-1.41348251587969,455,15,"AT4G11600;AT3G29200;AT1G05250;AT1G75270;AT1G19550;AT1G19570;AT2G41480","OSD-281",-0.17,"root","unknown",FALSE
"GO:0099402 (plant organ development)",0.0962659184113965,0.237466063348416,0.410410019251176,1.36058927116534,445,23,"AT4G07960;AT4G31590;AT3G28180;AT4G20400;AT1G08620;AT5G18930;AT5G22790;AT2G26260;AT5G24690;AT1G63490;AT2G37860;AT3G51390","OSD-281",-0.17,"root","unknown",FALSE
"GO:0140964 (intracellular auxin homeostasis)",0.290212443095599,0.491501853487812,-0.393909311148039,-1.14037732459707,1529,16,"AT1G28130;AT1G71090","OSD-281",-0.17,"root","unknown",FALSE
"GO:0160062 (cutin-based cuticle development)",0.753044939101218,0.870979803718757,0.262940904154854,0.802000899880414,3585,17,"AT5G05660;AT4G34100;AT1G02205","OSD-281",-0.17,"root","unknown",FALSE
"GO:1900055 (regulation of leaf senescence)",0.506638846737481,0.70650554774401,-0.331704226999904,-0.960292047530526,2670,16,"AT1G63245;AT5G13180;AT4G27410","OSD-281",-0.17,"root","unknown",FALSE
"GO:1900056 (negative regulation of leaf senescence)",0.722056313993174,0.862208825488066,0.258021760657402,0.824372690781848,3384,20,"AT5G62620;AT3G56400;AT1G08620;AT3G22170;AT3G61060;AT2G45680;AT4G15090;AT3G02480;AT2G43000;AT3G27010;AT4G32570;AT4G15415","OSD-281",-0.17,"root","unknown",FALSE
"GO:1900057 (positive regulation of leaf senescence)",0.801407849829352,0.903319197059655,0.240933089377036,0.76977483868833,3756,20,"AT4G34540;AT3G27930;AT3G19290;AT5G39610;AT3G29035;AT2G42620;AT3G12130","OSD-281",-0.17,"root","unknown",FALSE
"GO:1900150 (regulation of defense response to fungus)",0.749724366041896,0.870979803718757,-0.24205913561859,-0.815677585491053,4079,29,"AT5G67300;AT5G67160;AT5G44585;AT1G70260","OSD-281",-0.17,"root","unknown",FALSE
"GO:1900425 (negative regulation of defense response to bacterium)",0.928964059196617,0.968799567738496,0.215850431187004,0.644746240127293,4393,16,"AT1G26190;AT5G48650","OSD-281",-0.17,"root","unknown",FALSE
"GO:1900426 (positive regulation of defense response to bacterium)",0.52752124122645,0.722371429427211,-0.288801025286259,-0.947782840288856,2855,26,"AT3G52430;AT3G55150;AT3G09980","OSD-281",-0.17,"root","unknown",FALSE
"GO:1901259 (chloroplast rRNA processing)",0.0023881893182805,0.0159562539067533,0.545878261745767,1.82671108601204,10,24,"AT4G09730;AT2G25870;AT3G53460;AT3G52380;AT3G28460;AT4G24770;AT3G57180;AT2G04270;AT5G50250;AT1G70070;AT5G46580;AT2G31890;AT2G33800;AT1G06190;AT3G24506;AT1G45230","OSD-281",-0.17,"root","unknown",FALSE
"GO:1901703 (protein localization involved in auxin polar transport)",0.923795372532371,0.965064581614573,0.213263761604398,0.659744815655842,4351,18,"AT1G59820;AT5G03540;AT1G17500;AT4G09160;AT5G67440;AT4G24500;AT5G02130;AT1G68710;AT1G13210;AT3G25610;AT4G37590;AT2G47260","OSD-281",-0.17,"root","unknown",FALSE
"GO:1902074 (response to salt)",0.571812320916905,0.759087098509778,-0.256030064804199,-0.928863666098274,3192,40,"AT3G26520;AT4G28110;AT1G12080;AT1G62480;AT1G02340;AT3G53600","OSD-281",-0.17,"root","unknown",FALSE
"GO:1902531 (regulation of intracellular signal transduction)",0.204332129963899,0.393145363981173,-0.337440475768495,-1.19637813670654,1131,36,"AT3G16800;AT2G20630;AT5G26010;AT5G01700;AT5G06750;AT3G02750;AT5G27930;AT3G55050;AT1G79630;AT4G26080","OSD-281",-0.17,"root","unknown",FALSE
"GO:1902584 (positive regulation of response to water deprivation)",0.28736722306525,0.489245225684299,-0.394989979531679,-1.14350588664228,1514,16,"AT1G67360;AT3G53600;AT3G13672;AT2G02820;AT3G05500;AT3G17410;AT4G17870;AT3G28455","OSD-281",-0.17,"root","unknown",FALSE
"GO:1902600 (proton transmembrane transport)",0.953477868112014,0.982341191377113,0.178878643401831,0.666605661337433,4221,37,"AT5G41610;AT4G00630;AT5G55470;AT1G79610;AT1G15690;AT3G17630;AT3G42640;AT2G18960;AT1G54370","OSD-281",-0.17,"root","unknown",FALSE
"GO:1905392 (plant organ morphogenesis)",0.735227700414001,0.863380852860074,-0.266009345731694,-0.815407271216203,3906,20,"AT2G28550;AT5G65870;AT1G05577;AT3G49780","OSD-281",-0.17,"root","unknown",FALSE
"GO:1990110 (callus formation)",0.47155522718877,0.669872846099935,-0.301494786395164,-0.98944103366203,2552,26,"AT1G21110;AT3G58190;AT4G35550;AT1G53830;AT4G31920","OSD-281",-0.17,"root","unknown",FALSE
"GO:1990641 (response to iron ion starvation)",0.129742033383915,0.293245934191154,-0.462604174424297,-1.33925067483148,683,16,"AT3G13610;AT5G64940;AT5G61430;AT1G35515;AT3G12820;AT5G67370","OSD-281",-0.17,"root","unknown",FALSE
"GO:1990961 (xenobiotic detoxification by transmembrane export across the plasma membrane)",0.662129851020783,0.824948666845566,-0.261220146697017,-0.865868865605699,3599,27,"AT4G25640;AT1G71870;AT2G04090;AT3G21690;AT5G65380;AT4G22790;AT1G12950;AT4G21903;AT1G61890;AT4G21910;AT2G04100;AT1G11670","OSD-281",-0.17,"root","unknown",FALSE
"GO:2000012 (regulation of auxin polar transport)",0.817697937458416,0.915580747651413,0.217482351515171,0.785454451673988,3686,32,"AT3G15380;AT1G08410;AT4G07410;AT1G68130;AT2G01940;AT3G43300;AT2G21410;AT5G67440;AT4G02450;AT4G24500;AT3G03773","OSD-281",-0.17,"root","unknown",FALSE
"GO:2000022 (regulation of jasmonic acid mediated signaling pathway)",0.225152493720847,0.421208357483923,-0.329543668291535,-1.17573544186575,1254,37,"AT5G67300;AT3G52430;AT4G31550;AT1G16310;AT1G48500;AT5G20900;AT3G53600;AT1G74950;AT1G15380","OSD-281",-0.17,"root","unknown",FALSE
"GO:2000028 (regulation of photoperiodism, flowering)",0.0055800976517089,0.0289974305319574,0.398593250894119,1.64037712676644,23,58,"AT5G64610;AT3G20810;AT5G56550;AT2G42280;AT3G48430;AT2G19520;AT4G33980;AT1G77180;AT3G24870;AT3G09670;AT3G02890;AT4G26150;AT5G16680;AT4G00990;AT3G45880;AT5G42900;AT3G20020;AT5G40340;AT1G20670;AT2G23070;AT3G10390;AT2G25930;AT2G18000","OSD-281",-0.17,"root","unknown",FALSE
"GO:2000031 (regulation of salicylic acid mediated signaling pathway)",0.455205811138015,0.654291094969061,-0.312928297430258,-0.994994061439571,2443,23,"AT5G67300;AT3G52430;AT1G16310;AT1G14780","OSD-281",-0.17,"root","unknown",FALSE
"GO:2000067 (regulation of root morphogenesis)",0.202807536017732,0.392294696448735,-0.37042235634867,-1.21564649106991,1097,26,"AT5G57620;AT3G02242;AT3G02240;AT1G05577;AT4G34600;AT2G16385;AT2G31085;AT5G60810;AT2G28150","OSD-281",-0.17,"root","unknown",FALSE
"GO:2000070 (regulation of response to water deprivation)",0.0389121338912134,0.121326037978758,0.529022211602239,1.55212313504194,185,15,"AT5G56550;AT2G41230;AT4G00630;AT5G60410;AT3G56400;AT5G27620;AT5G52440","OSD-281",-0.17,"root","unknown",FALSE
"GO:2000280 (regulation of root development)",0.0768540132878434,0.200546094759694,-0.366777285903191,-1.357523524185,427,44,"AT2G35612;AT5G65790;AT3G62020;AT4G25250;AT1G09560;AT2G33790;AT5G44585;AT2G37430;AT3G50610;AT1G02335;AT5G13150","OSD-281",-0.17,"root","unknown",FALSE
"GO:2000377 (regulation of reactive oxygen species metabolic process)",0.511522409726002,0.711683352662264,-0.277820305276824,-0.966312122286426,2818,33,"AT1G63245;AT2G01900;AT1G61660;AT5G44585;AT2G46370;AT4G01370;AT1G66350;AT5G60810;AT1G47260","OSD-281",-0.17,"root","unknown",FALSE
"GO:2000652 (regulation of secondary cell wall biogenesis)",0.209841628959276,0.401320340266279,-0.390284195864357,-1.20928622084109,1112,21,"AT1G43790;AT1G62990;AT5G16600;AT1G66230;AT4G28500;AT3G08500;AT1G17950;AT1G73410;AT4G17880;AT5G48920","OSD-281",-0.17,"root","unknown",FALSE
"00010 (KEGG:00010)",0.854662226450999,0.932916757059619,0.182165443923789,0.821947795568313,3592,91,"AT3G48000;AT4G36250;AT1G54100;AT1G59900;AT3G47800;AT1G43670;AT5G36880;AT5G51820;AT4G26270;AT4G37870;AT1G48030;AT2G19860;AT3G22960;AT5G52920;AT5G65690;AT4G34240;AT1G70730;AT5G08570;AT5G64380;AT1G16300;AT2G21330;AT1G77120","OSD-281",-0.17,"root","unknown",FALSE
"00020 (KEGG:00020)",0.487546369899311,0.683282508938923,-0.251018833464503,-0.977964100354274,2759,56,"AT3G27380;AT1G24180;AT1G04410;AT3G15020;AT1G09430;AT5G40650;AT2G17130;AT5G08300;AT1G65930;AT3G52200;AT5G03290;AT2G44350;AT1G60810;AT3G17240;AT4G35260;AT5G50950;AT4G26910;AT5G50850;AT4G26970;AT1G10670","OSD-281",-0.17,"root","unknown",FALSE
"00030 (KEGG:00030)",0.521980564553447,0.718781467083041,0.241740807593526,0.959139475957359,2255,49,"AT3G01850;AT1G09420;AT1G43670;AT1G32380;AT2G44530;AT5G51820;AT4G26270;AT5G61410;AT2G01290;AT2G45290;AT1G17160;AT1G70730;AT5G64380;AT2G21330","OSD-281",-0.17,"root","unknown",FALSE
"00040 (KEGG:00040)",0.217253839205059,0.410218429306446,0.305691636304017,1.16942653176391,961,41,"AT3G48000;AT4G36250;AT5G17310;AT3G01850;AT3G29090;AT5G61410;AT5G57655;AT3G59850;AT4G33220;AT5G04310;AT4G34240;AT3G43270;AT3G24670;AT5G49650","OSD-281",-0.17,"root","unknown",FALSE
"00051 (KEGG:00051)",0.604061826024443,0.783090810709725,-0.248203498918169,-0.909718049740435,3360,42,"AT3G55440;AT3G51160;AT3G52930;AT2G31390;AT5G51830;AT1G17890;AT4G29220;AT2G45790;AT5G56630;AT2G22480","OSD-281",-0.17,"root","unknown",FALSE
"00052 (KEGG:00052)",0.324518153294487,0.521976288896952,0.291445225837612,1.08059889255526,1447,36,"AT5G17310;AT4G01970;AT5G51820;AT3G54440;AT4G26270;AT2G19860;AT1G12780;AT1G72990;AT1G70730;AT5G18200;AT5G47810;AT5G08380;AT1G63180","OSD-281",-0.17,"root","unknown",FALSE
"00053 (KEGG:00053)",0.458771929824561,0.657861635220126,0.282790461622814,0.994865071443317,2091,29,"AT3G48000;AT4G36250;AT1G54100;AT3G47930","OSD-281",-0.17,"root","unknown",FALSE
"00061 (KEGG:00061)",0.311464690496949,0.513199273230745,0.321030429443563,1.09647194816192,1428,26,"AT2G43710;AT2G04540;AT2G38040;AT1G08510;AT2G30200;AT3G02630;AT5G15530;AT1G74960;AT1G36160","OSD-281",-0.17,"root","unknown",FALSE
"00071 (KEGG:00071)",0.231136363636364,0.425851239669422,0.307052484553881,1.15305549259633,1016,38,"AT3G48000;AT4G36250;AT1G54100;AT2G47240;AT5G27600;AT1G06310;AT3G23790;AT4G16210;AT3G05970;AT3G06810","OSD-281",-0.17,"root","unknown",FALSE
"00100 (KEGG:00100)",0.420268530439581,0.62660953622101,-0.308398253381952,-1.02225057748066,2284,27,"AT2G28860;AT5G24140;AT4G12110;AT4G34650;AT3G45130;AT4G34640;AT1G07420;AT4G37760;AT5G24160;AT2G34500;AT4G22756","OSD-281",-0.17,"root","unknown",FALSE
"00130 (KEGG:00130)",0.444735365625584,0.648439094245457,-0.319646253249226,-1.00404971552433,2377,22,"AT1G51680;AT1G65060;AT3G21230;AT2G18950;AT5G36160;AT3G21240","OSD-281",-0.17,"root","unknown",FALSE
"00190 (KEGG:00190)",0.000166889185580774,0.00319946114338638,-0.553891122951656,-2.47387027180164,0,118,"AT4G11150;AT4G01480;AT3G62790;AT4G02620;AT1G16700;AT1G15120;AT4G32530;AT2G02050;AT4G23710;AT3G28715;AT5G47890;AT2G47690;AT3G58730;AT4G34720;AT1G12840;AT1G79010;AT3G27380;AT3G03100;AT3G08610;AT3G01390;AT1G53030;AT3G52730;AT1G65290;AT1G20260;AT3G52300;AT2G25610;AT4G28060;AT5G40650;AT1G51650;AT3G18410;AT1G64200;AT2G33220;AT5G57815;AT4G34700;AT3G42050;AT1G80230;AT2G16510;AT2G07751;AT3G06310;AT4G39080;AT1G76030;AT1G19910;AT3G03070;AT1G49140;AT4G04640;AT5G18800;AT5G67590;AT2G44620;AT3G53620;AT5G13450;AT4G09650;AT3G28710;AT5G09650;AT4G26710;AT4G37830;AT4G29480;AT2G33040;AT3G12260","OSD-281",-0.17,"root","unknown",FALSE
"00195 (KEGG:00195)",0.000179726815240834,0.00319946114338638,-0.622854877890522,-2.2828941866476,0,42,"AT4G28660;AT1G31330;AT1G60950;AT4G21280;AT1G10960;AT1G44575;AT1G30380;AT5G64040;AT5G66570;AT1G08380;AT4G02770;AT1G30510;AT1G52230;AT4G04640;AT3G50820;AT1G67740;AT1G79040;AT2G27510;AT2G30570;AT1G20340;AT4G09650;AT1G20020;AT4G28750;AT2G20260;AT1G06680","OSD-281",-0.17,"root","unknown",FALSE
"00196 (KEGG:00196)",0.0809939301972686,0.207781896877381,-0.48955766739345,-1.41728171225765,426,16,"AT1G15820;AT4G10340;AT1G45474;AT3G54890;AT1G29930;AT1G61520;AT3G47470","OSD-281",-0.17,"root","unknown",FALSE
"00230 (KEGG:00230)",0.00123731749566939,0.00989853996535511,0.347727943500134,1.64892632461733,4,123,"AT1G79470;AT1G50840;AT5G45140;AT4G14930;AT2G37690;AT2G38280;AT5G14580;AT3G20540;AT2G35040;AT1G32380;AT2G44530;AT4G34890;AT3G21110;AT1G74260;AT5G51820;AT1G29940;AT5G60040;AT3G57550;AT1G63660;AT3G03710;AT4G21710;AT4G18440;AT3G04080;AT1G16350;AT5G67100;AT3G22890;AT5G11160;AT4G25180;AT5G63960;AT4G35800;AT3G55010;AT4G04955;AT3G22960;AT1G08260;AT5G52920;AT2G21790;AT4G07950;AT3G57660;AT2G16570;AT1G70730;AT5G08570;AT2G15430;AT5G58220;AT4G13720;AT5G67520;AT3G59600;AT5G66005","OSD-281",-0.17,"root","unknown",FALSE
"00240 (KEGG:00240)",0.00738974970202622,0.0359437425506555,0.339871902239971,1.53725725158273,30,92,"AT1G50840;AT5G45140;AT4G14930;AT5G59440;AT4G34570;AT5G14580;AT3G20540;AT3G12670;AT5G23300;AT1G29940;AT4G26510;AT5G60040;AT3G18680;AT3G27740;AT3G03710;AT4G21710;AT3G48540;AT5G40870;AT3G04080;AT5G67100;AT4G25180;AT5G63960;AT1G29900;AT4G35800;AT1G08260;AT2G21790;AT4G07950;AT3G57660;AT2G15430;AT4G13720","OSD-281",-0.17,"root","unknown",FALSE
"00250 (KEGG:00250)",0.150518251464624,0.33080270692986,0.322747509980769,1.24356640639163,667,42,"AT3G47340;AT3G27740;AT3G17820;AT4G18440;AT1G72330;AT2G30970;AT1G70580;AT1G29900;AT3G08860;AT4G24830;AT1G48470;AT1G51720;AT2G16570;AT5G10240","OSD-281",-0.17,"root","unknown",FALSE
"00260 (KEGG:00260)",0.162192646063614,0.343106884710516,0.31447623721912,1.22263225971291,718,44,"AT1G54100;AT4G19710;AT2G26080;AT4G27070;AT4G32520;AT5G13280;AT4G29840;AT1G74920;AT1G48030;AT3G08860;AT4G34200;AT1G14810;AT3G48170;AT3G10050;AT5G38530;AT1G18640;AT4G11640;AT5G54810;AT4G33010;AT4G39660;AT1G36370;AT4G16155;AT3G16950;AT1G31230","OSD-281",-0.17,"root","unknown",FALSE
"00270 (KEGG:00270)",0.962185602775369,0.986524193064796,-0.168537101098293,-0.694180685114918,5546,74,"AT5G15950;AT3G02470;AT4G14716;AT3G23810;AT1G33320;AT4G14880;AT3G25900;AT2G36880;AT4G14710;AT3G04940;AT5G36160;AT3G01120;AT3G03780","OSD-281",-0.17,"root","unknown",FALSE
"00280 (KEGG:00280)",0.00497962879130828,0.0272758045505895,0.451135314438997,1.7151284036472,21,40,"AT3G48000;AT4G36250;AT1G54100;AT3G06850;AT1G03090;AT5G65940;AT1G55510;AT5G09300;AT1G50110;AT4G34030;AT3G45300;AT4G16210;AT1G48030;AT3G06810;AT4G34240;AT4G31810;AT1G10070","OSD-281",-0.17,"root","unknown",FALSE
"00290 (KEGG:00290)",0.000222419928825623,0.00319946114338638,0.565816225143087,2.07452758887059,0,34,"AT3G23940;AT5G49030;AT1G18500;AT1G59900;AT5G16715;AT4G10320;AT1G74040;AT1G14610;AT3G48560;AT3G58610;AT1G09620;AT1G80560;AT1G50110;AT2G31810","OSD-281",-0.17,"root","unknown",FALSE
"00300 (KEGG:00300)",0.0093398429208236,0.0436817268912366,0.552355264844988,1.70874563798454,43,18,"AT1G54100;AT4G19710;AT5G13280;AT3G60880;AT3G59890;AT2G45440;AT2G44040;AT1G14810;AT3G57560;AT2G19940;AT3G14390","OSD-281",-0.17,"root","unknown",FALSE
"00310 (KEGG:00310)",0.0202928870292887,0.0775656775656776,0.557613237829401,1.63600769090466,96,15,"AT3G48000;AT5G65750;AT4G36250;AT1G54100","OSD-281",-0.17,"root","unknown",FALSE
"00330 (KEGG:00330)",0.102996254681648,0.249432249432249,0.306543858516596,1.27963188786171,439,62,"AT3G48000;AT5G14800;AT4G36250;AT1G54100;AT4G33910;AT2G22910;AT5G46180;AT3G17820;AT4G37670;AT1G80600;AT1G75330;AT2G30970;AT5G18930;AT4G24830;AT1G70310;AT1G48470;AT4G34240;AT1G51720;AT3G55610;AT3G30775;AT3G57560;AT2G14260;AT1G20270;AT2G39800;AT2G19940;AT2G43080;AT5G66060;AT1G67550;AT4G08900","OSD-281",-0.17,"root","unknown",FALSE
"00340 (KEGG:00340)",0.0798892202812101,0.205816296317694,0.446526947106977,1.40482478016519,374,19,"AT3G48000;AT4G36250;AT1G54100;AT4G26900;AT3G21300;AT1G09795;AT4G34240","OSD-281",-0.17,"root","unknown",FALSE
"00350 (KEGG:00350)",0.854349040789719,0.932916757059619,-0.23002451731536,-0.731391282264258,4586,23,"AT5G42250;AT4G22110;AT5G36160;AT1G62800;AT2G20340","OSD-281",-0.17,"root","unknown",FALSE
"00360 (KEGG:00360)",0.000173280194073817,0.00319946114338638,-0.561042211875363,-2.31710789115051,0,75,"AT5G42180;AT5G66390;AT4G37530;AT1G05260;AT3G21770;AT4G34050;AT5G15180;AT2G37040;AT1G44970;AT1G51680;AT2G37130;AT3G01190;AT2G38380;AT1G30870;AT1G65060;AT4G16270;AT1G14540;AT2G30490;AT3G21230;AT3G53260;AT4G26010;AT2G18980;AT3G49120;AT4G30170;AT4G37520;AT5G67400;AT5G17820;AT1G68850;AT5G36160;AT2G40890;AT5G22410;AT3G21240;AT4G11290;AT3G10340;AT2G38390;AT1G62800;AT5G64100;AT2G41480","OSD-281",-0.17,"root","unknown",FALSE
"00380 (KEGG:00380)",0.071696448268255,0.18902145731414,0.387171764005288,1.38749355388797,324,31,"AT3G48000;AT5G65750;AT4G36250;AT1G20630;AT1G54100;AT3G44300","OSD-281",-0.17,"root","unknown",FALSE
"00400 (KEGG:00400)",0.782671480144404,0.891131572898498,-0.226542445705934,-0.803194781128007,4335,36,"AT3G29200;AT1G22410;AT2G45300;AT3G54640;AT5G36160;AT1G62800;AT2G21940;AT2G04400","OSD-281",-0.17,"root","unknown",FALSE
"00410 (KEGG:00410)",0.253944240328507,0.452780346392176,0.340397590296621,1.15472986050212,1174,25,"AT3G48000;AT4G36250;AT1G54100;AT5G65940;AT4G16210;AT3G06810;AT1G70310;AT4G34240;AT4G31810","OSD-281",-0.17,"root","unknown",FALSE
"00450 (KEGG:00450)",0.423052430481851,0.62660953622101,0.328806484640279,1.01718347253879,1992,18,"AT1G64660;AT4G13780;AT3G57050;AT5G20980;AT3G22890","OSD-281",-0.17,"root","unknown",FALSE
"00460 (KEGG:00460)",0.247802506078175,0.445751253537072,-0.371490871926837,-1.16690028582066,1324,22,"AT3G44320;AT4G37930;AT2G44480;AT4G13890;AT2G44450;AT3G44310;AT3G47050;AT4G13930;AT3G47000;AT3G61440;AT5G26780","OSD-281",-0.17,"root","unknown",FALSE
"00480 (KEGG:00480)",0.00369263231932478,0.0217972859237812,-0.431344197293621,-1.68893432323878,20,57,"AT4G11600;AT2G31570;AT1G65820;AT1G63460;AT1G02950;AT5G17220;AT4G35970;AT2G30860;AT3G63080;AT1G07890;AT5G13110;AT2G47730;AT2G29440;AT1G65930;AT3G03190;AT1G24280;AT3G27300;AT2G29490","OSD-281",-0.17,"root","unknown",FALSE
"00500 (KEGG:00500)",0.716686390532544,0.861156769651753,0.197944637295394,0.882261741799389,3027,86,"AT5G17310;AT4G38270;AT4G02280;AT3G46970;AT5G51820;AT3G29090;AT2G20810;AT5G64860;AT2G40840;AT2G36390;AT3G59850;AT2G19860;AT4G33220;AT1G68020;AT3G29320;AT3G43270;AT1G70730","OSD-281",-0.17,"root","unknown",FALSE
"00510 (KEGG:00510)",0.0340058943550215,0.108818861936069,0.390717158361955,1.47727320422722,149,39,"AT1G16900;AT5G19690;AT1G76400;AT5G63840;AT1G34130;AT5G14950;AT5G66680;AT2G40190;AT1G02145;AT1G16570;AT1G67490;AT3G57220;AT4G38240;AT2G13290;AT5G14480;AT2G44660;AT2G41490;AT5G38460;AT2G47760;AT1G30000;AT1G12990","OSD-281",-0.17,"root","unknown",FALSE
"00520 (KEGG:00520)",0.36839378238342,0.571386274717141,-0.244712303583996,-1.04519556521465,2132,90,"AT3G51160;AT3G23820;AT3G54420;AT2G31390;AT1G02000;AT1G64440;AT5G51830;AT1G63000;AT5G20080;AT4G30440;AT1G31070;AT1G17890;AT2G45790;AT5G15490;AT5G15770;AT1G02730;AT5G24090;AT5G44480;AT4G20460;AT3G29360;AT5G54690;AT4G19810","OSD-281",-0.17,"root","unknown",FALSE
"00561 (KEGG:00561)",0.187055160142349,0.374110320284697,0.328673078125124,1.20505799938339,840,34,"AT3G48000;AT4G36250;AT1G54100;AT4G33030;AT3G18850;AT1G32200;AT4G31780;AT2G19450;AT3G57650;AT4G34240;AT4G00400;AT4G30580;AT3G11670;AT5G20410;AT5G08380","OSD-281",-0.17,"root","unknown",FALSE
"00562 (KEGG:00562)",0.966422575459904,0.987537690553985,-0.172641939132,-0.643378338120215,5410,45,"AT1G68000;AT3G55440;AT5G63980;AT5G63990;AT5G58700;AT5G16760;AT5G64000;AT3G55940;AT3G03520;AT2G19800;AT3G02870;AT2G26420;AT3G07960;AT5G58670;AT2G14170;AT3G09920;AT1G31190;AT3G48610;AT1G10900","OSD-281",-0.17,"root","unknown",FALSE
"00564 (KEGG:00564)",0.53661939083934,0.723819041482653,0.238955494150788,0.955520025897427,2307,51,"AT3G18000;AT3G18850;AT1G32200;AT1G78690;AT2G38670;AT3G57650;AT4G16700;AT1G07230;AT3G05630;AT3G55030;AT4G00400;AT4G30580;AT1G13560;AT4G11840;AT2G26870;AT4G25970;AT1G06520;AT4G04870;AT1G55180;AT3G10370;AT4G11850;AT1G80950;AT4G26770","OSD-281",-0.17,"root","unknown",FALSE
"00565 (KEGG:00565)",0.706005879882402,0.855082818662352,0.272910824680264,0.832410338300866,3361,17,"AT1G07230;AT3G05630;AT1G13560;AT4G11840;AT2G26870;AT1G55180;AT4G11850;AT1G80950","OSD-281",-0.17,"root","unknown",FALSE
"00592 (KEGG:00592)",0.753512132822478,0.870979803718757,0.248756541839103,0.806019169108068,3539,21,"AT1G06310;AT3G06860;AT1G06290;AT4G29010;AT2G35690","OSD-281",-0.17,"root","unknown",FALSE
"00620 (KEGG:00620)",0.0299669655497876,0.101849370142053,0.339205366090692,1.43980377469486,126,68,"AT3G48000;AT4G36250;AT1G54100;AT1G18500;AT1G59900;AT1G74040;AT5G36880;AT5G43330;AT4G37870;AT5G03860;AT1G79750;AT2G22780;AT2G42600;AT1G67280;AT1G48030;AT2G38040;AT4G00570;AT3G22960;AT5G52920;AT1G08110;AT4G15530;AT5G65690;AT4G34240;AT5G08570","OSD-281",-0.17,"root","unknown",FALSE
"00630 (KEGG:00630)",0.235605559232296,0.431470421726615,0.323506794637202,1.15933968829387,1067,31,"AT5G14780;AT3G21720;AT5G43330;AT5G03860;AT2G22780;AT2G05710;AT4G35830;AT2G42790;AT3G58750;AT5G38420;AT5G47435","OSD-281",-0.17,"root","unknown",FALSE
"00640 (KEGG:00640)",0.0353070175438596,0.111805555555556,0.427926158299587,1.50545667490377,160,29,"AT3G48000;AT4G36250;AT1G54100;AT5G36880;AT5G65940;AT4G16210;AT2G38040;AT3G06810;AT1G75280;AT4G34240;AT4G31810","OSD-281",-0.17,"root","unknown",FALSE
"00650 (KEGG:00650)",0.512995313165744,0.712103083115918,0.304503285413213,0.958002117815546,2407,19,"AT1G59900;AT3G48560;AT2G31810;AT4G16210","OSD-281",-0.17,"root","unknown",FALSE
"00670 (KEGG:00670)",0.538102313733814,0.723819041482653,0.302892648222267,0.937017395086535,2534,18,"AT4G34570;AT2G35040;AT4G32520","OSD-281",-0.17,"root","unknown",FALSE
"00710 (KEGG:00710)",0.284704218713175,0.488983516885904,0.258519781825855,1.0936786911443,1207,67,"AT3G01850;AT1G43670;AT5G43330;AT4G37870;AT5G61410;AT1G79750;AT2G22780;AT2G42600;AT1G72330;AT1G70580;AT2G01290;AT2G45290;AT4G00570;AT3G22960;AT5G52920;AT4G15530;AT5G65690;AT5G08570;AT5G64380;AT2G21330;AT2G19900","OSD-281",-0.17,"root","unknown",FALSE
"00770 (KEGG:00770)",0.154436860068259,0.334920797815112,0.398561284473564,1.27339274674279,723,20,"AT3G23940;AT3G48560;AT3G58610;AT1G50110;AT2G31810","OSD-281",-0.17,"root","unknown",FALSE
"00860 (KEGG:00860)",0.655103523428987,0.819553379104576,-0.250401679829134,-0.877558706131519,3606,34,"AT1G74470;AT5G13630;AT4G18480;AT3G56940;AT5G08280;AT5G01600;AT1G03630;AT1G58290;AT5G45930","OSD-281",-0.17,"root","unknown",FALSE
"00900 (KEGG:00900)",0.621534609193346,0.793892946196543,-0.249201925724619,-0.899183814080992,3474,39,"AT5G58780;AT3G32040;AT1G78510;AT1G17050;AT1G74470","OSD-281",-0.17,"root","unknown",FALSE
"00903 (KEGG:00903)",0.534086831718694,0.723819041482653,-0.260426918092699,-0.950005991548536,2976,41,"AT5G42590;AT4G37330;AT1G44170;AT1G23800;AT4G00520;AT4G31940;AT5G25120;AT5G23190;AT4G37310;AT4G37410;AT3G26300;AT4G37320;AT3G26210;AT5G58860;AT4G37340;AT4G37400","OSD-281",-0.17,"root","unknown",FALSE
"00906 (KEGG:00906)",0.797564048719026,0.901336322715925,0.252548071572498,0.770301529597396,3797,17,"AT5G67030;AT3G10230;AT4G19230;AT3G04870;AT1G52340;AT4G14210","OSD-281",-0.17,"root","unknown",FALSE
"00908 (KEGG:00908)",0.667364016736402,0.8287132830336,0.291804223937996,0.856138129825182,3189,15,"AT1G22400;AT5G20040;AT1G67110;AT5G05870","OSD-281",-0.17,"root","unknown",FALSE
"00910 (KEGG:00910)",0.600254268071195,0.779882056477801,-0.259917384243327,-0.910907481025313,3304,34,"AT1G70410;AT2G37040;AT5G37600;AT3G53260;AT3G44320;AT2G15620;AT3G23490;AT3G10340","OSD-281",-0.17,"root","unknown",FALSE
"00920 (KEGG:00920)",0.302667392487752,0.50216087273308,-0.319148857923495,-1.1100607276277,1667,33,"AT5G43780;AT2G14750;AT1G33320;AT5G63980;AT4G14880;AT4G39940;AT3G04940;AT3G01120;AT5G63990","OSD-281",-0.17,"root","unknown",FALSE
"00940 (KEGG:00940)",0.000173130193905817,0.00319946114338638,-0.580297479254551,-2.4622252451911,0,87,"AT5G42180;AT3G21560;AT5G66390;AT4G37530;AT1G05260;AT3G21770;AT4G34050;AT5G15180;AT2G37040;AT1G44970;AT1G51680;AT2G37130;AT3G19450;AT3G01190;AT2G38380;AT5G26310;AT1G30870;AT1G65060;AT4G16270;AT1G14540;AT4G34230;AT2G30490;AT3G21230;AT3G53260;AT5G48930;AT4G26010;AT2G18980;AT3G49120;AT1G15950;AT4G30170;AT2G44480;AT4G37520;AT5G67400;AT5G17820;AT3G24503;AT1G68850;AT2G40890;AT5G22410;AT3G21240;AT4G11290;AT2G44450;AT3G10340;AT2G38390;AT5G64100","OSD-281",-0.17,"root","unknown",FALSE
"00945 (KEGG:00945)",0.0531036957301758,0.15158238030022,-0.402642591094064,-1.43653545889144,295,37,"AT4G34050;AT5G42590;AT4G37330;AT2G30490;AT5G48930;AT4G31940;AT5G25120;AT5G23190;AT4G37310;AT4G37410;AT2G40890;AT3G26300;AT4G37320;AT3G26210;AT5G58860;AT4G37340;AT4G37400","OSD-281",-0.17,"root","unknown",FALSE
"00960 (KEGG:00960)",0.182283763277693,0.368201089942982,-0.436323316749037,-1.26316693343303,960,16,"AT2G29320;AT2G29330;AT5G36160;AT1G62800;AT2G29340","OSD-281",-0.17,"root","unknown",FALSE
"00966 (KEGG:00966)",0.00861738797395634,0.040615285954771,-0.615451243357182,-1.74883630753709,44,15,"AT1G74100;AT1G16400;AT2G20610;AT1G74090;AT1G18590;AT4G31500;AT2G22330;AT1G24100;AT4G39950;AT4G13770","OSD-281",-0.17,"root","unknown",FALSE
"00970 (KEGG:00970)",0.000227634873662645,0.00319946114338638,0.662264345137037,2.59919816754187,0,46,"AT5G49030;AT1G70980;AT4G26300;AT5G16715;AT4G10320;AT3G13490;AT5G22800;AT1G14610;AT1G66530;AT1G11870;AT4G13780;AT1G09620;AT4G26870;AT5G26710;AT1G50200;AT1G29880;AT3G48110;AT4G31180;AT1G72550;AT4G33760;AT5G26830;AT3G02760;AT3G02660;AT1G25350;AT2G33840;AT5G52520;AT3G55400;AT1G66520;AT4G39280","OSD-281",-0.17,"root","unknown",FALSE
"01040 (KEGG:01040)",0.28016765938672,0.486691248306073,0.312609653402438,1.12028799438255,1269,31,"AT2G43710;AT4G30950;AT5G05580;AT3G12120;AT1G06310","OSD-281",-0.17,"root","unknown",FALSE
"03008 (KEGG:03008)",0.000234686693264492,0.00319946114338638,0.61025916576741,2.63596367060054,0,73,"AT1G27470;AT1G50920;AT2G21440;AT1G75660;AT1G06720;AT1G10490;AT1G67120;AT1G54490;AT4G28200;AT5G67380;AT5G41190;AT1G52980;AT5G42540;AT1G08410;AT5G16750;AT1G15440;AT3G22980;AT3G03110;AT5G66540;AT2G03820;AT2G24990;AT2G47300;AT3G21540;AT5G37350;AT3G51270;AT3G57150;AT3G06530;AT5G17020;AT1G63810;AT5G55190;AT3G05060;AT5G18180;AT4G04940;AT3G07050;AT2G23070;AT3G01610;AT2G43190;AT1G63780;AT4G02400;AT5G11240","OSD-281",-0.17,"root","unknown",FALSE
"03010 (KEGG:03010)",1,1,-0.115263965519977,-0.554509758109143,6329,201,"AT1G56045;AT3G43980;AT2G19720;AT4G15000;AT2G25210;AT1G48350;AT3G18740;AT2G43460;AT3G22230;AT4G26230;AT1G77750;AT2G45710;AT5G15520;AT2G16360;AT1G74270;AT1G57860;AT3G59540;AT1G23410;AT2G39390;AT4G31985;AT5G28060;AT2G32060;AT3G06700;AT3G48930;AT3G53020;AT3G53890;AT4G34620;AT5G20180;AT3G24830;AT1G79850;AT3G23390;AT5G03850;AT2G34520;AT3G06680;AT2G32220;AT2G27720;AT5G64140;AT2G43030;AT5G27770;AT1G07070;AT3G44890;AT5G09500;AT3G54210;AT5G39740;AT5G27850;AT5G56670;AT1G22780;AT3G04920;AT2G19740;AT4G27090;AT2G36620;AT3G27830;AT5G56710;AT2G20450;AT1G23290","OSD-281",-0.17,"root","unknown",FALSE
"03013 (KEGG:03013)",0.0002465483234714,0.00319946114338638,0.484678777027214,2.2641644047695,0,113,"AT5G05680;AT1G33410;AT2G41620;AT4G31120;AT1G15200;AT3G14120;AT4G39680;AT5G40480;AT1G79280;AT3G57290;AT3G16310;AT1G52160;AT3G07920;AT1G16610;AT3G03110;AT1G14850;AT4G11420;AT4G32910;AT5G09860;AT2G29210;AT5G38640;AT3G07300;AT1G54380;AT2G03820;AT2G45000;AT4G38760;AT5G51200;AT2G47300;AT1G10840;AT1G04170;AT2G05120;AT5G25780;AT1G53880;AT1G75340;AT4G20980;AT5G17020;AT1G15470;AT1G80670;AT5G55190;AT1G49760;AT2G13540;AT1G33980;AT1G28090;AT2G39990;AT5G47010;AT1G76820;AT2G43190;AT3G60240;AT1G72560;AT3G56150;AT1G76720;AT1G45231;AT1G36730;AT5G02530;AT1G24706;AT2G39260;AT1G76810;AT5G59950;AT1G54270","OSD-281",-0.17,"root","unknown",FALSE
"03015 (KEGG:03015)",0.000236798484489699,0.00319946114338638,0.438869627079286,1.91802546977819,0,78,"AT1G15200;AT5G28900;AT1G17760;AT4G39680;AT1G16610;AT5G44090;AT2G29210;AT5G01290;AT1G12920;AT1G58470;AT1G71800;AT5G60940;AT1G59830;AT1G61010;AT3G52210;AT1G17980;AT1G49760;AT2G13540;AT1G33980;AT4G32850;AT3G58500;AT2G33410;AT1G03960;AT5G47010;AT1G25490;AT5G28850;AT3G09100;AT4G25550;AT5G02530;AT2G39260;AT1G27595;AT5G59950;AT1G13320;AT5G51660;AT1G18070;AT2G25850","OSD-281",-0.17,"root","unknown",FALSE
"03018 (KEGG:03018)",0.0009214466712739,0.00767451474156892,0.446658798279214,1.82815717240752,3,56,"AT1G59760;AT1G75660;AT1G55870;AT5G14580;AT2G33210;AT1G54490;AT3G46960;AT5G42540;AT5G13570;AT2G35920;AT2G17510;AT5G35910;AT3G61240;AT4G14990;AT3G03710;AT3G13300;AT1G02080;AT3G07750;AT1G49760;AT1G76630;AT4G37910;AT3G58560;AT3G23990","OSD-281",-0.17,"root","unknown",FALSE
"03020 (KEGG:03020)",0.470833333333333,0.669872846099935,0.280761050114296,0.987725542713019,2146,29,"AT5G45140;AT1G29940;AT5G60040;AT4G21710;AT4G25180;AT4G35800;AT4G07950;AT3G57660;AT2G15430;AT3G59600","OSD-281",-0.17,"root","unknown",FALSE
"03022 (KEGG:03022)",0.0132100396301189,0.0573693149650878,0.462471861512064,1.63847963723399,59,30,"AT1G04950;AT1G73960;AT5G25150;AT1G54360;AT4G17020;AT1G32750;AT1G18340;AT1G03280;AT4G12610;AT3G13445;AT3G10070;AT4G36650;AT3G61420;AT1G02680;AT1G55750;AT1G54140","OSD-281",-0.17,"root","unknown",FALSE
"03030 (KEGG:03030)",0.0024785939612438,0.0161324559541499,0.451328133642502,1.73899561700938,10,42,"AT1G50840;AT1G77470;AT3G20540;AT5G26680;AT1G21690;AT1G08130;AT5G67100;AT4G19130;AT5G63960;AT1G63160;AT1G08840;AT1G08260;AT2G06510;AT5G46280;AT2G29570;AT1G67630;AT5G22010;AT2G16440;AT1G44900;AT5G61000;AT4G20325;AT5G27740;AT4G02060;AT5G22110;AT2G25100;AT1G78650","OSD-281",-0.17,"root","unknown",FALSE
"03040 (KEGG:03040)",0.0002465483234714,0.00319946114338638,0.508366394314649,2.37482049791426,0,113,"AT2G33340;AT1G06220;AT1G32490;AT3G55200;AT4G03120;AT5G13010;AT3G50670;AT4G39680;AT2G32600;AT2G41020;AT2G38770;AT5G25060;AT1G80070;AT1G44910;AT5G09590;AT5G42820;AT1G16030;AT4G24280;AT3G12580;AT1G65660;AT3G62310;AT1G14650;AT1G09140;AT5G09860;AT1G09770;AT1G77180;AT1G07360;AT1G04510;AT5G06160;AT5G64270;AT4G15900;AT4G21660;AT1G20960;AT2G47330;AT5G44500;AT1G28060;AT1G60200;AT1G60170;AT2G40650;AT1G10580;AT1G60900;AT4G20440;AT4G22350;AT2G30260;AT2G13540;AT2G41500;AT2G18510;AT2G36130;AT1G20920;AT3G18790;AT5G64200;AT5G02500;AT3G26560","OSD-281",-0.17,"root","unknown",FALSE
"03050 (KEGG:03050)",0.902297842483775,0.952210031845054,-0.190563431441936,-0.74842132716435,5143,58,"AT1G16470;AT1G53850;AT1G64750;AT5G45010;AT1G67250;AT3G51260;AT2G27020;AT5G20000;AT4G14800;AT4G38630;AT3G22110;AT1G79210;AT1G77440;AT5G40580;AT1G64520","OSD-281",-0.17,"root","unknown",FALSE
"03060 (KEGG:03060)",0.423579801623084,0.62660953622101,0.261322659380425,1.01092570840914,1878,43,"AT1G21650;AT5G61970;AT2G46470;AT5G42020;AT2G18710;AT4G01800;AT1G29310;AT5G03940;AT5G28540;AT1G24490;AT1G67680;AT2G28800;AT2G01110;AT1G15310;AT5G05670;AT2G34250","OSD-281",-0.17,"root","unknown",FALSE
"03410 (KEGG:03410)",0.0304878048780488,0.101849370142053,0.404767305402043,1.50839794049185,134,37,"AT1G50840;AT3G20540;AT1G52500;AT2G41460;AT1G75230;AT5G26680;AT4G36050;AT1G08130;AT5G63960;AT2G31320;AT1G08260;AT1G80420;AT4G12740;AT2G29570;AT1G21710;AT1G10520;AT3G07930;AT2G31450;AT1G05900","OSD-281",-0.17,"root","unknown",FALSE
"03420 (KEGG:03420)",0.000231588698471515,0.00319946114338638,0.49592579897761,2.00990402656385,0,54,"AT1G50840;AT1G77470;AT3G20540;AT5G16630;AT4G21100;AT1G21690;AT1G08130;AT3G05210;AT1G16190;AT2G18760;AT4G19130;AT5G63960;AT4G05420;AT5G46210;AT4G17020;AT1G03190;AT1G63160;AT5G27620;AT1G79650;AT1G08260;AT3G02540;AT1G18340;AT5G41150;AT5G41360;AT2G06510","OSD-281",-0.17,"root","unknown",FALSE
"03430 (KEGG:03430)",0.00264200792602378,0.0165602146290975,0.52455221147798,1.85842250891259,11,30,"AT1G77470;AT1G29630;AT4G02460;AT4G02070;AT1G21690;AT1G08130;AT4G19130;AT5G63960;AT1G63160;AT2G06510;AT4G25540;AT1G65070;AT4G09140;AT2G29570;AT5G22010;AT3G18524","OSD-281",-0.17,"root","unknown",FALSE
"03440 (KEGG:03440)",0.00244934313070586,0.0161324559541499,0.50035315836122,1.82141624475331,10,33,"AT1G50840;AT3G20540;AT1G10930;AT5G63920;AT2G31970;AT2G01440;AT5G54260;AT2G32000;AT3G19210;AT5G01630;AT5G64520;AT4G19130;AT5G63960","OSD-281",-0.17,"root","unknown",FALSE
"04070 (KEGG:04070)",0.0776419841840403,0.201736437538019,-0.371348176847288,-1.36106920606932,431,42,"AT3G43810;AT3G56800;AT1G68000;AT2G41110;AT5G37780;AT1G66410;AT5G63980","OSD-281",-0.17,"root","unknown",FALSE
"04075 (KEGG:04075)",0.454757583614208,0.654291094969061,0.20044647418995,0.997702403625208,1753,169,"AT3G23150;AT2G40940;AT5G25350;AT2G41070;AT1G23160;AT4G34770;AT3G04580;AT5G10990;AT1G59940;AT3G17860;AT2G27050;AT3G03450;AT5G03730;AT3G21510;AT3G56850;AT1G14920;AT3G20770;AT2G25490;AT4G03400;AT3G62980;AT2G26040;AT1G04310;AT5G66880;AT2G36270;AT1G75580;AT1G74890;AT1G59750;AT5G13220","OSD-281",-0.17,"root","unknown",FALSE
"04120 (KEGG:04120)",0.900710900473934,0.952210031845054,0.178652616690916,0.78560880193092,3800,81,"AT2G33340;AT5G06460;AT2G20000;AT4G21100;AT4G12570;AT5G67530;AT1G04510;AT5G19180;AT4G10180;AT5G05560;AT1G06590;AT1G78770;AT4G05420;AT5G46210;AT1G70320","OSD-281",-0.17,"root","unknown",FALSE
"04130 (KEGG:04130)",0.0489169675090253,0.142988058872535,-0.409949520383073,-1.45345528636619,270,36,"AT1G79590;AT5G46860;AT5G39510;AT1G26670;AT1G29060;AT1G08560;AT3G52400;AT4G03330;AT4G32150;AT4G14455;AT3G58170;AT1G32270;AT5G11150;AT3G24350;AT3G05710;AT3G09740;AT5G58060;AT5G16830;AT4G14600;AT5G61210","OSD-281",-0.17,"root","unknown",FALSE
"04141 (KEGG:04141)",0.00146412884333821,0.0112682321107549,0.361885422675859,1.68632673907387,5,110,"AT5G52640;AT4G32670;AT5G35080;AT5G09590;AT1G16030;AT4G24280;AT3G12580;AT5G19690;AT1G71220;AT1G53540;AT5G19660;AT3G07100;AT1G76400;AT3G18860;AT5G63840;AT4G15410;AT4G34100;AT1G34130;AT5G42020;AT2G18710;AT4G16660;AT5G66680;AT1G29310;AT1G16190;AT1G27520;AT5G03340;AT1G67490;AT2G29500;AT5G60640;AT3G63460;AT5G28540;AT1G79650;AT5G02500;AT3G02540;AT1G04980;AT3G53230;AT1G77510;AT3G09840;AT1G07400;AT2G01470;AT5G61790;AT3G23660;AT5G43710;AT5G02490;AT3G17000;AT2G34250;AT5G56360;AT5G42190;AT1G09210;AT5G49910","OSD-281",-0.17,"root","unknown",FALSE
"04144 (KEGG:04144)",0.941413081497027,0.975094652514007,-0.178478011208963,-0.712968105872152,5382,63,"AT3G18820;AT1G47830;AT2G19830;AT4G29160;AT5G04850;AT2G06530;AT1G73030;AT5G46630;AT5G46750;AT5G09260;AT5G63880","OSD-281",-0.17,"root","unknown",FALSE
"04145 (KEGG:04145)",0.000175346308960196,0.00319946114338638,-0.560026105164584,-2.20760957120345,0,59,"AT3G18820;AT4G11150;AT4G02620;AT4G32530;AT4G23710;AT3G28715;AT3G58730;AT4G34720;AT1G12840;AT3G01390;AT5G44340;AT1G20260;AT5G46860;AT2G25610;AT1G20010;AT4G24920;AT1G64200;AT4G20890;AT3G42050;AT5G50460;AT2G16510;AT3G48570;AT4G39080;AT1G76030;AT1G19910;AT4G14960;AT3G28710;AT4G26710;AT2G45070;AT5G19770;AT1G32270","OSD-281",-0.17,"root","unknown",FALSE
"04146 (KEGG:04146)",0.0209351011863224,0.0790592641073542,0.362637537671657,1.49703525827759,89,59,"AT1G20630;AT2G47240;AT5G08470;AT5G27600;AT5G56290;AT4G34890;AT1G06310;AT2G26350;AT1G79810;AT1G20620;AT3G23790;AT3G05970;AT5G62810;AT1G03000;AT5G18100","OSD-281",-0.17,"root","unknown",FALSE
"04626 (KEGG:04626)",0.000500667556742323,0.00475634178905207,-0.40636623924076,-1.81497286572201,2,118,"AT4G20780;AT3G43810;AT3G56800;AT2G43290;AT2G41110;AT5G44460;AT3G03000;AT3G22930;AT5G37770;AT1G24620;AT2G46430;AT3G51920;AT3G21220;AT5G04170;AT5G37780;AT1G48500;AT5G20900;AT3G07490;AT1G66410;AT1G12310;AT1G73630;AT1G35670;AT3G10190;AT4G37010;AT2G17290;AT2G41410;AT1G74950;AT1G62820;AT3G50770;AT3G47480;AT2G30250;AT4G01370;AT3G24110;AT4G11260;AT1G80460;AT3G21630;AT3G10300;AT3G25600;AT3G50360;AT1G19180;AT1G74740","OSD-281",-0.17,"root","unknown",FALSE
"04712 (KEGG:04712)",0.63969298245614,0.807860245670093,0.251601520881476,0.88514147050992,2916,29,"AT5G67380;AT1G09570;AT1G09530;AT4G18130;AT5G02810;AT2G18915;AT2G23070;AT2G25930;AT3G50000;AT4G16250;AT5G61380","OSD-281",-0.17,"root","unknown",FALSE
