osd_id,sample_name,organism,condition,ecotype,genotype,tissue,hardware,light_regime,harvest_age_days,zt_known,zt_hours,study_title,assay_technology,platform,study_type
OSD-7,Atha_WS-0_Whole-Plant_FLT_Rep1,Arabidopsis thaliana,flight,Ws,Wild Type,whole_seedling,Advanced Biological Research System (ABRS),unknown,12.0,False,,"The Arabidopsis spaceflight transcriptome: a comparison of whole plants to discrete root, hypocotyl and shoot responses to the orbital environment",DNA microarray,"['Advanced Plant Experiment (APEX)', 'The Transgenic Arabidopsis Gene Expression System (TAGES)', 'Orbital Environmental Simulator (OES)']",
OSD-7,Atha_WS-0_Whole-Plant_FLT_Rep2,Arabidopsis thaliana,flight,Ws,Wild Type,whole_seedling,Advanced Biological Research System (ABRS),unknown,12.0,False,,"The Arabidopsis spaceflight transcriptome: a comparison of whole plants to discrete root, hypocotyl and shoot responses to the orbital environment",DNA microarray,"['Advanced Plant Experiment (APEX)', 'The Transgenic Arabidopsis Gene Expression System (TAGES)', 'Orbital Environmental Simulator (OES)']",
OSD-7,Atha_WS-0_Whole-Plant_FLT_Rep3,Arabidopsis thaliana,flight,Ws,Wild Type,whole_seedling,Advanced Biological Research System (ABRS),unknown,12.0,False,,"The Arabidopsis spaceflight transcriptome: a comparison of whole plants to discrete root, hypocotyl and shoot responses to the orbital environment",DNA microarray,"['Advanced Plant Experiment (APEX)', 'The Transgenic Arabidopsis Gene Expression System (TAGES)', 'Orbital Environmental Simulator (OES)']",
OSD-7,Atha_WS-0_Whole-Plant_GC_Rep1,Arabidopsis thaliana,ground_control,Ws,Wild Type,whole_seedling,Advanced Biological Research System (ABRS),unknown,12.0,False,,"The Arabidopsis spaceflight transcriptome: a comparison of whole plants to discrete root, hypocotyl and shoot responses to the orbital environment",DNA microarray,"['Advanced Plant Experiment (APEX)', 'The Transgenic Arabidopsis Gene Expression System (TAGES)', 'Orbital Environmental Simulator (OES)']",
OSD-7,Atha_WS-0_Whole-Plant_GC_Rep2,Arabidopsis thaliana,ground_control,Ws,Wild Type,whole_seedling,Advanced Biological Research System (ABRS),unknown,12.0,False,,"The Arabidopsis spaceflight transcriptome: a comparison of whole plants to discrete root, hypocotyl and shoot responses to the orbital environment",DNA microarray,"['Advanced Plant Experiment (APEX)', 'The Transgenic Arabidopsis Gene Expression System (TAGES)', 'Orbital Environmental Simulator (OES)']",
OSD-7,Atha_WS-0_Whole-Plant_GC_Rep3,Arabidopsis thaliana,ground_control,Ws,Wild Type,whole_seedling,Advanced Biological Research System (ABRS),unknown,12.0,False,,"The Arabidopsis spaceflight transcriptome: a comparison of whole plants to discrete root, hypocotyl and shoot responses to the orbital environment",DNA microarray,"['Advanced Plant Experiment (APEX)', 'The Transgenic Arabidopsis Gene Expression System (TAGES)', 'Orbital Environmental Simulator (OES)']",
OSD-7,Atha_WS-0_Col-0_Shoot_FLT_Rep1,Arabidopsis thaliana,flight,Ws,Wild Type,shoot,Advanced Biological Research System (ABRS),unknown,12.0,False,,"The Arabidopsis spaceflight transcriptome: a comparison of whole plants to discrete root, hypocotyl and shoot responses to the orbital environment",DNA microarray,"['Advanced Plant Experiment (APEX)', 'The Transgenic Arabidopsis Gene Expression System (TAGES)', 'Orbital Environmental Simulator (OES)']",
OSD-7,Atha_WS-0_Col-0_Shoot_FLT_Rep2,Arabidopsis thaliana,flight,Ws,Wild Type,shoot,Advanced Biological Research System (ABRS),unknown,12.0,False,,"The Arabidopsis spaceflight transcriptome: a comparison of whole plants to discrete root, hypocotyl and shoot responses to the orbital environment",DNA microarray,"['Advanced Plant Experiment (APEX)', 'The Transgenic Arabidopsis Gene Expression System (TAGES)', 'Orbital Environmental Simulator (OES)']",
OSD-7,Atha_WS-0_Col-0_Shoot_FLT_Rep3,Arabidopsis thaliana,flight,Ws,Wild Type,shoot,Advanced Biological Research System (ABRS),unknown,12.0,False,,"The Arabidopsis spaceflight transcriptome: a comparison of whole plants to discrete root, hypocotyl and shoot responses to the orbital environment",DNA microarray,"['Advanced Plant Experiment (APEX)', 'The Transgenic Arabidopsis Gene Expression System (TAGES)', 'Orbital Environmental Simulator (OES)']",
OSD-7,Atha_WS-0_Col-0_Shoot_FLT_Rep4,Arabidopsis thaliana,flight,Ws,Wild Type,shoot,Advanced Biological Research System (ABRS),unknown,12.0,False,,"The Arabidopsis spaceflight transcriptome: a comparison of whole plants to discrete root, hypocotyl and shoot responses to the orbital environment",DNA microarray,"['Advanced Plant Experiment (APEX)', 'The Transgenic Arabidopsis Gene Expression System (TAGES)', 'Orbital Environmental Simulator (OES)']",
OSD-7,Atha_WS-0_Col-0_Shoot_FLT_Rep5,Arabidopsis thaliana,flight,Ws,Wild Type,shoot,Advanced Biological Research System (ABRS),unknown,12.0,False,,"The Arabidopsis spaceflight transcriptome: a comparison of whole plants to discrete root, hypocotyl and shoot responses to the orbital environment",DNA microarray,"['Advanced Plant Experiment (APEX)', 'The Transgenic Arabidopsis Gene Expression System (TAGES)', 'Orbital Environmental Simulator (OES)']",
OSD-7,Atha_WS-0_Col-0_Shoot_GC_Rep1,Arabidopsis thaliana,ground_control,Ws,Wild Type,shoot,Advanced Biological Research System (ABRS),unknown,12.0,False,,"The Arabidopsis spaceflight transcriptome: a comparison of whole plants to discrete root, hypocotyl and shoot responses to the orbital environment",DNA microarray,"['Advanced Plant Experiment (APEX)', 'The Transgenic Arabidopsis Gene Expression System (TAGES)', 'Orbital Environmental Simulator (OES)']",
OSD-7,Atha_WS-0_Col-0_Shoot_GC_Rep2,Arabidopsis thaliana,ground_control,Ws,Wild Type,shoot,Advanced Biological Research System (ABRS),unknown,12.0,False,,"The Arabidopsis spaceflight transcriptome: a comparison of whole plants to discrete root, hypocotyl and shoot responses to the orbital environment",DNA microarray,"['Advanced Plant Experiment (APEX)', 'The Transgenic Arabidopsis Gene Expression System (TAGES)', 'Orbital Environmental Simulator (OES)']",
OSD-7,Atha_WS-0_Col-0_Shoot_GC_Rep3,Arabidopsis thaliana,ground_control,Ws,Wild Type,shoot,Advanced Biological Research System (ABRS),unknown,12.0,False,,"The Arabidopsis spaceflight transcriptome: a comparison of whole plants to discrete root, hypocotyl and shoot responses to the orbital environment",DNA microarray,"['Advanced Plant Experiment (APEX)', 'The Transgenic Arabidopsis Gene Expression System (TAGES)', 'Orbital Environmental Simulator (OES)']",
OSD-7,Atha_WS-0_Col-0_Shoot_GC_Rep4,Arabidopsis thaliana,ground_control,Ws,Wild Type,shoot,Advanced Biological Research System (ABRS),unknown,12.0,False,,"The Arabidopsis spaceflight transcriptome: a comparison of whole plants to discrete root, hypocotyl and shoot responses to the orbital environment",DNA microarray,"['Advanced Plant Experiment (APEX)', 'The Transgenic Arabidopsis Gene Expression System (TAGES)', 'Orbital Environmental Simulator (OES)']",
OSD-7,Atha_WS-0_Col-0_Shoot_GC_Rep5,Arabidopsis thaliana,ground_control,Ws,Wild Type,shoot,Advanced Biological Research System (ABRS),unknown,12.0,False,,"The Arabidopsis spaceflight transcriptome: a comparison of whole plants to discrete root, hypocotyl and shoot responses to the orbital environment",DNA microarray,"['Advanced Plant Experiment (APEX)', 'The Transgenic Arabidopsis Gene Expression System (TAGES)', 'Orbital Environmental Simulator (OES)']",
OSD-7,Atha_WS-0_Col-0_Hypocotyl_FLT_Rep1,Arabidopsis thaliana,flight,Ws,Wild Type,hypocotyl,Advanced Biological Research System (ABRS),unknown,12.0,False,,"The Arabidopsis spaceflight transcriptome: a comparison of whole plants to discrete root, hypocotyl and shoot responses to the orbital environment",DNA microarray,"['Advanced Plant Experiment (APEX)', 'The Transgenic Arabidopsis Gene Expression System (TAGES)', 'Orbital Environmental Simulator (OES)']",
OSD-7,Atha_WS-0_Col-0_Hypocotyl_FLT_Rep2,Arabidopsis thaliana,flight,Ws,Wild Type,hypocotyl,Advanced Biological Research System (ABRS),unknown,12.0,False,,"The Arabidopsis spaceflight transcriptome: a comparison of whole plants to discrete root, hypocotyl and shoot responses to the orbital environment",DNA microarray,"['Advanced Plant Experiment (APEX)', 'The Transgenic Arabidopsis Gene Expression System (TAGES)', 'Orbital Environmental Simulator (OES)']",
OSD-7,Atha_WS-0_Col-0_Hypocotyl_FLT_Rep3,Arabidopsis thaliana,flight,Ws,Wild Type,hypocotyl,Advanced Biological Research System (ABRS),unknown,12.0,False,,"The Arabidopsis spaceflight transcriptome: a comparison of whole plants to discrete root, hypocotyl and shoot responses to the orbital environment",DNA microarray,"['Advanced Plant Experiment (APEX)', 'The Transgenic Arabidopsis Gene Expression System (TAGES)', 'Orbital Environmental Simulator (OES)']",
OSD-7,Atha_WS-0_Col-0_Hypocotyl_FLT_Rep4,Arabidopsis thaliana,flight,Ws,Wild Type,hypocotyl,Advanced Biological Research System (ABRS),unknown,12.0,False,,"The Arabidopsis spaceflight transcriptome: a comparison of whole plants to discrete root, hypocotyl and shoot responses to the orbital environment",DNA microarray,"['Advanced Plant Experiment (APEX)', 'The Transgenic Arabidopsis Gene Expression System (TAGES)', 'Orbital Environmental Simulator (OES)']",
OSD-7,Atha_WS-0_Col-0_Hypocotyl_FLT_Rep5,Arabidopsis thaliana,flight,Ws,Wild Type,hypocotyl,Advanced Biological Research System (ABRS),unknown,12.0,False,,"The Arabidopsis spaceflight transcriptome: a comparison of whole plants to discrete root, hypocotyl and shoot responses to the orbital environment",DNA microarray,"['Advanced Plant Experiment (APEX)', 'The Transgenic Arabidopsis Gene Expression System (TAGES)', 'Orbital Environmental Simulator (OES)']",
OSD-7,Atha_WS-0_Col-0_Hypocotyl_GC_Rep1,Arabidopsis thaliana,ground_control,Ws,Wild Type,hypocotyl,Advanced Biological Research System (ABRS),unknown,12.0,False,,"The Arabidopsis spaceflight transcriptome: a comparison of whole plants to discrete root, hypocotyl and shoot responses to the orbital environment",DNA microarray,"['Advanced Plant Experiment (APEX)', 'The Transgenic Arabidopsis Gene Expression System (TAGES)', 'Orbital Environmental Simulator (OES)']",
OSD-7,Atha_WS-0_Col-0_Hypocotyl_GC_Rep2,Arabidopsis thaliana,ground_control,Ws,Wild Type,hypocotyl,Advanced Biological Research System (ABRS),unknown,12.0,False,,"The Arabidopsis spaceflight transcriptome: a comparison of whole plants to discrete root, hypocotyl and shoot responses to the orbital environment",DNA microarray,"['Advanced Plant Experiment (APEX)', 'The Transgenic Arabidopsis Gene Expression System (TAGES)', 'Orbital Environmental Simulator (OES)']",
OSD-7,Atha_WS-0_Col-0_Hypocotyl_GC_Rep3,Arabidopsis thaliana,ground_control,Ws,Wild Type,hypocotyl,Advanced Biological Research System (ABRS),unknown,12.0,False,,"The Arabidopsis spaceflight transcriptome: a comparison of whole plants to discrete root, hypocotyl and shoot responses to the orbital environment",DNA microarray,"['Advanced Plant Experiment (APEX)', 'The Transgenic Arabidopsis Gene Expression System (TAGES)', 'Orbital Environmental Simulator (OES)']",
OSD-7,Atha_WS-0_Col-0_Hypocotyl_GC_Rep4,Arabidopsis thaliana,ground_control,Ws,Wild Type,hypocotyl,Advanced Biological Research System (ABRS),unknown,12.0,False,,"The Arabidopsis spaceflight transcriptome: a comparison of whole plants to discrete root, hypocotyl and shoot responses to the orbital environment",DNA microarray,"['Advanced Plant Experiment (APEX)', 'The Transgenic Arabidopsis Gene Expression System (TAGES)', 'Orbital Environmental Simulator (OES)']",
OSD-7,Atha_WS-0_Col-0_Hypocotyl_GC_Rep5,Arabidopsis thaliana,ground_control,Ws,Wild Type,hypocotyl,Advanced Biological Research System (ABRS),unknown,12.0,False,,"The Arabidopsis spaceflight transcriptome: a comparison of whole plants to discrete root, hypocotyl and shoot responses to the orbital environment",DNA microarray,"['Advanced Plant Experiment (APEX)', 'The Transgenic Arabidopsis Gene Expression System (TAGES)', 'Orbital Environmental Simulator (OES)']",
OSD-7,Atha_WS-0_Col-0_Root_FLT_Rep1,Arabidopsis thaliana,flight,Ws,Wild Type,root,Advanced Biological Research System (ABRS),unknown,12.0,False,,"The Arabidopsis spaceflight transcriptome: a comparison of whole plants to discrete root, hypocotyl and shoot responses to the orbital environment",DNA microarray,"['Advanced Plant Experiment (APEX)', 'The Transgenic Arabidopsis Gene Expression System (TAGES)', 'Orbital Environmental Simulator (OES)']",
OSD-7,Atha_WS-0_Col-0_Root_FLT_Rep2,Arabidopsis thaliana,flight,Ws,Wild Type,root,Advanced Biological Research System (ABRS),unknown,12.0,False,,"The Arabidopsis spaceflight transcriptome: a comparison of whole plants to discrete root, hypocotyl and shoot responses to the orbital environment",DNA microarray,"['Advanced Plant Experiment (APEX)', 'The Transgenic Arabidopsis Gene Expression System (TAGES)', 'Orbital Environmental Simulator (OES)']",
OSD-7,Atha_WS-0_Col-0_Root_FLT_Rep3,Arabidopsis thaliana,flight,Ws,Wild Type,root,Advanced Biological Research System (ABRS),unknown,12.0,False,,"The Arabidopsis spaceflight transcriptome: a comparison of whole plants to discrete root, hypocotyl and shoot responses to the orbital environment",DNA microarray,"['Advanced Plant Experiment (APEX)', 'The Transgenic Arabidopsis Gene Expression System (TAGES)', 'Orbital Environmental Simulator (OES)']",
OSD-7,Atha_WS-0_Col-0_Root_FLT_Rep4,Arabidopsis thaliana,flight,Ws,Wild Type,root,Advanced Biological Research System (ABRS),unknown,12.0,False,,"The Arabidopsis spaceflight transcriptome: a comparison of whole plants to discrete root, hypocotyl and shoot responses to the orbital environment",DNA microarray,"['Advanced Plant Experiment (APEX)', 'The Transgenic Arabidopsis Gene Expression System (TAGES)', 'Orbital Environmental Simulator (OES)']",
OSD-7,Atha_WS-0_Col-0_Root_FLT_Rep5,Arabidopsis thaliana,flight,Ws,Wild Type,root,Advanced Biological Research System (ABRS),unknown,12.0,False,,"The Arabidopsis spaceflight transcriptome: a comparison of whole plants to discrete root, hypocotyl and shoot responses to the orbital environment",DNA microarray,"['Advanced Plant Experiment (APEX)', 'The Transgenic Arabidopsis Gene Expression System (TAGES)', 'Orbital Environmental Simulator (OES)']",
OSD-7,Atha_WS-0_Col-0_Root_GC_Rep1,Arabidopsis thaliana,ground_control,Ws,Wild Type,root,Advanced Biological Research System (ABRS),unknown,12.0,False,,"The Arabidopsis spaceflight transcriptome: a comparison of whole plants to discrete root, hypocotyl and shoot responses to the orbital environment",DNA microarray,"['Advanced Plant Experiment (APEX)', 'The Transgenic Arabidopsis Gene Expression System (TAGES)', 'Orbital Environmental Simulator (OES)']",
OSD-7,Atha_WS-0_Col-0_Root_GC_Rep2,Arabidopsis thaliana,ground_control,Ws,Wild Type,root,Advanced Biological Research System (ABRS),unknown,12.0,False,,"The Arabidopsis spaceflight transcriptome: a comparison of whole plants to discrete root, hypocotyl and shoot responses to the orbital environment",DNA microarray,"['Advanced Plant Experiment (APEX)', 'The Transgenic Arabidopsis Gene Expression System (TAGES)', 'Orbital Environmental Simulator (OES)']",
OSD-7,Atha_WS-0_Col-0_Root_GC_Rep3,Arabidopsis thaliana,ground_control,Ws,Wild Type,root,Advanced Biological Research System (ABRS),unknown,12.0,False,,"The Arabidopsis spaceflight transcriptome: a comparison of whole plants to discrete root, hypocotyl and shoot responses to the orbital environment",DNA microarray,"['Advanced Plant Experiment (APEX)', 'The Transgenic Arabidopsis Gene Expression System (TAGES)', 'Orbital Environmental Simulator (OES)']",
OSD-7,Atha_WS-0_Col-0_Root_GC_Rep4,Arabidopsis thaliana,ground_control,Ws,Wild Type,root,Advanced Biological Research System (ABRS),unknown,12.0,False,,"The Arabidopsis spaceflight transcriptome: a comparison of whole plants to discrete root, hypocotyl and shoot responses to the orbital environment",DNA microarray,"['Advanced Plant Experiment (APEX)', 'The Transgenic Arabidopsis Gene Expression System (TAGES)', 'Orbital Environmental Simulator (OES)']",
OSD-7,Atha_WS-0_Col-0_Root_GC_Rep5,Arabidopsis thaliana,ground_control,Ws,Wild Type,root,Advanced Biological Research System (ABRS),unknown,12.0,False,,"The Arabidopsis spaceflight transcriptome: a comparison of whole plants to discrete root, hypocotyl and shoot responses to the orbital environment",DNA microarray,"['Advanced Plant Experiment (APEX)', 'The Transgenic Arabidopsis Gene Expression System (TAGES)', 'Orbital Environmental Simulator (OES)']",
OSD-17,Atha_Col-0_sl_FLT_BA1,Arabidopsis thaliana,flight,Col-0,Wild Type,whole_seedling,,unknown,7.0,False,,Transcription profiling by array of the response of Arabidopsis cultivar Columbia etiolated seedlings and undifferentiated tissue culture cells to the spaceflight environment,DNA microarray,Biological Research in Canisters (BRIC),
OSD-17,Atha_Col-0_sl_FLT_BA2,Arabidopsis thaliana,flight,Col-0,Wild Type,whole_seedling,,unknown,7.0,False,,Transcription profiling by array of the response of Arabidopsis cultivar Columbia etiolated seedlings and undifferentiated tissue culture cells to the spaceflight environment,DNA microarray,Biological Research in Canisters (BRIC),
OSD-17,Atha_Col-0_sl_FLT_BA3,Arabidopsis thaliana,flight,Col-0,Wild Type,whole_seedling,,unknown,7.0,False,,Transcription profiling by array of the response of Arabidopsis cultivar Columbia etiolated seedlings and undifferentiated tissue culture cells to the spaceflight environment,DNA microarray,Biological Research in Canisters (BRIC),
OSD-17,Atha_Col-0_sl_FLT_BA4,Arabidopsis thaliana,flight,Col-0,Wild Type,whole_seedling,,unknown,7.0,False,,Transcription profiling by array of the response of Arabidopsis cultivar Columbia etiolated seedlings and undifferentiated tissue culture cells to the spaceflight environment,DNA microarray,Biological Research in Canisters (BRIC),
OSD-17,Atha_Col-0_sl_FLT_BA5,Arabidopsis thaliana,flight,Col-0,Wild Type,whole_seedling,,unknown,7.0,False,,Transcription profiling by array of the response of Arabidopsis cultivar Columbia etiolated seedlings and undifferentiated tissue culture cells to the spaceflight environment,DNA microarray,Biological Research in Canisters (BRIC),
OSD-17,Atha_Col-0_sl_FLT_BG1,Arabidopsis thaliana,flight,Col-0,Wild Type,whole_seedling,,unknown,7.0,False,,Transcription profiling by array of the response of Arabidopsis cultivar Columbia etiolated seedlings and undifferentiated tissue culture cells to the spaceflight environment,DNA microarray,Biological Research in Canisters (BRIC),
OSD-17,Atha_Col-0_sl_GC_BA1,Arabidopsis thaliana,ground_control,Col-0,Wild Type,whole_seedling,,unknown,7.0,False,,Transcription profiling by array of the response of Arabidopsis cultivar Columbia etiolated seedlings and undifferentiated tissue culture cells to the spaceflight environment,DNA microarray,Biological Research in Canisters (BRIC),
OSD-17,Atha_Col-0_sl_GC_BA2,Arabidopsis thaliana,ground_control,Col-0,Wild Type,whole_seedling,,unknown,7.0,False,,Transcription profiling by array of the response of Arabidopsis cultivar Columbia etiolated seedlings and undifferentiated tissue culture cells to the spaceflight environment,DNA microarray,Biological Research in Canisters (BRIC),
OSD-17,Atha_Col-0_sl_GC_BA3,Arabidopsis thaliana,ground_control,Col-0,Wild Type,whole_seedling,,unknown,7.0,False,,Transcription profiling by array of the response of Arabidopsis cultivar Columbia etiolated seedlings and undifferentiated tissue culture cells to the spaceflight environment,DNA microarray,Biological Research in Canisters (BRIC),
OSD-17,Atha_Col-0_sl_GC_BA4,Arabidopsis thaliana,ground_control,Col-0,Wild Type,whole_seedling,,unknown,7.0,False,,Transcription profiling by array of the response of Arabidopsis cultivar Columbia etiolated seedlings and undifferentiated tissue culture cells to the spaceflight environment,DNA microarray,Biological Research in Canisters (BRIC),
OSD-17,Atha_Col-0_sl_GC_BA5,Arabidopsis thaliana,ground_control,Col-0,Wild Type,whole_seedling,,unknown,7.0,False,,Transcription profiling by array of the response of Arabidopsis cultivar Columbia etiolated seedlings and undifferentiated tissue culture cells to the spaceflight environment,DNA microarray,Biological Research in Canisters (BRIC),
OSD-17,Atha_Col-0_sl_GC_BG1,Arabidopsis thaliana,ground_control,Col-0,Wild Type,whole_seedling,,unknown,7.0,False,,Transcription profiling by array of the response of Arabidopsis cultivar Columbia etiolated seedlings and undifferentiated tissue culture cells to the spaceflight environment,DNA microarray,Biological Research in Canisters (BRIC),
OSD-17,Atha_Col-0_UdCC_FLT_BB2,Arabidopsis thaliana,flight,Col-0,Wild Type,cell_culture,,unknown,7.0,False,,Transcription profiling by array of the response of Arabidopsis cultivar Columbia etiolated seedlings and undifferentiated tissue culture cells to the spaceflight environment,DNA microarray,Biological Research in Canisters (BRIC),
OSD-17,Atha_Col-0_UdCC_FLT_BB3,Arabidopsis thaliana,flight,Col-0,Wild Type,cell_culture,,unknown,7.0,False,,Transcription profiling by array of the response of Arabidopsis cultivar Columbia etiolated seedlings and undifferentiated tissue culture cells to the spaceflight environment,DNA microarray,Biological Research in Canisters (BRIC),
OSD-17,Atha_Col-0_UdCC_FLT_BB4,Arabidopsis thaliana,flight,Col-0,Wild Type,cell_culture,,unknown,7.0,False,,Transcription profiling by array of the response of Arabidopsis cultivar Columbia etiolated seedlings and undifferentiated tissue culture cells to the spaceflight environment,DNA microarray,Biological Research in Canisters (BRIC),
OSD-17,Atha_Col-0_UdCC_FLT_BB5,Arabidopsis thaliana,flight,Col-0,Wild Type,cell_culture,,unknown,7.0,False,,Transcription profiling by array of the response of Arabidopsis cultivar Columbia etiolated seedlings and undifferentiated tissue culture cells to the spaceflight environment,DNA microarray,Biological Research in Canisters (BRIC),
OSD-17,Atha_Col-0_UdCC_FLT_BG2,Arabidopsis thaliana,flight,Col-0,Wild Type,cell_culture,,unknown,7.0,False,,Transcription profiling by array of the response of Arabidopsis cultivar Columbia etiolated seedlings and undifferentiated tissue culture cells to the spaceflight environment,DNA microarray,Biological Research in Canisters (BRIC),
OSD-17,Atha_Col-0_UdCC_FLT_BG3,Arabidopsis thaliana,flight,Col-0,Wild Type,cell_culture,,unknown,7.0,False,,Transcription profiling by array of the response of Arabidopsis cultivar Columbia etiolated seedlings and undifferentiated tissue culture cells to the spaceflight environment,DNA microarray,Biological Research in Canisters (BRIC),
OSD-17,Atha_Col-0_UdCC_GC_BB2,Arabidopsis thaliana,ground_control,Col-0,Wild Type,cell_culture,,unknown,7.0,False,,Transcription profiling by array of the response of Arabidopsis cultivar Columbia etiolated seedlings and undifferentiated tissue culture cells to the spaceflight environment,DNA microarray,Biological Research in Canisters (BRIC),
OSD-17,Atha_Col-0_UdCC_GC_BB3,Arabidopsis thaliana,ground_control,Col-0,Wild Type,cell_culture,,unknown,7.0,False,,Transcription profiling by array of the response of Arabidopsis cultivar Columbia etiolated seedlings and undifferentiated tissue culture cells to the spaceflight environment,DNA microarray,Biological Research in Canisters (BRIC),
OSD-17,Atha_Col-0_UdCC_GC_BB4,Arabidopsis thaliana,ground_control,Col-0,Wild Type,cell_culture,,unknown,7.0,False,,Transcription profiling by array of the response of Arabidopsis cultivar Columbia etiolated seedlings and undifferentiated tissue culture cells to the spaceflight environment,DNA microarray,Biological Research in Canisters (BRIC),
OSD-17,Atha_Col-0_UdCC_GC_BB5,Arabidopsis thaliana,ground_control,Col-0,Wild Type,cell_culture,,unknown,7.0,False,,Transcription profiling by array of the response of Arabidopsis cultivar Columbia etiolated seedlings and undifferentiated tissue culture cells to the spaceflight environment,DNA microarray,Biological Research in Canisters (BRIC),
OSD-17,Atha_Col-0_UdCC_GC_BG2,Arabidopsis thaliana,ground_control,Col-0,Wild Type,cell_culture,,unknown,7.0,False,,Transcription profiling by array of the response of Arabidopsis cultivar Columbia etiolated seedlings and undifferentiated tissue culture cells to the spaceflight environment,DNA microarray,Biological Research in Canisters (BRIC),
OSD-17,Atha_Col-0_UdCC_GC_BG3,Arabidopsis thaliana,ground_control,Col-0,Wild Type,cell_culture,,unknown,7.0,False,,Transcription profiling by array of the response of Arabidopsis cultivar Columbia etiolated seedlings and undifferentiated tissue culture cells to the spaceflight environment,DNA microarray,Biological Research in Canisters (BRIC),
OSD-37,Atha_Ws-2_sl-pool_FLT_Rep1_R1-FL-C1,Arabidopsis thaliana,flight,Ws-2,Wild Type,whole_seedling,BRIC-PDFU (Petri Dish Fixation Unit),dark,8.0,False,,Comparison of the spaceflight transcriptome of four commonly used Arabidopsis thaliana ecotypes,RNA Sequencing (RNA-Seq),Biological Reseach In a Canister (BRIC),
OSD-37,Atha_Ler-0_sl-pool_FLT_Rep1_R1-FL-C2,Arabidopsis thaliana,flight,Ler-0,Wild Type,whole_seedling,BRIC-PDFU (Petri Dish Fixation Unit),dark,8.0,False,,Comparison of the spaceflight transcriptome of four commonly used Arabidopsis thaliana ecotypes,RNA Sequencing (RNA-Seq),Biological Reseach In a Canister (BRIC),
OSD-37,Atha_Cvi-0_sl-pool_FLT_Rep1_R1-FL-C3,Arabidopsis thaliana,flight,Cvi-0,Wild Type,whole_seedling,BRIC-PDFU (Petri Dish Fixation Unit),dark,8.0,False,,Comparison of the spaceflight transcriptome of four commonly used Arabidopsis thaliana ecotypes,RNA Sequencing (RNA-Seq),Biological Reseach In a Canister (BRIC),
OSD-37,Atha_Ws-2_sl-pool_FLT_Rep2_R1-FL-C4,Arabidopsis thaliana,flight,Ws-2,Wild Type,whole_seedling,BRIC-PDFU (Petri Dish Fixation Unit),dark,8.0,False,,Comparison of the spaceflight transcriptome of four commonly used Arabidopsis thaliana ecotypes,RNA Sequencing (RNA-Seq),Biological Reseach In a Canister (BRIC),
OSD-37,Atha_Ler-0_sl-pool_FLT_Rep2_R1-FL-C5,Arabidopsis thaliana,flight,Ler-0,Wild Type,whole_seedling,BRIC-PDFU (Petri Dish Fixation Unit),dark,8.0,False,,Comparison of the spaceflight transcriptome of four commonly used Arabidopsis thaliana ecotypes,RNA Sequencing (RNA-Seq),Biological Reseach In a Canister (BRIC),
OSD-37,Atha_Ws-2_sl-pool_FLT_Rep3_R1-FL-D1,Arabidopsis thaliana,flight,Ws-2,Wild Type,whole_seedling,BRIC-PDFU (Petri Dish Fixation Unit),dark,8.0,False,,Comparison of the spaceflight transcriptome of four commonly used Arabidopsis thaliana ecotypes,RNA Sequencing (RNA-Seq),Biological Reseach In a Canister (BRIC),
OSD-37,Atha_Cvi-0_sl-pool_FLT_Rep2_R1-FL-D2,Arabidopsis thaliana,flight,Cvi-0,Wild Type,whole_seedling,BRIC-PDFU (Petri Dish Fixation Unit),dark,8.0,False,,Comparison of the spaceflight transcriptome of four commonly used Arabidopsis thaliana ecotypes,RNA Sequencing (RNA-Seq),Biological Reseach In a Canister (BRIC),
OSD-37,Atha_Ler-0_sl-pool_FLT_Rep3_R1-FL-D3,Arabidopsis thaliana,flight,Ler-0,Wild Type,whole_seedling,BRIC-PDFU (Petri Dish Fixation Unit),dark,8.0,False,,Comparison of the spaceflight transcriptome of four commonly used Arabidopsis thaliana ecotypes,RNA Sequencing (RNA-Seq),Biological Reseach In a Canister (BRIC),
OSD-37,Atha_Ws-2_sl-pool_FLT_Rep4_R1-FL-D4,Arabidopsis thaliana,flight,Ws-2,Wild Type,whole_seedling,BRIC-PDFU (Petri Dish Fixation Unit),dark,8.0,False,,Comparison of the spaceflight transcriptome of four commonly used Arabidopsis thaliana ecotypes,RNA Sequencing (RNA-Seq),Biological Reseach In a Canister (BRIC),
OSD-37,Atha_Cvi-0_sl-pool_FLT_Rep3_R1-FL-D5,Arabidopsis thaliana,flight,Cvi-0,Wild Type,whole_seedling,BRIC-PDFU (Petri Dish Fixation Unit),dark,8.0,False,,Comparison of the spaceflight transcriptome of four commonly used Arabidopsis thaliana ecotypes,RNA Sequencing (RNA-Seq),Biological Reseach In a Canister (BRIC),
OSD-37,Atha_Ws-2_sl-pool_GC_Rep1_R1-GC-C1,Arabidopsis thaliana,ground_control,Ws-2,Wild Type,whole_seedling,BRIC-PDFU (Petri Dish Fixation Unit),dark,8.0,False,,Comparison of the spaceflight transcriptome of four commonly used Arabidopsis thaliana ecotypes,RNA Sequencing (RNA-Seq),Biological Reseach In a Canister (BRIC),
OSD-37,Atha_Ler-0_sl-pool_GC_Rep1_R1-GC-C2,Arabidopsis thaliana,ground_control,Ler-0,Wild Type,whole_seedling,BRIC-PDFU (Petri Dish Fixation Unit),dark,8.0,False,,Comparison of the spaceflight transcriptome of four commonly used Arabidopsis thaliana ecotypes,RNA Sequencing (RNA-Seq),Biological Reseach In a Canister (BRIC),
OSD-37,Atha_Cvi-0_sl-pool_GC_Rep1_R1-GC-C3,Arabidopsis thaliana,ground_control,Cvi-0,Wild Type,whole_seedling,BRIC-PDFU (Petri Dish Fixation Unit),dark,8.0,False,,Comparison of the spaceflight transcriptome of four commonly used Arabidopsis thaliana ecotypes,RNA Sequencing (RNA-Seq),Biological Reseach In a Canister (BRIC),
OSD-37,Atha_Ws-2_sl-pool_GC_Rep2_R1-GC-C4,Arabidopsis thaliana,ground_control,Ws-2,Wild Type,whole_seedling,BRIC-PDFU (Petri Dish Fixation Unit),dark,8.0,False,,Comparison of the spaceflight transcriptome of four commonly used Arabidopsis thaliana ecotypes,RNA Sequencing (RNA-Seq),Biological Reseach In a Canister (BRIC),
OSD-37,Atha_Ler-0_sl-pool_GC_Rep2_R1-GC-C5,Arabidopsis thaliana,ground_control,Ler-0,Wild Type,whole_seedling,BRIC-PDFU (Petri Dish Fixation Unit),dark,8.0,False,,Comparison of the spaceflight transcriptome of four commonly used Arabidopsis thaliana ecotypes,RNA Sequencing (RNA-Seq),Biological Reseach In a Canister (BRIC),
OSD-37,Atha_Ws-2_sl-pool_GC_Rep3_R1-GC-D1,Arabidopsis thaliana,ground_control,Ws-2,Wild Type,whole_seedling,BRIC-PDFU (Petri Dish Fixation Unit),dark,8.0,False,,Comparison of the spaceflight transcriptome of four commonly used Arabidopsis thaliana ecotypes,RNA Sequencing (RNA-Seq),Biological Reseach In a Canister (BRIC),
OSD-37,Atha_Cvi-0_sl-pool_GC_Rep2_R1-GC-D2,Arabidopsis thaliana,ground_control,Cvi-0,Wild Type,whole_seedling,BRIC-PDFU (Petri Dish Fixation Unit),dark,8.0,False,,Comparison of the spaceflight transcriptome of four commonly used Arabidopsis thaliana ecotypes,RNA Sequencing (RNA-Seq),Biological Reseach In a Canister (BRIC),
OSD-37,Atha_Ler-0_sl-pool_GC_Rep3_R1-GC-D3,Arabidopsis thaliana,ground_control,Ler-0,Wild Type,whole_seedling,BRIC-PDFU (Petri Dish Fixation Unit),dark,8.0,False,,Comparison of the spaceflight transcriptome of four commonly used Arabidopsis thaliana ecotypes,RNA Sequencing (RNA-Seq),Biological Reseach In a Canister (BRIC),
OSD-37,Atha_Ws-2_sl-pool_GC_Rep4_R1-GC-D4,Arabidopsis thaliana,ground_control,Ws-2,Wild Type,whole_seedling,BRIC-PDFU (Petri Dish Fixation Unit),dark,8.0,False,,Comparison of the spaceflight transcriptome of four commonly used Arabidopsis thaliana ecotypes,RNA Sequencing (RNA-Seq),Biological Reseach In a Canister (BRIC),
OSD-37,Atha_Cvi-0_sl-pool_GC_Rep3_R1-GC-D5,Arabidopsis thaliana,ground_control,Cvi-0,Wild Type,whole_seedling,BRIC-PDFU (Petri Dish Fixation Unit),dark,8.0,False,,Comparison of the spaceflight transcriptome of four commonly used Arabidopsis thaliana ecotypes,RNA Sequencing (RNA-Seq),Biological Reseach In a Canister (BRIC),
OSD-37,Atha_Ws-2_sl-pool_FLT_Rep5_R2-FL-C1,Arabidopsis thaliana,flight,Ws-2,Wild Type,whole_seedling,BRIC-PDFU (Petri Dish Fixation Unit),dark,8.0,False,,Comparison of the spaceflight transcriptome of four commonly used Arabidopsis thaliana ecotypes,RNA Sequencing (RNA-Seq),Biological Reseach In a Canister (BRIC),
OSD-37,Atha_Ler-0_sl-pool_FLT_Rep4_R2-FL-C2,Arabidopsis thaliana,flight,Ler-0,Wild Type,whole_seedling,BRIC-PDFU (Petri Dish Fixation Unit),dark,8.0,False,,Comparison of the spaceflight transcriptome of four commonly used Arabidopsis thaliana ecotypes,RNA Sequencing (RNA-Seq),Biological Reseach In a Canister (BRIC),
OSD-37,Atha_Cvi-0_sl-pool_FLT_Rep4_R2-FL-C3,Arabidopsis thaliana,flight,Cvi-0,Wild Type,whole_seedling,BRIC-PDFU (Petri Dish Fixation Unit),dark,8.0,False,,Comparison of the spaceflight transcriptome of four commonly used Arabidopsis thaliana ecotypes,RNA Sequencing (RNA-Seq),Biological Reseach In a Canister (BRIC),
OSD-37,Atha_Ws-2_sl-pool_FLT_Rep6_R2-FL-C4,Arabidopsis thaliana,flight,Ws-2,Wild Type,whole_seedling,BRIC-PDFU (Petri Dish Fixation Unit),dark,8.0,False,,Comparison of the spaceflight transcriptome of four commonly used Arabidopsis thaliana ecotypes,RNA Sequencing (RNA-Seq),Biological Reseach In a Canister (BRIC),
OSD-37,Atha_Ler-0_sl-pool_FLT_Rep5_R2-FL-C5,Arabidopsis thaliana,flight,Ler-0,Wild Type,whole_seedling,BRIC-PDFU (Petri Dish Fixation Unit),dark,8.0,False,,Comparison of the spaceflight transcriptome of four commonly used Arabidopsis thaliana ecotypes,RNA Sequencing (RNA-Seq),Biological Reseach In a Canister (BRIC),
OSD-37,Atha_Ws-2_sl-pool_FLT_Rep7_R2-FL-D1,Arabidopsis thaliana,flight,Ws-2,Wild Type,whole_seedling,BRIC-PDFU (Petri Dish Fixation Unit),dark,8.0,False,,Comparison of the spaceflight transcriptome of four commonly used Arabidopsis thaliana ecotypes,RNA Sequencing (RNA-Seq),Biological Reseach In a Canister (BRIC),
OSD-37,Atha_Cvi-0_sl-pool_FLT_Rep5_R2-FL-D2,Arabidopsis thaliana,flight,Cvi-0,Wild Type,whole_seedling,BRIC-PDFU (Petri Dish Fixation Unit),dark,8.0,False,,Comparison of the spaceflight transcriptome of four commonly used Arabidopsis thaliana ecotypes,RNA Sequencing (RNA-Seq),Biological Reseach In a Canister (BRIC),
OSD-37,Atha_Ler-0_sl-pool_FLT_Rep6_R2-FL-D3,Arabidopsis thaliana,flight,Ler-0,Wild Type,whole_seedling,BRIC-PDFU (Petri Dish Fixation Unit),dark,8.0,False,,Comparison of the spaceflight transcriptome of four commonly used Arabidopsis thaliana ecotypes,RNA Sequencing (RNA-Seq),Biological Reseach In a Canister (BRIC),
OSD-37,Atha_Ws-2_sl-pool_FLT_Rep8_R2-FL-D4,Arabidopsis thaliana,flight,Ws-2,Wild Type,whole_seedling,BRIC-PDFU (Petri Dish Fixation Unit),dark,8.0,False,,Comparison of the spaceflight transcriptome of four commonly used Arabidopsis thaliana ecotypes,RNA Sequencing (RNA-Seq),Biological Reseach In a Canister (BRIC),
OSD-37,Atha_Cvi-0_sl-pool_FLT_Rep6_R2-FL-D5,Arabidopsis thaliana,flight,Cvi-0,Wild Type,whole_seedling,BRIC-PDFU (Petri Dish Fixation Unit),dark,8.0,False,,Comparison of the spaceflight transcriptome of four commonly used Arabidopsis thaliana ecotypes,RNA Sequencing (RNA-Seq),Biological Reseach In a Canister (BRIC),
OSD-37,Atha_Ws-2_sl-pool_GC_Rep5_R2-GC-C1,Arabidopsis thaliana,ground_control,Ws-2,Wild Type,whole_seedling,BRIC-PDFU (Petri Dish Fixation Unit),dark,8.0,False,,Comparison of the spaceflight transcriptome of four commonly used Arabidopsis thaliana ecotypes,RNA Sequencing (RNA-Seq),Biological Reseach In a Canister (BRIC),
OSD-37,Atha_Ler-0_sl-pool_GC_Rep4_R2-GC-C2,Arabidopsis thaliana,ground_control,Ler-0,Wild Type,whole_seedling,BRIC-PDFU (Petri Dish Fixation Unit),dark,8.0,False,,Comparison of the spaceflight transcriptome of four commonly used Arabidopsis thaliana ecotypes,RNA Sequencing (RNA-Seq),Biological Reseach In a Canister (BRIC),
OSD-37,Atha_Cvi-0_sl-pool_GC_Rep4_R2-GC-C3,Arabidopsis thaliana,ground_control,Cvi-0,Wild Type,whole_seedling,BRIC-PDFU (Petri Dish Fixation Unit),dark,8.0,False,,Comparison of the spaceflight transcriptome of four commonly used Arabidopsis thaliana ecotypes,RNA Sequencing (RNA-Seq),Biological Reseach In a Canister (BRIC),
OSD-37,Atha_Ws-2_sl-pool_GC_Rep6_R2-GC-C4,Arabidopsis thaliana,ground_control,Ws-2,Wild Type,whole_seedling,BRIC-PDFU (Petri Dish Fixation Unit),dark,8.0,False,,Comparison of the spaceflight transcriptome of four commonly used Arabidopsis thaliana ecotypes,RNA Sequencing (RNA-Seq),Biological Reseach In a Canister (BRIC),
OSD-37,Atha_Ler-0_sl-pool_GC_Rep5_R2-GC-C5,Arabidopsis thaliana,ground_control,Ler-0,Wild Type,whole_seedling,BRIC-PDFU (Petri Dish Fixation Unit),dark,8.0,False,,Comparison of the spaceflight transcriptome of four commonly used Arabidopsis thaliana ecotypes,RNA Sequencing (RNA-Seq),Biological Reseach In a Canister (BRIC),
OSD-37,Atha_Ws-2_sl-pool_GC_Rep7_R2-GC-D1,Arabidopsis thaliana,ground_control,Ws-2,Wild Type,whole_seedling,BRIC-PDFU (Petri Dish Fixation Unit),dark,8.0,False,,Comparison of the spaceflight transcriptome of four commonly used Arabidopsis thaliana ecotypes,RNA Sequencing (RNA-Seq),Biological Reseach In a Canister (BRIC),
OSD-37,Atha_Cvi-0_sl-pool_GC_Rep5_R2-GC-D2,Arabidopsis thaliana,ground_control,Cvi-0,Wild Type,whole_seedling,BRIC-PDFU (Petri Dish Fixation Unit),dark,8.0,False,,Comparison of the spaceflight transcriptome of four commonly used Arabidopsis thaliana ecotypes,RNA Sequencing (RNA-Seq),Biological Reseach In a Canister (BRIC),
OSD-37,Atha_Ler-0_sl-pool_GC_Rep6_R2-GC-D3,Arabidopsis thaliana,ground_control,Ler-0,Wild Type,whole_seedling,BRIC-PDFU (Petri Dish Fixation Unit),dark,8.0,False,,Comparison of the spaceflight transcriptome of four commonly used Arabidopsis thaliana ecotypes,RNA Sequencing (RNA-Seq),Biological Reseach In a Canister (BRIC),
OSD-37,Atha_Ws-2_sl-pool_GC_Rep8_R2-GC-D4,Arabidopsis thaliana,ground_control,Ws-2,Wild Type,whole_seedling,BRIC-PDFU (Petri Dish Fixation Unit),dark,8.0,False,,Comparison of the spaceflight transcriptome of four commonly used Arabidopsis thaliana ecotypes,RNA Sequencing (RNA-Seq),Biological Reseach In a Canister (BRIC),
OSD-37,Atha_Cvi-0_sl-pool_GC_Rep6_R2-GC-D5,Arabidopsis thaliana,ground_control,Cvi-0,Wild Type,whole_seedling,BRIC-PDFU (Petri Dish Fixation Unit),dark,8.0,False,,Comparison of the spaceflight transcriptome of four commonly used Arabidopsis thaliana ecotypes,RNA Sequencing (RNA-Seq),Biological Reseach In a Canister (BRIC),
OSD-37,Atha_Col-0_sl-pool_FLT_Rep1_R1-FL-A1,Arabidopsis thaliana,flight,Col-0,Wild Type,whole_seedling,BRIC-PDFU (Petri Dish Fixation Unit),dark,8.0,False,,Comparison of the spaceflight transcriptome of four commonly used Arabidopsis thaliana ecotypes,RNA Sequencing (RNA-Seq),Biological Reseach In a Canister (BRIC),
OSD-37,Atha_Col-0_sl-pool_FLT_Rep2_R1-FL-A4,Arabidopsis thaliana,flight,Col-0,Wild Type,whole_seedling,BRIC-PDFU (Petri Dish Fixation Unit),dark,8.0,False,,Comparison of the spaceflight transcriptome of four commonly used Arabidopsis thaliana ecotypes,RNA Sequencing (RNA-Seq),Biological Reseach In a Canister (BRIC),
OSD-37,Atha_Col-0_sl-pool_FLT_Rep3_R1-FL-B1,Arabidopsis thaliana,flight,Col-0,Wild Type,whole_seedling,BRIC-PDFU (Petri Dish Fixation Unit),dark,8.0,False,,Comparison of the spaceflight transcriptome of four commonly used Arabidopsis thaliana ecotypes,RNA Sequencing (RNA-Seq),Biological Reseach In a Canister (BRIC),
OSD-37,Atha_Col-0_sl-pool_FLT_Rep4_R1-FL-B4,Arabidopsis thaliana,flight,Col-0,Wild Type,whole_seedling,BRIC-PDFU (Petri Dish Fixation Unit),dark,8.0,False,,Comparison of the spaceflight transcriptome of four commonly used Arabidopsis thaliana ecotypes,RNA Sequencing (RNA-Seq),Biological Reseach In a Canister (BRIC),
OSD-37,Atha_Col-0_sl-pool_GC_Rep1_R1-GC-A1,Arabidopsis thaliana,ground_control,Col-0,Wild Type,whole_seedling,BRIC-PDFU (Petri Dish Fixation Unit),dark,8.0,False,,Comparison of the spaceflight transcriptome of four commonly used Arabidopsis thaliana ecotypes,RNA Sequencing (RNA-Seq),Biological Reseach In a Canister (BRIC),
OSD-37,Atha_Col-0_sl-pool_GC_Rep2_R1-GC-A4,Arabidopsis thaliana,ground_control,Col-0,Wild Type,whole_seedling,BRIC-PDFU (Petri Dish Fixation Unit),dark,8.0,False,,Comparison of the spaceflight transcriptome of four commonly used Arabidopsis thaliana ecotypes,RNA Sequencing (RNA-Seq),Biological Reseach In a Canister (BRIC),
OSD-37,Atha_Col-0_sl-pool_GC_Rep3_R1-GC-B1,Arabidopsis thaliana,ground_control,Col-0,Wild Type,whole_seedling,BRIC-PDFU (Petri Dish Fixation Unit),dark,8.0,False,,Comparison of the spaceflight transcriptome of four commonly used Arabidopsis thaliana ecotypes,RNA Sequencing (RNA-Seq),Biological Reseach In a Canister (BRIC),
OSD-37,Atha_Col-0_sl-pool_GC_Rep4_R1-GC-B4,Arabidopsis thaliana,ground_control,Col-0,Wild Type,whole_seedling,BRIC-PDFU (Petri Dish Fixation Unit),dark,8.0,False,,Comparison of the spaceflight transcriptome of four commonly used Arabidopsis thaliana ecotypes,RNA Sequencing (RNA-Seq),Biological Reseach In a Canister (BRIC),
OSD-37,Atha_Col-0_sl-pool_FLT_Rep5_R2-FL-A1,Arabidopsis thaliana,flight,Col-0,Wild Type,whole_seedling,BRIC-PDFU (Petri Dish Fixation Unit),dark,8.0,False,,Comparison of the spaceflight transcriptome of four commonly used Arabidopsis thaliana ecotypes,RNA Sequencing (RNA-Seq),Biological Reseach In a Canister (BRIC),
OSD-37,Atha_Col-0_sl-pool_FLT_Rep6_R2-FL-A4,Arabidopsis thaliana,flight,Col-0,Wild Type,whole_seedling,BRIC-PDFU (Petri Dish Fixation Unit),dark,8.0,False,,Comparison of the spaceflight transcriptome of four commonly used Arabidopsis thaliana ecotypes,RNA Sequencing (RNA-Seq),Biological Reseach In a Canister (BRIC),
OSD-37,Atha_Col-0_sl-pool_FLT_Rep7_R2-FL-B1,Arabidopsis thaliana,flight,Col-0,Wild Type,whole_seedling,BRIC-PDFU (Petri Dish Fixation Unit),dark,8.0,False,,Comparison of the spaceflight transcriptome of four commonly used Arabidopsis thaliana ecotypes,RNA Sequencing (RNA-Seq),Biological Reseach In a Canister (BRIC),
OSD-37,Atha_Col-0_sl-pool_FLT_Rep8_R2-FL-B4,Arabidopsis thaliana,flight,Col-0,Wild Type,whole_seedling,BRIC-PDFU (Petri Dish Fixation Unit),dark,8.0,False,,Comparison of the spaceflight transcriptome of four commonly used Arabidopsis thaliana ecotypes,RNA Sequencing (RNA-Seq),Biological Reseach In a Canister (BRIC),
OSD-37,Atha_Col-0_sl-pool_GC_Rep5_R2-GC-A1,Arabidopsis thaliana,ground_control,Col-0,Wild Type,whole_seedling,BRIC-PDFU (Petri Dish Fixation Unit),dark,8.0,False,,Comparison of the spaceflight transcriptome of four commonly used Arabidopsis thaliana ecotypes,RNA Sequencing (RNA-Seq),Biological Reseach In a Canister (BRIC),
OSD-37,Atha_Col-0_sl-pool_GC_Rep6_R2-GC-A4,Arabidopsis thaliana,ground_control,Col-0,Wild Type,whole_seedling,BRIC-PDFU (Petri Dish Fixation Unit),dark,8.0,False,,Comparison of the spaceflight transcriptome of four commonly used Arabidopsis thaliana ecotypes,RNA Sequencing (RNA-Seq),Biological Reseach In a Canister (BRIC),
OSD-37,Atha_Col-0_sl-pool_GC_Rep7_R2-GC-B1,Arabidopsis thaliana,ground_control,Col-0,Wild Type,whole_seedling,BRIC-PDFU (Petri Dish Fixation Unit),dark,8.0,False,,Comparison of the spaceflight transcriptome of four commonly used Arabidopsis thaliana ecotypes,RNA Sequencing (RNA-Seq),Biological Reseach In a Canister (BRIC),
OSD-37,Atha_Col-0_sl-pool_GC_Rep8_R2-GC-B4,Arabidopsis thaliana,ground_control,Col-0,Wild Type,whole_seedling,BRIC-PDFU (Petri Dish Fixation Unit),dark,8.0,False,,Comparison of the spaceflight transcriptome of four commonly used Arabidopsis thaliana ecotypes,RNA Sequencing (RNA-Seq),Biological Reseach In a Canister (BRIC),
OSD-38,Atha_WT-Col-0_sl_FLT_Rep1_G1S1,Arabidopsis thaliana,flight,wild_type,Wild Type,whole_seedling,BRIC-PDFU,dark,76.0,False,,Proteomics and Transcriptomics analysis of Arabidopsis Seedlings in Microgravity,"['mass spectrometry', 'RNA Sequencing (RNA-Seq)']",BRIC-PDFU (Biological Research In Canisters - Petri Dish Fixation Unit),
OSD-38,Atha_WT-Col-0_sl_FLT_Rep2_G1S2,Arabidopsis thaliana,flight,wild_type,Wild Type,whole_seedling,BRIC-PDFU,dark,76.0,False,,Proteomics and Transcriptomics analysis of Arabidopsis Seedlings in Microgravity,"['mass spectrometry', 'RNA Sequencing (RNA-Seq)']",BRIC-PDFU (Biological Research In Canisters - Petri Dish Fixation Unit),
OSD-38,Atha_WT-Col-0_sl_FLT_Rep3_G1S3,Arabidopsis thaliana,flight,wild_type,Wild Type,whole_seedling,BRIC-PDFU,dark,76.0,False,,Proteomics and Transcriptomics analysis of Arabidopsis Seedlings in Microgravity,"['mass spectrometry', 'RNA Sequencing (RNA-Seq)']",BRIC-PDFU (Biological Research In Canisters - Petri Dish Fixation Unit),
OSD-38,Atha_WT-Col-0_sl_GC_Rep1_G2S1,Arabidopsis thaliana,ground_control,wild_type,Wild Type,whole_seedling,BRIC-PDFU,dark,76.0,False,,Proteomics and Transcriptomics analysis of Arabidopsis Seedlings in Microgravity,"['mass spectrometry', 'RNA Sequencing (RNA-Seq)']",BRIC-PDFU (Biological Research In Canisters - Petri Dish Fixation Unit),
OSD-38,Atha_WT-Col-0_sl_GC_Rep2_G2S2,Arabidopsis thaliana,ground_control,wild_type,Wild Type,whole_seedling,BRIC-PDFU,dark,76.0,False,,Proteomics and Transcriptomics analysis of Arabidopsis Seedlings in Microgravity,"['mass spectrometry', 'RNA Sequencing (RNA-Seq)']",BRIC-PDFU (Biological Research In Canisters - Petri Dish Fixation Unit),
OSD-38,Atha_WT-Col-0_sl_GC_Rep3_G2S3,Arabidopsis thaliana,ground_control,wild_type,Wild Type,whole_seedling,BRIC-PDFU,dark,76.0,False,,Proteomics and Transcriptomics analysis of Arabidopsis Seedlings in Microgravity,"['mass spectrometry', 'RNA Sequencing (RNA-Seq)']",BRIC-PDFU (Biological Research In Canisters - Petri Dish Fixation Unit),
OSD-38,Atha_WT-Col-0_sl_RNAlat_Rep1_rl1,Arabidopsis thaliana,ground_control,wild_type,Wild Type,whole_seedling,BRIC-PDFU,dark,76.0,False,,Proteomics and Transcriptomics analysis of Arabidopsis Seedlings in Microgravity,"['mass spectrometry', 'RNA Sequencing (RNA-Seq)']",BRIC-PDFU (Biological Research In Canisters - Petri Dish Fixation Unit),
OSD-38,Atha_WT-Col-0_sl_RNAlat_Rep2_rl2,Arabidopsis thaliana,ground_control,wild_type,Wild Type,whole_seedling,BRIC-PDFU,dark,76.0,False,,Proteomics and Transcriptomics analysis of Arabidopsis Seedlings in Microgravity,"['mass spectrometry', 'RNA Sequencing (RNA-Seq)']",BRIC-PDFU (Biological Research In Canisters - Petri Dish Fixation Unit),
OSD-38,Atha_WT-Col-0_sl_RNAlat_Rep3_rl3,Arabidopsis thaliana,ground_control,wild_type,Wild Type,whole_seedling,BRIC-PDFU,dark,76.0,False,,Proteomics and Transcriptomics analysis of Arabidopsis Seedlings in Microgravity,"['mass spectrometry', 'RNA Sequencing (RNA-Seq)']",BRIC-PDFU (Biological Research In Canisters - Petri Dish Fixation Unit),
OSD-38,Atha_WT-Col-0_sl_LN2_Rep1_n2-1,Arabidopsis thaliana,ground_control,wild_type,Wild Type,whole_seedling,BRIC-PDFU,dark,76.0,False,,Proteomics and Transcriptomics analysis of Arabidopsis Seedlings in Microgravity,"['mass spectrometry', 'RNA Sequencing (RNA-Seq)']",BRIC-PDFU (Biological Research In Canisters - Petri Dish Fixation Unit),
OSD-38,Atha_WT-Col-0_sl_LN2_Rep2_n2-2,Arabidopsis thaliana,ground_control,wild_type,Wild Type,whole_seedling,BRIC-PDFU,dark,76.0,False,,Proteomics and Transcriptomics analysis of Arabidopsis Seedlings in Microgravity,"['mass spectrometry', 'RNA Sequencing (RNA-Seq)']",BRIC-PDFU (Biological Research In Canisters - Petri Dish Fixation Unit),
OSD-38,Atha_WT-Col-0_sl_LN2_Rep3_n2-3,Arabidopsis thaliana,ground_control,wild_type,Wild Type,whole_seedling,BRIC-PDFU,dark,76.0,False,,Proteomics and Transcriptomics analysis of Arabidopsis Seedlings in Microgravity,"['mass spectrometry', 'RNA Sequencing (RNA-Seq)']",BRIC-PDFU (Biological Research In Canisters - Petri Dish Fixation Unit),
OSD-38,Atha_WT-Col-0_sl_FLT_Rep1_G1S1_membrane,Arabidopsis thaliana,flight,wild_type,Wild Type,whole_seedling,BRIC-PDFU,dark,76.0,False,,Proteomics and Transcriptomics analysis of Arabidopsis Seedlings in Microgravity,"['mass spectrometry', 'RNA Sequencing (RNA-Seq)']",BRIC-PDFU (Biological Research In Canisters - Petri Dish Fixation Unit),
OSD-38,Atha_WT-Col-0_sl_FLT_Rep2_G1S2_membrane,Arabidopsis thaliana,flight,wild_type,Wild Type,whole_seedling,BRIC-PDFU,dark,76.0,False,,Proteomics and Transcriptomics analysis of Arabidopsis Seedlings in Microgravity,"['mass spectrometry', 'RNA Sequencing (RNA-Seq)']",BRIC-PDFU (Biological Research In Canisters - Petri Dish Fixation Unit),
OSD-38,Atha_WT-Col-0_sl_FLT_Rep3_G1S3_membrane,Arabidopsis thaliana,flight,wild_type,Wild Type,whole_seedling,BRIC-PDFU,dark,76.0,False,,Proteomics and Transcriptomics analysis of Arabidopsis Seedlings in Microgravity,"['mass spectrometry', 'RNA Sequencing (RNA-Seq)']",BRIC-PDFU (Biological Research In Canisters - Petri Dish Fixation Unit),
OSD-38,Atha_WT-Col-0_sl_GC_Rep1_G2S1_membrane,Arabidopsis thaliana,ground_control,wild_type,Wild Type,whole_seedling,BRIC-PDFU,dark,76.0,False,,Proteomics and Transcriptomics analysis of Arabidopsis Seedlings in Microgravity,"['mass spectrometry', 'RNA Sequencing (RNA-Seq)']",BRIC-PDFU (Biological Research In Canisters - Petri Dish Fixation Unit),
OSD-38,Atha_WT-Col-0_sl_GC_Rep2_G2S2_membrane,Arabidopsis thaliana,ground_control,wild_type,Wild Type,whole_seedling,BRIC-PDFU,dark,76.0,False,,Proteomics and Transcriptomics analysis of Arabidopsis Seedlings in Microgravity,"['mass spectrometry', 'RNA Sequencing (RNA-Seq)']",BRIC-PDFU (Biological Research In Canisters - Petri Dish Fixation Unit),
OSD-38,Atha_WT-Col-0_sl_GC_Rep3_G2S3_membrane,Arabidopsis thaliana,ground_control,wild_type,Wild Type,whole_seedling,BRIC-PDFU,dark,76.0,False,,Proteomics and Transcriptomics analysis of Arabidopsis Seedlings in Microgravity,"['mass spectrometry', 'RNA Sequencing (RNA-Seq)']",BRIC-PDFU (Biological Research In Canisters - Petri Dish Fixation Unit),
OSD-38,Atha_WT-Col-0_sl_FLT_Rep1_G1S1_soluble,Arabidopsis thaliana,flight,wild_type,Wild Type,whole_seedling,BRIC-PDFU,dark,76.0,False,,Proteomics and Transcriptomics analysis of Arabidopsis Seedlings in Microgravity,"['mass spectrometry', 'RNA Sequencing (RNA-Seq)']",BRIC-PDFU (Biological Research In Canisters - Petri Dish Fixation Unit),
OSD-38,Atha_WT-Col-0_sl_FLT_Rep2_G1S2_soluble,Arabidopsis thaliana,flight,wild_type,Wild Type,whole_seedling,BRIC-PDFU,dark,76.0,False,,Proteomics and Transcriptomics analysis of Arabidopsis Seedlings in Microgravity,"['mass spectrometry', 'RNA Sequencing (RNA-Seq)']",BRIC-PDFU (Biological Research In Canisters - Petri Dish Fixation Unit),
OSD-38,Atha_WT-Col-0_sl_FLT_Rep3_G1S3_soluble,Arabidopsis thaliana,flight,wild_type,Wild Type,whole_seedling,BRIC-PDFU,dark,76.0,False,,Proteomics and Transcriptomics analysis of Arabidopsis Seedlings in Microgravity,"['mass spectrometry', 'RNA Sequencing (RNA-Seq)']",BRIC-PDFU (Biological Research In Canisters - Petri Dish Fixation Unit),
OSD-38,Atha_WT-Col-0_sl_GC_Rep1_G2S1_soluble,Arabidopsis thaliana,ground_control,wild_type,Wild Type,whole_seedling,BRIC-PDFU,dark,76.0,False,,Proteomics and Transcriptomics analysis of Arabidopsis Seedlings in Microgravity,"['mass spectrometry', 'RNA Sequencing (RNA-Seq)']",BRIC-PDFU (Biological Research In Canisters - Petri Dish Fixation Unit),
OSD-38,Atha_WT-Col-0_sl_GC_Rep2_G2S2_soluble,Arabidopsis thaliana,ground_control,wild_type,Wild Type,whole_seedling,BRIC-PDFU,dark,76.0,False,,Proteomics and Transcriptomics analysis of Arabidopsis Seedlings in Microgravity,"['mass spectrometry', 'RNA Sequencing (RNA-Seq)']",BRIC-PDFU (Biological Research In Canisters - Petri Dish Fixation Unit),
OSD-38,Atha_WT-Col-0_sl_GC_Rep3_G2S3_soluble,Arabidopsis thaliana,ground_control,wild_type,Wild Type,whole_seedling,BRIC-PDFU,dark,76.0,False,,Proteomics and Transcriptomics analysis of Arabidopsis Seedlings in Microgravity,"['mass spectrometry', 'RNA Sequencing (RNA-Seq)']",BRIC-PDFU (Biological Research In Canisters - Petri Dish Fixation Unit),
OSD-38,Atha_WT-Col-0_sl_RNAlat_Rep1_rl1_membrane,Arabidopsis thaliana,ground_control,wild_type,Wild Type,whole_seedling,BRIC-PDFU,dark,76.0,False,,Proteomics and Transcriptomics analysis of Arabidopsis Seedlings in Microgravity,"['mass spectrometry', 'RNA Sequencing (RNA-Seq)']",BRIC-PDFU (Biological Research In Canisters - Petri Dish Fixation Unit),
OSD-38,Atha_WT-Col-0_sl_RNAlat_Rep2_rl2_membrane,Arabidopsis thaliana,ground_control,wild_type,Wild Type,whole_seedling,BRIC-PDFU,dark,76.0,False,,Proteomics and Transcriptomics analysis of Arabidopsis Seedlings in Microgravity,"['mass spectrometry', 'RNA Sequencing (RNA-Seq)']",BRIC-PDFU (Biological Research In Canisters - Petri Dish Fixation Unit),
OSD-38,Atha_WT-Col-0_sl_RNAlat_Rep3_rl3_membrane,Arabidopsis thaliana,ground_control,wild_type,Wild Type,whole_seedling,BRIC-PDFU,dark,76.0,False,,Proteomics and Transcriptomics analysis of Arabidopsis Seedlings in Microgravity,"['mass spectrometry', 'RNA Sequencing (RNA-Seq)']",BRIC-PDFU (Biological Research In Canisters - Petri Dish Fixation Unit),
OSD-38,Atha_WT-Col-0_sl_LN2_Rep1_n2-1_membrane,Arabidopsis thaliana,ground_control,wild_type,Wild Type,whole_seedling,BRIC-PDFU,dark,76.0,False,,Proteomics and Transcriptomics analysis of Arabidopsis Seedlings in Microgravity,"['mass spectrometry', 'RNA Sequencing (RNA-Seq)']",BRIC-PDFU (Biological Research In Canisters - Petri Dish Fixation Unit),
OSD-38,Atha_WT-Col-0_sl_LN2_Rep2_n2-2_membrane,Arabidopsis thaliana,ground_control,wild_type,Wild Type,whole_seedling,BRIC-PDFU,dark,76.0,False,,Proteomics and Transcriptomics analysis of Arabidopsis Seedlings in Microgravity,"['mass spectrometry', 'RNA Sequencing (RNA-Seq)']",BRIC-PDFU (Biological Research In Canisters - Petri Dish Fixation Unit),
OSD-38,Atha_WT-Col-0_sl_LN2_Rep3_n2-3_membrane,Arabidopsis thaliana,ground_control,wild_type,Wild Type,whole_seedling,BRIC-PDFU,dark,76.0,False,,Proteomics and Transcriptomics analysis of Arabidopsis Seedlings in Microgravity,"['mass spectrometry', 'RNA Sequencing (RNA-Seq)']",BRIC-PDFU (Biological Research In Canisters - Petri Dish Fixation Unit),
OSD-38,Atha_WT-Col-0_sl_RNAlat_Rep1_rl1_soluble,Arabidopsis thaliana,ground_control,wild_type,Wild Type,whole_seedling,BRIC-PDFU,dark,76.0,False,,Proteomics and Transcriptomics analysis of Arabidopsis Seedlings in Microgravity,"['mass spectrometry', 'RNA Sequencing (RNA-Seq)']",BRIC-PDFU (Biological Research In Canisters - Petri Dish Fixation Unit),
OSD-38,Atha_WT-Col-0_sl_RNAlat_Rep2_rl2_soluble,Arabidopsis thaliana,ground_control,wild_type,Wild Type,whole_seedling,BRIC-PDFU,dark,76.0,False,,Proteomics and Transcriptomics analysis of Arabidopsis Seedlings in Microgravity,"['mass spectrometry', 'RNA Sequencing (RNA-Seq)']",BRIC-PDFU (Biological Research In Canisters - Petri Dish Fixation Unit),
OSD-38,Atha_WT-Col-0_sl_RNAlat_Rep3_rl3_soluble,Arabidopsis thaliana,ground_control,wild_type,Wild Type,whole_seedling,BRIC-PDFU,dark,76.0,False,,Proteomics and Transcriptomics analysis of Arabidopsis Seedlings in Microgravity,"['mass spectrometry', 'RNA Sequencing (RNA-Seq)']",BRIC-PDFU (Biological Research In Canisters - Petri Dish Fixation Unit),
OSD-38,Atha_WT-Col-0_sl_LN2_Rep1_n2-1_soluble,Arabidopsis thaliana,ground_control,wild_type,Wild Type,whole_seedling,BRIC-PDFU,dark,76.0,False,,Proteomics and Transcriptomics analysis of Arabidopsis Seedlings in Microgravity,"['mass spectrometry', 'RNA Sequencing (RNA-Seq)']",BRIC-PDFU (Biological Research In Canisters - Petri Dish Fixation Unit),
OSD-38,Atha_WT-Col-0_sl_LN2_Rep2_n2-2_soluble,Arabidopsis thaliana,ground_control,wild_type,Wild Type,whole_seedling,BRIC-PDFU,dark,76.0,False,,Proteomics and Transcriptomics analysis of Arabidopsis Seedlings in Microgravity,"['mass spectrometry', 'RNA Sequencing (RNA-Seq)']",BRIC-PDFU (Biological Research In Canisters - Petri Dish Fixation Unit),
OSD-38,Atha_WT-Col-0_sl_LN2_Rep3_n2-3_soluble,Arabidopsis thaliana,ground_control,wild_type,Wild Type,whole_seedling,BRIC-PDFU,dark,76.0,False,,Proteomics and Transcriptomics analysis of Arabidopsis Seedlings in Microgravity,"['mass spectrometry', 'RNA Sequencing (RNA-Seq)']",BRIC-PDFU (Biological Research In Canisters - Petri Dish Fixation Unit),
OSD-44,Atha_Col-0_wo_WT_GC_Rep1,Arabidopsis thaliana,ground_control,wild_type,Wild Type,whole_seedling,,dark,,False,,Transcriptomics analysis of etiolated Arabidopsis thaliana seedlings in response to microgravity,DNA microarray,BRIC-PDFU,
OSD-44,Atha_Col-0_wo_WT_GC_Rep2,Arabidopsis thaliana,ground_control,wild_type,Wild Type,whole_seedling,,dark,,False,,Transcriptomics analysis of etiolated Arabidopsis thaliana seedlings in response to microgravity,DNA microarray,BRIC-PDFU,
OSD-44,Atha_Col-0_wo_WT_GC_Rep3,Arabidopsis thaliana,ground_control,wild_type,Wild Type,whole_seedling,,dark,,False,,Transcriptomics analysis of etiolated Arabidopsis thaliana seedlings in response to microgravity,DNA microarray,BRIC-PDFU,
OSD-44,Atha_Col-0_wo_WT_FLT_Rep1,Arabidopsis thaliana,flight,wild_type,Wild Type,whole_seedling,,dark,,False,,Transcriptomics analysis of etiolated Arabidopsis thaliana seedlings in response to microgravity,DNA microarray,BRIC-PDFU,
OSD-44,Atha_Col-0_wo_WT_FLT_Rep2,Arabidopsis thaliana,flight,wild_type,Wild Type,whole_seedling,,dark,,False,,Transcriptomics analysis of etiolated Arabidopsis thaliana seedlings in response to microgravity,DNA microarray,BRIC-PDFU,
OSD-44,Atha_Col-0_wo_WT_FLT_Rep3,Arabidopsis thaliana,flight,wild_type,Wild Type,whole_seedling,,dark,,False,,Transcriptomics analysis of etiolated Arabidopsis thaliana seedlings in response to microgravity,DNA microarray,BRIC-PDFU,
OSD-44,Atha_Col-0_wo_act2-3_GC_Rep1,Arabidopsis thaliana,ground_control,act2-3,act2-3,whole_seedling,,dark,,False,,Transcriptomics analysis of etiolated Arabidopsis thaliana seedlings in response to microgravity,DNA microarray,BRIC-PDFU,
OSD-44,Atha_Col-0_wo_act2-3_GC_Rep2,Arabidopsis thaliana,ground_control,act2-3,act2-3,whole_seedling,,dark,,False,,Transcriptomics analysis of etiolated Arabidopsis thaliana seedlings in response to microgravity,DNA microarray,BRIC-PDFU,
OSD-44,Atha_Col-0_wo_act2-3_GC_Rep3,Arabidopsis thaliana,ground_control,act2-3,act2-3,whole_seedling,,dark,,False,,Transcriptomics analysis of etiolated Arabidopsis thaliana seedlings in response to microgravity,DNA microarray,BRIC-PDFU,
OSD-44,Atha_Col-0_wo_act2-3_FLT_Rep1,Arabidopsis thaliana,flight,act2-3,act2-3,whole_seedling,,dark,,False,,Transcriptomics analysis of etiolated Arabidopsis thaliana seedlings in response to microgravity,DNA microarray,BRIC-PDFU,
OSD-44,Atha_Col-0_wo_act2-3_FLT_Rep2,Arabidopsis thaliana,flight,act2-3,act2-3,whole_seedling,,dark,,False,,Transcriptomics analysis of etiolated Arabidopsis thaliana seedlings in response to microgravity,DNA microarray,BRIC-PDFU,
OSD-44,Atha_Col-0_wo_act2-3_FLT_Rep3,Arabidopsis thaliana,flight,act2-3,act2-3,whole_seedling,,dark,,False,,Transcriptomics analysis of etiolated Arabidopsis thaliana seedlings in response to microgravity,DNA microarray,BRIC-PDFU,
OSD-46,GSM1506014 1,Arabidopsis thaliana,,wild_type,Wild Type,whole_seedling,,unknown,5.0,False,,Gamma radiation and HZE treatment of seedlings in Arabidopsis,DNA microarray,,
OSD-46,GSM1506015 1,Arabidopsis thaliana,,wild_type,Wild Type,whole_seedling,,unknown,5.0,False,,Gamma radiation and HZE treatment of seedlings in Arabidopsis,DNA microarray,,
OSD-46,GSM1506016 1,Arabidopsis thaliana,,wild_type,Wild Type,whole_seedling,,unknown,5.0,False,,Gamma radiation and HZE treatment of seedlings in Arabidopsis,DNA microarray,,
OSD-46,GSM1506017 1,Arabidopsis thaliana,,wild_type,Wild Type,whole_seedling,,unknown,5.0,False,,Gamma radiation and HZE treatment of seedlings in Arabidopsis,DNA microarray,,
OSD-46,GSM1506018 1,Arabidopsis thaliana,,wild_type,Wild Type,whole_seedling,,unknown,5.0,False,,Gamma radiation and HZE treatment of seedlings in Arabidopsis,DNA microarray,,
OSD-46,GSM1506019 1,Arabidopsis thaliana,,wild_type,Wild Type,whole_seedling,,unknown,5.0,False,,Gamma radiation and HZE treatment of seedlings in Arabidopsis,DNA microarray,,
OSD-46,GSM1506020 1,Arabidopsis thaliana,,wild_type,Wild Type,whole_seedling,,unknown,5.0,False,,Gamma radiation and HZE treatment of seedlings in Arabidopsis,DNA microarray,,
OSD-46,GSM1506021 1,Arabidopsis thaliana,,wild_type,Wild Type,whole_seedling,,unknown,5.0,False,,Gamma radiation and HZE treatment of seedlings in Arabidopsis,DNA microarray,,
OSD-46,GSM1506022 1,Arabidopsis thaliana,,wild_type,Wild Type,whole_seedling,,unknown,6.0,False,,Gamma radiation and HZE treatment of seedlings in Arabidopsis,DNA microarray,,
OSD-46,GSM1506023 1,Arabidopsis thaliana,,wild_type,Wild Type,whole_seedling,,unknown,6.0,False,,Gamma radiation and HZE treatment of seedlings in Arabidopsis,DNA microarray,,
OSD-46,GSM1506024 1,Arabidopsis thaliana,,wild_type,Wild Type,whole_seedling,,unknown,5.0,False,,Gamma radiation and HZE treatment of seedlings in Arabidopsis,DNA microarray,,
OSD-46,GSM1506025 1,Arabidopsis thaliana,,wild_type,Wild Type,whole_seedling,,unknown,5.0,False,,Gamma radiation and HZE treatment of seedlings in Arabidopsis,DNA microarray,,
OSD-46,GSM1506026 1,Arabidopsis thaliana,,wild_type,Wild Type,whole_seedling,,unknown,5.0,False,,Gamma radiation and HZE treatment of seedlings in Arabidopsis,DNA microarray,,
OSD-46,GSM1506027 1,Arabidopsis thaliana,,wild_type,Wild Type,whole_seedling,,unknown,5.0,False,,Gamma radiation and HZE treatment of seedlings in Arabidopsis,DNA microarray,,
OSD-46,GSM1506028 1,Arabidopsis thaliana,,wild_type,Wild Type,whole_seedling,,unknown,5.0,False,,Gamma radiation and HZE treatment of seedlings in Arabidopsis,DNA microarray,,
OSD-46,GSM1506029 1,Arabidopsis thaliana,,wild_type,Wild Type,whole_seedling,,unknown,5.0,False,,Gamma radiation and HZE treatment of seedlings in Arabidopsis,DNA microarray,,
OSD-46,GSM1506030 1,Arabidopsis thaliana,,wild_type,Wild Type,whole_seedling,,unknown,5.0,False,,Gamma radiation and HZE treatment of seedlings in Arabidopsis,DNA microarray,,
OSD-46,GSM1506031 1,Arabidopsis thaliana,,wild_type,Wild Type,whole_seedling,,unknown,5.0,False,,Gamma radiation and HZE treatment of seedlings in Arabidopsis,DNA microarray,,
OSD-46,GSM1506032 1,Arabidopsis thaliana,,wild_type,Wild Type,whole_seedling,,unknown,6.0,False,,Gamma radiation and HZE treatment of seedlings in Arabidopsis,DNA microarray,,
OSD-46,GSM1506033 1,Arabidopsis thaliana,,wild_type,Wild Type,whole_seedling,,unknown,6.0,False,,Gamma radiation and HZE treatment of seedlings in Arabidopsis,DNA microarray,,
OSD-46,GSM1506034 1,Arabidopsis thaliana,,atm-1,atm-1,whole_seedling,,unknown,5.0,False,,Gamma radiation and HZE treatment of seedlings in Arabidopsis,DNA microarray,,
OSD-46,GSM1506035 1,Arabidopsis thaliana,,atm-1,atm-1,whole_seedling,,unknown,5.0,False,,Gamma radiation and HZE treatment of seedlings in Arabidopsis,DNA microarray,,
OSD-46,GSM1506036 1,Arabidopsis thaliana,,atm-1,atm-1,whole_seedling,,unknown,5.0,False,,Gamma radiation and HZE treatment of seedlings in Arabidopsis,DNA microarray,,
OSD-46,GSM1506037 1,Arabidopsis thaliana,,atm-1,atm-1,whole_seedling,,unknown,5.0,False,,Gamma radiation and HZE treatment of seedlings in Arabidopsis,DNA microarray,,
OSD-46,GSM1506038 1,Arabidopsis thaliana,,atm-1,atm-1,whole_seedling,,unknown,5.0,False,,Gamma radiation and HZE treatment of seedlings in Arabidopsis,DNA microarray,,
OSD-46,GSM1506039 1,Arabidopsis thaliana,,atm-1,atm-1,whole_seedling,,unknown,5.0,False,,Gamma radiation and HZE treatment of seedlings in Arabidopsis,DNA microarray,,
OSD-46,GSM1506040 1,Arabidopsis thaliana,,atm-1,atm-1,whole_seedling,,unknown,6.0,False,,Gamma radiation and HZE treatment of seedlings in Arabidopsis,DNA microarray,,
OSD-46,GSM1506041 1,Arabidopsis thaliana,,atm-1,atm-1,whole_seedling,,unknown,6.0,False,,Gamma radiation and HZE treatment of seedlings in Arabidopsis,DNA microarray,,
OSD-46,GSM1506042 1,Arabidopsis thaliana,,atm-1,atm-1,whole_seedling,,unknown,5.0,False,,Gamma radiation and HZE treatment of seedlings in Arabidopsis,DNA microarray,,
OSD-46,GSM1506043 1,Arabidopsis thaliana,,atm-1,atm-1,whole_seedling,,unknown,5.0,False,,Gamma radiation and HZE treatment of seedlings in Arabidopsis,DNA microarray,,
OSD-46,GSM1506044 1,Arabidopsis thaliana,,atm-1,atm-1,whole_seedling,,unknown,5.0,False,,Gamma radiation and HZE treatment of seedlings in Arabidopsis,DNA microarray,,
OSD-46,GSM1506045 1,Arabidopsis thaliana,,atm-1,atm-1,whole_seedling,,unknown,5.0,False,,Gamma radiation and HZE treatment of seedlings in Arabidopsis,DNA microarray,,
OSD-46,GSM1506046 1,Arabidopsis thaliana,,atm-1,atm-1,whole_seedling,,unknown,5.0,False,,Gamma radiation and HZE treatment of seedlings in Arabidopsis,DNA microarray,,
OSD-46,GSM1506047 1,Arabidopsis thaliana,,atm-1,atm-1,whole_seedling,,unknown,5.0,False,,Gamma radiation and HZE treatment of seedlings in Arabidopsis,DNA microarray,,
OSD-46,GSM1506048 1,Arabidopsis thaliana,,atm-1,atm-1,whole_seedling,,unknown,6.0,False,,Gamma radiation and HZE treatment of seedlings in Arabidopsis,DNA microarray,,
OSD-46,GSM1506049 1,Arabidopsis thaliana,,atm-1,atm-1,whole_seedling,,unknown,6.0,False,,Gamma radiation and HZE treatment of seedlings in Arabidopsis,DNA microarray,,
OSD-46,GSM1506050 1,Arabidopsis thaliana,,wild_type,Wild Type,whole_seedling,,unknown,5.0,False,,Gamma radiation and HZE treatment of seedlings in Arabidopsis,DNA microarray,,
OSD-46,GSM1506051 1,Arabidopsis thaliana,,wild_type,Wild Type,whole_seedling,,unknown,5.0,False,,Gamma radiation and HZE treatment of seedlings in Arabidopsis,DNA microarray,,
OSD-46,GSM1506052 1,Arabidopsis thaliana,,wild_type,Wild Type,whole_seedling,,unknown,6.0,False,,Gamma radiation and HZE treatment of seedlings in Arabidopsis,DNA microarray,,
OSD-46,GSM1506053 1,Arabidopsis thaliana,,wild_type,Wild Type,whole_seedling,,unknown,6.0,False,,Gamma radiation and HZE treatment of seedlings in Arabidopsis,DNA microarray,,
OSD-46,GSM1506054 1,Arabidopsis thaliana,,atm-1,atm-1,whole_seedling,,unknown,5.0,False,,Gamma radiation and HZE treatment of seedlings in Arabidopsis,DNA microarray,,
OSD-46,GSM1506055 1,Arabidopsis thaliana,,atm-1,atm-1,whole_seedling,,unknown,5.0,False,,Gamma radiation and HZE treatment of seedlings in Arabidopsis,DNA microarray,,
OSD-46,GSM1506056 1,Arabidopsis thaliana,,atm-1,atm-1,whole_seedling,,unknown,6.0,False,,Gamma radiation and HZE treatment of seedlings in Arabidopsis,DNA microarray,,
OSD-46,GSM1506057 1,Arabidopsis thaliana,,atm-1,atm-1,whole_seedling,,unknown,6.0,False,,Gamma radiation and HZE treatment of seedlings in Arabidopsis,DNA microarray,,
OSD-120,Atha_Col-0_root_GC_Alight_Rep1_GSM2493759_Day06,Arabidopsis thaliana,ground_control,Col-0,,root,petri dish,unknown,,False,,Genetic dissection of the Arabidopsis spaceflight transcriptome: Are some responses dispensable for the physiological adaptation of plants to spaceflight?,"['RNA Sequencing (RNA-Seq)', 'Photography']",,
OSD-120,Atha_Col-0_root_GC_Alight_Rep1_GSM2493759_Day09,Arabidopsis thaliana,ground_control,Col-0,,root,petri dish,unknown,,False,,Genetic dissection of the Arabidopsis spaceflight transcriptome: Are some responses dispensable for the physiological adaptation of plants to spaceflight?,"['RNA Sequencing (RNA-Seq)', 'Photography']",,
OSD-120,Atha_Col-0_root_GC_Alight_Rep1_GSM2493759_Day13,Arabidopsis thaliana,ground_control,Col-0,,root,petri dish,unknown,,False,,Genetic dissection of the Arabidopsis spaceflight transcriptome: Are some responses dispensable for the physiological adaptation of plants to spaceflight?,"['RNA Sequencing (RNA-Seq)', 'Photography']",,
OSD-120,Atha_Col-0_root_GC_Alight_Rep1_GSM2493759_Day03,Arabidopsis thaliana,ground_control,Col-0,,root,petri dish,unknown,,False,,Genetic dissection of the Arabidopsis spaceflight transcriptome: Are some responses dispensable for the physiological adaptation of plants to spaceflight?,"['RNA Sequencing (RNA-Seq)', 'Photography']",,
OSD-120,Atha_Col-0_root_GC_Alight_Rep2_GSM2493760_Day06,Arabidopsis thaliana,ground_control,Col-0,,root,petri dish,unknown,,False,,Genetic dissection of the Arabidopsis spaceflight transcriptome: Are some responses dispensable for the physiological adaptation of plants to spaceflight?,"['RNA Sequencing (RNA-Seq)', 'Photography']",,
OSD-120,Atha_Col-0_root_GC_Alight_Rep2_GSM2493760_Day09,Arabidopsis thaliana,ground_control,Col-0,,root,petri dish,unknown,,False,,Genetic dissection of the Arabidopsis spaceflight transcriptome: Are some responses dispensable for the physiological adaptation of plants to spaceflight?,"['RNA Sequencing (RNA-Seq)', 'Photography']",,
OSD-120,Atha_Col-0_root_GC_Alight_Rep2_GSM2493760_Day13,Arabidopsis thaliana,ground_control,Col-0,,root,petri dish,unknown,,False,,Genetic dissection of the Arabidopsis spaceflight transcriptome: Are some responses dispensable for the physiological adaptation of plants to spaceflight?,"['RNA Sequencing (RNA-Seq)', 'Photography']",,
OSD-120,Atha_Col-0_root_GC_Alight_Rep2_GSM2493760_Day03,Arabidopsis thaliana,ground_control,Col-0,,root,petri dish,unknown,,False,,Genetic dissection of the Arabidopsis spaceflight transcriptome: Are some responses dispensable for the physiological adaptation of plants to spaceflight?,"['RNA Sequencing (RNA-Seq)', 'Photography']",,
OSD-120,Atha_Col-0_root_GC_Alight_Rep3_GSM2493761_Day06,Arabidopsis thaliana,ground_control,Col-0,,root,petri dish,unknown,,False,,Genetic dissection of the Arabidopsis spaceflight transcriptome: Are some responses dispensable for the physiological adaptation of plants to spaceflight?,"['RNA Sequencing (RNA-Seq)', 'Photography']",,
OSD-120,Atha_Col-0_root_GC_Alight_Rep3_GSM2493761_Day09,Arabidopsis thaliana,ground_control,Col-0,,root,petri dish,unknown,,False,,Genetic dissection of the Arabidopsis spaceflight transcriptome: Are some responses dispensable for the physiological adaptation of plants to spaceflight?,"['RNA Sequencing (RNA-Seq)', 'Photography']",,
OSD-120,Atha_Col-0_root_GC_Alight_Rep3_GSM2493761_Day03,Arabidopsis thaliana,ground_control,Col-0,,root,petri dish,unknown,,False,,Genetic dissection of the Arabidopsis spaceflight transcriptome: Are some responses dispensable for the physiological adaptation of plants to spaceflight?,"['RNA Sequencing (RNA-Seq)', 'Photography']",,
OSD-120,Atha_Ws_root_GC_Alight_Rep1_GSM2493762_Day06,Arabidopsis thaliana,ground_control,Ws,,root,petri dish,unknown,,False,,Genetic dissection of the Arabidopsis spaceflight transcriptome: Are some responses dispensable for the physiological adaptation of plants to spaceflight?,"['RNA Sequencing (RNA-Seq)', 'Photography']",,
OSD-120,Atha_Ws_root_GC_Alight_Rep1_GSM2493762_Day09,Arabidopsis thaliana,ground_control,Ws,,root,petri dish,unknown,,False,,Genetic dissection of the Arabidopsis spaceflight transcriptome: Are some responses dispensable for the physiological adaptation of plants to spaceflight?,"['RNA Sequencing (RNA-Seq)', 'Photography']",,
OSD-120,Atha_Ws_root_GC_Alight_Rep1_GSM2493762_Day13,Arabidopsis thaliana,ground_control,Ws,,root,petri dish,unknown,,False,,Genetic dissection of the Arabidopsis spaceflight transcriptome: Are some responses dispensable for the physiological adaptation of plants to spaceflight?,"['RNA Sequencing (RNA-Seq)', 'Photography']",,
OSD-120,Atha_Ws_root_GC_Alight_Rep1_GSM2493762_Day03,Arabidopsis thaliana,ground_control,Ws,,root,petri dish,unknown,,False,,Genetic dissection of the Arabidopsis spaceflight transcriptome: Are some responses dispensable for the physiological adaptation of plants to spaceflight?,"['RNA Sequencing (RNA-Seq)', 'Photography']",,
OSD-120,Atha_Ws_root_GC_Alight_Rep2_GSM2493763_Day06,Arabidopsis thaliana,ground_control,Ws,,root,petri dish,unknown,,False,,Genetic dissection of the Arabidopsis spaceflight transcriptome: Are some responses dispensable for the physiological adaptation of plants to spaceflight?,"['RNA Sequencing (RNA-Seq)', 'Photography']",,
OSD-120,Atha_Ws_root_GC_Alight_Rep2_GSM2493763_Day09,Arabidopsis thaliana,ground_control,Ws,,root,petri dish,unknown,,False,,Genetic dissection of the Arabidopsis spaceflight transcriptome: Are some responses dispensable for the physiological adaptation of plants to spaceflight?,"['RNA Sequencing (RNA-Seq)', 'Photography']",,
OSD-120,Atha_Ws_root_GC_Alight_Rep2_GSM2493763_Day03,Arabidopsis thaliana,ground_control,Ws,,root,petri dish,unknown,,False,,Genetic dissection of the Arabidopsis spaceflight transcriptome: Are some responses dispensable for the physiological adaptation of plants to spaceflight?,"['RNA Sequencing (RNA-Seq)', 'Photography']",,
OSD-120,Atha_Ws_root_GC_Alight_Rep2_GSM2493763_Day13,Arabidopsis thaliana,ground_control,Ws,,root,petri dish,unknown,,False,,Genetic dissection of the Arabidopsis spaceflight transcriptome: Are some responses dispensable for the physiological adaptation of plants to spaceflight?,"['RNA Sequencing (RNA-Seq)', 'Photography']",,
OSD-120,Atha_Ws_root_GC_Alight_Rep3_GSM2493764_Day09,Arabidopsis thaliana,ground_control,Ws,,root,petri dish,unknown,,False,,Genetic dissection of the Arabidopsis spaceflight transcriptome: Are some responses dispensable for the physiological adaptation of plants to spaceflight?,"['RNA Sequencing (RNA-Seq)', 'Photography']",,
OSD-120,Atha_Ws_root_GC_Alight_Rep3_GSM2493764_Day13,Arabidopsis thaliana,ground_control,Ws,,root,petri dish,unknown,,False,,Genetic dissection of the Arabidopsis spaceflight transcriptome: Are some responses dispensable for the physiological adaptation of plants to spaceflight?,"['RNA Sequencing (RNA-Seq)', 'Photography']",,
OSD-120,Atha_Ws_root_GC_Alight_Rep3_GSM2493764_Day03,Arabidopsis thaliana,ground_control,Ws,,root,petri dish,unknown,,False,,Genetic dissection of the Arabidopsis spaceflight transcriptome: Are some responses dispensable for the physiological adaptation of plants to spaceflight?,"['RNA Sequencing (RNA-Seq)', 'Photography']",,
OSD-120,Atha_Ws_root_GC_Alight_Rep3_GSM2493764_Day06,Arabidopsis thaliana,ground_control,Ws,,root,petri dish,unknown,,False,,Genetic dissection of the Arabidopsis spaceflight transcriptome: Are some responses dispensable for the physiological adaptation of plants to spaceflight?,"['RNA Sequencing (RNA-Seq)', 'Photography']",,
OSD-120,Atha_Col-0-PhyD_root_GC_Alight_Rep1_GSM2493765_Day09,Arabidopsis thaliana,ground_control,Col-0 phyD,,root,petri dish,unknown,,False,,Genetic dissection of the Arabidopsis spaceflight transcriptome: Are some responses dispensable for the physiological adaptation of plants to spaceflight?,"['RNA Sequencing (RNA-Seq)', 'Photography']",,
OSD-120,Atha_Col-0-PhyD_root_GC_Alight_Rep1_GSM2493765_Day13,Arabidopsis thaliana,ground_control,Col-0 phyD,,root,petri dish,unknown,,False,,Genetic dissection of the Arabidopsis spaceflight transcriptome: Are some responses dispensable for the physiological adaptation of plants to spaceflight?,"['RNA Sequencing (RNA-Seq)', 'Photography']",,
OSD-120,Atha_Col-0-PhyD_root_GC_Alight_Rep1_GSM2493765_Day00,Arabidopsis thaliana,ground_control,Col-0 phyD,,root,petri dish,unknown,,False,,Genetic dissection of the Arabidopsis spaceflight transcriptome: Are some responses dispensable for the physiological adaptation of plants to spaceflight?,"['RNA Sequencing (RNA-Seq)', 'Photography']",,
OSD-120,Atha_Col-0-PhyD_root_GC_Alight_Rep1_GSM2493765_Day06,Arabidopsis thaliana,ground_control,Col-0 phyD,,root,petri dish,unknown,,False,,Genetic dissection of the Arabidopsis spaceflight transcriptome: Are some responses dispensable for the physiological adaptation of plants to spaceflight?,"['RNA Sequencing (RNA-Seq)', 'Photography']",,
OSD-120,Atha_Col-0-PhyD_root_GC_Alight_Rep1_GSM2493765_Day03,Arabidopsis thaliana,ground_control,Col-0 phyD,,root,petri dish,unknown,,False,,Genetic dissection of the Arabidopsis spaceflight transcriptome: Are some responses dispensable for the physiological adaptation of plants to spaceflight?,"['RNA Sequencing (RNA-Seq)', 'Photography']",,
OSD-120,Atha_Col-0-PhyD_root_GC_Alight_Rep2_GSM2493766_Day06,Arabidopsis thaliana,ground_control,Col-0 phyD,,root,petri dish,unknown,,False,,Genetic dissection of the Arabidopsis spaceflight transcriptome: Are some responses dispensable for the physiological adaptation of plants to spaceflight?,"['RNA Sequencing (RNA-Seq)', 'Photography']",,
OSD-120,Atha_Col-0-PhyD_root_GC_Alight_Rep2_GSM2493766_Day09,Arabidopsis thaliana,ground_control,Col-0 phyD,,root,petri dish,unknown,,False,,Genetic dissection of the Arabidopsis spaceflight transcriptome: Are some responses dispensable for the physiological adaptation of plants to spaceflight?,"['RNA Sequencing (RNA-Seq)', 'Photography']",,
OSD-120,Atha_Col-0-PhyD_root_GC_Alight_Rep2_GSM2493766_Day13,Arabidopsis thaliana,ground_control,Col-0 phyD,,root,petri dish,unknown,,False,,Genetic dissection of the Arabidopsis spaceflight transcriptome: Are some responses dispensable for the physiological adaptation of plants to spaceflight?,"['RNA Sequencing (RNA-Seq)', 'Photography']",,
OSD-120,Atha_Col-0-PhyD_root_GC_Alight_Rep2_GSM2493766_Day03,Arabidopsis thaliana,ground_control,Col-0 phyD,,root,petri dish,unknown,,False,,Genetic dissection of the Arabidopsis spaceflight transcriptome: Are some responses dispensable for the physiological adaptation of plants to spaceflight?,"['RNA Sequencing (RNA-Seq)', 'Photography']",,
OSD-120,Atha_Col-0-PhyD_root_GC_Alight_Rep3_GSM2493767_Day06,Arabidopsis thaliana,ground_control,Col-0 phyD,,root,petri dish,unknown,,False,,Genetic dissection of the Arabidopsis spaceflight transcriptome: Are some responses dispensable for the physiological adaptation of plants to spaceflight?,"['RNA Sequencing (RNA-Seq)', 'Photography']",,
OSD-120,Atha_Col-0-PhyD_root_GC_Alight_Rep3_GSM2493767_Day09,Arabidopsis thaliana,ground_control,Col-0 phyD,,root,petri dish,unknown,,False,,Genetic dissection of the Arabidopsis spaceflight transcriptome: Are some responses dispensable for the physiological adaptation of plants to spaceflight?,"['RNA Sequencing (RNA-Seq)', 'Photography']",,
OSD-120,Atha_Col-0-PhyD_root_GC_Alight_Rep3_GSM2493767_Day13,Arabidopsis thaliana,ground_control,Col-0 phyD,,root,petri dish,unknown,,False,,Genetic dissection of the Arabidopsis spaceflight transcriptome: Are some responses dispensable for the physiological adaptation of plants to spaceflight?,"['RNA Sequencing (RNA-Seq)', 'Photography']",,
OSD-120,Atha_Col-0-PhyD_root_GC_Alight_Rep3_GSM2493767_Day03,Arabidopsis thaliana,ground_control,Col-0 phyD,,root,petri dish,unknown,,False,,Genetic dissection of the Arabidopsis spaceflight transcriptome: Are some responses dispensable for the physiological adaptation of plants to spaceflight?,"['RNA Sequencing (RNA-Seq)', 'Photography']",,
OSD-120,Atha_Col-0_root_GC_dark_Rep1_GSM2493768_Day13,Arabidopsis thaliana,ground_control,Col-0,,root,petri dish,unknown,,False,,Genetic dissection of the Arabidopsis spaceflight transcriptome: Are some responses dispensable for the physiological adaptation of plants to spaceflight?,"['RNA Sequencing (RNA-Seq)', 'Photography']",,
OSD-120,Atha_Col-0_root_GC_dark_Rep2_GSM2493769_Day13,Arabidopsis thaliana,ground_control,Col-0,,root,petri dish,unknown,,False,,Genetic dissection of the Arabidopsis spaceflight transcriptome: Are some responses dispensable for the physiological adaptation of plants to spaceflight?,"['RNA Sequencing (RNA-Seq)', 'Photography']",,
OSD-120,Atha_Col-0_root_GC_dark_Rep3_GSM2493770_Day13,Arabidopsis thaliana,ground_control,Col-0,,root,petri dish,unknown,,False,,Genetic dissection of the Arabidopsis spaceflight transcriptome: Are some responses dispensable for the physiological adaptation of plants to spaceflight?,"['RNA Sequencing (RNA-Seq)', 'Photography']",,
OSD-120,Atha_Ws_root_GC_dark_Rep1_GSM2493771_Day13,Arabidopsis thaliana,ground_control,Ws,,root,petri dish,unknown,,False,,Genetic dissection of the Arabidopsis spaceflight transcriptome: Are some responses dispensable for the physiological adaptation of plants to spaceflight?,"['RNA Sequencing (RNA-Seq)', 'Photography']",,
OSD-120,Atha_Ws_root_GC_dark_Rep2_GSM2493772_Day13,Arabidopsis thaliana,ground_control,Ws,,root,petri dish,unknown,,False,,Genetic dissection of the Arabidopsis spaceflight transcriptome: Are some responses dispensable for the physiological adaptation of plants to spaceflight?,"['RNA Sequencing (RNA-Seq)', 'Photography']",,
OSD-120,Atha_Ws_root_GC_dark_Rep3_GSM2493773_Day13,Arabidopsis thaliana,ground_control,Ws,,root,petri dish,unknown,,False,,Genetic dissection of the Arabidopsis spaceflight transcriptome: Are some responses dispensable for the physiological adaptation of plants to spaceflight?,"['RNA Sequencing (RNA-Seq)', 'Photography']",,
OSD-120,Atha_Col-0-PhyD_root_GC_dark_Rep1_GSM2493774_Day13,Arabidopsis thaliana,ground_control,Col-0 phyD,,root,petri dish,unknown,,False,,Genetic dissection of the Arabidopsis spaceflight transcriptome: Are some responses dispensable for the physiological adaptation of plants to spaceflight?,"['RNA Sequencing (RNA-Seq)', 'Photography']",,
OSD-120,Atha_Col-0-PhyD_root_GC_dark_Rep2_GSM2493775_Day13,Arabidopsis thaliana,ground_control,Col-0 phyD,,root,petri dish,unknown,,False,,Genetic dissection of the Arabidopsis spaceflight transcriptome: Are some responses dispensable for the physiological adaptation of plants to spaceflight?,"['RNA Sequencing (RNA-Seq)', 'Photography']",,
OSD-120,Atha_Col-0-PhyD_root_GC_dark_Rep3_GSM2493776_Day13,Arabidopsis thaliana,ground_control,Col-0 phyD,,root,petri dish,unknown,,False,,Genetic dissection of the Arabidopsis spaceflight transcriptome: Are some responses dispensable for the physiological adaptation of plants to spaceflight?,"['RNA Sequencing (RNA-Seq)', 'Photography']",,
OSD-120,Atha_Col-0_root_FLT_Alight_Rep1_GSM2493777_Day03,Arabidopsis thaliana,flight,Col-0,,root,petri dish,unknown,,False,,Genetic dissection of the Arabidopsis spaceflight transcriptome: Are some responses dispensable for the physiological adaptation of plants to spaceflight?,"['RNA Sequencing (RNA-Seq)', 'Photography']",,
OSD-120,Atha_Col-0_root_FLT_Alight_Rep1_GSM2493777_Day06,Arabidopsis thaliana,flight,Col-0,,root,petri dish,unknown,,False,,Genetic dissection of the Arabidopsis spaceflight transcriptome: Are some responses dispensable for the physiological adaptation of plants to spaceflight?,"['RNA Sequencing (RNA-Seq)', 'Photography']",,
OSD-120,Atha_Col-0_root_FLT_Alight_Rep1_GSM2493777_Day09,Arabidopsis thaliana,flight,Col-0,,root,petri dish,unknown,,False,,Genetic dissection of the Arabidopsis spaceflight transcriptome: Are some responses dispensable for the physiological adaptation of plants to spaceflight?,"['RNA Sequencing (RNA-Seq)', 'Photography']",,
OSD-120,Atha_Col-0_root_FLT_Alight_Rep1_GSM2493777_Day13,Arabidopsis thaliana,flight,Col-0,,root,petri dish,unknown,,False,,Genetic dissection of the Arabidopsis spaceflight transcriptome: Are some responses dispensable for the physiological adaptation of plants to spaceflight?,"['RNA Sequencing (RNA-Seq)', 'Photography']",,
OSD-120,Atha_Col-0_root_FLT_Alight_Rep2_GSM2493778_Day13,Arabidopsis thaliana,flight,Col-0,,root,petri dish,unknown,,False,,Genetic dissection of the Arabidopsis spaceflight transcriptome: Are some responses dispensable for the physiological adaptation of plants to spaceflight?,"['RNA Sequencing (RNA-Seq)', 'Photography']",,
OSD-120,Atha_Col-0_root_FLT_Alight_Rep2_GSM2493778_Day03,Arabidopsis thaliana,flight,Col-0,,root,petri dish,unknown,,False,,Genetic dissection of the Arabidopsis spaceflight transcriptome: Are some responses dispensable for the physiological adaptation of plants to spaceflight?,"['RNA Sequencing (RNA-Seq)', 'Photography']",,
OSD-120,Atha_Col-0_root_FLT_Alight_Rep2_GSM2493778_Day06,Arabidopsis thaliana,flight,Col-0,,root,petri dish,unknown,,False,,Genetic dissection of the Arabidopsis spaceflight transcriptome: Are some responses dispensable for the physiological adaptation of plants to spaceflight?,"['RNA Sequencing (RNA-Seq)', 'Photography']",,
OSD-120,Atha_Col-0_root_FLT_Alight_Rep2_GSM2493778_Day09,Arabidopsis thaliana,flight,Col-0,,root,petri dish,unknown,,False,,Genetic dissection of the Arabidopsis spaceflight transcriptome: Are some responses dispensable for the physiological adaptation of plants to spaceflight?,"['RNA Sequencing (RNA-Seq)', 'Photography']",,
OSD-120,Atha_Col-0_root_FLT_Alight_Rep3_GSM2493779_Day03,Arabidopsis thaliana,flight,Col-0,,root,petri dish,unknown,,False,,Genetic dissection of the Arabidopsis spaceflight transcriptome: Are some responses dispensable for the physiological adaptation of plants to spaceflight?,"['RNA Sequencing (RNA-Seq)', 'Photography']",,
OSD-120,Atha_Col-0_root_FLT_Alight_Rep3_GSM2493779_Day06,Arabidopsis thaliana,flight,Col-0,,root,petri dish,unknown,,False,,Genetic dissection of the Arabidopsis spaceflight transcriptome: Are some responses dispensable for the physiological adaptation of plants to spaceflight?,"['RNA Sequencing (RNA-Seq)', 'Photography']",,
OSD-120,Atha_Col-0_root_FLT_Alight_Rep3_GSM2493779_Day09,Arabidopsis thaliana,flight,Col-0,,root,petri dish,unknown,,False,,Genetic dissection of the Arabidopsis spaceflight transcriptome: Are some responses dispensable for the physiological adaptation of plants to spaceflight?,"['RNA Sequencing (RNA-Seq)', 'Photography']",,
OSD-120,Atha_Col-0_root_FLT_Alight_Rep3_GSM2493779_Day13,Arabidopsis thaliana,flight,Col-0,,root,petri dish,unknown,,False,,Genetic dissection of the Arabidopsis spaceflight transcriptome: Are some responses dispensable for the physiological adaptation of plants to spaceflight?,"['RNA Sequencing (RNA-Seq)', 'Photography']",,
OSD-120,Atha_Ws_root_FLT_Alight_Rep1_GSM2493780_Day13,Arabidopsis thaliana,flight,Ws,,root,petri dish,unknown,,False,,Genetic dissection of the Arabidopsis spaceflight transcriptome: Are some responses dispensable for the physiological adaptation of plants to spaceflight?,"['RNA Sequencing (RNA-Seq)', 'Photography']",,
OSD-120,Atha_Ws_root_FLT_Alight_Rep1_GSM2493780_Day03,Arabidopsis thaliana,flight,Ws,,root,petri dish,unknown,,False,,Genetic dissection of the Arabidopsis spaceflight transcriptome: Are some responses dispensable for the physiological adaptation of plants to spaceflight?,"['RNA Sequencing (RNA-Seq)', 'Photography']",,
OSD-120,Atha_Ws_root_FLT_Alight_Rep1_GSM2493780_Day06,Arabidopsis thaliana,flight,Ws,,root,petri dish,unknown,,False,,Genetic dissection of the Arabidopsis spaceflight transcriptome: Are some responses dispensable for the physiological adaptation of plants to spaceflight?,"['RNA Sequencing (RNA-Seq)', 'Photography']",,
OSD-120,Atha_Ws_root_FLT_Alight_Rep1_GSM2493780_Day09,Arabidopsis thaliana,flight,Ws,,root,petri dish,unknown,,False,,Genetic dissection of the Arabidopsis spaceflight transcriptome: Are some responses dispensable for the physiological adaptation of plants to spaceflight?,"['RNA Sequencing (RNA-Seq)', 'Photography']",,
OSD-120,Atha_Ws_root_FLT_Alight_Rep2_GSM2493781_Day03,Arabidopsis thaliana,flight,Ws,,root,petri dish,unknown,,False,,Genetic dissection of the Arabidopsis spaceflight transcriptome: Are some responses dispensable for the physiological adaptation of plants to spaceflight?,"['RNA Sequencing (RNA-Seq)', 'Photography']",,
OSD-120,Atha_Ws_root_FLT_Alight_Rep2_GSM2493781_Day06,Arabidopsis thaliana,flight,Ws,,root,petri dish,unknown,,False,,Genetic dissection of the Arabidopsis spaceflight transcriptome: Are some responses dispensable for the physiological adaptation of plants to spaceflight?,"['RNA Sequencing (RNA-Seq)', 'Photography']",,
OSD-120,Atha_Ws_root_FLT_Alight_Rep2_GSM2493781_Day09,Arabidopsis thaliana,flight,Ws,,root,petri dish,unknown,,False,,Genetic dissection of the Arabidopsis spaceflight transcriptome: Are some responses dispensable for the physiological adaptation of plants to spaceflight?,"['RNA Sequencing (RNA-Seq)', 'Photography']",,
OSD-120,Atha_Ws_root_FLT_Alight_Rep2_GSM2493781_Day13,Arabidopsis thaliana,flight,Ws,,root,petri dish,unknown,,False,,Genetic dissection of the Arabidopsis spaceflight transcriptome: Are some responses dispensable for the physiological adaptation of plants to spaceflight?,"['RNA Sequencing (RNA-Seq)', 'Photography']",,
OSD-120,Atha_Ws_root_FLT_Alight_Rep3_GSM2493782_Day03,Arabidopsis thaliana,flight,Ws,,root,petri dish,unknown,,False,,Genetic dissection of the Arabidopsis spaceflight transcriptome: Are some responses dispensable for the physiological adaptation of plants to spaceflight?,"['RNA Sequencing (RNA-Seq)', 'Photography']",,
OSD-120,Atha_Ws_root_FLT_Alight_Rep3_GSM2493782_Day06,Arabidopsis thaliana,flight,Ws,,root,petri dish,unknown,,False,,Genetic dissection of the Arabidopsis spaceflight transcriptome: Are some responses dispensable for the physiological adaptation of plants to spaceflight?,"['RNA Sequencing (RNA-Seq)', 'Photography']",,
OSD-120,Atha_Ws_root_FLT_Alight_Rep3_GSM2493782_Day09,Arabidopsis thaliana,flight,Ws,,root,petri dish,unknown,,False,,Genetic dissection of the Arabidopsis spaceflight transcriptome: Are some responses dispensable for the physiological adaptation of plants to spaceflight?,"['RNA Sequencing (RNA-Seq)', 'Photography']",,
OSD-120,Atha_Ws_root_FLT_Alight_Rep3_GSM2493782_Day13,Arabidopsis thaliana,flight,Ws,,root,petri dish,unknown,,False,,Genetic dissection of the Arabidopsis spaceflight transcriptome: Are some responses dispensable for the physiological adaptation of plants to spaceflight?,"['RNA Sequencing (RNA-Seq)', 'Photography']",,
OSD-120,Atha_Col-0-PhyD_root_FLT_Alight_Rep1_GSM2493783_Day06,Arabidopsis thaliana,flight,Col-0 phyD,,root,petri dish,unknown,,False,,Genetic dissection of the Arabidopsis spaceflight transcriptome: Are some responses dispensable for the physiological adaptation of plants to spaceflight?,"['RNA Sequencing (RNA-Seq)', 'Photography']",,
OSD-120,Atha_Col-0-PhyD_root_FLT_Alight_Rep1_GSM2493783_Day09,Arabidopsis thaliana,flight,Col-0 phyD,,root,petri dish,unknown,,False,,Genetic dissection of the Arabidopsis spaceflight transcriptome: Are some responses dispensable for the physiological adaptation of plants to spaceflight?,"['RNA Sequencing (RNA-Seq)', 'Photography']",,
OSD-120,Atha_Col-0-PhyD_root_FLT_Alight_Rep1_GSM2493783_Day13,Arabidopsis thaliana,flight,Col-0 phyD,,root,petri dish,unknown,,False,,Genetic dissection of the Arabidopsis spaceflight transcriptome: Are some responses dispensable for the physiological adaptation of plants to spaceflight?,"['RNA Sequencing (RNA-Seq)', 'Photography']",,
OSD-120,Atha_Col-0-PhyD_root_FLT_Alight_Rep1_GSM2493783_Day03,Arabidopsis thaliana,flight,Col-0 phyD,,root,petri dish,unknown,,False,,Genetic dissection of the Arabidopsis spaceflight transcriptome: Are some responses dispensable for the physiological adaptation of plants to spaceflight?,"['RNA Sequencing (RNA-Seq)', 'Photography']",,
OSD-120,Atha_Col-0-PhyD_root_FLT_Alight_Rep2_GSM2493784_Day13,Arabidopsis thaliana,flight,Col-0 phyD,,root,petri dish,unknown,,False,,Genetic dissection of the Arabidopsis spaceflight transcriptome: Are some responses dispensable for the physiological adaptation of plants to spaceflight?,"['RNA Sequencing (RNA-Seq)', 'Photography']",,
OSD-120,Atha_Col-0-PhyD_root_FLT_Alight_Rep2_GSM2493784_Day03,Arabidopsis thaliana,flight,Col-0 phyD,,root,petri dish,unknown,,False,,Genetic dissection of the Arabidopsis spaceflight transcriptome: Are some responses dispensable for the physiological adaptation of plants to spaceflight?,"['RNA Sequencing (RNA-Seq)', 'Photography']",,
OSD-120,Atha_Col-0-PhyD_root_FLT_Alight_Rep2_GSM2493784_Day06,Arabidopsis thaliana,flight,Col-0 phyD,,root,petri dish,unknown,,False,,Genetic dissection of the Arabidopsis spaceflight transcriptome: Are some responses dispensable for the physiological adaptation of plants to spaceflight?,"['RNA Sequencing (RNA-Seq)', 'Photography']",,
OSD-120,Atha_Col-0-PhyD_root_FLT_Alight_Rep2_GSM2493784_Day09,Arabidopsis thaliana,flight,Col-0 phyD,,root,petri dish,unknown,,False,,Genetic dissection of the Arabidopsis spaceflight transcriptome: Are some responses dispensable for the physiological adaptation of plants to spaceflight?,"['RNA Sequencing (RNA-Seq)', 'Photography']",,
OSD-120,Atha_Col-0-PhyD_root_FLT_Alight_Rep3_GSM2493785_Day03,Arabidopsis thaliana,flight,Col-0 phyD,,root,petri dish,unknown,,False,,Genetic dissection of the Arabidopsis spaceflight transcriptome: Are some responses dispensable for the physiological adaptation of plants to spaceflight?,"['RNA Sequencing (RNA-Seq)', 'Photography']",,
OSD-120,Atha_Col-0-PhyD_root_FLT_Alight_Rep3_GSM2493785_Day06,Arabidopsis thaliana,flight,Col-0 phyD,,root,petri dish,unknown,,False,,Genetic dissection of the Arabidopsis spaceflight transcriptome: Are some responses dispensable for the physiological adaptation of plants to spaceflight?,"['RNA Sequencing (RNA-Seq)', 'Photography']",,
OSD-120,Atha_Col-0-PhyD_root_FLT_Alight_Rep3_GSM2493785_Day13,Arabidopsis thaliana,flight,Col-0 phyD,,root,petri dish,unknown,,False,,Genetic dissection of the Arabidopsis spaceflight transcriptome: Are some responses dispensable for the physiological adaptation of plants to spaceflight?,"['RNA Sequencing (RNA-Seq)', 'Photography']",,
OSD-120,Atha_Col-0_root_FLT_dark_Rep1_GSM2493786_Day13,Arabidopsis thaliana,flight,Col-0,,root,petri dish,unknown,,False,,Genetic dissection of the Arabidopsis spaceflight transcriptome: Are some responses dispensable for the physiological adaptation of plants to spaceflight?,"['RNA Sequencing (RNA-Seq)', 'Photography']",,
OSD-120,Atha_Col-0_root_FLT_dark_Rep2_GSM2493787_Day13,Arabidopsis thaliana,flight,Col-0,,root,petri dish,unknown,,False,,Genetic dissection of the Arabidopsis spaceflight transcriptome: Are some responses dispensable for the physiological adaptation of plants to spaceflight?,"['RNA Sequencing (RNA-Seq)', 'Photography']",,
OSD-120,Atha_Col-0_root_FLT_dark_Rep3_GSM2493788_Day13,Arabidopsis thaliana,flight,Col-0,,root,petri dish,unknown,,False,,Genetic dissection of the Arabidopsis spaceflight transcriptome: Are some responses dispensable for the physiological adaptation of plants to spaceflight?,"['RNA Sequencing (RNA-Seq)', 'Photography']",,
OSD-120,Atha_Ws_root_FLT_dark_Rep1_GSM2493789_Day13,Arabidopsis thaliana,flight,Ws,,root,petri dish,unknown,,False,,Genetic dissection of the Arabidopsis spaceflight transcriptome: Are some responses dispensable for the physiological adaptation of plants to spaceflight?,"['RNA Sequencing (RNA-Seq)', 'Photography']",,
OSD-120,Atha_Ws_root_FLT_dark_Rep2_GSM2493790_Day13,Arabidopsis thaliana,flight,Ws,,root,petri dish,unknown,,False,,Genetic dissection of the Arabidopsis spaceflight transcriptome: Are some responses dispensable for the physiological adaptation of plants to spaceflight?,"['RNA Sequencing (RNA-Seq)', 'Photography']",,
OSD-120,Atha_Ws_root_FLT_dark_Rep3_GSM2493791_Day13,Arabidopsis thaliana,flight,Ws,,root,petri dish,unknown,,False,,Genetic dissection of the Arabidopsis spaceflight transcriptome: Are some responses dispensable for the physiological adaptation of plants to spaceflight?,"['RNA Sequencing (RNA-Seq)', 'Photography']",,
OSD-120,Atha_Col-0-PhyD_root_FLT_dark_Rep1_GSM2493792_Day13,Arabidopsis thaliana,flight,Col-0 phyD,,root,petri dish,unknown,,False,,Genetic dissection of the Arabidopsis spaceflight transcriptome: Are some responses dispensable for the physiological adaptation of plants to spaceflight?,"['RNA Sequencing (RNA-Seq)', 'Photography']",,
OSD-120,Atha_Col-0-PhyD_root_FLT_dark_Rep2_GSM2493793_Day13,Arabidopsis thaliana,flight,Col-0 phyD,,root,petri dish,unknown,,False,,Genetic dissection of the Arabidopsis spaceflight transcriptome: Are some responses dispensable for the physiological adaptation of plants to spaceflight?,"['RNA Sequencing (RNA-Seq)', 'Photography']",,
OSD-120,Atha_Col-0-PhyD_root_FLT_dark_Rep3_GSM2493794_Day13,Arabidopsis thaliana,flight,Col-0 phyD,,root,petri dish,unknown,,False,,Genetic dissection of the Arabidopsis spaceflight transcriptome: Are some responses dispensable for the physiological adaptation of plants to spaceflight?,"['RNA Sequencing (RNA-Seq)', 'Photography']",,
OSD-120,Atha_Col-0_root_GC_Alight_Rep3_GSM2493761_Day13,Arabidopsis thaliana,ground_control,Col-0,,root,petri dish,unknown,,False,,Genetic dissection of the Arabidopsis spaceflight transcriptome: Are some responses dispensable for the physiological adaptation of plants to spaceflight?,"['RNA Sequencing (RNA-Seq)', 'Photography']",,
OSD-121,Atha_Ler-0_sShoots_FLT_Rep1,Arabidopsis thaliana,flight,Landsberg ecotype,,shoot,BRIC-PDFU,dark,,False,,"Biological Research in Canisters-16 (BRIC-16): Transcriptomics, Glycomics, and Morphometric photography.","['DNA microarray', 'Image analysis', 'ELISA']",BRIC-PDFU (Petri Dish Fixation Unit),
OSD-121,Atha_Ler-0_sShoots_FLT_Rep2,Arabidopsis thaliana,flight,Landsberg ecotype,,shoot,BRIC-PDFU,dark,,False,,"Biological Research in Canisters-16 (BRIC-16): Transcriptomics, Glycomics, and Morphometric photography.","['DNA microarray', 'Image analysis', 'ELISA']",BRIC-PDFU (Petri Dish Fixation Unit),
OSD-121,Atha_Ler-0_sShoots_FLT_Rep3,Arabidopsis thaliana,flight,Landsberg ecotype,,shoot,BRIC-PDFU,dark,,False,,"Biological Research in Canisters-16 (BRIC-16): Transcriptomics, Glycomics, and Morphometric photography.","['DNA microarray', 'Image analysis', 'ELISA']",BRIC-PDFU (Petri Dish Fixation Unit),
OSD-121,Atha_Ler-0_sShoots_GC_Rep1,Arabidopsis thaliana,ground_control,Landsberg ecotype,,shoot,Orbital Environmental Simulator (OES),dark,,False,,"Biological Research in Canisters-16 (BRIC-16): Transcriptomics, Glycomics, and Morphometric photography.","['DNA microarray', 'Image analysis', 'ELISA']",BRIC-PDFU (Petri Dish Fixation Unit),
OSD-121,Atha_Ler-0_sShoots_GC_Rep2,Arabidopsis thaliana,ground_control,Landsberg ecotype,,shoot,Orbital Environmental Simulator (OES),dark,,False,,"Biological Research in Canisters-16 (BRIC-16): Transcriptomics, Glycomics, and Morphometric photography.","['DNA microarray', 'Image analysis', 'ELISA']",BRIC-PDFU (Petri Dish Fixation Unit),
OSD-121,Atha_Ler-0_sShoots_GC_Rep3,Arabidopsis thaliana,ground_control,Landsberg ecotype,,shoot,Orbital Environmental Simulator (OES),dark,,False,,"Biological Research in Canisters-16 (BRIC-16): Transcriptomics, Glycomics, and Morphometric photography.","['DNA microarray', 'Image analysis', 'ELISA']",BRIC-PDFU (Petri Dish Fixation Unit),
OSD-136,Atha_Ws-0_root_97kPa_CTRL_Rep1,Arabidopsis thaliana,,Ws,,root,,continuous_light,5.0,False,,Dissecting Low Atmospheric Pressure Stress: Transcriptome Responses to the Components of Hypobaria in Arabidopsis [Experiment 2],DNA microarray,,
OSD-136,Atha_Ws-0_root_97kPa_CTRL_Rep2,Arabidopsis thaliana,,Ws,,root,,continuous_light,5.0,False,,Dissecting Low Atmospheric Pressure Stress: Transcriptome Responses to the Components of Hypobaria in Arabidopsis [Experiment 2],DNA microarray,,
OSD-136,Atha_Ws-0_root_97kPa_CTRL_Rep3,Arabidopsis thaliana,,Ws,,root,,continuous_light,5.0,False,,Dissecting Low Atmospheric Pressure Stress: Transcriptome Responses to the Components of Hypobaria in Arabidopsis [Experiment 2],DNA microarray,,
OSD-136,Atha_Ws-0_root_50kPa_notsuppO2_Rep1,Arabidopsis thaliana,,Ws,,root,,continuous_light,5.0,False,,Dissecting Low Atmospheric Pressure Stress: Transcriptome Responses to the Components of Hypobaria in Arabidopsis [Experiment 2],DNA microarray,,
OSD-136,Atha_Ws-0_root_50kPa_notsuppO2_Rep2,Arabidopsis thaliana,,Ws,,root,,continuous_light,5.0,False,,Dissecting Low Atmospheric Pressure Stress: Transcriptome Responses to the Components of Hypobaria in Arabidopsis [Experiment 2],DNA microarray,,
OSD-136,Atha_Ws-0_root_50kPa_notsuppO2_Rep3,Arabidopsis thaliana,,Ws,,root,,continuous_light,5.0,False,,Dissecting Low Atmospheric Pressure Stress: Transcriptome Responses to the Components of Hypobaria in Arabidopsis [Experiment 2],DNA microarray,,
OSD-136,Atha_Ws-0_root_50kPa_suppO2_Rep1,Arabidopsis thaliana,,Ws,,root,,continuous_light,5.0,False,,Dissecting Low Atmospheric Pressure Stress: Transcriptome Responses to the Components of Hypobaria in Arabidopsis [Experiment 2],DNA microarray,,
OSD-136,Atha_Ws-0_root_50kPa_suppO2_Rep2,Arabidopsis thaliana,,Ws,,root,,continuous_light,5.0,False,,Dissecting Low Atmospheric Pressure Stress: Transcriptome Responses to the Components of Hypobaria in Arabidopsis [Experiment 2],DNA microarray,,
OSD-136,Atha_Ws-0_root_50kPa_suppO2_Rep3,Arabidopsis thaliana,,Ws,,root,,continuous_light,5.0,False,,Dissecting Low Atmospheric Pressure Stress: Transcriptome Responses to the Components of Hypobaria in Arabidopsis [Experiment 2],DNA microarray,,
OSD-147,Atha_Col-0_HypocotylCC_ARG1-KO_FLT_Rep1,Arabidopsis thaliana,flight,Col-0,ARG1 KO,hypocotyl,BRIC,continuous_light,14.0,False,,Arg1 functions in the physiological adaptation of undifferentiated plant cells to spaceflight,DNA microarray,Biological Research in Canisters-Petri Dish Fixation Unit (BRIC-PDFU),
OSD-147,Atha_Col-0_HypocotylCC_ARG1-KO_FLT_Rep2,Arabidopsis thaliana,flight,Col-0,ARG1 KO,hypocotyl,BRIC,continuous_light,14.0,False,,Arg1 functions in the physiological adaptation of undifferentiated plant cells to spaceflight,DNA microarray,Biological Research in Canisters-Petri Dish Fixation Unit (BRIC-PDFU),
OSD-147,Atha_Col-0_HypocotylCC_ARG1-KO_FLT_Rep3,Arabidopsis thaliana,flight,Col-0,ARG1 KO,hypocotyl,BRIC,continuous_light,14.0,False,,Arg1 functions in the physiological adaptation of undifferentiated plant cells to spaceflight,DNA microarray,Biological Research in Canisters-Petri Dish Fixation Unit (BRIC-PDFU),
OSD-147,Atha_Col-0_HypocotylCC_ARG1-KO_FLT_Rep4,Arabidopsis thaliana,flight,Col-0,ARG1 KO,hypocotyl,BRIC,continuous_light,14.0,False,,Arg1 functions in the physiological adaptation of undifferentiated plant cells to spaceflight,DNA microarray,Biological Research in Canisters-Petri Dish Fixation Unit (BRIC-PDFU),
OSD-147,Atha_Col-0_HypocotylCC_ARG1-KO_GC_Rep1,Arabidopsis thaliana,ground_control,Col-0,ARG1 KO,hypocotyl,BRIC,continuous_light,14.0,False,,Arg1 functions in the physiological adaptation of undifferentiated plant cells to spaceflight,DNA microarray,Biological Research in Canisters-Petri Dish Fixation Unit (BRIC-PDFU),
OSD-147,Atha_Col-0_HypocotylCC_ARG1-KO_GC_Rep2,Arabidopsis thaliana,ground_control,Col-0,ARG1 KO,hypocotyl,BRIC,continuous_light,14.0,False,,Arg1 functions in the physiological adaptation of undifferentiated plant cells to spaceflight,DNA microarray,Biological Research in Canisters-Petri Dish Fixation Unit (BRIC-PDFU),
OSD-147,Atha_Col-0_HypocotylCC_ARG1-KO_GC_Rep3,Arabidopsis thaliana,ground_control,Col-0,ARG1 KO,hypocotyl,BRIC,continuous_light,14.0,False,,Arg1 functions in the physiological adaptation of undifferentiated plant cells to spaceflight,DNA microarray,Biological Research in Canisters-Petri Dish Fixation Unit (BRIC-PDFU),
OSD-147,Atha_Col-0_HypocotylCC_ARG1-KO_GC_Rep4,Arabidopsis thaliana,ground_control,Col-0,ARG1 KO,hypocotyl,BRIC,continuous_light,14.0,False,,Arg1 functions in the physiological adaptation of undifferentiated plant cells to spaceflight,DNA microarray,Biological Research in Canisters-Petri Dish Fixation Unit (BRIC-PDFU),
OSD-147,Atha_Col-0_HypocotylCC_WT_FLT_Rep1,Arabidopsis thaliana,flight,Col-0,Wild Type,hypocotyl,BRIC,continuous_light,14.0,False,,Arg1 functions in the physiological adaptation of undifferentiated plant cells to spaceflight,DNA microarray,Biological Research in Canisters-Petri Dish Fixation Unit (BRIC-PDFU),
OSD-147,Atha_Col-0_HypocotylCC_WT_FLT_Rep2,Arabidopsis thaliana,flight,Col-0,Wild Type,hypocotyl,BRIC,continuous_light,14.0,False,,Arg1 functions in the physiological adaptation of undifferentiated plant cells to spaceflight,DNA microarray,Biological Research in Canisters-Petri Dish Fixation Unit (BRIC-PDFU),
OSD-147,Atha_Col-0_HypocotylCC_WT_FLT_Rep3,Arabidopsis thaliana,flight,Col-0,Wild Type,hypocotyl,BRIC,continuous_light,14.0,False,,Arg1 functions in the physiological adaptation of undifferentiated plant cells to spaceflight,DNA microarray,Biological Research in Canisters-Petri Dish Fixation Unit (BRIC-PDFU),
OSD-147,Atha_Col-0_HypocotylCC_WT_FLT_Rep4,Arabidopsis thaliana,flight,Col-0,Wild Type,hypocotyl,BRIC,continuous_light,14.0,False,,Arg1 functions in the physiological adaptation of undifferentiated plant cells to spaceflight,DNA microarray,Biological Research in Canisters-Petri Dish Fixation Unit (BRIC-PDFU),
OSD-147,Atha_Col-0_HypocotylCC_WT_FLT_Rep5,Arabidopsis thaliana,flight,Col-0,Wild Type,hypocotyl,BRIC,continuous_light,14.0,False,,Arg1 functions in the physiological adaptation of undifferentiated plant cells to spaceflight,DNA microarray,Biological Research in Canisters-Petri Dish Fixation Unit (BRIC-PDFU),
OSD-147,Atha_Col-0_HypocotylCC_WT_GC_Rep1,Arabidopsis thaliana,ground_control,Col-0,Wild Type,hypocotyl,BRIC,continuous_light,14.0,False,,Arg1 functions in the physiological adaptation of undifferentiated plant cells to spaceflight,DNA microarray,Biological Research in Canisters-Petri Dish Fixation Unit (BRIC-PDFU),
OSD-147,Atha_Col-0_HypocotylCC_WT_GC_Rep2,Arabidopsis thaliana,ground_control,Col-0,Wild Type,hypocotyl,BRIC,continuous_light,14.0,False,,Arg1 functions in the physiological adaptation of undifferentiated plant cells to spaceflight,DNA microarray,Biological Research in Canisters-Petri Dish Fixation Unit (BRIC-PDFU),
OSD-147,Atha_Col-0_HypocotylCC_WT_GC_Rep3,Arabidopsis thaliana,ground_control,Col-0,Wild Type,hypocotyl,BRIC,continuous_light,14.0,False,,Arg1 functions in the physiological adaptation of undifferentiated plant cells to spaceflight,DNA microarray,Biological Research in Canisters-Petri Dish Fixation Unit (BRIC-PDFU),
OSD-147,Atha_Col-0_HypocotylCC_WT_GC_Rep4,Arabidopsis thaliana,ground_control,Col-0,Wild Type,hypocotyl,BRIC,continuous_light,14.0,False,,Arg1 functions in the physiological adaptation of undifferentiated plant cells to spaceflight,DNA microarray,Biological Research in Canisters-Petri Dish Fixation Unit (BRIC-PDFU),
OSD-147,Atha_Col-0_HypocotylCC_WT_GC_Rep5,Arabidopsis thaliana,ground_control,Col-0,Wild Type,hypocotyl,BRIC,continuous_light,14.0,False,,Arg1 functions in the physiological adaptation of undifferentiated plant cells to spaceflight,DNA microarray,Biological Research in Canisters-Petri Dish Fixation Unit (BRIC-PDFU),
OSD-193,GSM2516735,Arabidopsis thaliana,ground_control,Col-0,Col-0,root,Vegetable Production System (Veggie),unknown,,False,,"During development, the Sku6 mutant roots engage different genes than wild type Col-0 roots, either on the ground or in spaceflight",RNA Sequencing (RNA-Seq),Vegetable Production System (Veggie) Vegetable Production System (VPS),
OSD-193,GSM2516736,Arabidopsis thaliana,ground_control,Col-0,Col-0,root,Vegetable Production System (Veggie),unknown,,False,,"During development, the Sku6 mutant roots engage different genes than wild type Col-0 roots, either on the ground or in spaceflight",RNA Sequencing (RNA-Seq),Vegetable Production System (Veggie) Vegetable Production System (VPS),
OSD-193,GSM2516737,Arabidopsis thaliana,ground_control,Col-0,Col-0,root,Vegetable Production System (Veggie),unknown,,False,,"During development, the Sku6 mutant roots engage different genes than wild type Col-0 roots, either on the ground or in spaceflight",RNA Sequencing (RNA-Seq),Vegetable Production System (Veggie) Vegetable Production System (VPS),
OSD-193,GSM2516738,Arabidopsis thaliana,ground_control,Col-0,Col-0,root,Vegetable Production System (Veggie),unknown,,False,,"During development, the Sku6 mutant roots engage different genes than wild type Col-0 roots, either on the ground or in spaceflight",RNA Sequencing (RNA-Seq),Vegetable Production System (Veggie) Vegetable Production System (VPS),
OSD-193,GSM2516739,Arabidopsis thaliana,flight,Col-0,Col-0,root,Vegetable Production System (Veggie),unknown,,False,,"During development, the Sku6 mutant roots engage different genes than wild type Col-0 roots, either on the ground or in spaceflight",RNA Sequencing (RNA-Seq),Vegetable Production System (Veggie) Vegetable Production System (VPS),
OSD-193,GSM2516740,Arabidopsis thaliana,flight,Col-0,Col-0,root,Vegetable Production System (Veggie),unknown,,False,,"During development, the Sku6 mutant roots engage different genes than wild type Col-0 roots, either on the ground or in spaceflight",RNA Sequencing (RNA-Seq),Vegetable Production System (Veggie) Vegetable Production System (VPS),
OSD-193,GSM2516741,Arabidopsis thaliana,flight,Col-0,Col-0,root,Vegetable Production System (Veggie),unknown,,False,,"During development, the Sku6 mutant roots engage different genes than wild type Col-0 roots, either on the ground or in spaceflight",RNA Sequencing (RNA-Seq),Vegetable Production System (Veggie) Vegetable Production System (VPS),
OSD-193,GSM2516742,Arabidopsis thaliana,flight,Col-0,Col-0,root,Vegetable Production System (Veggie),unknown,,False,,"During development, the Sku6 mutant roots engage different genes than wild type Col-0 roots, either on the ground or in spaceflight",RNA Sequencing (RNA-Seq),Vegetable Production System (Veggie) Vegetable Production System (VPS),
OSD-193,GSM2516743,Arabidopsis thaliana,ground_control,Sku6,Sku6,root,Vegetable Production System (Veggie),unknown,,False,,"During development, the Sku6 mutant roots engage different genes than wild type Col-0 roots, either on the ground or in spaceflight",RNA Sequencing (RNA-Seq),Vegetable Production System (Veggie) Vegetable Production System (VPS),
OSD-193,GSM2516744,Arabidopsis thaliana,ground_control,Sku6,Sku6,root,Vegetable Production System (Veggie),unknown,,False,,"During development, the Sku6 mutant roots engage different genes than wild type Col-0 roots, either on the ground or in spaceflight",RNA Sequencing (RNA-Seq),Vegetable Production System (Veggie) Vegetable Production System (VPS),
OSD-193,GSM2516745,Arabidopsis thaliana,ground_control,Sku6,Sku6,root,Vegetable Production System (Veggie),unknown,,False,,"During development, the Sku6 mutant roots engage different genes than wild type Col-0 roots, either on the ground or in spaceflight",RNA Sequencing (RNA-Seq),Vegetable Production System (Veggie) Vegetable Production System (VPS),
OSD-193,GSM2516746,Arabidopsis thaliana,ground_control,Sku6,Sku6,root,Vegetable Production System (Veggie),unknown,,False,,"During development, the Sku6 mutant roots engage different genes than wild type Col-0 roots, either on the ground or in spaceflight",RNA Sequencing (RNA-Seq),Vegetable Production System (Veggie) Vegetable Production System (VPS),
OSD-193,GSM2516747,Arabidopsis thaliana,flight,Sku6,Sku6,root,Vegetable Production System (Veggie),unknown,,False,,"During development, the Sku6 mutant roots engage different genes than wild type Col-0 roots, either on the ground or in spaceflight",RNA Sequencing (RNA-Seq),Vegetable Production System (Veggie) Vegetable Production System (VPS),
OSD-193,GSM2516748,Arabidopsis thaliana,flight,Sku6,Sku6,root,Vegetable Production System (Veggie),unknown,,False,,"During development, the Sku6 mutant roots engage different genes than wild type Col-0 roots, either on the ground or in spaceflight",RNA Sequencing (RNA-Seq),Vegetable Production System (Veggie) Vegetable Production System (VPS),
OSD-193,GSM2516749,Arabidopsis thaliana,flight,Sku6,Sku6,root,Vegetable Production System (Veggie),unknown,,False,,"During development, the Sku6 mutant roots engage different genes than wild type Col-0 roots, either on the ground or in spaceflight",RNA Sequencing (RNA-Seq),Vegetable Production System (Veggie) Vegetable Production System (VPS),
OSD-193,GSM2516750,Arabidopsis thaliana,flight,Sku6,Sku6,root,Vegetable Production System (Veggie),unknown,,False,,"During development, the Sku6 mutant roots engage different genes than wild type Col-0 roots, either on the ground or in spaceflight",RNA Sequencing (RNA-Seq),Vegetable Production System (Veggie) Vegetable Production System (VPS),
OSD-193,GSM2516751,Arabidopsis thaliana,ground_control,Col-0,Col-0,root,Vegetable Production System (Veggie),unknown,,False,,"During development, the Sku6 mutant roots engage different genes than wild type Col-0 roots, either on the ground or in spaceflight",RNA Sequencing (RNA-Seq),Vegetable Production System (Veggie) Vegetable Production System (VPS),
OSD-193,GSM2516752,Arabidopsis thaliana,ground_control,Col-0,Col-0,root,Vegetable Production System (Veggie),unknown,,False,,"During development, the Sku6 mutant roots engage different genes than wild type Col-0 roots, either on the ground or in spaceflight",RNA Sequencing (RNA-Seq),Vegetable Production System (Veggie) Vegetable Production System (VPS),
OSD-193,GSM2516753,Arabidopsis thaliana,ground_control,Col-0,Col-0,root,Vegetable Production System (Veggie),unknown,,False,,"During development, the Sku6 mutant roots engage different genes than wild type Col-0 roots, either on the ground or in spaceflight",RNA Sequencing (RNA-Seq),Vegetable Production System (Veggie) Vegetable Production System (VPS),
OSD-193,GSM2516754,Arabidopsis thaliana,ground_control,Col-0,Col-0,root,Vegetable Production System (Veggie),unknown,,False,,"During development, the Sku6 mutant roots engage different genes than wild type Col-0 roots, either on the ground or in spaceflight",RNA Sequencing (RNA-Seq),Vegetable Production System (Veggie) Vegetable Production System (VPS),
OSD-193,GSM2516755,Arabidopsis thaliana,flight,Col-0,Col-0,root,Vegetable Production System (Veggie),unknown,,False,,"During development, the Sku6 mutant roots engage different genes than wild type Col-0 roots, either on the ground or in spaceflight",RNA Sequencing (RNA-Seq),Vegetable Production System (Veggie) Vegetable Production System (VPS),
OSD-193,GSM2516756,Arabidopsis thaliana,flight,Col-0,Col-0,root,Vegetable Production System (Veggie),unknown,,False,,"During development, the Sku6 mutant roots engage different genes than wild type Col-0 roots, either on the ground or in spaceflight",RNA Sequencing (RNA-Seq),Vegetable Production System (Veggie) Vegetable Production System (VPS),
OSD-193,GSM2516757,Arabidopsis thaliana,flight,Col-0,Col-0,root,Vegetable Production System (Veggie),unknown,,False,,"During development, the Sku6 mutant roots engage different genes than wild type Col-0 roots, either on the ground or in spaceflight",RNA Sequencing (RNA-Seq),Vegetable Production System (Veggie) Vegetable Production System (VPS),
OSD-193,GSM2516758,Arabidopsis thaliana,flight,Col-0,Col-0,root,Vegetable Production System (Veggie),unknown,,False,,"During development, the Sku6 mutant roots engage different genes than wild type Col-0 roots, either on the ground or in spaceflight",RNA Sequencing (RNA-Seq),Vegetable Production System (Veggie) Vegetable Production System (VPS),
OSD-193,GSM2516759,Arabidopsis thaliana,ground_control,Sku6,Sku6,root,Vegetable Production System (Veggie),unknown,,False,,"During development, the Sku6 mutant roots engage different genes than wild type Col-0 roots, either on the ground or in spaceflight",RNA Sequencing (RNA-Seq),Vegetable Production System (Veggie) Vegetable Production System (VPS),
OSD-193,GSM2516760,Arabidopsis thaliana,ground_control,Sku6,Sku6,root,Vegetable Production System (Veggie),unknown,,False,,"During development, the Sku6 mutant roots engage different genes than wild type Col-0 roots, either on the ground or in spaceflight",RNA Sequencing (RNA-Seq),Vegetable Production System (Veggie) Vegetable Production System (VPS),
OSD-193,GSM2516761,Arabidopsis thaliana,ground_control,Sku6,Sku6,root,Vegetable Production System (Veggie),unknown,,False,,"During development, the Sku6 mutant roots engage different genes than wild type Col-0 roots, either on the ground or in spaceflight",RNA Sequencing (RNA-Seq),Vegetable Production System (Veggie) Vegetable Production System (VPS),
OSD-193,GSM2516762,Arabidopsis thaliana,ground_control,Sku6,Sku6,root,Vegetable Production System (Veggie),unknown,,False,,"During development, the Sku6 mutant roots engage different genes than wild type Col-0 roots, either on the ground or in spaceflight",RNA Sequencing (RNA-Seq),Vegetable Production System (Veggie) Vegetable Production System (VPS),
OSD-193,GSM2516763,Arabidopsis thaliana,flight,Sku6,Sku6,root,Vegetable Production System (Veggie),unknown,,False,,"During development, the Sku6 mutant roots engage different genes than wild type Col-0 roots, either on the ground or in spaceflight",RNA Sequencing (RNA-Seq),Vegetable Production System (Veggie) Vegetable Production System (VPS),
OSD-193,GSM2516764,Arabidopsis thaliana,flight,Sku6,Sku6,root,Vegetable Production System (Veggie),unknown,,False,,"During development, the Sku6 mutant roots engage different genes than wild type Col-0 roots, either on the ground or in spaceflight",RNA Sequencing (RNA-Seq),Vegetable Production System (Veggie) Vegetable Production System (VPS),
OSD-193,GSM2516765,Arabidopsis thaliana,flight,Sku6,Sku6,root,Vegetable Production System (Veggie),unknown,,False,,"During development, the Sku6 mutant roots engage different genes than wild type Col-0 roots, either on the ground or in spaceflight",RNA Sequencing (RNA-Seq),Vegetable Production System (Veggie) Vegetable Production System (VPS),
OSD-193,GSM2516766,Arabidopsis thaliana,flight,Sku6,Sku6,root,Vegetable Production System (Veggie),unknown,,False,,"During development, the Sku6 mutant roots engage different genes than wild type Col-0 roots, either on the ground or in spaceflight",RNA Sequencing (RNA-Seq),Vegetable Production System (Veggie) Vegetable Production System (VPS),
OSD-205,Atha_Col-0_HypocotylCC_WT_FLT_Rep1,Arabidopsis thaliana,flight,Col-0,Wild Type,hypocotyl,BRIC-LED (Biological Research In a Canister - Light Emitting Diode),dark,14.0,False,,HSFA2 functions in the physiological adaptation of undifferentiated plant cells to spaceflight microgravity environment,DNA microarray,Biological Research in Canister - Petri Dish Fixation Unit (BRIC-PDFU),
OSD-205,Atha_Col-0_HypocotylCC_WT_FLT_Rep2,Arabidopsis thaliana,flight,Col-0,Wild Type,hypocotyl,BRIC-LED (Biological Research In a Canister - Light Emitting Diode),dark,14.0,False,,HSFA2 functions in the physiological adaptation of undifferentiated plant cells to spaceflight microgravity environment,DNA microarray,Biological Research in Canister - Petri Dish Fixation Unit (BRIC-PDFU),
OSD-205,Atha_Col-0_HypocotylCC_WT_FLT_Rep3,Arabidopsis thaliana,flight,Col-0,Wild Type,hypocotyl,BRIC-LED (Biological Research In a Canister - Light Emitting Diode),dark,14.0,False,,HSFA2 functions in the physiological adaptation of undifferentiated plant cells to spaceflight microgravity environment,DNA microarray,Biological Research in Canister - Petri Dish Fixation Unit (BRIC-PDFU),
OSD-205,Atha_Col-0_HypocotylCC_WT_FLT_Rep4,Arabidopsis thaliana,flight,Col-0,Wild Type,hypocotyl,BRIC-LED (Biological Research In a Canister - Light Emitting Diode),dark,14.0,False,,HSFA2 functions in the physiological adaptation of undifferentiated plant cells to spaceflight microgravity environment,DNA microarray,Biological Research in Canister - Petri Dish Fixation Unit (BRIC-PDFU),
OSD-205,Atha_Col-0_HypocotylCC_WT_FLT_Rep5,Arabidopsis thaliana,flight,Col-0,Wild Type,hypocotyl,BRIC-LED (Biological Research In a Canister - Light Emitting Diode),dark,14.0,False,,HSFA2 functions in the physiological adaptation of undifferentiated plant cells to spaceflight microgravity environment,DNA microarray,Biological Research in Canister - Petri Dish Fixation Unit (BRIC-PDFU),
OSD-205,Atha_Col-0_HypocotylCC_WT_GC_Rep1,Arabidopsis thaliana,ground_control,Col-0,Wild Type,hypocotyl,BRIC-LED (Biological Research In a Canister - Light Emitting Diode),dark,14.0,False,,HSFA2 functions in the physiological adaptation of undifferentiated plant cells to spaceflight microgravity environment,DNA microarray,Biological Research in Canister - Petri Dish Fixation Unit (BRIC-PDFU),
OSD-205,Atha_Col-0_HypocotylCC_WT_GC_Rep2,Arabidopsis thaliana,ground_control,Col-0,Wild Type,hypocotyl,BRIC-LED (Biological Research In a Canister - Light Emitting Diode),dark,14.0,False,,HSFA2 functions in the physiological adaptation of undifferentiated plant cells to spaceflight microgravity environment,DNA microarray,Biological Research in Canister - Petri Dish Fixation Unit (BRIC-PDFU),
OSD-205,Atha_Col-0_HypocotylCC_WT_GC_Rep3,Arabidopsis thaliana,ground_control,Col-0,Wild Type,hypocotyl,BRIC-LED (Biological Research In a Canister - Light Emitting Diode),dark,14.0,False,,HSFA2 functions in the physiological adaptation of undifferentiated plant cells to spaceflight microgravity environment,DNA microarray,Biological Research in Canister - Petri Dish Fixation Unit (BRIC-PDFU),
OSD-205,Atha_Col-0_HypocotylCC_WT_GC_Rep4,Arabidopsis thaliana,ground_control,Col-0,Wild Type,hypocotyl,BRIC-LED (Biological Research In a Canister - Light Emitting Diode),dark,14.0,False,,HSFA2 functions in the physiological adaptation of undifferentiated plant cells to spaceflight microgravity environment,DNA microarray,Biological Research in Canister - Petri Dish Fixation Unit (BRIC-PDFU),
OSD-205,Atha_Col-0_HypocotylCC_WT_GC_Rep5,Arabidopsis thaliana,ground_control,Col-0,Wild Type,hypocotyl,BRIC-LED (Biological Research In a Canister - Light Emitting Diode),dark,14.0,False,,HSFA2 functions in the physiological adaptation of undifferentiated plant cells to spaceflight microgravity environment,DNA microarray,Biological Research in Canister - Petri Dish Fixation Unit (BRIC-PDFU),
OSD-205,Atha_Col-0_HypocotylCC_HSFA2-KO_FLT_Rep1,Arabidopsis thaliana,flight,Col-0,HSFA2 KO,hypocotyl,BRIC-LED (Biological Research In a Canister - Light Emitting Diode),dark,14.0,False,,HSFA2 functions in the physiological adaptation of undifferentiated plant cells to spaceflight microgravity environment,DNA microarray,Biological Research in Canister - Petri Dish Fixation Unit (BRIC-PDFU),
OSD-205,Atha_Col-0_HypocotylCC_HSFA2-KO_FLT_Rep2,Arabidopsis thaliana,flight,Col-0,HSFA2 KO,hypocotyl,BRIC-LED (Biological Research In a Canister - Light Emitting Diode),dark,14.0,False,,HSFA2 functions in the physiological adaptation of undifferentiated plant cells to spaceflight microgravity environment,DNA microarray,Biological Research in Canister - Petri Dish Fixation Unit (BRIC-PDFU),
OSD-205,Atha_Col-0_HypocotylCC_HSFA2-KO_FLT_Rep3,Arabidopsis thaliana,flight,Col-0,HSFA2 KO,hypocotyl,BRIC-LED (Biological Research In a Canister - Light Emitting Diode),dark,14.0,False,,HSFA2 functions in the physiological adaptation of undifferentiated plant cells to spaceflight microgravity environment,DNA microarray,Biological Research in Canister - Petri Dish Fixation Unit (BRIC-PDFU),
OSD-205,Atha_Col-0_HypocotylCC_HSFA2-KO_GC_Rep1,Arabidopsis thaliana,ground_control,Col-0,HSFA2 KO,hypocotyl,BRIC-LED (Biological Research In a Canister - Light Emitting Diode),dark,14.0,False,,HSFA2 functions in the physiological adaptation of undifferentiated plant cells to spaceflight microgravity environment,DNA microarray,Biological Research in Canister - Petri Dish Fixation Unit (BRIC-PDFU),
OSD-205,Atha_Col-0_HypocotylCC_HSFA2-KO_GC_Rep2,Arabidopsis thaliana,ground_control,Col-0,HSFA2 KO,hypocotyl,BRIC-LED (Biological Research In a Canister - Light Emitting Diode),dark,14.0,False,,HSFA2 functions in the physiological adaptation of undifferentiated plant cells to spaceflight microgravity environment,DNA microarray,Biological Research in Canister - Petri Dish Fixation Unit (BRIC-PDFU),
OSD-205,Atha_Col-0_HypocotylCC_HSFA2-KO_GC_Rep3,Arabidopsis thaliana,ground_control,Col-0,HSFA2 KO,hypocotyl,BRIC-LED (Biological Research In a Canister - Light Emitting Diode),dark,14.0,False,,HSFA2 functions in the physiological adaptation of undifferentiated plant cells to spaceflight microgravity environment,DNA microarray,Biological Research in Canister - Petri Dish Fixation Unit (BRIC-PDFU),
OSD-208,Atha_Col-0_Root_Zone-I_Rep1,Arabidopsis thaliana,ground_control,Col-0,Wild Type,root,growth chamber,continuous_light,8.0,False,,Comparing RNA-Seq and microarray gene expression data in two zones of the Arabidopsis root apex relevant to spaceflight.,"['RNA Sequencing (RNA-Seq)', 'DNA microarray']",,
OSD-208,Atha_Col-0_Root_Zone-I_Rep2,Arabidopsis thaliana,ground_control,Col-0,Wild Type,root,growth chamber,continuous_light,8.0,False,,Comparing RNA-Seq and microarray gene expression data in two zones of the Arabidopsis root apex relevant to spaceflight.,"['RNA Sequencing (RNA-Seq)', 'DNA microarray']",,
OSD-208,Atha_Col-0_Root_Zone-I_Rep3,Arabidopsis thaliana,ground_control,Col-0,Wild Type,root,growth chamber,continuous_light,8.0,False,,Comparing RNA-Seq and microarray gene expression data in two zones of the Arabidopsis root apex relevant to spaceflight.,"['RNA Sequencing (RNA-Seq)', 'DNA microarray']",,
OSD-208,Atha_Col-0_Root_Zone-II_Rep1,Arabidopsis thaliana,ground_control,Col-0,Wild Type,root,growth chamber,continuous_light,8.0,False,,Comparing RNA-Seq and microarray gene expression data in two zones of the Arabidopsis root apex relevant to spaceflight.,"['RNA Sequencing (RNA-Seq)', 'DNA microarray']",,
OSD-208,Atha_Col-0_Root_Zone-II_Rep2,Arabidopsis thaliana,ground_control,Col-0,Wild Type,root,growth chamber,continuous_light,8.0,False,,Comparing RNA-Seq and microarray gene expression data in two zones of the Arabidopsis root apex relevant to spaceflight.,"['RNA Sequencing (RNA-Seq)', 'DNA microarray']",,
OSD-208,Atha_Col-0_Root_Zone-II_Rep3,Arabidopsis thaliana,ground_control,Col-0,Wild Type,root,growth chamber,continuous_light,8.0,False,,Comparing RNA-Seq and microarray gene expression data in two zones of the Arabidopsis root apex relevant to spaceflight.,"['RNA Sequencing (RNA-Seq)', 'DNA microarray']",,
OSD-217,GSM2517002,Arabidopsis thaliana,ground_control,Ws,,root,Vegetable Production System (Veggie),unknown,,False,,Characterization of Epigenetic Regulation in an Extraterrestrial Environment: The Arabidopsis Spaceflight Methylome,"['Whole Genome Bisulfite Sequencing', 'RNA Sequencing (RNA-Seq)']",Vegetable Production System (VPS/Veggie),
OSD-217,GSM2517003,Arabidopsis thaliana,ground_control,Ws,,root,Vegetable Production System (Veggie),unknown,,False,,Characterization of Epigenetic Regulation in an Extraterrestrial Environment: The Arabidopsis Spaceflight Methylome,"['Whole Genome Bisulfite Sequencing', 'RNA Sequencing (RNA-Seq)']",Vegetable Production System (VPS/Veggie),
OSD-217,GSM2517004,Arabidopsis thaliana,ground_control,Ws,,root,Vegetable Production System (Veggie),unknown,,False,,Characterization of Epigenetic Regulation in an Extraterrestrial Environment: The Arabidopsis Spaceflight Methylome,"['Whole Genome Bisulfite Sequencing', 'RNA Sequencing (RNA-Seq)']",Vegetable Production System (VPS/Veggie),
OSD-217,GSM2517005,Arabidopsis thaliana,flight,Ws,,root,Vegetable Production System (Veggie),unknown,,False,,Characterization of Epigenetic Regulation in an Extraterrestrial Environment: The Arabidopsis Spaceflight Methylome,"['Whole Genome Bisulfite Sequencing', 'RNA Sequencing (RNA-Seq)']",Vegetable Production System (VPS/Veggie),
OSD-217,GSM2517006,Arabidopsis thaliana,flight,Ws,,root,Vegetable Production System (Veggie),unknown,,False,,Characterization of Epigenetic Regulation in an Extraterrestrial Environment: The Arabidopsis Spaceflight Methylome,"['Whole Genome Bisulfite Sequencing', 'RNA Sequencing (RNA-Seq)']",Vegetable Production System (VPS/Veggie),
OSD-217,GSM2517007,Arabidopsis thaliana,flight,Ws,,root,Vegetable Production System (Veggie),unknown,,False,,Characterization of Epigenetic Regulation in an Extraterrestrial Environment: The Arabidopsis Spaceflight Methylome,"['Whole Genome Bisulfite Sequencing', 'RNA Sequencing (RNA-Seq)']",Vegetable Production System (VPS/Veggie),
OSD-217,GSM2517008,Arabidopsis thaliana,ground_control,Ws,,leaf,Vegetable Production System (Veggie),unknown,,False,,Characterization of Epigenetic Regulation in an Extraterrestrial Environment: The Arabidopsis Spaceflight Methylome,"['Whole Genome Bisulfite Sequencing', 'RNA Sequencing (RNA-Seq)']",Vegetable Production System (VPS/Veggie),
OSD-217,GSM2517009,Arabidopsis thaliana,ground_control,Ws,,leaf,Vegetable Production System (Veggie),unknown,,False,,Characterization of Epigenetic Regulation in an Extraterrestrial Environment: The Arabidopsis Spaceflight Methylome,"['Whole Genome Bisulfite Sequencing', 'RNA Sequencing (RNA-Seq)']",Vegetable Production System (VPS/Veggie),
OSD-217,GSM2517010,Arabidopsis thaliana,ground_control,Ws,,leaf,Vegetable Production System (Veggie),unknown,,False,,Characterization of Epigenetic Regulation in an Extraterrestrial Environment: The Arabidopsis Spaceflight Methylome,"['Whole Genome Bisulfite Sequencing', 'RNA Sequencing (RNA-Seq)']",Vegetable Production System (VPS/Veggie),
OSD-217,GSM2517011,Arabidopsis thaliana,flight,Ws,,leaf,Vegetable Production System (Veggie),unknown,,False,,Characterization of Epigenetic Regulation in an Extraterrestrial Environment: The Arabidopsis Spaceflight Methylome,"['Whole Genome Bisulfite Sequencing', 'RNA Sequencing (RNA-Seq)']",Vegetable Production System (VPS/Veggie),
OSD-217,GSM2517012,Arabidopsis thaliana,flight,Ws,,leaf,Vegetable Production System (Veggie),unknown,,False,,Characterization of Epigenetic Regulation in an Extraterrestrial Environment: The Arabidopsis Spaceflight Methylome,"['Whole Genome Bisulfite Sequencing', 'RNA Sequencing (RNA-Seq)']",Vegetable Production System (VPS/Veggie),
OSD-217,GSM2517013,Arabidopsis thaliana,flight,Ws,,leaf,Vegetable Production System (Veggie),unknown,,False,,Characterization of Epigenetic Regulation in an Extraterrestrial Environment: The Arabidopsis Spaceflight Methylome,"['Whole Genome Bisulfite Sequencing', 'RNA Sequencing (RNA-Seq)']",Vegetable Production System (VPS/Veggie),
OSD-217,Atha_Ws_root_GC_Rep1,Arabidopsis thaliana,ground_control,Ws,,root,Vegetable Production System (Veggie),unknown,,False,,Characterization of Epigenetic Regulation in an Extraterrestrial Environment: The Arabidopsis Spaceflight Methylome,"['Whole Genome Bisulfite Sequencing', 'RNA Sequencing (RNA-Seq)']",Vegetable Production System (VPS/Veggie),
OSD-217,Atha_Ws_root_GC_Rep2,Arabidopsis thaliana,ground_control,Ws,,root,Vegetable Production System (Veggie),unknown,,False,,Characterization of Epigenetic Regulation in an Extraterrestrial Environment: The Arabidopsis Spaceflight Methylome,"['Whole Genome Bisulfite Sequencing', 'RNA Sequencing (RNA-Seq)']",Vegetable Production System (VPS/Veggie),
OSD-217,Atha_Ws_root_GC_Rep3,Arabidopsis thaliana,ground_control,Ws,,root,Vegetable Production System (Veggie),unknown,,False,,Characterization of Epigenetic Regulation in an Extraterrestrial Environment: The Arabidopsis Spaceflight Methylome,"['Whole Genome Bisulfite Sequencing', 'RNA Sequencing (RNA-Seq)']",Vegetable Production System (VPS/Veggie),
OSD-217,Atha_Ws_root_FLT_Rep1,Arabidopsis thaliana,flight,Ws,,root,Vegetable Production System (Veggie),unknown,,False,,Characterization of Epigenetic Regulation in an Extraterrestrial Environment: The Arabidopsis Spaceflight Methylome,"['Whole Genome Bisulfite Sequencing', 'RNA Sequencing (RNA-Seq)']",Vegetable Production System (VPS/Veggie),
OSD-217,Atha_Ws_root_FLT_Rep2,Arabidopsis thaliana,flight,Ws,,root,Vegetable Production System (Veggie),unknown,,False,,Characterization of Epigenetic Regulation in an Extraterrestrial Environment: The Arabidopsis Spaceflight Methylome,"['Whole Genome Bisulfite Sequencing', 'RNA Sequencing (RNA-Seq)']",Vegetable Production System (VPS/Veggie),
OSD-217,Atha_Ws_root_FLT_Rep3,Arabidopsis thaliana,flight,Ws,,root,Vegetable Production System (Veggie),unknown,,False,,Characterization of Epigenetic Regulation in an Extraterrestrial Environment: The Arabidopsis Spaceflight Methylome,"['Whole Genome Bisulfite Sequencing', 'RNA Sequencing (RNA-Seq)']",Vegetable Production System (VPS/Veggie),
OSD-217,Atha_Ws_leaf_GC_Rep1,Arabidopsis thaliana,ground_control,Ws,,leaf,Vegetable Production System (Veggie),unknown,,False,,Characterization of Epigenetic Regulation in an Extraterrestrial Environment: The Arabidopsis Spaceflight Methylome,"['Whole Genome Bisulfite Sequencing', 'RNA Sequencing (RNA-Seq)']",Vegetable Production System (VPS/Veggie),
OSD-217,Atha_Ws_leaf_GC_Rep2,Arabidopsis thaliana,ground_control,Ws,,leaf,Vegetable Production System (Veggie),unknown,,False,,Characterization of Epigenetic Regulation in an Extraterrestrial Environment: The Arabidopsis Spaceflight Methylome,"['Whole Genome Bisulfite Sequencing', 'RNA Sequencing (RNA-Seq)']",Vegetable Production System (VPS/Veggie),
OSD-217,Atha_Ws_leaf_GC_Rep3,Arabidopsis thaliana,ground_control,Ws,,leaf,Vegetable Production System (Veggie),unknown,,False,,Characterization of Epigenetic Regulation in an Extraterrestrial Environment: The Arabidopsis Spaceflight Methylome,"['Whole Genome Bisulfite Sequencing', 'RNA Sequencing (RNA-Seq)']",Vegetable Production System (VPS/Veggie),
OSD-217,Atha_Ws_leaf_FLT_Rep1,Arabidopsis thaliana,flight,Ws,,leaf,Vegetable Production System (Veggie),unknown,,False,,Characterization of Epigenetic Regulation in an Extraterrestrial Environment: The Arabidopsis Spaceflight Methylome,"['Whole Genome Bisulfite Sequencing', 'RNA Sequencing (RNA-Seq)']",Vegetable Production System (VPS/Veggie),
OSD-217,Atha_Ws_leaf_FLT_Rep2,Arabidopsis thaliana,flight,Ws,,leaf,Vegetable Production System (Veggie),unknown,,False,,Characterization of Epigenetic Regulation in an Extraterrestrial Environment: The Arabidopsis Spaceflight Methylome,"['Whole Genome Bisulfite Sequencing', 'RNA Sequencing (RNA-Seq)']",Vegetable Production System (VPS/Veggie),
OSD-217,Atha_Ws_leaf_FLT_Rep3,Arabidopsis thaliana,flight,Ws,,leaf,Vegetable Production System (Veggie),unknown,,False,,Characterization of Epigenetic Regulation in an Extraterrestrial Environment: The Arabidopsis Spaceflight Methylome,"['Whole Genome Bisulfite Sequencing', 'RNA Sequencing (RNA-Seq)']",Vegetable Production System (VPS/Veggie),
OSD-218,SAMN06465201,Arabidopsis thaliana,ground_control,Col-0,Wild Type,root,Vegetable Production System (Veggie),unknown,4.0,False,,Plant development on ISS differs from the development on the ground and is influenced by the genetic background,RNA Sequencing (RNA-Seq),Vegetable Production System (VPS/Veggie),
OSD-218,SAMN06465179,Arabidopsis thaliana,ground_control,Col-0,Wild Type,root,Vegetable Production System (Veggie),unknown,4.0,False,,Plant development on ISS differs from the development on the ground and is influenced by the genetic background,RNA Sequencing (RNA-Seq),Vegetable Production System (VPS/Veggie),
OSD-218,SAMN06465197,Arabidopsis thaliana,ground_control,Col-0,Wild Type,root,Vegetable Production System (Veggie),unknown,4.0,False,,Plant development on ISS differs from the development on the ground and is influenced by the genetic background,RNA Sequencing (RNA-Seq),Vegetable Production System (VPS/Veggie),
OSD-218,SAMN06465194,Arabidopsis thaliana,ground_control,Col-0,Wild Type,root,Vegetable Production System (Veggie),unknown,4.0,False,,Plant development on ISS differs from the development on the ground and is influenced by the genetic background,RNA Sequencing (RNA-Seq),Vegetable Production System (VPS/Veggie),
OSD-218,SAMN06465190,Arabidopsis thaliana,flight,Col-0,Wild Type,root,Vegetable Production System (Veggie),unknown,4.0,False,,Plant development on ISS differs from the development on the ground and is influenced by the genetic background,RNA Sequencing (RNA-Seq),Vegetable Production System (VPS/Veggie),
OSD-218,SAMN06465187,Arabidopsis thaliana,flight,Col-0,Wild Type,root,Vegetable Production System (Veggie),unknown,4.0,False,,Plant development on ISS differs from the development on the ground and is influenced by the genetic background,RNA Sequencing (RNA-Seq),Vegetable Production System (VPS/Veggie),
OSD-218,SAMN06465183,Arabidopsis thaliana,flight,Col-0,Wild Type,root,Vegetable Production System (Veggie),unknown,4.0,False,,Plant development on ISS differs from the development on the ground and is influenced by the genetic background,RNA Sequencing (RNA-Seq),Vegetable Production System (VPS/Veggie),
OSD-218,SAMN06465181,Arabidopsis thaliana,flight,Col-0,Wild Type,root,Vegetable Production System (Veggie),unknown,4.0,False,,Plant development on ISS differs from the development on the ground and is influenced by the genetic background,RNA Sequencing (RNA-Seq),Vegetable Production System (VPS/Veggie),
OSD-218,SAMN06465177,Arabidopsis thaliana,ground_control,Ws,Wild Type,root,Vegetable Production System (Veggie),unknown,4.0,False,,Plant development on ISS differs from the development on the ground and is influenced by the genetic background,RNA Sequencing (RNA-Seq),Vegetable Production System (VPS/Veggie),
OSD-218,SAMN06465174,Arabidopsis thaliana,ground_control,Ws,Wild Type,root,Vegetable Production System (Veggie),unknown,4.0,False,,Plant development on ISS differs from the development on the ground and is influenced by the genetic background,RNA Sequencing (RNA-Seq),Vegetable Production System (VPS/Veggie),
OSD-218,SAMN06465172,Arabidopsis thaliana,ground_control,Ws,Wild Type,root,Vegetable Production System (Veggie),unknown,4.0,False,,Plant development on ISS differs from the development on the ground and is influenced by the genetic background,RNA Sequencing (RNA-Seq),Vegetable Production System (VPS/Veggie),
OSD-218,SAMN06465170,Arabidopsis thaliana,ground_control,Ws,Wild Type,root,Vegetable Production System (Veggie),unknown,4.0,False,,Plant development on ISS differs from the development on the ground and is influenced by the genetic background,RNA Sequencing (RNA-Seq),Vegetable Production System (VPS/Veggie),
OSD-218,SAMN06465168,Arabidopsis thaliana,flight,Ws,Wild Type,root,Vegetable Production System (Veggie),unknown,4.0,False,,Plant development on ISS differs from the development on the ground and is influenced by the genetic background,RNA Sequencing (RNA-Seq),Vegetable Production System (VPS/Veggie),
OSD-218,SAMN06465165,Arabidopsis thaliana,flight,Ws,Wild Type,root,Vegetable Production System (Veggie),unknown,4.0,False,,Plant development on ISS differs from the development on the ground and is influenced by the genetic background,RNA Sequencing (RNA-Seq),Vegetable Production System (VPS/Veggie),
OSD-218,SAMN06465163,Arabidopsis thaliana,flight,Ws,Wild Type,root,Vegetable Production System (Veggie),unknown,4.0,False,,Plant development on ISS differs from the development on the ground and is influenced by the genetic background,RNA Sequencing (RNA-Seq),Vegetable Production System (VPS/Veggie),
OSD-218,SAMN06465160,Arabidopsis thaliana,flight,Ws,Wild Type,root,Vegetable Production System (Veggie),unknown,4.0,False,,Plant development on ISS differs from the development on the ground and is influenced by the genetic background,RNA Sequencing (RNA-Seq),Vegetable Production System (VPS/Veggie),
OSD-218,SAMN06465157,Arabidopsis thaliana,ground_control,Col-0,Wild Type,root,Vegetable Production System (Veggie),unknown,8.0,False,,Plant development on ISS differs from the development on the ground and is influenced by the genetic background,RNA Sequencing (RNA-Seq),Vegetable Production System (VPS/Veggie),
OSD-218,SAMN06465155,Arabidopsis thaliana,ground_control,Col-0,Wild Type,root,Vegetable Production System (Veggie),unknown,8.0,False,,Plant development on ISS differs from the development on the ground and is influenced by the genetic background,RNA Sequencing (RNA-Seq),Vegetable Production System (VPS/Veggie),
OSD-218,SAMN06465152,Arabidopsis thaliana,ground_control,Col-0,Wild Type,root,Vegetable Production System (Veggie),unknown,8.0,False,,Plant development on ISS differs from the development on the ground and is influenced by the genetic background,RNA Sequencing (RNA-Seq),Vegetable Production System (VPS/Veggie),
OSD-218,SAMN06465150,Arabidopsis thaliana,ground_control,Col-0,Wild Type,root,Vegetable Production System (Veggie),unknown,8.0,False,,Plant development on ISS differs from the development on the ground and is influenced by the genetic background,RNA Sequencing (RNA-Seq),Vegetable Production System (VPS/Veggie),
OSD-218,SAMN06465148,Arabidopsis thaliana,flight,Col-0,Wild Type,root,Vegetable Production System (Veggie),unknown,8.0,False,,Plant development on ISS differs from the development on the ground and is influenced by the genetic background,RNA Sequencing (RNA-Seq),Vegetable Production System (VPS/Veggie),
OSD-218,SAMN06465146,Arabidopsis thaliana,flight,Col-0,Wild Type,root,Vegetable Production System (Veggie),unknown,8.0,False,,Plant development on ISS differs from the development on the ground and is influenced by the genetic background,RNA Sequencing (RNA-Seq),Vegetable Production System (VPS/Veggie),
OSD-218,SAMN06465144,Arabidopsis thaliana,flight,Col-0,Wild Type,root,Vegetable Production System (Veggie),unknown,8.0,False,,Plant development on ISS differs from the development on the ground and is influenced by the genetic background,RNA Sequencing (RNA-Seq),Vegetable Production System (VPS/Veggie),
OSD-218,SAMN06465142,Arabidopsis thaliana,flight,Col-0,Wild Type,root,Vegetable Production System (Veggie),unknown,8.0,False,,Plant development on ISS differs from the development on the ground and is influenced by the genetic background,RNA Sequencing (RNA-Seq),Vegetable Production System (VPS/Veggie),
OSD-218,SAMN06465276,Arabidopsis thaliana,ground_control,Ws,Wild Type,root,Vegetable Production System (Veggie),unknown,8.0,False,,Plant development on ISS differs from the development on the ground and is influenced by the genetic background,RNA Sequencing (RNA-Seq),Vegetable Production System (VPS/Veggie),
OSD-218,SAMN06465275,Arabidopsis thaliana,ground_control,Ws,Wild Type,root,Vegetable Production System (Veggie),unknown,8.0,False,,Plant development on ISS differs from the development on the ground and is influenced by the genetic background,RNA Sequencing (RNA-Seq),Vegetable Production System (VPS/Veggie),
OSD-218,SAMN06465273,Arabidopsis thaliana,ground_control,Ws,Wild Type,root,Vegetable Production System (Veggie),unknown,8.0,False,,Plant development on ISS differs from the development on the ground and is influenced by the genetic background,RNA Sequencing (RNA-Seq),Vegetable Production System (VPS/Veggie),
OSD-218,SAMN06465272,Arabidopsis thaliana,ground_control,Ws,Wild Type,root,Vegetable Production System (Veggie),unknown,8.0,False,,Plant development on ISS differs from the development on the ground and is influenced by the genetic background,RNA Sequencing (RNA-Seq),Vegetable Production System (VPS/Veggie),
OSD-218,SAMN06465270,Arabidopsis thaliana,flight,Ws,Wild Type,root,Vegetable Production System (Veggie),unknown,8.0,False,,Plant development on ISS differs from the development on the ground and is influenced by the genetic background,RNA Sequencing (RNA-Seq),Vegetable Production System (VPS/Veggie),
OSD-218,SAMN06465269,Arabidopsis thaliana,flight,Ws,Wild Type,root,Vegetable Production System (Veggie),unknown,8.0,False,,Plant development on ISS differs from the development on the ground and is influenced by the genetic background,RNA Sequencing (RNA-Seq),Vegetable Production System (VPS/Veggie),
OSD-218,SAMN06465268,Arabidopsis thaliana,flight,Ws,Wild Type,root,Vegetable Production System (Veggie),unknown,8.0,False,,Plant development on ISS differs from the development on the ground and is influenced by the genetic background,RNA Sequencing (RNA-Seq),Vegetable Production System (VPS/Veggie),
OSD-218,SAMN06465267,Arabidopsis thaliana,flight,Ws,Wild Type,root,Vegetable Production System (Veggie),unknown,8.0,False,,Plant development on ISS differs from the development on the ground and is influenced by the genetic background,RNA Sequencing (RNA-Seq),Vegetable Production System (VPS/Veggie),
OSD-223,F08,Arabidopsis thaliana,flight,Col-0,Wild Type,root,European Modular Cultivation System (EMCS),continuous_light,,False,,The effect of spaceflight on transgenic Arabidopsis plants with compromised signaling,RNA Sequencing (RNA-Seq),"['European Modular Cultivation System (EMCS)', 'Experimental Reference Module (ERM2)']",
OSD-223,F18,Arabidopsis thaliana,flight,Col-0,Wild Type,root,European Modular Cultivation System (EMCS),continuous_light,,False,,The effect of spaceflight on transgenic Arabidopsis plants with compromised signaling,RNA Sequencing (RNA-Seq),"['European Modular Cultivation System (EMCS)', 'Experimental Reference Module (ERM2)']",
OSD-223,F03,Arabidopsis thaliana,flight,Col-0,InsP 5-ptase Transgenic,root,European Modular Cultivation System (EMCS),continuous_light,,False,,The effect of spaceflight on transgenic Arabidopsis plants with compromised signaling,RNA Sequencing (RNA-Seq),"['European Modular Cultivation System (EMCS)', 'Experimental Reference Module (ERM2)']",
OSD-223,F13,Arabidopsis thaliana,flight,Col-0,InsP 5-ptase Transgenic,root,European Modular Cultivation System (EMCS),continuous_light,,False,,The effect of spaceflight on transgenic Arabidopsis plants with compromised signaling,RNA Sequencing (RNA-Seq),"['European Modular Cultivation System (EMCS)', 'Experimental Reference Module (ERM2)']",
OSD-223,F28,Arabidopsis thaliana,flight,Col-0,Wild Type,root,European Modular Cultivation System (EMCS),continuous_light,,False,,The effect of spaceflight on transgenic Arabidopsis plants with compromised signaling,RNA Sequencing (RNA-Seq),"['European Modular Cultivation System (EMCS)', 'Experimental Reference Module (ERM2)']",
OSD-223,F38,Arabidopsis thaliana,flight,Col-0,Wild Type,root,European Modular Cultivation System (EMCS),continuous_light,,False,,The effect of spaceflight on transgenic Arabidopsis plants with compromised signaling,RNA Sequencing (RNA-Seq),"['European Modular Cultivation System (EMCS)', 'Experimental Reference Module (ERM2)']",
OSD-223,F23,Arabidopsis thaliana,flight,Col-0,InsP 5-ptase Transgenic,root,European Modular Cultivation System (EMCS),continuous_light,,False,,The effect of spaceflight on transgenic Arabidopsis plants with compromised signaling,RNA Sequencing (RNA-Seq),"['European Modular Cultivation System (EMCS)', 'Experimental Reference Module (ERM2)']",
OSD-223,F33,Arabidopsis thaliana,flight,Col-0,InsP 5-ptase Transgenic,root,European Modular Cultivation System (EMCS),continuous_light,,False,,The effect of spaceflight on transgenic Arabidopsis plants with compromised signaling,RNA Sequencing (RNA-Seq),"['European Modular Cultivation System (EMCS)', 'Experimental Reference Module (ERM2)']",
OSD-223,F48,Arabidopsis thaliana,flight,Col-0,Wild Type,root,European Modular Cultivation System (EMCS),continuous_light,,False,,The effect of spaceflight on transgenic Arabidopsis plants with compromised signaling,RNA Sequencing (RNA-Seq),"['European Modular Cultivation System (EMCS)', 'Experimental Reference Module (ERM2)']",
OSD-223,F58,Arabidopsis thaliana,flight,Col-0,Wild Type,root,European Modular Cultivation System (EMCS),continuous_light,,False,,The effect of spaceflight on transgenic Arabidopsis plants with compromised signaling,RNA Sequencing (RNA-Seq),"['European Modular Cultivation System (EMCS)', 'Experimental Reference Module (ERM2)']",
OSD-223,F43,Arabidopsis thaliana,flight,Col-0,InsP 5-ptase Transgenic,root,European Modular Cultivation System (EMCS),continuous_light,,False,,The effect of spaceflight on transgenic Arabidopsis plants with compromised signaling,RNA Sequencing (RNA-Seq),"['European Modular Cultivation System (EMCS)', 'Experimental Reference Module (ERM2)']",
OSD-223,F53,Arabidopsis thaliana,flight,Col-0,InsP 5-ptase Transgenic,root,European Modular Cultivation System (EMCS),continuous_light,,False,,The effect of spaceflight on transgenic Arabidopsis plants with compromised signaling,RNA Sequencing (RNA-Seq),"['European Modular Cultivation System (EMCS)', 'Experimental Reference Module (ERM2)']",
OSD-223,F68,Arabidopsis thaliana,flight,Col-0,Wild Type,root,European Modular Cultivation System (EMCS),continuous_light,,False,,The effect of spaceflight on transgenic Arabidopsis plants with compromised signaling,RNA Sequencing (RNA-Seq),"['European Modular Cultivation System (EMCS)', 'Experimental Reference Module (ERM2)']",
OSD-223,F78,Arabidopsis thaliana,flight,Col-0,Wild Type,root,European Modular Cultivation System (EMCS),continuous_light,,False,,The effect of spaceflight on transgenic Arabidopsis plants with compromised signaling,RNA Sequencing (RNA-Seq),"['European Modular Cultivation System (EMCS)', 'Experimental Reference Module (ERM2)']",
OSD-223,F63,Arabidopsis thaliana,flight,Col-0,InsP 5-ptase Transgenic,root,European Modular Cultivation System (EMCS),continuous_light,,False,,The effect of spaceflight on transgenic Arabidopsis plants with compromised signaling,RNA Sequencing (RNA-Seq),"['European Modular Cultivation System (EMCS)', 'Experimental Reference Module (ERM2)']",
OSD-223,F73,Arabidopsis thaliana,flight,Col-0,InsP 5-ptase Transgenic,root,European Modular Cultivation System (EMCS),continuous_light,,False,,The effect of spaceflight on transgenic Arabidopsis plants with compromised signaling,RNA Sequencing (RNA-Seq),"['European Modular Cultivation System (EMCS)', 'Experimental Reference Module (ERM2)']",
OSD-223,GC14,Arabidopsis thaliana,ground_control,Col-0,Wild Type,root,"NASA Ames, Experimental Reference Module (ERM2)",continuous_light,,False,,The effect of spaceflight on transgenic Arabidopsis plants with compromised signaling,RNA Sequencing (RNA-Seq),"['European Modular Cultivation System (EMCS)', 'Experimental Reference Module (ERM2)']",
OSD-223,GC16,Arabidopsis thaliana,ground_control,Col-0,Wild Type,root,"NASA Ames, Experimental Reference Module (ERM2)",continuous_light,,False,,The effect of spaceflight on transgenic Arabidopsis plants with compromised signaling,RNA Sequencing (RNA-Seq),"['European Modular Cultivation System (EMCS)', 'Experimental Reference Module (ERM2)']",
OSD-223,GC01,Arabidopsis thaliana,ground_control,Col-0,InsP 5-ptase Transgenic,root,"NASA Ames, Experimental Reference Module (ERM2)",continuous_light,,False,,The effect of spaceflight on transgenic Arabidopsis plants with compromised signaling,RNA Sequencing (RNA-Seq),"['European Modular Cultivation System (EMCS)', 'Experimental Reference Module (ERM2)']",
OSD-223,GC13,Arabidopsis thaliana,ground_control,Col-0,InsP 5-ptase Transgenic,root,"NASA Ames, Experimental Reference Module (ERM2)",continuous_light,,False,,The effect of spaceflight on transgenic Arabidopsis plants with compromised signaling,RNA Sequencing (RNA-Seq),"['European Modular Cultivation System (EMCS)', 'Experimental Reference Module (ERM2)']",
OSD-223,FLS18,Arabidopsis thaliana,flight,Col-0,Wild Type,shoot,European Modular Cultivation System (EMCS),continuous_light,,False,,The effect of spaceflight on transgenic Arabidopsis plants with compromised signaling,RNA Sequencing (RNA-Seq),"['European Modular Cultivation System (EMCS)', 'Experimental Reference Module (ERM2)']",
OSD-223,FLS13,Arabidopsis thaliana,flight,Col-0,InsP 5-ptase Transgenic,shoot,European Modular Cultivation System (EMCS),continuous_light,,False,,The effect of spaceflight on transgenic Arabidopsis plants with compromised signaling,RNA Sequencing (RNA-Seq),"['European Modular Cultivation System (EMCS)', 'Experimental Reference Module (ERM2)']",
OSD-223,FLS28,Arabidopsis thaliana,flight,Col-0,Wild Type,shoot,European Modular Cultivation System (EMCS),continuous_light,,False,,The effect of spaceflight on transgenic Arabidopsis plants with compromised signaling,RNA Sequencing (RNA-Seq),"['European Modular Cultivation System (EMCS)', 'Experimental Reference Module (ERM2)']",
OSD-223,FLS38,Arabidopsis thaliana,flight,Col-0,Wild Type,shoot,European Modular Cultivation System (EMCS),continuous_light,,False,,The effect of spaceflight on transgenic Arabidopsis plants with compromised signaling,RNA Sequencing (RNA-Seq),"['European Modular Cultivation System (EMCS)', 'Experimental Reference Module (ERM2)']",
OSD-223,FLS23,Arabidopsis thaliana,flight,Col-0,InsP 5-ptase Transgenic,shoot,European Modular Cultivation System (EMCS),continuous_light,,False,,The effect of spaceflight on transgenic Arabidopsis plants with compromised signaling,RNA Sequencing (RNA-Seq),"['European Modular Cultivation System (EMCS)', 'Experimental Reference Module (ERM2)']",
OSD-223,FLS33,Arabidopsis thaliana,flight,Col-0,InsP 5-ptase Transgenic,shoot,European Modular Cultivation System (EMCS),continuous_light,,False,,The effect of spaceflight on transgenic Arabidopsis plants with compromised signaling,RNA Sequencing (RNA-Seq),"['European Modular Cultivation System (EMCS)', 'Experimental Reference Module (ERM2)']",
OSD-223,FLS48,Arabidopsis thaliana,flight,Col-0,Wild Type,shoot,European Modular Cultivation System (EMCS),continuous_light,,False,,The effect of spaceflight on transgenic Arabidopsis plants with compromised signaling,RNA Sequencing (RNA-Seq),"['European Modular Cultivation System (EMCS)', 'Experimental Reference Module (ERM2)']",
OSD-223,FLS58,Arabidopsis thaliana,flight,Col-0,Wild Type,shoot,European Modular Cultivation System (EMCS),continuous_light,,False,,The effect of spaceflight on transgenic Arabidopsis plants with compromised signaling,RNA Sequencing (RNA-Seq),"['European Modular Cultivation System (EMCS)', 'Experimental Reference Module (ERM2)']",
OSD-223,FLS43,Arabidopsis thaliana,flight,Col-0,InsP 5-ptase Transgenic,shoot,European Modular Cultivation System (EMCS),continuous_light,,False,,The effect of spaceflight on transgenic Arabidopsis plants with compromised signaling,RNA Sequencing (RNA-Seq),"['European Modular Cultivation System (EMCS)', 'Experimental Reference Module (ERM2)']",
OSD-223,FLS53,Arabidopsis thaliana,flight,Col-0,InsP 5-ptase Transgenic,shoot,European Modular Cultivation System (EMCS),continuous_light,,False,,The effect of spaceflight on transgenic Arabidopsis plants with compromised signaling,RNA Sequencing (RNA-Seq),"['European Modular Cultivation System (EMCS)', 'Experimental Reference Module (ERM2)']",
OSD-223,FLS68,Arabidopsis thaliana,flight,Col-0,Wild Type,shoot,European Modular Cultivation System (EMCS),continuous_light,,False,,The effect of spaceflight on transgenic Arabidopsis plants with compromised signaling,RNA Sequencing (RNA-Seq),"['European Modular Cultivation System (EMCS)', 'Experimental Reference Module (ERM2)']",
OSD-223,FLS78,Arabidopsis thaliana,flight,Col-0,Wild Type,shoot,European Modular Cultivation System (EMCS),continuous_light,,False,,The effect of spaceflight on transgenic Arabidopsis plants with compromised signaling,RNA Sequencing (RNA-Seq),"['European Modular Cultivation System (EMCS)', 'Experimental Reference Module (ERM2)']",
OSD-223,FLS63,Arabidopsis thaliana,flight,Col-0,InsP 5-ptase Transgenic,shoot,European Modular Cultivation System (EMCS),continuous_light,,False,,The effect of spaceflight on transgenic Arabidopsis plants with compromised signaling,RNA Sequencing (RNA-Seq),"['European Modular Cultivation System (EMCS)', 'Experimental Reference Module (ERM2)']",
OSD-223,FLS73,Arabidopsis thaliana,flight,Col-0,InsP 5-ptase Transgenic,shoot,European Modular Cultivation System (EMCS),continuous_light,,False,,The effect of spaceflight on transgenic Arabidopsis plants with compromised signaling,RNA Sequencing (RNA-Seq),"['European Modular Cultivation System (EMCS)', 'Experimental Reference Module (ERM2)']",
OSD-223,GCS14,Arabidopsis thaliana,ground_control,Col-0,Wild Type,shoot,"NASA Ames, Experimental Reference Module (ERM2)",continuous_light,,False,,The effect of spaceflight on transgenic Arabidopsis plants with compromised signaling,RNA Sequencing (RNA-Seq),"['European Modular Cultivation System (EMCS)', 'Experimental Reference Module (ERM2)']",
OSD-223,GCS1,Arabidopsis thaliana,ground_control,Col-0,Wild Type,shoot,"NASA Ames, Experimental Reference Module (ERM2)",continuous_light,,False,,The effect of spaceflight on transgenic Arabidopsis plants with compromised signaling,RNA Sequencing (RNA-Seq),"['European Modular Cultivation System (EMCS)', 'Experimental Reference Module (ERM2)']",
OSD-223,GCS13,Arabidopsis thaliana,ground_control,Col-0,InsP 5-ptase Transgenic,shoot,"NASA Ames, Experimental Reference Module (ERM2)",continuous_light,,False,,The effect of spaceflight on transgenic Arabidopsis plants with compromised signaling,RNA Sequencing (RNA-Seq),"['European Modular Cultivation System (EMCS)', 'Experimental Reference Module (ERM2)']",
OSD-223,GCS2,Arabidopsis thaliana,ground_control,Col-0,InsP 5-ptase Transgenic,shoot,"NASA Ames, Experimental Reference Module (ERM2)",continuous_light,,False,,The effect of spaceflight on transgenic Arabidopsis plants with compromised signaling,RNA Sequencing (RNA-Seq),"['European Modular Cultivation System (EMCS)', 'Experimental Reference Module (ERM2)']",
OSD-223,GCS18,Arabidopsis thaliana,ground_control,Col-0,Wild Type,shoot,"NASA Ames, Experimental Reference Module (ERM2)",continuous_light,,False,,The effect of spaceflight on transgenic Arabidopsis plants with compromised signaling,RNA Sequencing (RNA-Seq),"['European Modular Cultivation System (EMCS)', 'Experimental Reference Module (ERM2)']",
OSD-223,GCS17,Arabidopsis thaliana,ground_control,Col-0,InsP 5-ptase Transgenic,shoot,"NASA Ames, Experimental Reference Module (ERM2)",continuous_light,,False,,The effect of spaceflight on transgenic Arabidopsis plants with compromised signaling,RNA Sequencing (RNA-Seq),"['European Modular Cultivation System (EMCS)', 'Experimental Reference Module (ERM2)']",
OSD-251,Atha_Ler-0_sl_FLT_uG_Rep1,Arabidopsis thaliana,flight,Landsberg ecotype,,whole_seedling,European Modular Cultivation System (EMCS),unknown,,False,,RNAseq analysis of the response of Arabidopsis thaliana to fractional gravity under blue-light stimulation during spaceflight,RNA Sequencing (RNA-Seq),European Modular Cultivation System (EMCS),
OSD-251,Atha_Ler-0_sl_FLT_uG_Rep2,Arabidopsis thaliana,flight,Landsberg ecotype,,whole_seedling,European Modular Cultivation System (EMCS),unknown,,False,,RNAseq analysis of the response of Arabidopsis thaliana to fractional gravity under blue-light stimulation during spaceflight,RNA Sequencing (RNA-Seq),European Modular Cultivation System (EMCS),
OSD-251,Atha_Ler-0_sl_FLT_uG_Rep3,Arabidopsis thaliana,flight,Landsberg ecotype,,whole_seedling,European Modular Cultivation System (EMCS),unknown,,False,,RNAseq analysis of the response of Arabidopsis thaliana to fractional gravity under blue-light stimulation during spaceflight,RNA Sequencing (RNA-Seq),European Modular Cultivation System (EMCS),
OSD-251,Atha_Ler-0_sl_FLT_uG_Rep4,Arabidopsis thaliana,flight,Landsberg ecotype,,whole_seedling,European Modular Cultivation System (EMCS),unknown,,False,,RNAseq analysis of the response of Arabidopsis thaliana to fractional gravity under blue-light stimulation during spaceflight,RNA Sequencing (RNA-Seq),European Modular Cultivation System (EMCS),
OSD-251,Atha_Ler-0_sl_FLT_0.09G_Rep1,Arabidopsis thaliana,flight,Landsberg ecotype,,whole_seedling,European Modular Cultivation System (EMCS),unknown,,False,,RNAseq analysis of the response of Arabidopsis thaliana to fractional gravity under blue-light stimulation during spaceflight,RNA Sequencing (RNA-Seq),European Modular Cultivation System (EMCS),
OSD-251,Atha_Ler-0_sl_FLT_0.09G_Rep2,Arabidopsis thaliana,flight,Landsberg ecotype,,whole_seedling,European Modular Cultivation System (EMCS),unknown,,False,,RNAseq analysis of the response of Arabidopsis thaliana to fractional gravity under blue-light stimulation during spaceflight,RNA Sequencing (RNA-Seq),European Modular Cultivation System (EMCS),
OSD-251,Atha_Ler-0_sl_FLT_0.09G_Rep3,Arabidopsis thaliana,flight,Landsberg ecotype,,whole_seedling,European Modular Cultivation System (EMCS),unknown,,False,,RNAseq analysis of the response of Arabidopsis thaliana to fractional gravity under blue-light stimulation during spaceflight,RNA Sequencing (RNA-Seq),European Modular Cultivation System (EMCS),
OSD-251,Atha_Ler-0_sl_FLT_0.18G_Rep1,Arabidopsis thaliana,flight,Landsberg ecotype,,whole_seedling,European Modular Cultivation System (EMCS),unknown,,False,,RNAseq analysis of the response of Arabidopsis thaliana to fractional gravity under blue-light stimulation during spaceflight,RNA Sequencing (RNA-Seq),European Modular Cultivation System (EMCS),
OSD-251,Atha_Ler-0_sl_FLT_0.18G_Rep2,Arabidopsis thaliana,flight,Landsberg ecotype,,whole_seedling,European Modular Cultivation System (EMCS),unknown,,False,,RNAseq analysis of the response of Arabidopsis thaliana to fractional gravity under blue-light stimulation during spaceflight,RNA Sequencing (RNA-Seq),European Modular Cultivation System (EMCS),
OSD-251,Atha_Ler-0_sl_FLT_0.18G_Rep3,Arabidopsis thaliana,flight,Landsberg ecotype,,whole_seedling,European Modular Cultivation System (EMCS),unknown,,False,,RNAseq analysis of the response of Arabidopsis thaliana to fractional gravity under blue-light stimulation during spaceflight,RNA Sequencing (RNA-Seq),European Modular Cultivation System (EMCS),
OSD-251,Atha_Ler-0_sl_FLT_0.36G_Rep1,Arabidopsis thaliana,flight,Landsberg ecotype,,whole_seedling,European Modular Cultivation System (EMCS),unknown,,False,,RNAseq analysis of the response of Arabidopsis thaliana to fractional gravity under blue-light stimulation during spaceflight,RNA Sequencing (RNA-Seq),European Modular Cultivation System (EMCS),
OSD-251,Atha_Ler-0_sl_FLT_0.36G_Rep2,Arabidopsis thaliana,flight,Landsberg ecotype,,whole_seedling,European Modular Cultivation System (EMCS),unknown,,False,,RNAseq analysis of the response of Arabidopsis thaliana to fractional gravity under blue-light stimulation during spaceflight,RNA Sequencing (RNA-Seq),European Modular Cultivation System (EMCS),
OSD-251,Atha_Ler-0_sl_FLT_0.36G_Rep3,Arabidopsis thaliana,flight,Landsberg ecotype,,whole_seedling,European Modular Cultivation System (EMCS),unknown,,False,,RNAseq analysis of the response of Arabidopsis thaliana to fractional gravity under blue-light stimulation during spaceflight,RNA Sequencing (RNA-Seq),European Modular Cultivation System (EMCS),
OSD-251,Atha_Ler-0_sl_FLT_0.57G_Rep1,Arabidopsis thaliana,flight,Landsberg ecotype,,whole_seedling,European Modular Cultivation System (EMCS),unknown,,False,,RNAseq analysis of the response of Arabidopsis thaliana to fractional gravity under blue-light stimulation during spaceflight,RNA Sequencing (RNA-Seq),European Modular Cultivation System (EMCS),
OSD-251,Atha_Ler-0_sl_FLT_0.57G_Rep2,Arabidopsis thaliana,flight,Landsberg ecotype,,whole_seedling,European Modular Cultivation System (EMCS),unknown,,False,,RNAseq analysis of the response of Arabidopsis thaliana to fractional gravity under blue-light stimulation during spaceflight,RNA Sequencing (RNA-Seq),European Modular Cultivation System (EMCS),
OSD-251,Atha_Ler-0_sl_FLT_0.57G_Rep3,Arabidopsis thaliana,flight,Landsberg ecotype,,whole_seedling,European Modular Cultivation System (EMCS),unknown,,False,,RNAseq analysis of the response of Arabidopsis thaliana to fractional gravity under blue-light stimulation during spaceflight,RNA Sequencing (RNA-Seq),European Modular Cultivation System (EMCS),
OSD-251,Atha_Ler-0_sl_FLT_0.57G_Rep4,Arabidopsis thaliana,flight,Landsberg ecotype,,whole_seedling,European Modular Cultivation System (EMCS),unknown,,False,,RNAseq analysis of the response of Arabidopsis thaliana to fractional gravity under blue-light stimulation during spaceflight,RNA Sequencing (RNA-Seq),European Modular Cultivation System (EMCS),
OSD-251,Atha_Ler-0_sl_FLT_1G_Rep1,Arabidopsis thaliana,flight,Landsberg ecotype,,whole_seedling,European Modular Cultivation System (EMCS),unknown,,False,,RNAseq analysis of the response of Arabidopsis thaliana to fractional gravity under blue-light stimulation during spaceflight,RNA Sequencing (RNA-Seq),European Modular Cultivation System (EMCS),
OSD-251,Atha_Ler-0_sl_FLT_1G_Rep2,Arabidopsis thaliana,flight,Landsberg ecotype,,whole_seedling,European Modular Cultivation System (EMCS),unknown,,False,,RNAseq analysis of the response of Arabidopsis thaliana to fractional gravity under blue-light stimulation during spaceflight,RNA Sequencing (RNA-Seq),European Modular Cultivation System (EMCS),
OSD-251,Atha_Ler-0_sl_FLT_1G_Rep3,Arabidopsis thaliana,flight,Landsberg ecotype,,whole_seedling,European Modular Cultivation System (EMCS),unknown,,False,,RNAseq analysis of the response of Arabidopsis thaliana to fractional gravity under blue-light stimulation during spaceflight,RNA Sequencing (RNA-Seq),European Modular Cultivation System (EMCS),
OSD-281,SAMN06468844,Arabidopsis thaliana,ground_control,Sku5,Sku5,root,Vegetable Production System (Veggie),unknown,4.0,False,,"During development, the Sku5 mutant roots engage different genes than wild type WS roots, either on the ground or in spaceflight.",RNA Sequencing (RNA-Seq),Vegetable Production System (VPS/Veggie),
OSD-281,SAMN06468842,Arabidopsis thaliana,ground_control,Sku5,Sku5,root,Vegetable Production System (Veggie),unknown,4.0,False,,"During development, the Sku5 mutant roots engage different genes than wild type WS roots, either on the ground or in spaceflight.",RNA Sequencing (RNA-Seq),Vegetable Production System (VPS/Veggie),
OSD-281,SAMN06468840,Arabidopsis thaliana,ground_control,Sku5,Sku5,root,Vegetable Production System (Veggie),unknown,4.0,False,,"During development, the Sku5 mutant roots engage different genes than wild type WS roots, either on the ground or in spaceflight.",RNA Sequencing (RNA-Seq),Vegetable Production System (VPS/Veggie),
OSD-281,SAMN06468841,Arabidopsis thaliana,ground_control,Sku5,Sku5,root,Vegetable Production System (Veggie),unknown,4.0,False,,"During development, the Sku5 mutant roots engage different genes than wild type WS roots, either on the ground or in spaceflight.",RNA Sequencing (RNA-Seq),Vegetable Production System (VPS/Veggie),
OSD-281,SAMN06468834,Arabidopsis thaliana,flight,Sku5,Sku5,root,Vegetable Production System (Veggie),unknown,4.0,False,,"During development, the Sku5 mutant roots engage different genes than wild type WS roots, either on the ground or in spaceflight.",RNA Sequencing (RNA-Seq),Vegetable Production System (VPS/Veggie),
OSD-281,SAMN06468837,Arabidopsis thaliana,flight,Sku5,Sku5,root,Vegetable Production System (Veggie),unknown,4.0,False,,"During development, the Sku5 mutant roots engage different genes than wild type WS roots, either on the ground or in spaceflight.",RNA Sequencing (RNA-Seq),Vegetable Production System (VPS/Veggie),
OSD-281,SAMN06468831,Arabidopsis thaliana,flight,Sku5,Sku5,root,Vegetable Production System (Veggie),unknown,4.0,False,,"During development, the Sku5 mutant roots engage different genes than wild type WS roots, either on the ground or in spaceflight.",RNA Sequencing (RNA-Seq),Vegetable Production System (VPS/Veggie),
OSD-281,SAMN06468839,Arabidopsis thaliana,flight,Sku5,Sku5,root,Vegetable Production System (Veggie),unknown,4.0,False,,"During development, the Sku5 mutant roots engage different genes than wild type WS roots, either on the ground or in spaceflight.",RNA Sequencing (RNA-Seq),Vegetable Production System (VPS/Veggie),
OSD-281,SAMN06468838,Arabidopsis thaliana,ground_control,Ws,WS,root,Vegetable Production System (Veggie),unknown,4.0,False,,"During development, the Sku5 mutant roots engage different genes than wild type WS roots, either on the ground or in spaceflight.",RNA Sequencing (RNA-Seq),Vegetable Production System (VPS/Veggie),
OSD-281,SAMN06468828,Arabidopsis thaliana,ground_control,Ws,WS,root,Vegetable Production System (Veggie),unknown,4.0,False,,"During development, the Sku5 mutant roots engage different genes than wild type WS roots, either on the ground or in spaceflight.",RNA Sequencing (RNA-Seq),Vegetable Production System (VPS/Veggie),
OSD-281,SAMN06468836,Arabidopsis thaliana,ground_control,Ws,WS,root,Vegetable Production System (Veggie),unknown,4.0,False,,"During development, the Sku5 mutant roots engage different genes than wild type WS roots, either on the ground or in spaceflight.",RNA Sequencing (RNA-Seq),Vegetable Production System (VPS/Veggie),
OSD-281,SAMN06468835,Arabidopsis thaliana,ground_control,Ws,WS,root,Vegetable Production System (Veggie),unknown,4.0,False,,"During development, the Sku5 mutant roots engage different genes than wild type WS roots, either on the ground or in spaceflight.",RNA Sequencing (RNA-Seq),Vegetable Production System (VPS/Veggie),
OSD-281,SAMN06468833,Arabidopsis thaliana,flight,Ws,WS,root,Vegetable Production System (Veggie),unknown,4.0,False,,"During development, the Sku5 mutant roots engage different genes than wild type WS roots, either on the ground or in spaceflight.",RNA Sequencing (RNA-Seq),Vegetable Production System (VPS/Veggie),
OSD-281,SAMN06468832,Arabidopsis thaliana,flight,Ws,WS,root,Vegetable Production System (Veggie),unknown,4.0,False,,"During development, the Sku5 mutant roots engage different genes than wild type WS roots, either on the ground or in spaceflight.",RNA Sequencing (RNA-Seq),Vegetable Production System (VPS/Veggie),
OSD-281,SAMN06468830,Arabidopsis thaliana,flight,Ws,WS,root,Vegetable Production System (Veggie),unknown,4.0,False,,"During development, the Sku5 mutant roots engage different genes than wild type WS roots, either on the ground or in spaceflight.",RNA Sequencing (RNA-Seq),Vegetable Production System (VPS/Veggie),
OSD-281,SAMN06468829,Arabidopsis thaliana,flight,Ws,WS,root,Vegetable Production System (Veggie),unknown,4.0,False,,"During development, the Sku5 mutant roots engage different genes than wild type WS roots, either on the ground or in spaceflight.",RNA Sequencing (RNA-Seq),Vegetable Production System (VPS/Veggie),
OSD-281,SAMN06468827,Arabidopsis thaliana,ground_control,Sku5,Sku5,root,Vegetable Production System (Veggie),unknown,8.0,False,,"During development, the Sku5 mutant roots engage different genes than wild type WS roots, either on the ground or in spaceflight.",RNA Sequencing (RNA-Seq),Vegetable Production System (VPS/Veggie),
OSD-281,SAMN06468825,Arabidopsis thaliana,ground_control,Sku5,Sku5,root,Vegetable Production System (Veggie),unknown,8.0,False,,"During development, the Sku5 mutant roots engage different genes than wild type WS roots, either on the ground or in spaceflight.",RNA Sequencing (RNA-Seq),Vegetable Production System (VPS/Veggie),
OSD-281,SAMN06468826,Arabidopsis thaliana,ground_control,Sku5,Sku5,root,Vegetable Production System (Veggie),unknown,8.0,False,,"During development, the Sku5 mutant roots engage different genes than wild type WS roots, either on the ground or in spaceflight.",RNA Sequencing (RNA-Seq),Vegetable Production System (VPS/Veggie),
OSD-281,SAMN06468823,Arabidopsis thaliana,ground_control,Sku5,Sku5,root,Vegetable Production System (Veggie),unknown,8.0,False,,"During development, the Sku5 mutant roots engage different genes than wild type WS roots, either on the ground or in spaceflight.",RNA Sequencing (RNA-Seq),Vegetable Production System (VPS/Veggie),
OSD-281,SAMN06468824,Arabidopsis thaliana,flight,Sku5,Sku5,root,Vegetable Production System (Veggie),unknown,8.0,False,,"During development, the Sku5 mutant roots engage different genes than wild type WS roots, either on the ground or in spaceflight.",RNA Sequencing (RNA-Seq),Vegetable Production System (VPS/Veggie),
OSD-281,SAMN06468822,Arabidopsis thaliana,flight,Sku5,Sku5,root,Vegetable Production System (Veggie),unknown,8.0,False,,"During development, the Sku5 mutant roots engage different genes than wild type WS roots, either on the ground or in spaceflight.",RNA Sequencing (RNA-Seq),Vegetable Production System (VPS/Veggie),
OSD-281,SAMN06468820,Arabidopsis thaliana,flight,Sku5,Sku5,root,Vegetable Production System (Veggie),unknown,8.0,False,,"During development, the Sku5 mutant roots engage different genes than wild type WS roots, either on the ground or in spaceflight.",RNA Sequencing (RNA-Seq),Vegetable Production System (VPS/Veggie),
OSD-281,SAMN06468819,Arabidopsis thaliana,flight,Sku5,Sku5,root,Vegetable Production System (Veggie),unknown,8.0,False,,"During development, the Sku5 mutant roots engage different genes than wild type WS roots, either on the ground or in spaceflight.",RNA Sequencing (RNA-Seq),Vegetable Production System (VPS/Veggie),
OSD-281,SAMN06468818,Arabidopsis thaliana,ground_control,Ws,WS,root,Vegetable Production System (Veggie),unknown,8.0,False,,"During development, the Sku5 mutant roots engage different genes than wild type WS roots, either on the ground or in spaceflight.",RNA Sequencing (RNA-Seq),Vegetable Production System (VPS/Veggie),
OSD-281,SAMN06468821,Arabidopsis thaliana,ground_control,Ws,WS,root,Vegetable Production System (Veggie),unknown,8.0,False,,"During development, the Sku5 mutant roots engage different genes than wild type WS roots, either on the ground or in spaceflight.",RNA Sequencing (RNA-Seq),Vegetable Production System (VPS/Veggie),
OSD-281,SAMN06468817,Arabidopsis thaliana,ground_control,Ws,WS,root,Vegetable Production System (Veggie),unknown,8.0,False,,"During development, the Sku5 mutant roots engage different genes than wild type WS roots, either on the ground or in spaceflight.",RNA Sequencing (RNA-Seq),Vegetable Production System (VPS/Veggie),
OSD-281,SAMN06468816,Arabidopsis thaliana,ground_control,Ws,WS,root,Vegetable Production System (Veggie),unknown,8.0,False,,"During development, the Sku5 mutant roots engage different genes than wild type WS roots, either on the ground or in spaceflight.",RNA Sequencing (RNA-Seq),Vegetable Production System (VPS/Veggie),
OSD-281,SAMN06468814,Arabidopsis thaliana,flight,Ws,WS,root,Vegetable Production System (Veggie),unknown,8.0,False,,"During development, the Sku5 mutant roots engage different genes than wild type WS roots, either on the ground or in spaceflight.",RNA Sequencing (RNA-Seq),Vegetable Production System (VPS/Veggie),
OSD-281,SAMN06468815,Arabidopsis thaliana,flight,Ws,WS,root,Vegetable Production System (Veggie),unknown,8.0,False,,"During development, the Sku5 mutant roots engage different genes than wild type WS roots, either on the ground or in spaceflight.",RNA Sequencing (RNA-Seq),Vegetable Production System (VPS/Veggie),
OSD-281,SAMN06468813,Arabidopsis thaliana,flight,Ws,WS,root,Vegetable Production System (Veggie),unknown,8.0,False,,"During development, the Sku5 mutant roots engage different genes than wild type WS roots, either on the ground or in spaceflight.",RNA Sequencing (RNA-Seq),Vegetable Production System (VPS/Veggie),
OSD-281,SAMN06468812,Arabidopsis thaliana,flight,Ws,WS,root,Vegetable Production System (Veggie),unknown,8.0,False,,"During development, the Sku5 mutant roots engage different genes than wild type WS roots, either on the ground or in spaceflight.",RNA Sequencing (RNA-Seq),Vegetable Production System (VPS/Veggie),
OSD-314,21H5_WT_RED_Col0_1g_Rep1,Arabidopsis thaliana,ground_control,Col-0,Wild Type,whole_seedling,European Modular Cultivation System (EMCS),LD_16:8,,False,,Adaptive response of Arabidopsis seedlings in microgravity and Mars reduced gravity environment is enhanced by red light photostimulation,RNA Sequencing (RNA-Seq),European Modular Cultivation System (EMCS),
OSD-314,22A6_WT_RED_Col0_1g_Rep2,Arabidopsis thaliana,ground_control,Col-0,Wild Type,whole_seedling,European Modular Cultivation System (EMCS),LD_16:8,,False,,Adaptive response of Arabidopsis seedlings in microgravity and Mars reduced gravity environment is enhanced by red light photostimulation,RNA Sequencing (RNA-Seq),European Modular Cultivation System (EMCS),
OSD-314,23B6_WT_RED_Col0_1g_Rep3,Arabidopsis thaliana,ground_control,Col-0,Wild Type,whole_seedling,European Modular Cultivation System (EMCS),LD_16:8,,False,,Adaptive response of Arabidopsis seedlings in microgravity and Mars reduced gravity environment is enhanced by red light photostimulation,RNA Sequencing (RNA-Seq),European Modular Cultivation System (EMCS),
OSD-314,30H7_WT_DARK_Col0_1g_Rep1,Arabidopsis thaliana,ground_control,Col-0,Wild Type,whole_seedling,European Modular Cultivation System (EMCS),LD_16:8,,False,,Adaptive response of Arabidopsis seedlings in microgravity and Mars reduced gravity environment is enhanced by red light photostimulation,RNA Sequencing (RNA-Seq),European Modular Cultivation System (EMCS),
OSD-314,31A8_WT_DARK_Col0_1g_Rep2,Arabidopsis thaliana,ground_control,Col-0,Wild Type,whole_seedling,European Modular Cultivation System (EMCS),LD_16:8,,False,,Adaptive response of Arabidopsis seedlings in microgravity and Mars reduced gravity environment is enhanced by red light photostimulation,RNA Sequencing (RNA-Seq),European Modular Cultivation System (EMCS),
OSD-314,32B8_WT_DARK_Col0_1g_Rep3,Arabidopsis thaliana,ground_control,Col-0,Wild Type,whole_seedling,European Modular Cultivation System (EMCS),LD_16:8,,False,,Adaptive response of Arabidopsis seedlings in microgravity and Mars reduced gravity environment is enhanced by red light photostimulation,RNA Sequencing (RNA-Seq),European Modular Cultivation System (EMCS),
OSD-314,05G4_WT_RED_Col0_03g_Rep1,Arabidopsis thaliana,flight,Col-0,Wild Type,whole_seedling,European Modular Cultivation System (EMCS),LD_16:8,,False,,Adaptive response of Arabidopsis seedlings in microgravity and Mars reduced gravity environment is enhanced by red light photostimulation,RNA Sequencing (RNA-Seq),European Modular Cultivation System (EMCS),
OSD-314,06H4_WT_RED_Col0_03g_Rep2,Arabidopsis thaliana,flight,Col-0,Wild Type,whole_seedling,European Modular Cultivation System (EMCS),LD_16:8,,False,,Adaptive response of Arabidopsis seedlings in microgravity and Mars reduced gravity environment is enhanced by red light photostimulation,RNA Sequencing (RNA-Seq),European Modular Cultivation System (EMCS),
OSD-314,07A5_WT_RED_Col0_03g_Rep3,Arabidopsis thaliana,flight,Col-0,Wild Type,whole_seedling,European Modular Cultivation System (EMCS),LD_16:8,,False,,Adaptive response of Arabidopsis seedlings in microgravity and Mars reduced gravity environment is enhanced by red light photostimulation,RNA Sequencing (RNA-Seq),European Modular Cultivation System (EMCS),
OSD-314,13I4_WT_DARK_Col0_03g_Rep1,Arabidopsis thaliana,flight,Col-0,Wild Type,whole_seedling,European Modular Cultivation System (EMCS),LD_16:8,,False,,Adaptive response of Arabidopsis seedlings in microgravity and Mars reduced gravity environment is enhanced by red light photostimulation,RNA Sequencing (RNA-Seq),European Modular Cultivation System (EMCS),
OSD-314,14J4_WT_DARK_Col0_03g_Rep2,Arabidopsis thaliana,flight,Col-0,Wild Type,whole_seedling,European Modular Cultivation System (EMCS),LD_16:8,,False,,Adaptive response of Arabidopsis seedlings in microgravity and Mars reduced gravity environment is enhanced by red light photostimulation,RNA Sequencing (RNA-Seq),European Modular Cultivation System (EMCS),
OSD-314,15A7_WT_DARK_Col0_03g_Rep3,Arabidopsis thaliana,flight,Col-0,Wild Type,whole_seedling,European Modular Cultivation System (EMCS),LD_16:8,,False,,Adaptive response of Arabidopsis seedlings in microgravity and Mars reduced gravity environment is enhanced by red light photostimulation,RNA Sequencing (RNA-Seq),European Modular Cultivation System (EMCS),
OSD-314,JBA1_WT_DARK_Col0_0g_Rep1,Arabidopsis thaliana,flight,Col-0,Wild Type,whole_seedling,European Modular Cultivation System (EMCS),LD_16:8,,False,,Adaptive response of Arabidopsis seedlings in microgravity and Mars reduced gravity environment is enhanced by red light photostimulation,RNA Sequencing (RNA-Seq),European Modular Cultivation System (EMCS),
OSD-314,JBB1_WT_DARK_Col0_0g_Rep2,Arabidopsis thaliana,flight,Col-0,Wild Type,whole_seedling,European Modular Cultivation System (EMCS),LD_16:8,,False,,Adaptive response of Arabidopsis seedlings in microgravity and Mars reduced gravity environment is enhanced by red light photostimulation,RNA Sequencing (RNA-Seq),European Modular Cultivation System (EMCS),
OSD-314,JBH2_WT_RED_Col0_0g_Rep1,Arabidopsis thaliana,flight,Col-0,Wild Type,whole_seedling,European Modular Cultivation System (EMCS),LD_16:8,,False,,Adaptive response of Arabidopsis seedlings in microgravity and Mars reduced gravity environment is enhanced by red light photostimulation,RNA Sequencing (RNA-Seq),European Modular Cultivation System (EMCS),
OSD-314,JBA3_WT_RED_Col0_0g_Rep2,Arabidopsis thaliana,flight,Col-0,Wild Type,whole_seedling,European Modular Cultivation System (EMCS),LD_16:8,,False,,Adaptive response of Arabidopsis seedlings in microgravity and Mars reduced gravity environment is enhanced by red light photostimulation,RNA Sequencing (RNA-Seq),European Modular Cultivation System (EMCS),
OSD-314,JBB3_WT_RED_Col0_0g_Rep3,Arabidopsis thaliana,flight,Col-0,Wild Type,whole_seedling,European Modular Cultivation System (EMCS),LD_16:8,,False,,Adaptive response of Arabidopsis seedlings in microgravity and Mars reduced gravity environment is enhanced by red light photostimulation,RNA Sequencing (RNA-Seq),European Modular Cultivation System (EMCS),
OSD-321,GSM4486031,Arabidopsis thaliana,flight,Col-0,bzip28-2,whole_seedling,BRIC-PDFU (Petri Dish Fixation Unit),dark,,False,,Relevance of Unfolded Protein Response to Spaceflight-Induced Transcriptional Reprogramming in Arabidopsis,RNA Sequencing (RNA-Seq),Biological Research In Canisters (BRIC),
OSD-321,GSM4486032,Arabidopsis thaliana,flight,Col-0,bzip28-2,whole_seedling,BRIC-PDFU (Petri Dish Fixation Unit),dark,,False,,Relevance of Unfolded Protein Response to Spaceflight-Induced Transcriptional Reprogramming in Arabidopsis,RNA Sequencing (RNA-Seq),Biological Research In Canisters (BRIC),
OSD-321,GSM4486033,Arabidopsis thaliana,flight,Col-0,bzip28-2,whole_seedling,BRIC-PDFU (Petri Dish Fixation Unit),dark,,False,,Relevance of Unfolded Protein Response to Spaceflight-Induced Transcriptional Reprogramming in Arabidopsis,RNA Sequencing (RNA-Seq),Biological Research In Canisters (BRIC),
OSD-321,GSM4486034,Arabidopsis thaliana,flight,Col-0,bzip28-2,whole_seedling,BRIC-PDFU (Petri Dish Fixation Unit),dark,,False,,Relevance of Unfolded Protein Response to Spaceflight-Induced Transcriptional Reprogramming in Arabidopsis,RNA Sequencing (RNA-Seq),Biological Research In Canisters (BRIC),
OSD-321,GSM4486035,Arabidopsis thaliana,ground_control,Col-0,bzip28-2,whole_seedling,BRIC-PDFU (Petri Dish Fixation Unit),dark,,False,,Relevance of Unfolded Protein Response to Spaceflight-Induced Transcriptional Reprogramming in Arabidopsis,RNA Sequencing (RNA-Seq),Biological Research In Canisters (BRIC),
OSD-321,GSM4486036,Arabidopsis thaliana,ground_control,Col-0,bzip28-2,whole_seedling,BRIC-PDFU (Petri Dish Fixation Unit),dark,,False,,Relevance of Unfolded Protein Response to Spaceflight-Induced Transcriptional Reprogramming in Arabidopsis,RNA Sequencing (RNA-Seq),Biological Research In Canisters (BRIC),
OSD-321,GSM4486037,Arabidopsis thaliana,ground_control,Col-0,bzip28-2,whole_seedling,BRIC-PDFU (Petri Dish Fixation Unit),dark,,False,,Relevance of Unfolded Protein Response to Spaceflight-Induced Transcriptional Reprogramming in Arabidopsis,RNA Sequencing (RNA-Seq),Biological Research In Canisters (BRIC),
OSD-321,GSM4486038,Arabidopsis thaliana,ground_control,Col-0,bzip28-2,whole_seedling,BRIC-PDFU (Petri Dish Fixation Unit),dark,,False,,Relevance of Unfolded Protein Response to Spaceflight-Induced Transcriptional Reprogramming in Arabidopsis,RNA Sequencing (RNA-Seq),Biological Research In Canisters (BRIC),
OSD-321,GSM4486039,Arabidopsis thaliana,flight,Col-0,bzip60-2,whole_seedling,BRIC-PDFU (Petri Dish Fixation Unit),dark,,False,,Relevance of Unfolded Protein Response to Spaceflight-Induced Transcriptional Reprogramming in Arabidopsis,RNA Sequencing (RNA-Seq),Biological Research In Canisters (BRIC),
OSD-321,GSM4486040,Arabidopsis thaliana,flight,Col-0,bzip60-2,whole_seedling,BRIC-PDFU (Petri Dish Fixation Unit),dark,,False,,Relevance of Unfolded Protein Response to Spaceflight-Induced Transcriptional Reprogramming in Arabidopsis,RNA Sequencing (RNA-Seq),Biological Research In Canisters (BRIC),
OSD-321,GSM4486041,Arabidopsis thaliana,flight,Col-0,bzip60-2,whole_seedling,BRIC-PDFU (Petri Dish Fixation Unit),dark,,False,,Relevance of Unfolded Protein Response to Spaceflight-Induced Transcriptional Reprogramming in Arabidopsis,RNA Sequencing (RNA-Seq),Biological Research In Canisters (BRIC),
OSD-321,GSM4486042,Arabidopsis thaliana,flight,Col-0,bzip60-2,whole_seedling,BRIC-PDFU (Petri Dish Fixation Unit),dark,,False,,Relevance of Unfolded Protein Response to Spaceflight-Induced Transcriptional Reprogramming in Arabidopsis,RNA Sequencing (RNA-Seq),Biological Research In Canisters (BRIC),
OSD-321,GSM4486043,Arabidopsis thaliana,ground_control,Col-0,bzip60-2,whole_seedling,BRIC-PDFU (Petri Dish Fixation Unit),dark,,False,,Relevance of Unfolded Protein Response to Spaceflight-Induced Transcriptional Reprogramming in Arabidopsis,RNA Sequencing (RNA-Seq),Biological Research In Canisters (BRIC),
OSD-321,GSM4486044,Arabidopsis thaliana,ground_control,Col-0,bzip60-2,whole_seedling,BRIC-PDFU (Petri Dish Fixation Unit),dark,,False,,Relevance of Unfolded Protein Response to Spaceflight-Induced Transcriptional Reprogramming in Arabidopsis,RNA Sequencing (RNA-Seq),Biological Research In Canisters (BRIC),
OSD-321,GSM4486045,Arabidopsis thaliana,ground_control,Col-0,bzip60-2,whole_seedling,BRIC-PDFU (Petri Dish Fixation Unit),dark,,False,,Relevance of Unfolded Protein Response to Spaceflight-Induced Transcriptional Reprogramming in Arabidopsis,RNA Sequencing (RNA-Seq),Biological Research In Canisters (BRIC),
OSD-321,GSM4486046,Arabidopsis thaliana,ground_control,Col-0,bzip60-2,whole_seedling,BRIC-PDFU (Petri Dish Fixation Unit),dark,,False,,Relevance of Unfolded Protein Response to Spaceflight-Induced Transcriptional Reprogramming in Arabidopsis,RNA Sequencing (RNA-Seq),Biological Research In Canisters (BRIC),
OSD-321,GSM4486047,Arabidopsis thaliana,flight,Col-0,bzip28-2 bzip60-1,whole_seedling,BRIC-PDFU (Petri Dish Fixation Unit),dark,,False,,Relevance of Unfolded Protein Response to Spaceflight-Induced Transcriptional Reprogramming in Arabidopsis,RNA Sequencing (RNA-Seq),Biological Research In Canisters (BRIC),
OSD-321,GSM4486048,Arabidopsis thaliana,flight,Col-0,bzip28-2 bzip60-1,whole_seedling,BRIC-PDFU (Petri Dish Fixation Unit),dark,,False,,Relevance of Unfolded Protein Response to Spaceflight-Induced Transcriptional Reprogramming in Arabidopsis,RNA Sequencing (RNA-Seq),Biological Research In Canisters (BRIC),
OSD-321,GSM4486049,Arabidopsis thaliana,flight,Col-0,bzip28-2 bzip60-1,whole_seedling,BRIC-PDFU (Petri Dish Fixation Unit),dark,,False,,Relevance of Unfolded Protein Response to Spaceflight-Induced Transcriptional Reprogramming in Arabidopsis,RNA Sequencing (RNA-Seq),Biological Research In Canisters (BRIC),
OSD-321,GSM4486050,Arabidopsis thaliana,flight,Col-0,bzip28-2 bzip60-1,whole_seedling,BRIC-PDFU (Petri Dish Fixation Unit),dark,,False,,Relevance of Unfolded Protein Response to Spaceflight-Induced Transcriptional Reprogramming in Arabidopsis,RNA Sequencing (RNA-Seq),Biological Research In Canisters (BRIC),
OSD-321,GSM4486051,Arabidopsis thaliana,flight,Col-0,bzip28-2 bzip60-1,whole_seedling,BRIC-PDFU (Petri Dish Fixation Unit),dark,,False,,Relevance of Unfolded Protein Response to Spaceflight-Induced Transcriptional Reprogramming in Arabidopsis,RNA Sequencing (RNA-Seq),Biological Research In Canisters (BRIC),
OSD-321,GSM4486052,Arabidopsis thaliana,ground_control,Col-0,bzip28-2 bzip60-1,whole_seedling,BRIC-PDFU (Petri Dish Fixation Unit),dark,,False,,Relevance of Unfolded Protein Response to Spaceflight-Induced Transcriptional Reprogramming in Arabidopsis,RNA Sequencing (RNA-Seq),Biological Research In Canisters (BRIC),
OSD-321,GSM4486053,Arabidopsis thaliana,ground_control,Col-0,bzip28-2 bzip60-1,whole_seedling,BRIC-PDFU (Petri Dish Fixation Unit),dark,,False,,Relevance of Unfolded Protein Response to Spaceflight-Induced Transcriptional Reprogramming in Arabidopsis,RNA Sequencing (RNA-Seq),Biological Research In Canisters (BRIC),
OSD-321,GSM4486054,Arabidopsis thaliana,ground_control,Col-0,bzip28-2 bzip60-1,whole_seedling,BRIC-PDFU (Petri Dish Fixation Unit),dark,,False,,Relevance of Unfolded Protein Response to Spaceflight-Induced Transcriptional Reprogramming in Arabidopsis,RNA Sequencing (RNA-Seq),Biological Research In Canisters (BRIC),
OSD-321,GSM4486055,Arabidopsis thaliana,ground_control,Col-0,bzip28-2 bzip60-1,whole_seedling,BRIC-PDFU (Petri Dish Fixation Unit),dark,,False,,Relevance of Unfolded Protein Response to Spaceflight-Induced Transcriptional Reprogramming in Arabidopsis,RNA Sequencing (RNA-Seq),Biological Research In Canisters (BRIC),
OSD-321,GSM4486056,Arabidopsis thaliana,ground_control,Col-0,bzip28-2 bzip60-1,whole_seedling,BRIC-PDFU (Petri Dish Fixation Unit),dark,,False,,Relevance of Unfolded Protein Response to Spaceflight-Induced Transcriptional Reprogramming in Arabidopsis,RNA Sequencing (RNA-Seq),Biological Research In Canisters (BRIC),
OSD-321,GSM4486057,Arabidopsis thaliana,flight,Col-0,ire1a-4 ire1b-2,whole_seedling,BRIC-PDFU (Petri Dish Fixation Unit),dark,,False,,Relevance of Unfolded Protein Response to Spaceflight-Induced Transcriptional Reprogramming in Arabidopsis,RNA Sequencing (RNA-Seq),Biological Research In Canisters (BRIC),
OSD-321,GSM4486058,Arabidopsis thaliana,flight,Col-0,ire1a-4 ire1b-2,whole_seedling,BRIC-PDFU (Petri Dish Fixation Unit),dark,,False,,Relevance of Unfolded Protein Response to Spaceflight-Induced Transcriptional Reprogramming in Arabidopsis,RNA Sequencing (RNA-Seq),Biological Research In Canisters (BRIC),
OSD-321,GSM4486059,Arabidopsis thaliana,flight,Col-0,ire1a-4 ire1b-2,whole_seedling,BRIC-PDFU (Petri Dish Fixation Unit),dark,,False,,Relevance of Unfolded Protein Response to Spaceflight-Induced Transcriptional Reprogramming in Arabidopsis,RNA Sequencing (RNA-Seq),Biological Research In Canisters (BRIC),
OSD-321,GSM4486060,Arabidopsis thaliana,flight,Col-0,ire1a-4 ire1b-2,whole_seedling,BRIC-PDFU (Petri Dish Fixation Unit),dark,,False,,Relevance of Unfolded Protein Response to Spaceflight-Induced Transcriptional Reprogramming in Arabidopsis,RNA Sequencing (RNA-Seq),Biological Research In Canisters (BRIC),
OSD-321,GSM4486061,Arabidopsis thaliana,ground_control,Col-0,ire1a-4 ire1b-2,whole_seedling,BRIC-PDFU (Petri Dish Fixation Unit),dark,,False,,Relevance of Unfolded Protein Response to Spaceflight-Induced Transcriptional Reprogramming in Arabidopsis,RNA Sequencing (RNA-Seq),Biological Research In Canisters (BRIC),
OSD-321,GSM4486062,Arabidopsis thaliana,ground_control,Col-0,ire1a-4 ire1b-2,whole_seedling,BRIC-PDFU (Petri Dish Fixation Unit),dark,,False,,Relevance of Unfolded Protein Response to Spaceflight-Induced Transcriptional Reprogramming in Arabidopsis,RNA Sequencing (RNA-Seq),Biological Research In Canisters (BRIC),
OSD-321,GSM4486063,Arabidopsis thaliana,ground_control,Col-0,ire1a-4 ire1b-2,whole_seedling,BRIC-PDFU (Petri Dish Fixation Unit),dark,,False,,Relevance of Unfolded Protein Response to Spaceflight-Induced Transcriptional Reprogramming in Arabidopsis,RNA Sequencing (RNA-Seq),Biological Research In Canisters (BRIC),
OSD-321,GSM4486064,Arabidopsis thaliana,ground_control,Col-0,ire1a-4 ire1b-2,whole_seedling,BRIC-PDFU (Petri Dish Fixation Unit),dark,,False,,Relevance of Unfolded Protein Response to Spaceflight-Induced Transcriptional Reprogramming in Arabidopsis,RNA Sequencing (RNA-Seq),Biological Research In Canisters (BRIC),
OSD-321,GSM4486065,Arabidopsis thaliana,flight,Col-0,Wild Type,whole_seedling,BRIC-PDFU (Petri Dish Fixation Unit),dark,,False,,Relevance of Unfolded Protein Response to Spaceflight-Induced Transcriptional Reprogramming in Arabidopsis,RNA Sequencing (RNA-Seq),Biological Research In Canisters (BRIC),
OSD-321,GSM4486066,Arabidopsis thaliana,flight,Col-0,Wild Type,whole_seedling,BRIC-PDFU (Petri Dish Fixation Unit),dark,,False,,Relevance of Unfolded Protein Response to Spaceflight-Induced Transcriptional Reprogramming in Arabidopsis,RNA Sequencing (RNA-Seq),Biological Research In Canisters (BRIC),
OSD-321,GSM4486067,Arabidopsis thaliana,flight,Col-0,Wild Type,whole_seedling,BRIC-PDFU (Petri Dish Fixation Unit),dark,,False,,Relevance of Unfolded Protein Response to Spaceflight-Induced Transcriptional Reprogramming in Arabidopsis,RNA Sequencing (RNA-Seq),Biological Research In Canisters (BRIC),
OSD-321,GSM4486068,Arabidopsis thaliana,flight,Col-0,Wild Type,whole_seedling,BRIC-PDFU (Petri Dish Fixation Unit),dark,,False,,Relevance of Unfolded Protein Response to Spaceflight-Induced Transcriptional Reprogramming in Arabidopsis,RNA Sequencing (RNA-Seq),Biological Research In Canisters (BRIC),
OSD-321,GSM4486069,Arabidopsis thaliana,flight,Col-0,Wild Type,whole_seedling,BRIC-PDFU (Petri Dish Fixation Unit),dark,,False,,Relevance of Unfolded Protein Response to Spaceflight-Induced Transcriptional Reprogramming in Arabidopsis,RNA Sequencing (RNA-Seq),Biological Research In Canisters (BRIC),
OSD-321,GSM4486070,Arabidopsis thaliana,ground_control,Col-0,Wild Type,whole_seedling,BRIC-PDFU (Petri Dish Fixation Unit),dark,,False,,Relevance of Unfolded Protein Response to Spaceflight-Induced Transcriptional Reprogramming in Arabidopsis,RNA Sequencing (RNA-Seq),Biological Research In Canisters (BRIC),
OSD-321,GSM4486071,Arabidopsis thaliana,ground_control,Col-0,Wild Type,whole_seedling,BRIC-PDFU (Petri Dish Fixation Unit),dark,,False,,Relevance of Unfolded Protein Response to Spaceflight-Induced Transcriptional Reprogramming in Arabidopsis,RNA Sequencing (RNA-Seq),Biological Research In Canisters (BRIC),
OSD-321,GSM4486072,Arabidopsis thaliana,ground_control,Col-0,Wild Type,whole_seedling,BRIC-PDFU (Petri Dish Fixation Unit),dark,,False,,Relevance of Unfolded Protein Response to Spaceflight-Induced Transcriptional Reprogramming in Arabidopsis,RNA Sequencing (RNA-Seq),Biological Research In Canisters (BRIC),
OSD-321,GSM4486073,Arabidopsis thaliana,ground_control,Col-0,Wild Type,whole_seedling,BRIC-PDFU (Petri Dish Fixation Unit),dark,,False,,Relevance of Unfolded Protein Response to Spaceflight-Induced Transcriptional Reprogramming in Arabidopsis,RNA Sequencing (RNA-Seq),Biological Research In Canisters (BRIC),
OSD-321,GSM4486074,Arabidopsis thaliana,ground_control,Col-0,Wild Type,whole_seedling,BRIC-PDFU (Petri Dish Fixation Unit),dark,,False,,Relevance of Unfolded Protein Response to Spaceflight-Induced Transcriptional Reprogramming in Arabidopsis,RNA Sequencing (RNA-Seq),Biological Research In Canisters (BRIC),
OSD-346,Athaliana_PhyA_Sample_112_0G,Arabidopsis thaliana,flight,Landsberg erecta,Phytochrome A mutant,,European Modular Cultivation System (EMCS),unknown,,False,,"RNAseq analysis of the response of Arabidopsis thaliana phytochrome mutants (PhyA, PhyB) to fractional gravity under blue-light stimulation during spaceflight",RNA Sequencing (RNA-Seq),European Modular Cultivation System (EMCS),
OSD-346,Athaliana_PhyA_Sample_115_0G,Arabidopsis thaliana,flight,Landsberg erecta,Phytochrome A mutant,,European Modular Cultivation System (EMCS),unknown,,False,,"RNAseq analysis of the response of Arabidopsis thaliana phytochrome mutants (PhyA, PhyB) to fractional gravity under blue-light stimulation during spaceflight",RNA Sequencing (RNA-Seq),European Modular Cultivation System (EMCS),
OSD-346,Athaliana_PhyA_Sample_132_0-08G,Arabidopsis thaliana,flight,Landsberg erecta,Phytochrome A mutant,,European Modular Cultivation System (EMCS),unknown,,False,,"RNAseq analysis of the response of Arabidopsis thaliana phytochrome mutants (PhyA, PhyB) to fractional gravity under blue-light stimulation during spaceflight",RNA Sequencing (RNA-Seq),European Modular Cultivation System (EMCS),
OSD-346,Athaliana_PhyA_Sample_134_0-11G,Arabidopsis thaliana,flight,Landsberg erecta,Phytochrome A mutant,,European Modular Cultivation System (EMCS),unknown,,False,,"RNAseq analysis of the response of Arabidopsis thaliana phytochrome mutants (PhyA, PhyB) to fractional gravity under blue-light stimulation during spaceflight",RNA Sequencing (RNA-Seq),European Modular Cultivation System (EMCS),
OSD-346,Athaliana_PhyA_Sample_152_0-25G,Arabidopsis thaliana,flight,Landsberg erecta,Phytochrome A mutant,,European Modular Cultivation System (EMCS),unknown,,False,,"RNAseq analysis of the response of Arabidopsis thaliana phytochrome mutants (PhyA, PhyB) to fractional gravity under blue-light stimulation during spaceflight",RNA Sequencing (RNA-Seq),European Modular Cultivation System (EMCS),
OSD-346,Athaliana_PhyA_Sample_155_0-39G,Arabidopsis thaliana,flight,Landsberg erecta,Phytochrome A mutant,,European Modular Cultivation System (EMCS),unknown,,False,,"RNAseq analysis of the response of Arabidopsis thaliana phytochrome mutants (PhyA, PhyB) to fractional gravity under blue-light stimulation during spaceflight",RNA Sequencing (RNA-Seq),European Modular Cultivation System (EMCS),
OSD-346,Athaliana_PhyA_Sample_212_0-42G,Arabidopsis thaliana,flight,Landsberg erecta,Phytochrome A mutant,,European Modular Cultivation System (EMCS),unknown,,False,,"RNAseq analysis of the response of Arabidopsis thaliana phytochrome mutants (PhyA, PhyB) to fractional gravity under blue-light stimulation during spaceflight",RNA Sequencing (RNA-Seq),European Modular Cultivation System (EMCS),
OSD-346,Athaliana_PhyA_Sample_172_0-64G,Arabidopsis thaliana,flight,Landsberg erecta,Phytochrome A mutant,,European Modular Cultivation System (EMCS),unknown,,False,,"RNAseq analysis of the response of Arabidopsis thaliana phytochrome mutants (PhyA, PhyB) to fractional gravity under blue-light stimulation during spaceflight",RNA Sequencing (RNA-Seq),European Modular Cultivation System (EMCS),
OSD-346,Athaliana_PhyA_Sample_215_0-65G,Arabidopsis thaliana,flight,Landsberg erecta,Phytochrome A mutant,,European Modular Cultivation System (EMCS),unknown,,False,,"RNAseq analysis of the response of Arabidopsis thaliana phytochrome mutants (PhyA, PhyB) to fractional gravity under blue-light stimulation during spaceflight",RNA Sequencing (RNA-Seq),European Modular Cultivation System (EMCS),
OSD-346,Athaliana_PhyA_Sample_232_0-68G,Arabidopsis thaliana,flight,Landsberg erecta,Phytochrome A mutant,,European Modular Cultivation System (EMCS),unknown,,False,,"RNAseq analysis of the response of Arabidopsis thaliana phytochrome mutants (PhyA, PhyB) to fractional gravity under blue-light stimulation during spaceflight",RNA Sequencing (RNA-Seq),European Modular Cultivation System (EMCS),
OSD-346,Athaliana_PhyA_Sample_174_0-88G,Arabidopsis thaliana,flight,Landsberg erecta,Phytochrome A mutant,,European Modular Cultivation System (EMCS),unknown,,False,,"RNAseq analysis of the response of Arabidopsis thaliana phytochrome mutants (PhyA, PhyB) to fractional gravity under blue-light stimulation during spaceflight",RNA Sequencing (RNA-Seq),European Modular Cultivation System (EMCS),
OSD-346,Athaliana_PhyA_Sample_234_0-92G,Arabidopsis thaliana,flight,Landsberg erecta,Phytochrome A mutant,,European Modular Cultivation System (EMCS),unknown,,False,,"RNAseq analysis of the response of Arabidopsis thaliana phytochrome mutants (PhyA, PhyB) to fractional gravity under blue-light stimulation during spaceflight",RNA Sequencing (RNA-Seq),European Modular Cultivation System (EMCS),
OSD-346,Athaliana_PhyA_Sample_117_0G,Arabidopsis thaliana,flight,Landsberg erecta,Phytochrome A mutant,,European Modular Cultivation System (EMCS),unknown,,False,,"RNAseq analysis of the response of Arabidopsis thaliana phytochrome mutants (PhyA, PhyB) to fractional gravity under blue-light stimulation during spaceflight",RNA Sequencing (RNA-Seq),European Modular Cultivation System (EMCS),
OSD-346,Athaliana_PhyA_Sample_119_0G,Arabidopsis thaliana,flight,Landsberg erecta,Phytochrome A mutant,,European Modular Cultivation System (EMCS),unknown,,False,,"RNAseq analysis of the response of Arabidopsis thaliana phytochrome mutants (PhyA, PhyB) to fractional gravity under blue-light stimulation during spaceflight",RNA Sequencing (RNA-Seq),European Modular Cultivation System (EMCS),
OSD-346,Athaliana_PhyA_Sample_137_0-08G,Arabidopsis thaliana,flight,Landsberg erecta,Phytochrome A mutant,,European Modular Cultivation System (EMCS),unknown,,False,,"RNAseq analysis of the response of Arabidopsis thaliana phytochrome mutants (PhyA, PhyB) to fractional gravity under blue-light stimulation during spaceflight",RNA Sequencing (RNA-Seq),European Modular Cultivation System (EMCS),
OSD-346,Athaliana_PhyA_Sample_140_0-13G,Arabidopsis thaliana,flight,Landsberg erecta,Phytochrome A mutant,,European Modular Cultivation System (EMCS),unknown,,False,,"RNAseq analysis of the response of Arabidopsis thaliana phytochrome mutants (PhyA, PhyB) to fractional gravity under blue-light stimulation during spaceflight",RNA Sequencing (RNA-Seq),European Modular Cultivation System (EMCS),
OSD-346,Athaliana_PhyA_Sample_157_0-25G,Arabidopsis thaliana,flight,Landsberg erecta,Phytochrome A mutant,,European Modular Cultivation System (EMCS),unknown,,False,,"RNAseq analysis of the response of Arabidopsis thaliana phytochrome mutants (PhyA, PhyB) to fractional gravity under blue-light stimulation during spaceflight",RNA Sequencing (RNA-Seq),European Modular Cultivation System (EMCS),
OSD-346,Athaliana_PhyA_Sample_159_0-34G,Arabidopsis thaliana,flight,Landsberg erecta,Phytochrome A mutant,,European Modular Cultivation System (EMCS),unknown,,False,,"RNAseq analysis of the response of Arabidopsis thaliana phytochrome mutants (PhyA, PhyB) to fractional gravity under blue-light stimulation during spaceflight",RNA Sequencing (RNA-Seq),European Modular Cultivation System (EMCS),
OSD-346,Athaliana_PhyA_Sample_217_0-42G,Arabidopsis thaliana,flight,Landsberg erecta,Phytochrome A mutant,,European Modular Cultivation System (EMCS),unknown,,False,,"RNAseq analysis of the response of Arabidopsis thaliana phytochrome mutants (PhyA, PhyB) to fractional gravity under blue-light stimulation during spaceflight",RNA Sequencing (RNA-Seq),European Modular Cultivation System (EMCS),
OSD-346,Athaliana_PhyA_Sample_219_0-58G,Arabidopsis thaliana,flight,Landsberg erecta,Phytochrome A mutant,,European Modular Cultivation System (EMCS),unknown,,False,,"RNAseq analysis of the response of Arabidopsis thaliana phytochrome mutants (PhyA, PhyB) to fractional gravity under blue-light stimulation during spaceflight",RNA Sequencing (RNA-Seq),European Modular Cultivation System (EMCS),
OSD-346,Athaliana_PhyA_Sample_177_0-64G,Arabidopsis thaliana,flight,Landsberg erecta,Phytochrome A mutant,,European Modular Cultivation System (EMCS),unknown,,False,,"RNAseq analysis of the response of Arabidopsis thaliana phytochrome mutants (PhyA, PhyB) to fractional gravity under blue-light stimulation during spaceflight",RNA Sequencing (RNA-Seq),European Modular Cultivation System (EMCS),
OSD-346,Athaliana_PhyA_Sample_237_0-68G,Arabidopsis thaliana,flight,Landsberg erecta,Phytochrome A mutant,,European Modular Cultivation System (EMCS),unknown,,False,,"RNAseq analysis of the response of Arabidopsis thaliana phytochrome mutants (PhyA, PhyB) to fractional gravity under blue-light stimulation during spaceflight",RNA Sequencing (RNA-Seq),European Modular Cultivation System (EMCS),
OSD-346,Athaliana_PhyA_Sample_180_1G,Arabidopsis thaliana,flight,Landsberg erecta,Phytochrome A mutant,,European Modular Cultivation System (EMCS),unknown,,False,,"RNAseq analysis of the response of Arabidopsis thaliana phytochrome mutants (PhyA, PhyB) to fractional gravity under blue-light stimulation during spaceflight",RNA Sequencing (RNA-Seq),European Modular Cultivation System (EMCS),
OSD-346,Athaliana_PhyA_Sample_240_1-05G,Arabidopsis thaliana,flight,Landsberg erecta,Phytochrome A mutant,,European Modular Cultivation System (EMCS),unknown,,False,,"RNAseq analysis of the response of Arabidopsis thaliana phytochrome mutants (PhyA, PhyB) to fractional gravity under blue-light stimulation during spaceflight",RNA Sequencing (RNA-Seq),European Modular Cultivation System (EMCS),
OSD-346,Athaliana_PhyB_Sample_113_0G,Arabidopsis thaliana,flight,Landsberg erecta,Phytochrome B mutant,,European Modular Cultivation System (EMCS),unknown,,False,,"RNAseq analysis of the response of Arabidopsis thaliana phytochrome mutants (PhyA, PhyB) to fractional gravity under blue-light stimulation during spaceflight",RNA Sequencing (RNA-Seq),European Modular Cultivation System (EMCS),
OSD-346,Athaliana_PhyB_Sample_133_0-1G,Arabidopsis thaliana,flight,Landsberg erecta,Phytochrome B mutant,,European Modular Cultivation System (EMCS),unknown,,False,,"RNAseq analysis of the response of Arabidopsis thaliana phytochrome mutants (PhyA, PhyB) to fractional gravity under blue-light stimulation during spaceflight",RNA Sequencing (RNA-Seq),European Modular Cultivation System (EMCS),
OSD-346,Athaliana_PhyB_Sample_153_0-3G,Arabidopsis thaliana,flight,Landsberg erecta,Phytochrome B mutant,,European Modular Cultivation System (EMCS),unknown,,False,,"RNAseq analysis of the response of Arabidopsis thaliana phytochrome mutants (PhyA, PhyB) to fractional gravity under blue-light stimulation during spaceflight",RNA Sequencing (RNA-Seq),European Modular Cultivation System (EMCS),
OSD-346,Athaliana_PhyB_Sample_213_0-5G,Arabidopsis thaliana,flight,Landsberg erecta,Phytochrome B mutant,,European Modular Cultivation System (EMCS),unknown,,False,,"RNAseq analysis of the response of Arabidopsis thaliana phytochrome mutants (PhyA, PhyB) to fractional gravity under blue-light stimulation during spaceflight",RNA Sequencing (RNA-Seq),European Modular Cultivation System (EMCS),
OSD-346,Athaliana_PhyB_Sample_173_0-76G,Arabidopsis thaliana,flight,Landsberg erecta,Phytochrome B mutant,,European Modular Cultivation System (EMCS),unknown,,False,,"RNAseq analysis of the response of Arabidopsis thaliana phytochrome mutants (PhyA, PhyB) to fractional gravity under blue-light stimulation during spaceflight",RNA Sequencing (RNA-Seq),European Modular Cultivation System (EMCS),
OSD-346,Athaliana_PhyB_Sample_233_0-8G,Arabidopsis thaliana,flight,Landsberg erecta,Phytochrome B mutant,,European Modular Cultivation System (EMCS),unknown,,False,,"RNAseq analysis of the response of Arabidopsis thaliana phytochrome mutants (PhyA, PhyB) to fractional gravity under blue-light stimulation during spaceflight",RNA Sequencing (RNA-Seq),European Modular Cultivation System (EMCS),
OSD-346,Athaliana_PhyB_Sample_118_0G,Arabidopsis thaliana,flight,Landsberg erecta,Phytochrome B mutant,,European Modular Cultivation System (EMCS),unknown,,False,,"RNAseq analysis of the response of Arabidopsis thaliana phytochrome mutants (PhyA, PhyB) to fractional gravity under blue-light stimulation during spaceflight",RNA Sequencing (RNA-Seq),European Modular Cultivation System (EMCS),
OSD-346,Athaliana_PhyB_Sample_138_0-1G,Arabidopsis thaliana,flight,Landsberg erecta,Phytochrome B mutant,,European Modular Cultivation System (EMCS),unknown,,False,,"RNAseq analysis of the response of Arabidopsis thaliana phytochrome mutants (PhyA, PhyB) to fractional gravity under blue-light stimulation during spaceflight",RNA Sequencing (RNA-Seq),European Modular Cultivation System (EMCS),
OSD-346,Athaliana_PhyB_Sample_158_0-3G,Arabidopsis thaliana,flight,Landsberg erecta,Phytochrome B mutant,,European Modular Cultivation System (EMCS),unknown,,False,,"RNAseq analysis of the response of Arabidopsis thaliana phytochrome mutants (PhyA, PhyB) to fractional gravity under blue-light stimulation during spaceflight",RNA Sequencing (RNA-Seq),European Modular Cultivation System (EMCS),
OSD-346,Athaliana_PhyB_Sample_218_0-5G,Arabidopsis thaliana,flight,Landsberg erecta,Phytochrome B mutant,,European Modular Cultivation System (EMCS),unknown,,False,,"RNAseq analysis of the response of Arabidopsis thaliana phytochrome mutants (PhyA, PhyB) to fractional gravity under blue-light stimulation during spaceflight",RNA Sequencing (RNA-Seq),European Modular Cultivation System (EMCS),
OSD-346,Athaliana_PhyB_Sample_178_0-76G,Arabidopsis thaliana,flight,Landsberg erecta,Phytochrome B mutant,,European Modular Cultivation System (EMCS),unknown,,False,,"RNAseq analysis of the response of Arabidopsis thaliana phytochrome mutants (PhyA, PhyB) to fractional gravity under blue-light stimulation during spaceflight",RNA Sequencing (RNA-Seq),European Modular Cultivation System (EMCS),
OSD-346,Athaliana_PhyB_Sample_238_0-8G,Arabidopsis thaliana,flight,Landsberg erecta,Phytochrome B mutant,,European Modular Cultivation System (EMCS),unknown,,False,,"RNAseq analysis of the response of Arabidopsis thaliana phytochrome mutants (PhyA, PhyB) to fractional gravity under blue-light stimulation during spaceflight",RNA Sequencing (RNA-Seq),European Modular Cultivation System (EMCS),
OSD-427,GSM3331071,Arabidopsis thaliana,flight,Col-0,Wild Type,leaf,Vegetable Production System (Veggie),continuous_light,11.0,False,,Characterizing Epigenetic Changes in Methylation Mutants (elp2-5 and met1-7) in Response to Spaceflight. [RNA-Seq],RNA Sequencing (RNA-Seq),"['Vegetable Production System (Veggie)', 'ISS Environmental Simulator (ISSES)']",
OSD-427,GSM3331072,Arabidopsis thaliana,flight,Col-0,Wild Type,leaf,Vegetable Production System (Veggie),continuous_light,11.0,False,,Characterizing Epigenetic Changes in Methylation Mutants (elp2-5 and met1-7) in Response to Spaceflight. [RNA-Seq],RNA Sequencing (RNA-Seq),"['Vegetable Production System (Veggie)', 'ISS Environmental Simulator (ISSES)']",
OSD-427,GSM3331073,Arabidopsis thaliana,flight,Col-0,Wild Type,leaf,Vegetable Production System (Veggie),continuous_light,11.0,False,,Characterizing Epigenetic Changes in Methylation Mutants (elp2-5 and met1-7) in Response to Spaceflight. [RNA-Seq],RNA Sequencing (RNA-Seq),"['Vegetable Production System (Veggie)', 'ISS Environmental Simulator (ISSES)']",
OSD-427,GSM3331074,Arabidopsis thaliana,flight,Col-0,Wild Type,leaf,Vegetable Production System (Veggie),continuous_light,11.0,False,,Characterizing Epigenetic Changes in Methylation Mutants (elp2-5 and met1-7) in Response to Spaceflight. [RNA-Seq],RNA Sequencing (RNA-Seq),"['Vegetable Production System (Veggie)', 'ISS Environmental Simulator (ISSES)']",
OSD-427,GSM3331075,Arabidopsis thaliana,flight,Col-0,Wild Type,root,Vegetable Production System (Veggie),continuous_light,11.0,False,,Characterizing Epigenetic Changes in Methylation Mutants (elp2-5 and met1-7) in Response to Spaceflight. [RNA-Seq],RNA Sequencing (RNA-Seq),"['Vegetable Production System (Veggie)', 'ISS Environmental Simulator (ISSES)']",
OSD-427,GSM3331076,Arabidopsis thaliana,flight,Col-0,Wild Type,root,Vegetable Production System (Veggie),continuous_light,11.0,False,,Characterizing Epigenetic Changes in Methylation Mutants (elp2-5 and met1-7) in Response to Spaceflight. [RNA-Seq],RNA Sequencing (RNA-Seq),"['Vegetable Production System (Veggie)', 'ISS Environmental Simulator (ISSES)']",
OSD-427,GSM3331077,Arabidopsis thaliana,flight,Col-0,Wild Type,root,Vegetable Production System (Veggie),continuous_light,11.0,False,,Characterizing Epigenetic Changes in Methylation Mutants (elp2-5 and met1-7) in Response to Spaceflight. [RNA-Seq],RNA Sequencing (RNA-Seq),"['Vegetable Production System (Veggie)', 'ISS Environmental Simulator (ISSES)']",
OSD-427,GSM3331078,Arabidopsis thaliana,flight,Col-0,Wild Type,root,Vegetable Production System (Veggie),continuous_light,11.0,False,,Characterizing Epigenetic Changes in Methylation Mutants (elp2-5 and met1-7) in Response to Spaceflight. [RNA-Seq],RNA Sequencing (RNA-Seq),"['Vegetable Production System (Veggie)', 'ISS Environmental Simulator (ISSES)']",
OSD-427,GSM3331079,Arabidopsis thaliana,ground_control,Col-0,Wild Type,leaf,Vegetable Production System (Veggie),continuous_light,11.0,False,,Characterizing Epigenetic Changes in Methylation Mutants (elp2-5 and met1-7) in Response to Spaceflight. [RNA-Seq],RNA Sequencing (RNA-Seq),"['Vegetable Production System (Veggie)', 'ISS Environmental Simulator (ISSES)']",
OSD-427,GSM3331080,Arabidopsis thaliana,ground_control,Col-0,Wild Type,leaf,Vegetable Production System (Veggie),continuous_light,11.0,False,,Characterizing Epigenetic Changes in Methylation Mutants (elp2-5 and met1-7) in Response to Spaceflight. [RNA-Seq],RNA Sequencing (RNA-Seq),"['Vegetable Production System (Veggie)', 'ISS Environmental Simulator (ISSES)']",
OSD-427,GSM3331081,Arabidopsis thaliana,ground_control,Col-0,Wild Type,leaf,Vegetable Production System (Veggie),continuous_light,11.0,False,,Characterizing Epigenetic Changes in Methylation Mutants (elp2-5 and met1-7) in Response to Spaceflight. [RNA-Seq],RNA Sequencing (RNA-Seq),"['Vegetable Production System (Veggie)', 'ISS Environmental Simulator (ISSES)']",
OSD-427,GSM3331082,Arabidopsis thaliana,ground_control,Col-0,Wild Type,leaf,Vegetable Production System (Veggie),continuous_light,11.0,False,,Characterizing Epigenetic Changes in Methylation Mutants (elp2-5 and met1-7) in Response to Spaceflight. [RNA-Seq],RNA Sequencing (RNA-Seq),"['Vegetable Production System (Veggie)', 'ISS Environmental Simulator (ISSES)']",
OSD-427,GSM3331083,Arabidopsis thaliana,ground_control,Col-0,Wild Type,root,Vegetable Production System (Veggie),continuous_light,11.0,False,,Characterizing Epigenetic Changes in Methylation Mutants (elp2-5 and met1-7) in Response to Spaceflight. [RNA-Seq],RNA Sequencing (RNA-Seq),"['Vegetable Production System (Veggie)', 'ISS Environmental Simulator (ISSES)']",
OSD-427,GSM3331084,Arabidopsis thaliana,ground_control,Col-0,Wild Type,root,Vegetable Production System (Veggie),continuous_light,11.0,False,,Characterizing Epigenetic Changes in Methylation Mutants (elp2-5 and met1-7) in Response to Spaceflight. [RNA-Seq],RNA Sequencing (RNA-Seq),"['Vegetable Production System (Veggie)', 'ISS Environmental Simulator (ISSES)']",
OSD-427,GSM3331085,Arabidopsis thaliana,ground_control,Col-0,Wild Type,root,Vegetable Production System (Veggie),continuous_light,11.0,False,,Characterizing Epigenetic Changes in Methylation Mutants (elp2-5 and met1-7) in Response to Spaceflight. [RNA-Seq],RNA Sequencing (RNA-Seq),"['Vegetable Production System (Veggie)', 'ISS Environmental Simulator (ISSES)']",
OSD-427,GSM3331086,Arabidopsis thaliana,ground_control,Col-0,Wild Type,root,Vegetable Production System (Veggie),continuous_light,11.0,False,,Characterizing Epigenetic Changes in Methylation Mutants (elp2-5 and met1-7) in Response to Spaceflight. [RNA-Seq],RNA Sequencing (RNA-Seq),"['Vegetable Production System (Veggie)', 'ISS Environmental Simulator (ISSES)']",
OSD-427,GSM3331087,Arabidopsis thaliana,flight,Col-0,elp2-5,leaf,Vegetable Production System (Veggie),continuous_light,11.0,False,,Characterizing Epigenetic Changes in Methylation Mutants (elp2-5 and met1-7) in Response to Spaceflight. [RNA-Seq],RNA Sequencing (RNA-Seq),"['Vegetable Production System (Veggie)', 'ISS Environmental Simulator (ISSES)']",
OSD-427,GSM3331088,Arabidopsis thaliana,flight,Col-0,elp2-5,leaf,Vegetable Production System (Veggie),continuous_light,11.0,False,,Characterizing Epigenetic Changes in Methylation Mutants (elp2-5 and met1-7) in Response to Spaceflight. [RNA-Seq],RNA Sequencing (RNA-Seq),"['Vegetable Production System (Veggie)', 'ISS Environmental Simulator (ISSES)']",
OSD-427,GSM3331089,Arabidopsis thaliana,flight,Col-0,elp2-5,leaf,Vegetable Production System (Veggie),continuous_light,11.0,False,,Characterizing Epigenetic Changes in Methylation Mutants (elp2-5 and met1-7) in Response to Spaceflight. [RNA-Seq],RNA Sequencing (RNA-Seq),"['Vegetable Production System (Veggie)', 'ISS Environmental Simulator (ISSES)']",
OSD-427,GSM3331090,Arabidopsis thaliana,flight,Col-0,elp2-5,leaf,Vegetable Production System (Veggie),continuous_light,11.0,False,,Characterizing Epigenetic Changes in Methylation Mutants (elp2-5 and met1-7) in Response to Spaceflight. [RNA-Seq],RNA Sequencing (RNA-Seq),"['Vegetable Production System (Veggie)', 'ISS Environmental Simulator (ISSES)']",
OSD-427,GSM3331091,Arabidopsis thaliana,flight,Col-0,elp2-5,root,Vegetable Production System (Veggie),continuous_light,11.0,False,,Characterizing Epigenetic Changes in Methylation Mutants (elp2-5 and met1-7) in Response to Spaceflight. [RNA-Seq],RNA Sequencing (RNA-Seq),"['Vegetable Production System (Veggie)', 'ISS Environmental Simulator (ISSES)']",
OSD-427,GSM3331092,Arabidopsis thaliana,flight,Col-0,elp2-5,root,Vegetable Production System (Veggie),continuous_light,11.0,False,,Characterizing Epigenetic Changes in Methylation Mutants (elp2-5 and met1-7) in Response to Spaceflight. [RNA-Seq],RNA Sequencing (RNA-Seq),"['Vegetable Production System (Veggie)', 'ISS Environmental Simulator (ISSES)']",
OSD-427,GSM3331093,Arabidopsis thaliana,flight,Col-0,elp2-5,root,Vegetable Production System (Veggie),continuous_light,11.0,False,,Characterizing Epigenetic Changes in Methylation Mutants (elp2-5 and met1-7) in Response to Spaceflight. [RNA-Seq],RNA Sequencing (RNA-Seq),"['Vegetable Production System (Veggie)', 'ISS Environmental Simulator (ISSES)']",
OSD-427,GSM3331094,Arabidopsis thaliana,flight,Col-0,elp2-5,root,Vegetable Production System (Veggie),continuous_light,11.0,False,,Characterizing Epigenetic Changes in Methylation Mutants (elp2-5 and met1-7) in Response to Spaceflight. [RNA-Seq],RNA Sequencing (RNA-Seq),"['Vegetable Production System (Veggie)', 'ISS Environmental Simulator (ISSES)']",
OSD-427,GSM3331095,Arabidopsis thaliana,ground_control,Col-0,elp2-5,leaf,Vegetable Production System (Veggie),continuous_light,11.0,False,,Characterizing Epigenetic Changes in Methylation Mutants (elp2-5 and met1-7) in Response to Spaceflight. [RNA-Seq],RNA Sequencing (RNA-Seq),"['Vegetable Production System (Veggie)', 'ISS Environmental Simulator (ISSES)']",
OSD-427,GSM3331096,Arabidopsis thaliana,ground_control,Col-0,elp2-5,leaf,Vegetable Production System (Veggie),continuous_light,11.0,False,,Characterizing Epigenetic Changes in Methylation Mutants (elp2-5 and met1-7) in Response to Spaceflight. [RNA-Seq],RNA Sequencing (RNA-Seq),"['Vegetable Production System (Veggie)', 'ISS Environmental Simulator (ISSES)']",
OSD-427,GSM3331097,Arabidopsis thaliana,ground_control,Col-0,elp2-5,leaf,Vegetable Production System (Veggie),continuous_light,11.0,False,,Characterizing Epigenetic Changes in Methylation Mutants (elp2-5 and met1-7) in Response to Spaceflight. [RNA-Seq],RNA Sequencing (RNA-Seq),"['Vegetable Production System (Veggie)', 'ISS Environmental Simulator (ISSES)']",
OSD-427,GSM3331098,Arabidopsis thaliana,ground_control,Col-0,elp2-5,leaf,Vegetable Production System (Veggie),continuous_light,11.0,False,,Characterizing Epigenetic Changes in Methylation Mutants (elp2-5 and met1-7) in Response to Spaceflight. [RNA-Seq],RNA Sequencing (RNA-Seq),"['Vegetable Production System (Veggie)', 'ISS Environmental Simulator (ISSES)']",
OSD-427,GSM3331099,Arabidopsis thaliana,ground_control,Col-0,elp2-5,root,Vegetable Production System (Veggie),continuous_light,11.0,False,,Characterizing Epigenetic Changes in Methylation Mutants (elp2-5 and met1-7) in Response to Spaceflight. [RNA-Seq],RNA Sequencing (RNA-Seq),"['Vegetable Production System (Veggie)', 'ISS Environmental Simulator (ISSES)']",
OSD-427,GSM3331100,Arabidopsis thaliana,ground_control,Col-0,elp2-5,root,Vegetable Production System (Veggie),continuous_light,11.0,False,,Characterizing Epigenetic Changes in Methylation Mutants (elp2-5 and met1-7) in Response to Spaceflight. [RNA-Seq],RNA Sequencing (RNA-Seq),"['Vegetable Production System (Veggie)', 'ISS Environmental Simulator (ISSES)']",
OSD-427,GSM3331101,Arabidopsis thaliana,ground_control,Col-0,elp2-5,root,Vegetable Production System (Veggie),continuous_light,11.0,False,,Characterizing Epigenetic Changes in Methylation Mutants (elp2-5 and met1-7) in Response to Spaceflight. [RNA-Seq],RNA Sequencing (RNA-Seq),"['Vegetable Production System (Veggie)', 'ISS Environmental Simulator (ISSES)']",
OSD-427,GSM3331102,Arabidopsis thaliana,ground_control,Col-0,elp2-5,root,Vegetable Production System (Veggie),continuous_light,11.0,False,,Characterizing Epigenetic Changes in Methylation Mutants (elp2-5 and met1-7) in Response to Spaceflight. [RNA-Seq],RNA Sequencing (RNA-Seq),"['Vegetable Production System (Veggie)', 'ISS Environmental Simulator (ISSES)']",
OSD-427,GSM3331103,Arabidopsis thaliana,flight,Col-0,met1-7,leaf,Vegetable Production System (Veggie),continuous_light,11.0,False,,Characterizing Epigenetic Changes in Methylation Mutants (elp2-5 and met1-7) in Response to Spaceflight. [RNA-Seq],RNA Sequencing (RNA-Seq),"['Vegetable Production System (Veggie)', 'ISS Environmental Simulator (ISSES)']",
OSD-427,GSM3331104,Arabidopsis thaliana,flight,Col-0,met1-7,leaf,Vegetable Production System (Veggie),continuous_light,11.0,False,,Characterizing Epigenetic Changes in Methylation Mutants (elp2-5 and met1-7) in Response to Spaceflight. [RNA-Seq],RNA Sequencing (RNA-Seq),"['Vegetable Production System (Veggie)', 'ISS Environmental Simulator (ISSES)']",
OSD-427,GSM3331105,Arabidopsis thaliana,flight,Col-0,met1-7,leaf,Vegetable Production System (Veggie),continuous_light,11.0,False,,Characterizing Epigenetic Changes in Methylation Mutants (elp2-5 and met1-7) in Response to Spaceflight. [RNA-Seq],RNA Sequencing (RNA-Seq),"['Vegetable Production System (Veggie)', 'ISS Environmental Simulator (ISSES)']",
OSD-427,GSM3331106,Arabidopsis thaliana,flight,Col-0,met1-7,leaf,Vegetable Production System (Veggie),continuous_light,11.0,False,,Characterizing Epigenetic Changes in Methylation Mutants (elp2-5 and met1-7) in Response to Spaceflight. [RNA-Seq],RNA Sequencing (RNA-Seq),"['Vegetable Production System (Veggie)', 'ISS Environmental Simulator (ISSES)']",
OSD-427,GSM3331107,Arabidopsis thaliana,flight,Col-0,met1-7,root,Vegetable Production System (Veggie),continuous_light,11.0,False,,Characterizing Epigenetic Changes in Methylation Mutants (elp2-5 and met1-7) in Response to Spaceflight. [RNA-Seq],RNA Sequencing (RNA-Seq),"['Vegetable Production System (Veggie)', 'ISS Environmental Simulator (ISSES)']",
OSD-427,GSM3331108,Arabidopsis thaliana,flight,Col-0,met1-7,root,Vegetable Production System (Veggie),continuous_light,11.0,False,,Characterizing Epigenetic Changes in Methylation Mutants (elp2-5 and met1-7) in Response to Spaceflight. [RNA-Seq],RNA Sequencing (RNA-Seq),"['Vegetable Production System (Veggie)', 'ISS Environmental Simulator (ISSES)']",
OSD-427,GSM3331109,Arabidopsis thaliana,flight,Col-0,met1-7,root,Vegetable Production System (Veggie),continuous_light,11.0,False,,Characterizing Epigenetic Changes in Methylation Mutants (elp2-5 and met1-7) in Response to Spaceflight. [RNA-Seq],RNA Sequencing (RNA-Seq),"['Vegetable Production System (Veggie)', 'ISS Environmental Simulator (ISSES)']",
OSD-427,GSM3331110,Arabidopsis thaliana,flight,Col-0,met1-7,root,Vegetable Production System (Veggie),continuous_light,11.0,False,,Characterizing Epigenetic Changes in Methylation Mutants (elp2-5 and met1-7) in Response to Spaceflight. [RNA-Seq],RNA Sequencing (RNA-Seq),"['Vegetable Production System (Veggie)', 'ISS Environmental Simulator (ISSES)']",
OSD-427,GSM3331111,Arabidopsis thaliana,ground_control,Col-0,met1-7,leaf,Vegetable Production System (Veggie),continuous_light,11.0,False,,Characterizing Epigenetic Changes in Methylation Mutants (elp2-5 and met1-7) in Response to Spaceflight. [RNA-Seq],RNA Sequencing (RNA-Seq),"['Vegetable Production System (Veggie)', 'ISS Environmental Simulator (ISSES)']",
OSD-427,GSM3331112,Arabidopsis thaliana,ground_control,Col-0,met1-7,leaf,Vegetable Production System (Veggie),continuous_light,11.0,False,,Characterizing Epigenetic Changes in Methylation Mutants (elp2-5 and met1-7) in Response to Spaceflight. [RNA-Seq],RNA Sequencing (RNA-Seq),"['Vegetable Production System (Veggie)', 'ISS Environmental Simulator (ISSES)']",
OSD-427,GSM3331113,Arabidopsis thaliana,ground_control,Col-0,met1-7,leaf,Vegetable Production System (Veggie),continuous_light,11.0,False,,Characterizing Epigenetic Changes in Methylation Mutants (elp2-5 and met1-7) in Response to Spaceflight. [RNA-Seq],RNA Sequencing (RNA-Seq),"['Vegetable Production System (Veggie)', 'ISS Environmental Simulator (ISSES)']",
OSD-427,GSM3331114,Arabidopsis thaliana,ground_control,Col-0,met1-7,leaf,Vegetable Production System (Veggie),continuous_light,11.0,False,,Characterizing Epigenetic Changes in Methylation Mutants (elp2-5 and met1-7) in Response to Spaceflight. [RNA-Seq],RNA Sequencing (RNA-Seq),"['Vegetable Production System (Veggie)', 'ISS Environmental Simulator (ISSES)']",
OSD-427,GSM3331115,Arabidopsis thaliana,ground_control,Col-0,met1-7,root,Vegetable Production System (Veggie),continuous_light,11.0,False,,Characterizing Epigenetic Changes in Methylation Mutants (elp2-5 and met1-7) in Response to Spaceflight. [RNA-Seq],RNA Sequencing (RNA-Seq),"['Vegetable Production System (Veggie)', 'ISS Environmental Simulator (ISSES)']",
OSD-427,GSM3331116,Arabidopsis thaliana,ground_control,Col-0,met1-7,root,Vegetable Production System (Veggie),continuous_light,11.0,False,,Characterizing Epigenetic Changes in Methylation Mutants (elp2-5 and met1-7) in Response to Spaceflight. [RNA-Seq],RNA Sequencing (RNA-Seq),"['Vegetable Production System (Veggie)', 'ISS Environmental Simulator (ISSES)']",
OSD-427,GSM3331117,Arabidopsis thaliana,ground_control,Col-0,met1-7,root,Vegetable Production System (Veggie),continuous_light,11.0,False,,Characterizing Epigenetic Changes in Methylation Mutants (elp2-5 and met1-7) in Response to Spaceflight. [RNA-Seq],RNA Sequencing (RNA-Seq),"['Vegetable Production System (Veggie)', 'ISS Environmental Simulator (ISSES)']",
OSD-427,GSM3331118,Arabidopsis thaliana,ground_control,Col-0,met1-7,root,Vegetable Production System (Veggie),continuous_light,11.0,False,,Characterizing Epigenetic Changes in Methylation Mutants (elp2-5 and met1-7) in Response to Spaceflight. [RNA-Seq],RNA Sequencing (RNA-Seq),"['Vegetable Production System (Veggie)', 'ISS Environmental Simulator (ISSES)']",
OSD-437,A4_208,Arabidopsis thaliana,flight,Col-0,Col-0,shoot,European Modular Cultivation System (EMCS),LD_16:8,4.0,False,,Transcriptional and Post transcriptional Regulation of Seedling Development in Microgravity,RNA Sequencing (RNA-Seq),"['European Modular Cultivation System (EMCS)', 'Experimental Reference Module (ERM2)']",
OSD-437,A4_223,Arabidopsis thaliana,flight,Col-0,Col-0,shoot,European Modular Cultivation System (EMCS),LD_16:8,4.0,False,,Transcriptional and Post transcriptional Regulation of Seedling Development in Microgravity,RNA Sequencing (RNA-Seq),"['European Modular Cultivation System (EMCS)', 'Experimental Reference Module (ERM2)']",
OSD-437,A4_258,Arabidopsis thaliana,flight,Col-0,Col-0,shoot,European Modular Cultivation System (EMCS),LD_16:8,4.0,False,,Transcriptional and Post transcriptional Regulation of Seedling Development in Microgravity,RNA Sequencing (RNA-Seq),"['European Modular Cultivation System (EMCS)', 'Experimental Reference Module (ERM2)']",
OSD-437,A4Ex_248,Arabidopsis thaliana,flight,Col-0,Col-0,shoot,European Modular Cultivation System (EMCS),LD_16:8,4.0,False,,Transcriptional and Post transcriptional Regulation of Seedling Development in Microgravity,RNA Sequencing (RNA-Seq),"['European Modular Cultivation System (EMCS)', 'Experimental Reference Module (ERM2)']",
OSD-437,A6_203,Arabidopsis thaliana,flight,Col-0,Col-0,shoot,European Modular Cultivation System (EMCS),LD_16:8,6.0,False,,Transcriptional and Post transcriptional Regulation of Seedling Development in Microgravity,RNA Sequencing (RNA-Seq),"['European Modular Cultivation System (EMCS)', 'Experimental Reference Module (ERM2)']",
OSD-437,A6_213,Arabidopsis thaliana,flight,Col-0,Col-0,shoot,European Modular Cultivation System (EMCS),LD_16:8,6.0,False,,Transcriptional and Post transcriptional Regulation of Seedling Development in Microgravity,RNA Sequencing (RNA-Seq),"['European Modular Cultivation System (EMCS)', 'Experimental Reference Module (ERM2)']",
OSD-437,A6_253,Arabidopsis thaliana,flight,Col-0,Col-0,shoot,European Modular Cultivation System (EMCS),LD_16:8,6.0,False,,Transcriptional and Post transcriptional Regulation of Seedling Development in Microgravity,RNA Sequencing (RNA-Seq),"['European Modular Cultivation System (EMCS)', 'Experimental Reference Module (ERM2)']",
OSD-437,A6Ex_243,Arabidopsis thaliana,flight,Col-0,Col-0,shoot,European Modular Cultivation System (EMCS),LD_16:8,6.0,False,,Transcriptional and Post transcriptional Regulation of Seedling Development in Microgravity,RNA Sequencing (RNA-Seq),"['European Modular Cultivation System (EMCS)', 'Experimental Reference Module (ERM2)']",
OSD-437,B4_237,Arabidopsis thaliana,flight,Col-0,Col-0,shoot,European Modular Cultivation System (EMCS),LD_16:8,4.0,False,,Transcriptional and Post transcriptional Regulation of Seedling Development in Microgravity,RNA Sequencing (RNA-Seq),"['European Modular Cultivation System (EMCS)', 'Experimental Reference Module (ERM2)']",
OSD-437,B4_238,Arabidopsis thaliana,flight,Col-0,Col-0,shoot,European Modular Cultivation System (EMCS),LD_16:8,4.0,False,,Transcriptional and Post transcriptional Regulation of Seedling Development in Microgravity,RNA Sequencing (RNA-Seq),"['European Modular Cultivation System (EMCS)', 'Experimental Reference Module (ERM2)']",
OSD-437,B4_269,Arabidopsis thaliana,flight,Col-0,Col-0,shoot,European Modular Cultivation System (EMCS),LD_16:8,4.0,False,,Transcriptional and Post transcriptional Regulation of Seedling Development in Microgravity,RNA Sequencing (RNA-Seq),"['European Modular Cultivation System (EMCS)', 'Experimental Reference Module (ERM2)']",
OSD-437,B4Ex_236,Arabidopsis thaliana,flight,Col-0,Col-0,shoot,European Modular Cultivation System (EMCS),LD_16:8,4.0,False,,Transcriptional and Post transcriptional Regulation of Seedling Development in Microgravity,RNA Sequencing (RNA-Seq),"['European Modular Cultivation System (EMCS)', 'Experimental Reference Module (ERM2)']",
OSD-437,B6_219,Arabidopsis thaliana,flight,Col-0,Col-0,shoot,European Modular Cultivation System (EMCS),LD_16:8,6.0,False,,Transcriptional and Post transcriptional Regulation of Seedling Development in Microgravity,RNA Sequencing (RNA-Seq),"['European Modular Cultivation System (EMCS)', 'Experimental Reference Module (ERM2)']",
OSD-437,B6_232,Arabidopsis thaliana,flight,Col-0,Col-0,shoot,European Modular Cultivation System (EMCS),LD_16:8,6.0,False,,Transcriptional and Post transcriptional Regulation of Seedling Development in Microgravity,RNA Sequencing (RNA-Seq),"['European Modular Cultivation System (EMCS)', 'Experimental Reference Module (ERM2)']",
OSD-437,B6_233,Arabidopsis thaliana,flight,Col-0,Col-0,shoot,European Modular Cultivation System (EMCS),LD_16:8,6.0,False,,Transcriptional and Post transcriptional Regulation of Seedling Development in Microgravity,RNA Sequencing (RNA-Seq),"['European Modular Cultivation System (EMCS)', 'Experimental Reference Module (ERM2)']",
OSD-437,B6Ex_220,Arabidopsis thaliana,flight,Col-0,Col-0,shoot,European Modular Cultivation System (EMCS),LD_16:8,6.0,False,,Transcriptional and Post transcriptional Regulation of Seedling Development in Microgravity,RNA Sequencing (RNA-Seq),"['European Modular Cultivation System (EMCS)', 'Experimental Reference Module (ERM2)']",
OSD-437,G6_283,Arabidopsis thaliana,ground_control,Col-0,Col-0,shoot,"NASA Ames, Experimental Reference Module (ERM2)",LD_16:8,6.0,False,,Transcriptional and Post transcriptional Regulation of Seedling Development in Microgravity,RNA Sequencing (RNA-Seq),"['European Modular Cultivation System (EMCS)', 'Experimental Reference Module (ERM2)']",
OSD-437,G6_284,Arabidopsis thaliana,ground_control,Col-0,Col-0,shoot,"NASA Ames, Experimental Reference Module (ERM2)",LD_16:8,6.0,False,,Transcriptional and Post transcriptional Regulation of Seedling Development in Microgravity,RNA Sequencing (RNA-Seq),"['European Modular Cultivation System (EMCS)', 'Experimental Reference Module (ERM2)']",
OSD-437,G6_286,Arabidopsis thaliana,ground_control,Col-0,Col-0,shoot,"NASA Ames, Experimental Reference Module (ERM2)",LD_16:8,6.0,False,,Transcriptional and Post transcriptional Regulation of Seedling Development in Microgravity,RNA Sequencing (RNA-Seq),"['European Modular Cultivation System (EMCS)', 'Experimental Reference Module (ERM2)']",
OSD-480,004cc1,Arabidopsis thaliana,flight,Col-0,Wild Type,cotyledon,European Modular Cultivation System (EMCS),continuous_light,5.0,False,,Plant Gravity Perception (PGP) Flight Study,RNA Sequencing (RNA-Seq),European Modular Cultivation System (EMCS),
OSD-480,004cc2,Arabidopsis thaliana,flight,Col-0,Wild Type,cotyledon,European Modular Cultivation System (EMCS),continuous_light,5.0,False,,Plant Gravity Perception (PGP) Flight Study,RNA Sequencing (RNA-Seq),European Modular Cultivation System (EMCS),
OSD-480,004cc3,Arabidopsis thaliana,flight,Col-0,Wild Type,cotyledon,European Modular Cultivation System (EMCS),continuous_light,5.0,False,,Plant Gravity Perception (PGP) Flight Study,RNA Sequencing (RNA-Seq),European Modular Cultivation System (EMCS),
OSD-480,004cc4,Arabidopsis thaliana,flight,Col-0,Wild Type,hypocotyl,European Modular Cultivation System (EMCS),continuous_light,5.0,False,,Plant Gravity Perception (PGP) Flight Study,RNA Sequencing (RNA-Seq),European Modular Cultivation System (EMCS),
OSD-480,004ch1,Arabidopsis thaliana,flight,Col-0,Wild Type,hypocotyl,European Modular Cultivation System (EMCS),continuous_light,5.0,False,,Plant Gravity Perception (PGP) Flight Study,RNA Sequencing (RNA-Seq),European Modular Cultivation System (EMCS),
OSD-480,004ch2,Arabidopsis thaliana,flight,Col-0,Wild Type,hypocotyl,European Modular Cultivation System (EMCS),continuous_light,5.0,False,,Plant Gravity Perception (PGP) Flight Study,RNA Sequencing (RNA-Seq),European Modular Cultivation System (EMCS),
OSD-480,004ch3,Arabidopsis thaliana,flight,Col-0,Wild Type,hypocotyl,European Modular Cultivation System (EMCS),continuous_light,5.0,False,,Plant Gravity Perception (PGP) Flight Study,RNA Sequencing (RNA-Seq),European Modular Cultivation System (EMCS),
OSD-480,004ch4,Arabidopsis thaliana,flight,Col-0,Wild Type,root,European Modular Cultivation System (EMCS),continuous_light,5.0,False,,Plant Gravity Perception (PGP) Flight Study,RNA Sequencing (RNA-Seq),European Modular Cultivation System (EMCS),
OSD-480,004cm1,Arabidopsis thaliana,flight,Col-0,Wild Type,root,European Modular Cultivation System (EMCS),continuous_light,5.0,False,,Plant Gravity Perception (PGP) Flight Study,RNA Sequencing (RNA-Seq),European Modular Cultivation System (EMCS),
OSD-480,004cm2,Arabidopsis thaliana,flight,Col-0,Wild Type,root,European Modular Cultivation System (EMCS),continuous_light,5.0,False,,Plant Gravity Perception (PGP) Flight Study,RNA Sequencing (RNA-Seq),European Modular Cultivation System (EMCS),
OSD-480,004cm3,Arabidopsis thaliana,flight,Col-0,Wild Type,root,European Modular Cultivation System (EMCS),continuous_light,5.0,False,,Plant Gravity Perception (PGP) Flight Study,RNA Sequencing (RNA-Seq),European Modular Cultivation System (EMCS),
OSD-480,004cm4,Arabidopsis thaliana,flight,Col-0,Wild Type,root,European Modular Cultivation System (EMCS),continuous_light,5.0,False,,Plant Gravity Perception (PGP) Flight Study,RNA Sequencing (RNA-Seq),European Modular Cultivation System (EMCS),
OSD-480,004cr1,Arabidopsis thaliana,flight,Col-0,Wild Type,root,European Modular Cultivation System (EMCS),continuous_light,5.0,False,,Plant Gravity Perception (PGP) Flight Study,RNA Sequencing (RNA-Seq),European Modular Cultivation System (EMCS),
OSD-480,004cr2,Arabidopsis thaliana,flight,Col-0,Wild Type,root,European Modular Cultivation System (EMCS),continuous_light,5.0,False,,Plant Gravity Perception (PGP) Flight Study,RNA Sequencing (RNA-Seq),European Modular Cultivation System (EMCS),
OSD-480,004cr3,Arabidopsis thaliana,flight,Col-0,Wild Type,root,European Modular Cultivation System (EMCS),continuous_light,5.0,False,,Plant Gravity Perception (PGP) Flight Study,RNA Sequencing (RNA-Seq),European Modular Cultivation System (EMCS),
OSD-480,004cr4,Arabidopsis thaliana,flight,Col-0,Wild Type,cotyledon,European Modular Cultivation System (EMCS),continuous_light,5.0,False,,Plant Gravity Perception (PGP) Flight Study,RNA Sequencing (RNA-Seq),European Modular Cultivation System (EMCS),
OSD-480,004pc1,Arabidopsis thaliana,flight,Col-0,pgm-1,cotyledon,European Modular Cultivation System (EMCS),continuous_light,5.0,False,,Plant Gravity Perception (PGP) Flight Study,RNA Sequencing (RNA-Seq),European Modular Cultivation System (EMCS),
OSD-480,004pc2,Arabidopsis thaliana,flight,Col-0,pgm-1,cotyledon,European Modular Cultivation System (EMCS),continuous_light,5.0,False,,Plant Gravity Perception (PGP) Flight Study,RNA Sequencing (RNA-Seq),European Modular Cultivation System (EMCS),
OSD-480,004pc3,Arabidopsis thaliana,flight,Col-0,pgm-1,cotyledon,European Modular Cultivation System (EMCS),continuous_light,5.0,False,,Plant Gravity Perception (PGP) Flight Study,RNA Sequencing (RNA-Seq),European Modular Cultivation System (EMCS),
OSD-480,004pc4,Arabidopsis thaliana,flight,Col-0,pgm-1,hypocotyl,European Modular Cultivation System (EMCS),continuous_light,5.0,False,,Plant Gravity Perception (PGP) Flight Study,RNA Sequencing (RNA-Seq),European Modular Cultivation System (EMCS),
OSD-480,004ph1,Arabidopsis thaliana,flight,Col-0,pgm-1,hypocotyl,European Modular Cultivation System (EMCS),continuous_light,5.0,False,,Plant Gravity Perception (PGP) Flight Study,RNA Sequencing (RNA-Seq),European Modular Cultivation System (EMCS),
OSD-480,004ph2,Arabidopsis thaliana,flight,Col-0,pgm-1,hypocotyl,European Modular Cultivation System (EMCS),continuous_light,5.0,False,,Plant Gravity Perception (PGP) Flight Study,RNA Sequencing (RNA-Seq),European Modular Cultivation System (EMCS),
OSD-480,004ph3,Arabidopsis thaliana,flight,Col-0,pgm-1,hypocotyl,European Modular Cultivation System (EMCS),continuous_light,5.0,False,,Plant Gravity Perception (PGP) Flight Study,RNA Sequencing (RNA-Seq),European Modular Cultivation System (EMCS),
OSD-480,004ph4,Arabidopsis thaliana,flight,Col-0,pgm-1,root,European Modular Cultivation System (EMCS),continuous_light,5.0,False,,Plant Gravity Perception (PGP) Flight Study,RNA Sequencing (RNA-Seq),European Modular Cultivation System (EMCS),
OSD-480,004pm1,Arabidopsis thaliana,flight,Col-0,pgm-1,root,European Modular Cultivation System (EMCS),continuous_light,5.0,False,,Plant Gravity Perception (PGP) Flight Study,RNA Sequencing (RNA-Seq),European Modular Cultivation System (EMCS),
OSD-480,004pm2,Arabidopsis thaliana,flight,Col-0,pgm-1,root,European Modular Cultivation System (EMCS),continuous_light,5.0,False,,Plant Gravity Perception (PGP) Flight Study,RNA Sequencing (RNA-Seq),European Modular Cultivation System (EMCS),
OSD-480,004pm3,Arabidopsis thaliana,flight,Col-0,pgm-1,root,European Modular Cultivation System (EMCS),continuous_light,5.0,False,,Plant Gravity Perception (PGP) Flight Study,RNA Sequencing (RNA-Seq),European Modular Cultivation System (EMCS),
OSD-480,004pm4,Arabidopsis thaliana,flight,Col-0,pgm-1,root,European Modular Cultivation System (EMCS),continuous_light,5.0,False,,Plant Gravity Perception (PGP) Flight Study,RNA Sequencing (RNA-Seq),European Modular Cultivation System (EMCS),
OSD-480,004pr1,Arabidopsis thaliana,flight,Col-0,pgm-1,root,European Modular Cultivation System (EMCS),continuous_light,5.0,False,,Plant Gravity Perception (PGP) Flight Study,RNA Sequencing (RNA-Seq),European Modular Cultivation System (EMCS),
OSD-480,004pr2,Arabidopsis thaliana,flight,Col-0,pgm-1,root,European Modular Cultivation System (EMCS),continuous_light,5.0,False,,Plant Gravity Perception (PGP) Flight Study,RNA Sequencing (RNA-Seq),European Modular Cultivation System (EMCS),
OSD-480,004pr3,Arabidopsis thaliana,flight,Col-0,pgm-1,root,European Modular Cultivation System (EMCS),continuous_light,5.0,False,,Plant Gravity Perception (PGP) Flight Study,RNA Sequencing (RNA-Seq),European Modular Cultivation System (EMCS),
OSD-480,004pr4,Arabidopsis thaliana,flight,Col-0,pgm-1,cotyledon,European Modular Cultivation System (EMCS),continuous_light,5.0,False,,Plant Gravity Perception (PGP) Flight Study,RNA Sequencing (RNA-Seq),European Modular Cultivation System (EMCS),
OSD-480,006cc1,Arabidopsis thaliana,flight,Col-0,Wild Type,cotyledon,European Modular Cultivation System (EMCS),continuous_light,5.0,False,,Plant Gravity Perception (PGP) Flight Study,RNA Sequencing (RNA-Seq),European Modular Cultivation System (EMCS),
OSD-480,006cc2,Arabidopsis thaliana,flight,Col-0,Wild Type,cotyledon,European Modular Cultivation System (EMCS),continuous_light,5.0,False,,Plant Gravity Perception (PGP) Flight Study,RNA Sequencing (RNA-Seq),European Modular Cultivation System (EMCS),
OSD-480,006cc3,Arabidopsis thaliana,flight,Col-0,Wild Type,cotyledon,European Modular Cultivation System (EMCS),continuous_light,5.0,False,,Plant Gravity Perception (PGP) Flight Study,RNA Sequencing (RNA-Seq),European Modular Cultivation System (EMCS),
OSD-480,006cc4,Arabidopsis thaliana,flight,Col-0,Wild Type,hypocotyl,European Modular Cultivation System (EMCS),continuous_light,5.0,False,,Plant Gravity Perception (PGP) Flight Study,RNA Sequencing (RNA-Seq),European Modular Cultivation System (EMCS),
OSD-480,006ch1,Arabidopsis thaliana,flight,Col-0,Wild Type,hypocotyl,European Modular Cultivation System (EMCS),continuous_light,5.0,False,,Plant Gravity Perception (PGP) Flight Study,RNA Sequencing (RNA-Seq),European Modular Cultivation System (EMCS),
OSD-480,006ch2,Arabidopsis thaliana,flight,Col-0,Wild Type,hypocotyl,European Modular Cultivation System (EMCS),continuous_light,5.0,False,,Plant Gravity Perception (PGP) Flight Study,RNA Sequencing (RNA-Seq),European Modular Cultivation System (EMCS),
OSD-480,006ch3,Arabidopsis thaliana,flight,Col-0,Wild Type,hypocotyl,European Modular Cultivation System (EMCS),continuous_light,5.0,False,,Plant Gravity Perception (PGP) Flight Study,RNA Sequencing (RNA-Seq),European Modular Cultivation System (EMCS),
OSD-480,006ch4,Arabidopsis thaliana,flight,Col-0,Wild Type,root,European Modular Cultivation System (EMCS),continuous_light,5.0,False,,Plant Gravity Perception (PGP) Flight Study,RNA Sequencing (RNA-Seq),European Modular Cultivation System (EMCS),
OSD-480,006cm1,Arabidopsis thaliana,flight,Col-0,Wild Type,root,European Modular Cultivation System (EMCS),continuous_light,5.0,False,,Plant Gravity Perception (PGP) Flight Study,RNA Sequencing (RNA-Seq),European Modular Cultivation System (EMCS),
OSD-480,006cm2,Arabidopsis thaliana,flight,Col-0,Wild Type,root,European Modular Cultivation System (EMCS),continuous_light,5.0,False,,Plant Gravity Perception (PGP) Flight Study,RNA Sequencing (RNA-Seq),European Modular Cultivation System (EMCS),
OSD-480,006cm3,Arabidopsis thaliana,flight,Col-0,Wild Type,root,European Modular Cultivation System (EMCS),continuous_light,5.0,False,,Plant Gravity Perception (PGP) Flight Study,RNA Sequencing (RNA-Seq),European Modular Cultivation System (EMCS),
OSD-480,006cm4,Arabidopsis thaliana,flight,Col-0,Wild Type,root,European Modular Cultivation System (EMCS),continuous_light,5.0,False,,Plant Gravity Perception (PGP) Flight Study,RNA Sequencing (RNA-Seq),European Modular Cultivation System (EMCS),
OSD-480,006cr1,Arabidopsis thaliana,flight,Col-0,Wild Type,root,European Modular Cultivation System (EMCS),continuous_light,5.0,False,,Plant Gravity Perception (PGP) Flight Study,RNA Sequencing (RNA-Seq),European Modular Cultivation System (EMCS),
OSD-480,006cr2,Arabidopsis thaliana,flight,Col-0,Wild Type,root,European Modular Cultivation System (EMCS),continuous_light,5.0,False,,Plant Gravity Perception (PGP) Flight Study,RNA Sequencing (RNA-Seq),European Modular Cultivation System (EMCS),
OSD-480,006cr3,Arabidopsis thaliana,flight,Col-0,Wild Type,root,European Modular Cultivation System (EMCS),continuous_light,5.0,False,,Plant Gravity Perception (PGP) Flight Study,RNA Sequencing (RNA-Seq),European Modular Cultivation System (EMCS),
OSD-480,006cr4,Arabidopsis thaliana,flight,Col-0,Wild Type,cotyledon,European Modular Cultivation System (EMCS),continuous_light,5.0,False,,Plant Gravity Perception (PGP) Flight Study,RNA Sequencing (RNA-Seq),European Modular Cultivation System (EMCS),
OSD-480,006pc1,Arabidopsis thaliana,flight,Col-0,pgm-1,cotyledon,European Modular Cultivation System (EMCS),continuous_light,5.0,False,,Plant Gravity Perception (PGP) Flight Study,RNA Sequencing (RNA-Seq),European Modular Cultivation System (EMCS),
OSD-480,006pc2,Arabidopsis thaliana,flight,Col-0,pgm-1,cotyledon,European Modular Cultivation System (EMCS),continuous_light,5.0,False,,Plant Gravity Perception (PGP) Flight Study,RNA Sequencing (RNA-Seq),European Modular Cultivation System (EMCS),
OSD-480,006pc3,Arabidopsis thaliana,flight,Col-0,pgm-1,cotyledon,European Modular Cultivation System (EMCS),continuous_light,5.0,False,,Plant Gravity Perception (PGP) Flight Study,RNA Sequencing (RNA-Seq),European Modular Cultivation System (EMCS),
OSD-480,006pc4,Arabidopsis thaliana,flight,Col-0,pgm-1,hypocotyl,European Modular Cultivation System (EMCS),continuous_light,5.0,False,,Plant Gravity Perception (PGP) Flight Study,RNA Sequencing (RNA-Seq),European Modular Cultivation System (EMCS),
OSD-480,006ph1,Arabidopsis thaliana,flight,Col-0,pgm-1,hypocotyl,European Modular Cultivation System (EMCS),continuous_light,5.0,False,,Plant Gravity Perception (PGP) Flight Study,RNA Sequencing (RNA-Seq),European Modular Cultivation System (EMCS),
OSD-480,006ph2,Arabidopsis thaliana,flight,Col-0,pgm-1,hypocotyl,European Modular Cultivation System (EMCS),continuous_light,5.0,False,,Plant Gravity Perception (PGP) Flight Study,RNA Sequencing (RNA-Seq),European Modular Cultivation System (EMCS),
OSD-480,006ph3,Arabidopsis thaliana,flight,Col-0,pgm-1,hypocotyl,European Modular Cultivation System (EMCS),continuous_light,5.0,False,,Plant Gravity Perception (PGP) Flight Study,RNA Sequencing (RNA-Seq),European Modular Cultivation System (EMCS),
OSD-480,006ph4,Arabidopsis thaliana,flight,Col-0,pgm-1,root,European Modular Cultivation System (EMCS),continuous_light,5.0,False,,Plant Gravity Perception (PGP) Flight Study,RNA Sequencing (RNA-Seq),European Modular Cultivation System (EMCS),
OSD-480,006pm1,Arabidopsis thaliana,flight,Col-0,pgm-1,root,European Modular Cultivation System (EMCS),continuous_light,5.0,False,,Plant Gravity Perception (PGP) Flight Study,RNA Sequencing (RNA-Seq),European Modular Cultivation System (EMCS),
OSD-480,006pm2,Arabidopsis thaliana,flight,Col-0,pgm-1,root,European Modular Cultivation System (EMCS),continuous_light,5.0,False,,Plant Gravity Perception (PGP) Flight Study,RNA Sequencing (RNA-Seq),European Modular Cultivation System (EMCS),
OSD-480,006pm3,Arabidopsis thaliana,flight,Col-0,pgm-1,root,European Modular Cultivation System (EMCS),continuous_light,5.0,False,,Plant Gravity Perception (PGP) Flight Study,RNA Sequencing (RNA-Seq),European Modular Cultivation System (EMCS),
OSD-480,006pm4,Arabidopsis thaliana,flight,Col-0,pgm-1,root,European Modular Cultivation System (EMCS),continuous_light,5.0,False,,Plant Gravity Perception (PGP) Flight Study,RNA Sequencing (RNA-Seq),European Modular Cultivation System (EMCS),
OSD-480,006pr1,Arabidopsis thaliana,flight,Col-0,pgm-1,root,European Modular Cultivation System (EMCS),continuous_light,5.0,False,,Plant Gravity Perception (PGP) Flight Study,RNA Sequencing (RNA-Seq),European Modular Cultivation System (EMCS),
OSD-480,006pr2,Arabidopsis thaliana,flight,Col-0,pgm-1,root,European Modular Cultivation System (EMCS),continuous_light,5.0,False,,Plant Gravity Perception (PGP) Flight Study,RNA Sequencing (RNA-Seq),European Modular Cultivation System (EMCS),
OSD-480,006pr3,Arabidopsis thaliana,flight,Col-0,pgm-1,root,European Modular Cultivation System (EMCS),continuous_light,5.0,False,,Plant Gravity Perception (PGP) Flight Study,RNA Sequencing (RNA-Seq),European Modular Cultivation System (EMCS),
OSD-480,006pr4,Arabidopsis thaliana,flight,Col-0,pgm-1,cotyledon,European Modular Cultivation System (EMCS),continuous_light,5.0,False,,Plant Gravity Perception (PGP) Flight Study,RNA Sequencing (RNA-Seq),European Modular Cultivation System (EMCS),
OSD-480,011cc1,Arabidopsis thaliana,flight,Col-0,Wild Type,cotyledon,European Modular Cultivation System (EMCS),continuous_light,6.0,False,,Plant Gravity Perception (PGP) Flight Study,RNA Sequencing (RNA-Seq),European Modular Cultivation System (EMCS),
OSD-480,011cc2,Arabidopsis thaliana,flight,Col-0,Wild Type,cotyledon,European Modular Cultivation System (EMCS),continuous_light,6.0,False,,Plant Gravity Perception (PGP) Flight Study,RNA Sequencing (RNA-Seq),European Modular Cultivation System (EMCS),
OSD-480,011cc3,Arabidopsis thaliana,flight,Col-0,Wild Type,cotyledon,European Modular Cultivation System (EMCS),continuous_light,6.0,False,,Plant Gravity Perception (PGP) Flight Study,RNA Sequencing (RNA-Seq),European Modular Cultivation System (EMCS),
OSD-480,011cc4,Arabidopsis thaliana,flight,Col-0,Wild Type,hypocotyl,European Modular Cultivation System (EMCS),continuous_light,6.0,False,,Plant Gravity Perception (PGP) Flight Study,RNA Sequencing (RNA-Seq),European Modular Cultivation System (EMCS),
OSD-480,011ch1,Arabidopsis thaliana,flight,Col-0,Wild Type,hypocotyl,European Modular Cultivation System (EMCS),continuous_light,6.0,False,,Plant Gravity Perception (PGP) Flight Study,RNA Sequencing (RNA-Seq),European Modular Cultivation System (EMCS),
OSD-480,011ch2,Arabidopsis thaliana,flight,Col-0,Wild Type,hypocotyl,European Modular Cultivation System (EMCS),continuous_light,6.0,False,,Plant Gravity Perception (PGP) Flight Study,RNA Sequencing (RNA-Seq),European Modular Cultivation System (EMCS),
OSD-480,011ch3,Arabidopsis thaliana,flight,Col-0,Wild Type,hypocotyl,European Modular Cultivation System (EMCS),continuous_light,6.0,False,,Plant Gravity Perception (PGP) Flight Study,RNA Sequencing (RNA-Seq),European Modular Cultivation System (EMCS),
OSD-480,011ch4,Arabidopsis thaliana,flight,Col-0,Wild Type,root,European Modular Cultivation System (EMCS),continuous_light,6.0,False,,Plant Gravity Perception (PGP) Flight Study,RNA Sequencing (RNA-Seq),European Modular Cultivation System (EMCS),
OSD-480,011cm1,Arabidopsis thaliana,flight,Col-0,Wild Type,root,European Modular Cultivation System (EMCS),continuous_light,6.0,False,,Plant Gravity Perception (PGP) Flight Study,RNA Sequencing (RNA-Seq),European Modular Cultivation System (EMCS),
OSD-480,011cm2,Arabidopsis thaliana,flight,Col-0,Wild Type,root,European Modular Cultivation System (EMCS),continuous_light,6.0,False,,Plant Gravity Perception (PGP) Flight Study,RNA Sequencing (RNA-Seq),European Modular Cultivation System (EMCS),
OSD-480,011cm3,Arabidopsis thaliana,flight,Col-0,Wild Type,root,European Modular Cultivation System (EMCS),continuous_light,6.0,False,,Plant Gravity Perception (PGP) Flight Study,RNA Sequencing (RNA-Seq),European Modular Cultivation System (EMCS),
OSD-480,011cm4,Arabidopsis thaliana,flight,Col-0,Wild Type,root,European Modular Cultivation System (EMCS),continuous_light,6.0,False,,Plant Gravity Perception (PGP) Flight Study,RNA Sequencing (RNA-Seq),European Modular Cultivation System (EMCS),
OSD-480,011cr1,Arabidopsis thaliana,flight,Col-0,Wild Type,root,European Modular Cultivation System (EMCS),continuous_light,6.0,False,,Plant Gravity Perception (PGP) Flight Study,RNA Sequencing (RNA-Seq),European Modular Cultivation System (EMCS),
OSD-480,011cr2,Arabidopsis thaliana,flight,Col-0,Wild Type,root,European Modular Cultivation System (EMCS),continuous_light,6.0,False,,Plant Gravity Perception (PGP) Flight Study,RNA Sequencing (RNA-Seq),European Modular Cultivation System (EMCS),
OSD-480,011cr3,Arabidopsis thaliana,flight,Col-0,Wild Type,root,European Modular Cultivation System (EMCS),continuous_light,6.0,False,,Plant Gravity Perception (PGP) Flight Study,RNA Sequencing (RNA-Seq),European Modular Cultivation System (EMCS),
OSD-480,011cr4,Arabidopsis thaliana,flight,Col-0,Wild Type,cotyledon,European Modular Cultivation System (EMCS),continuous_light,6.0,False,,Plant Gravity Perception (PGP) Flight Study,RNA Sequencing (RNA-Seq),European Modular Cultivation System (EMCS),
OSD-480,011pc1,Arabidopsis thaliana,flight,Col-0,pgm-1,cotyledon,European Modular Cultivation System (EMCS),continuous_light,6.0,False,,Plant Gravity Perception (PGP) Flight Study,RNA Sequencing (RNA-Seq),European Modular Cultivation System (EMCS),
OSD-480,011pc2,Arabidopsis thaliana,flight,Col-0,pgm-1,cotyledon,European Modular Cultivation System (EMCS),continuous_light,6.0,False,,Plant Gravity Perception (PGP) Flight Study,RNA Sequencing (RNA-Seq),European Modular Cultivation System (EMCS),
OSD-480,011pc3,Arabidopsis thaliana,flight,Col-0,pgm-1,cotyledon,European Modular Cultivation System (EMCS),continuous_light,6.0,False,,Plant Gravity Perception (PGP) Flight Study,RNA Sequencing (RNA-Seq),European Modular Cultivation System (EMCS),
OSD-480,011pc4,Arabidopsis thaliana,flight,Col-0,pgm-1,hypocotyl,European Modular Cultivation System (EMCS),continuous_light,6.0,False,,Plant Gravity Perception (PGP) Flight Study,RNA Sequencing (RNA-Seq),European Modular Cultivation System (EMCS),
OSD-480,011ph1,Arabidopsis thaliana,flight,Col-0,pgm-1,hypocotyl,European Modular Cultivation System (EMCS),continuous_light,6.0,False,,Plant Gravity Perception (PGP) Flight Study,RNA Sequencing (RNA-Seq),European Modular Cultivation System (EMCS),
OSD-480,011ph2,Arabidopsis thaliana,flight,Col-0,pgm-1,hypocotyl,European Modular Cultivation System (EMCS),continuous_light,6.0,False,,Plant Gravity Perception (PGP) Flight Study,RNA Sequencing (RNA-Seq),European Modular Cultivation System (EMCS),
OSD-480,011ph3,Arabidopsis thaliana,flight,Col-0,pgm-1,hypocotyl,European Modular Cultivation System (EMCS),continuous_light,6.0,False,,Plant Gravity Perception (PGP) Flight Study,RNA Sequencing (RNA-Seq),European Modular Cultivation System (EMCS),
OSD-480,011ph4,Arabidopsis thaliana,flight,Col-0,pgm-1,root,European Modular Cultivation System (EMCS),continuous_light,6.0,False,,Plant Gravity Perception (PGP) Flight Study,RNA Sequencing (RNA-Seq),European Modular Cultivation System (EMCS),
OSD-480,011pm1,Arabidopsis thaliana,flight,Col-0,pgm-1,root,European Modular Cultivation System (EMCS),continuous_light,6.0,False,,Plant Gravity Perception (PGP) Flight Study,RNA Sequencing (RNA-Seq),European Modular Cultivation System (EMCS),
OSD-480,011pm2,Arabidopsis thaliana,flight,Col-0,pgm-1,root,European Modular Cultivation System (EMCS),continuous_light,6.0,False,,Plant Gravity Perception (PGP) Flight Study,RNA Sequencing (RNA-Seq),European Modular Cultivation System (EMCS),
OSD-480,011pm3,Arabidopsis thaliana,flight,Col-0,pgm-1,root,European Modular Cultivation System (EMCS),continuous_light,6.0,False,,Plant Gravity Perception (PGP) Flight Study,RNA Sequencing (RNA-Seq),European Modular Cultivation System (EMCS),
OSD-480,011pm4,Arabidopsis thaliana,flight,Col-0,pgm-1,root,European Modular Cultivation System (EMCS),continuous_light,6.0,False,,Plant Gravity Perception (PGP) Flight Study,RNA Sequencing (RNA-Seq),European Modular Cultivation System (EMCS),
OSD-480,011pr1,Arabidopsis thaliana,flight,Col-0,pgm-1,root,European Modular Cultivation System (EMCS),continuous_light,6.0,False,,Plant Gravity Perception (PGP) Flight Study,RNA Sequencing (RNA-Seq),European Modular Cultivation System (EMCS),
OSD-480,011pr2,Arabidopsis thaliana,flight,Col-0,pgm-1,root,European Modular Cultivation System (EMCS),continuous_light,6.0,False,,Plant Gravity Perception (PGP) Flight Study,RNA Sequencing (RNA-Seq),European Modular Cultivation System (EMCS),
OSD-480,011pr3,Arabidopsis thaliana,flight,Col-0,pgm-1,root,European Modular Cultivation System (EMCS),continuous_light,6.0,False,,Plant Gravity Perception (PGP) Flight Study,RNA Sequencing (RNA-Seq),European Modular Cultivation System (EMCS),
OSD-480,011pr4,Arabidopsis thaliana,flight,Col-0,pgm-1,cotyledon,European Modular Cultivation System (EMCS),continuous_light,6.0,False,,Plant Gravity Perception (PGP) Flight Study,RNA Sequencing (RNA-Seq),European Modular Cultivation System (EMCS),
OSD-480,029cc1,Arabidopsis thaliana,flight,Col-0,Wild Type,cotyledon,European Modular Cultivation System (EMCS),continuous_light,5.0,False,,Plant Gravity Perception (PGP) Flight Study,RNA Sequencing (RNA-Seq),European Modular Cultivation System (EMCS),
OSD-480,029cc2,Arabidopsis thaliana,flight,Col-0,Wild Type,cotyledon,European Modular Cultivation System (EMCS),continuous_light,5.0,False,,Plant Gravity Perception (PGP) Flight Study,RNA Sequencing (RNA-Seq),European Modular Cultivation System (EMCS),
OSD-480,029cc3,Arabidopsis thaliana,flight,Col-0,Wild Type,cotyledon,European Modular Cultivation System (EMCS),continuous_light,6.0,False,,Plant Gravity Perception (PGP) Flight Study,RNA Sequencing (RNA-Seq),European Modular Cultivation System (EMCS),
OSD-480,029cc4,Arabidopsis thaliana,flight,Col-0,Wild Type,cotyledon,European Modular Cultivation System (EMCS),continuous_light,6.0,False,,Plant Gravity Perception (PGP) Flight Study,RNA Sequencing (RNA-Seq),European Modular Cultivation System (EMCS),
OSD-480,029cc5,Arabidopsis thaliana,flight,Col-0,Wild Type,cotyledon,European Modular Cultivation System (EMCS),continuous_light,6.0,False,,Plant Gravity Perception (PGP) Flight Study,RNA Sequencing (RNA-Seq),European Modular Cultivation System (EMCS),
OSD-480,029cc6,Arabidopsis thaliana,flight,Col-0,Wild Type,hypocotyl,European Modular Cultivation System (EMCS),continuous_light,6.0,False,,Plant Gravity Perception (PGP) Flight Study,RNA Sequencing (RNA-Seq),European Modular Cultivation System (EMCS),
OSD-480,029ch1,Arabidopsis thaliana,flight,Col-0,Wild Type,hypocotyl,European Modular Cultivation System (EMCS),continuous_light,5.0,False,,Plant Gravity Perception (PGP) Flight Study,RNA Sequencing (RNA-Seq),European Modular Cultivation System (EMCS),
OSD-480,029ch2,Arabidopsis thaliana,flight,Col-0,Wild Type,hypocotyl,European Modular Cultivation System (EMCS),continuous_light,5.0,False,,Plant Gravity Perception (PGP) Flight Study,RNA Sequencing (RNA-Seq),European Modular Cultivation System (EMCS),
OSD-480,029ch3,Arabidopsis thaliana,flight,Col-0,Wild Type,hypocotyl,European Modular Cultivation System (EMCS),continuous_light,6.0,False,,Plant Gravity Perception (PGP) Flight Study,RNA Sequencing (RNA-Seq),European Modular Cultivation System (EMCS),
OSD-480,029ch4,Arabidopsis thaliana,flight,Col-0,Wild Type,hypocotyl,European Modular Cultivation System (EMCS),continuous_light,6.0,False,,Plant Gravity Perception (PGP) Flight Study,RNA Sequencing (RNA-Seq),European Modular Cultivation System (EMCS),
OSD-480,029ch5,Arabidopsis thaliana,flight,Col-0,Wild Type,hypocotyl,European Modular Cultivation System (EMCS),continuous_light,6.0,False,,Plant Gravity Perception (PGP) Flight Study,RNA Sequencing (RNA-Seq),European Modular Cultivation System (EMCS),
OSD-480,029ch6,Arabidopsis thaliana,flight,Col-0,Wild Type,root,European Modular Cultivation System (EMCS),continuous_light,6.0,False,,Plant Gravity Perception (PGP) Flight Study,RNA Sequencing (RNA-Seq),European Modular Cultivation System (EMCS),
OSD-480,029cm1,Arabidopsis thaliana,flight,Col-0,Wild Type,root,European Modular Cultivation System (EMCS),continuous_light,5.0,False,,Plant Gravity Perception (PGP) Flight Study,RNA Sequencing (RNA-Seq),European Modular Cultivation System (EMCS),
OSD-480,029cm2,Arabidopsis thaliana,flight,Col-0,Wild Type,root,European Modular Cultivation System (EMCS),continuous_light,5.0,False,,Plant Gravity Perception (PGP) Flight Study,RNA Sequencing (RNA-Seq),European Modular Cultivation System (EMCS),
OSD-480,029cm3,Arabidopsis thaliana,flight,Col-0,Wild Type,root,European Modular Cultivation System (EMCS),continuous_light,6.0,False,,Plant Gravity Perception (PGP) Flight Study,RNA Sequencing (RNA-Seq),European Modular Cultivation System (EMCS),
OSD-480,029cm4,Arabidopsis thaliana,flight,Col-0,Wild Type,root,European Modular Cultivation System (EMCS),continuous_light,6.0,False,,Plant Gravity Perception (PGP) Flight Study,RNA Sequencing (RNA-Seq),European Modular Cultivation System (EMCS),
OSD-480,029cm5,Arabidopsis thaliana,flight,Col-0,Wild Type,root,European Modular Cultivation System (EMCS),continuous_light,6.0,False,,Plant Gravity Perception (PGP) Flight Study,RNA Sequencing (RNA-Seq),European Modular Cultivation System (EMCS),
OSD-480,029cm6,Arabidopsis thaliana,flight,Col-0,Wild Type,root,European Modular Cultivation System (EMCS),continuous_light,6.0,False,,Plant Gravity Perception (PGP) Flight Study,RNA Sequencing (RNA-Seq),European Modular Cultivation System (EMCS),
OSD-480,029cr1,Arabidopsis thaliana,flight,Col-0,Wild Type,root,European Modular Cultivation System (EMCS),continuous_light,5.0,False,,Plant Gravity Perception (PGP) Flight Study,RNA Sequencing (RNA-Seq),European Modular Cultivation System (EMCS),
OSD-480,029cr2,Arabidopsis thaliana,flight,Col-0,Wild Type,root,European Modular Cultivation System (EMCS),continuous_light,5.0,False,,Plant Gravity Perception (PGP) Flight Study,RNA Sequencing (RNA-Seq),European Modular Cultivation System (EMCS),
OSD-480,029cr3,Arabidopsis thaliana,flight,Col-0,Wild Type,root,European Modular Cultivation System (EMCS),continuous_light,6.0,False,,Plant Gravity Perception (PGP) Flight Study,RNA Sequencing (RNA-Seq),European Modular Cultivation System (EMCS),
OSD-480,029cr4,Arabidopsis thaliana,flight,Col-0,Wild Type,root,European Modular Cultivation System (EMCS),continuous_light,6.0,False,,Plant Gravity Perception (PGP) Flight Study,RNA Sequencing (RNA-Seq),European Modular Cultivation System (EMCS),
OSD-480,029cr5,Arabidopsis thaliana,flight,Col-0,Wild Type,root,European Modular Cultivation System (EMCS),continuous_light,6.0,False,,Plant Gravity Perception (PGP) Flight Study,RNA Sequencing (RNA-Seq),European Modular Cultivation System (EMCS),
OSD-480,029cr6,Arabidopsis thaliana,flight,Col-0,Wild Type,cotyledon,European Modular Cultivation System (EMCS),continuous_light,6.0,False,,Plant Gravity Perception (PGP) Flight Study,RNA Sequencing (RNA-Seq),European Modular Cultivation System (EMCS),
OSD-480,029pc1,Arabidopsis thaliana,flight,Col-0,pgm-1,cotyledon,European Modular Cultivation System (EMCS),continuous_light,5.0,False,,Plant Gravity Perception (PGP) Flight Study,RNA Sequencing (RNA-Seq),European Modular Cultivation System (EMCS),
OSD-480,029pc2,Arabidopsis thaliana,flight,Col-0,pgm-1,cotyledon,European Modular Cultivation System (EMCS),continuous_light,5.0,False,,Plant Gravity Perception (PGP) Flight Study,RNA Sequencing (RNA-Seq),European Modular Cultivation System (EMCS),
OSD-480,029pc3,Arabidopsis thaliana,flight,Col-0,pgm-1,cotyledon,European Modular Cultivation System (EMCS),continuous_light,5.0,False,,Plant Gravity Perception (PGP) Flight Study,RNA Sequencing (RNA-Seq),European Modular Cultivation System (EMCS),
OSD-480,029pc4,Arabidopsis thaliana,flight,Col-0,pgm-1,hypocotyl,European Modular Cultivation System (EMCS),continuous_light,5.0,False,,Plant Gravity Perception (PGP) Flight Study,RNA Sequencing (RNA-Seq),European Modular Cultivation System (EMCS),
OSD-480,029ph1,Arabidopsis thaliana,flight,Col-0,pgm-1,hypocotyl,European Modular Cultivation System (EMCS),continuous_light,5.0,False,,Plant Gravity Perception (PGP) Flight Study,RNA Sequencing (RNA-Seq),European Modular Cultivation System (EMCS),
OSD-480,029ph2,Arabidopsis thaliana,flight,Col-0,pgm-1,hypocotyl,European Modular Cultivation System (EMCS),continuous_light,5.0,False,,Plant Gravity Perception (PGP) Flight Study,RNA Sequencing (RNA-Seq),European Modular Cultivation System (EMCS),
OSD-480,029ph3,Arabidopsis thaliana,flight,Col-0,pgm-1,hypocotyl,European Modular Cultivation System (EMCS),continuous_light,5.0,False,,Plant Gravity Perception (PGP) Flight Study,RNA Sequencing (RNA-Seq),European Modular Cultivation System (EMCS),
OSD-480,029ph4,Arabidopsis thaliana,flight,Col-0,pgm-1,root,European Modular Cultivation System (EMCS),continuous_light,5.0,False,,Plant Gravity Perception (PGP) Flight Study,RNA Sequencing (RNA-Seq),European Modular Cultivation System (EMCS),
OSD-480,029pm1,Arabidopsis thaliana,flight,Col-0,pgm-1,root,European Modular Cultivation System (EMCS),continuous_light,5.0,False,,Plant Gravity Perception (PGP) Flight Study,RNA Sequencing (RNA-Seq),European Modular Cultivation System (EMCS),
OSD-480,029pm2,Arabidopsis thaliana,flight,Col-0,pgm-1,root,European Modular Cultivation System (EMCS),continuous_light,5.0,False,,Plant Gravity Perception (PGP) Flight Study,RNA Sequencing (RNA-Seq),European Modular Cultivation System (EMCS),
OSD-480,029pm3,Arabidopsis thaliana,flight,Col-0,pgm-1,root,European Modular Cultivation System (EMCS),continuous_light,5.0,False,,Plant Gravity Perception (PGP) Flight Study,RNA Sequencing (RNA-Seq),European Modular Cultivation System (EMCS),
OSD-480,029pm4,Arabidopsis thaliana,flight,Col-0,pgm-1,root,European Modular Cultivation System (EMCS),continuous_light,5.0,False,,Plant Gravity Perception (PGP) Flight Study,RNA Sequencing (RNA-Seq),European Modular Cultivation System (EMCS),
OSD-480,029pr1,Arabidopsis thaliana,flight,Col-0,pgm-1,root,European Modular Cultivation System (EMCS),continuous_light,5.0,False,,Plant Gravity Perception (PGP) Flight Study,RNA Sequencing (RNA-Seq),European Modular Cultivation System (EMCS),
OSD-480,029pr2,Arabidopsis thaliana,flight,Col-0,pgm-1,root,European Modular Cultivation System (EMCS),continuous_light,5.0,False,,Plant Gravity Perception (PGP) Flight Study,RNA Sequencing (RNA-Seq),European Modular Cultivation System (EMCS),
OSD-480,029pr3,Arabidopsis thaliana,flight,Col-0,pgm-1,root,European Modular Cultivation System (EMCS),continuous_light,5.0,False,,Plant Gravity Perception (PGP) Flight Study,RNA Sequencing (RNA-Seq),European Modular Cultivation System (EMCS),
OSD-480,029pr4,Arabidopsis thaliana,flight,Col-0,pgm-1,cotyledon,European Modular Cultivation System (EMCS),continuous_light,5.0,False,,Plant Gravity Perception (PGP) Flight Study,RNA Sequencing (RNA-Seq),European Modular Cultivation System (EMCS),
OSD-480,038cc1,Arabidopsis thaliana,flight,Col-0,Wild Type,cotyledon,European Modular Cultivation System (EMCS),continuous_light,5.0,False,,Plant Gravity Perception (PGP) Flight Study,RNA Sequencing (RNA-Seq),European Modular Cultivation System (EMCS),
OSD-480,038cc2,Arabidopsis thaliana,flight,Col-0,Wild Type,cotyledon,European Modular Cultivation System (EMCS),continuous_light,5.0,False,,Plant Gravity Perception (PGP) Flight Study,RNA Sequencing (RNA-Seq),European Modular Cultivation System (EMCS),
OSD-480,038cc3,Arabidopsis thaliana,flight,Col-0,Wild Type,cotyledon,European Modular Cultivation System (EMCS),continuous_light,6.0,False,,Plant Gravity Perception (PGP) Flight Study,RNA Sequencing (RNA-Seq),European Modular Cultivation System (EMCS),
OSD-480,038cc4,Arabidopsis thaliana,flight,Col-0,Wild Type,cotyledon,European Modular Cultivation System (EMCS),continuous_light,6.0,False,,Plant Gravity Perception (PGP) Flight Study,RNA Sequencing (RNA-Seq),European Modular Cultivation System (EMCS),
OSD-480,038cc5,Arabidopsis thaliana,flight,Col-0,Wild Type,cotyledon,European Modular Cultivation System (EMCS),continuous_light,5.0,False,,Plant Gravity Perception (PGP) Flight Study,RNA Sequencing (RNA-Seq),European Modular Cultivation System (EMCS),
OSD-480,038cc6,Arabidopsis thaliana,flight,Col-0,Wild Type,cotyledon,European Modular Cultivation System (EMCS),continuous_light,5.0,False,,Plant Gravity Perception (PGP) Flight Study,RNA Sequencing (RNA-Seq),European Modular Cultivation System (EMCS),
OSD-480,038cc7,Arabidopsis thaliana,flight,Col-0,Wild Type,cotyledon,European Modular Cultivation System (EMCS),continuous_light,6.0,False,,Plant Gravity Perception (PGP) Flight Study,RNA Sequencing (RNA-Seq),European Modular Cultivation System (EMCS),
OSD-480,038cc8,Arabidopsis thaliana,flight,Col-0,Wild Type,hypocotyl,European Modular Cultivation System (EMCS),continuous_light,6.0,False,,Plant Gravity Perception (PGP) Flight Study,RNA Sequencing (RNA-Seq),European Modular Cultivation System (EMCS),
OSD-480,038ch1,Arabidopsis thaliana,flight,Col-0,Wild Type,hypocotyl,European Modular Cultivation System (EMCS),continuous_light,5.0,False,,Plant Gravity Perception (PGP) Flight Study,RNA Sequencing (RNA-Seq),European Modular Cultivation System (EMCS),
OSD-480,038ch2,Arabidopsis thaliana,flight,Col-0,Wild Type,hypocotyl,European Modular Cultivation System (EMCS),continuous_light,5.0,False,,Plant Gravity Perception (PGP) Flight Study,RNA Sequencing (RNA-Seq),European Modular Cultivation System (EMCS),
OSD-480,038ch3,Arabidopsis thaliana,flight,Col-0,Wild Type,hypocotyl,European Modular Cultivation System (EMCS),continuous_light,6.0,False,,Plant Gravity Perception (PGP) Flight Study,RNA Sequencing (RNA-Seq),European Modular Cultivation System (EMCS),
OSD-480,038ch4,Arabidopsis thaliana,flight,Col-0,Wild Type,hypocotyl,European Modular Cultivation System (EMCS),continuous_light,6.0,False,,Plant Gravity Perception (PGP) Flight Study,RNA Sequencing (RNA-Seq),European Modular Cultivation System (EMCS),
OSD-480,038ch5,Arabidopsis thaliana,flight,Col-0,Wild Type,hypocotyl,European Modular Cultivation System (EMCS),continuous_light,5.0,False,,Plant Gravity Perception (PGP) Flight Study,RNA Sequencing (RNA-Seq),European Modular Cultivation System (EMCS),
OSD-480,038ch6,Arabidopsis thaliana,flight,Col-0,Wild Type,hypocotyl,European Modular Cultivation System (EMCS),continuous_light,5.0,False,,Plant Gravity Perception (PGP) Flight Study,RNA Sequencing (RNA-Seq),European Modular Cultivation System (EMCS),
OSD-480,038ch7,Arabidopsis thaliana,flight,Col-0,Wild Type,hypocotyl,European Modular Cultivation System (EMCS),continuous_light,6.0,False,,Plant Gravity Perception (PGP) Flight Study,RNA Sequencing (RNA-Seq),European Modular Cultivation System (EMCS),
OSD-480,038ch8,Arabidopsis thaliana,flight,Col-0,Wild Type,root,European Modular Cultivation System (EMCS),continuous_light,6.0,False,,Plant Gravity Perception (PGP) Flight Study,RNA Sequencing (RNA-Seq),European Modular Cultivation System (EMCS),
OSD-480,038cm1,Arabidopsis thaliana,flight,Col-0,Wild Type,root,European Modular Cultivation System (EMCS),continuous_light,5.0,False,,Plant Gravity Perception (PGP) Flight Study,RNA Sequencing (RNA-Seq),European Modular Cultivation System (EMCS),
OSD-480,038cm2,Arabidopsis thaliana,flight,Col-0,Wild Type,root,European Modular Cultivation System (EMCS),continuous_light,5.0,False,,Plant Gravity Perception (PGP) Flight Study,RNA Sequencing (RNA-Seq),European Modular Cultivation System (EMCS),
OSD-480,038cm3,Arabidopsis thaliana,flight,Col-0,Wild Type,root,European Modular Cultivation System (EMCS),continuous_light,6.0,False,,Plant Gravity Perception (PGP) Flight Study,RNA Sequencing (RNA-Seq),European Modular Cultivation System (EMCS),
OSD-480,038cm4,Arabidopsis thaliana,flight,Col-0,Wild Type,root,European Modular Cultivation System (EMCS),continuous_light,6.0,False,,Plant Gravity Perception (PGP) Flight Study,RNA Sequencing (RNA-Seq),European Modular Cultivation System (EMCS),
OSD-480,038cm5,Arabidopsis thaliana,flight,Col-0,Wild Type,root,European Modular Cultivation System (EMCS),continuous_light,5.0,False,,Plant Gravity Perception (PGP) Flight Study,RNA Sequencing (RNA-Seq),European Modular Cultivation System (EMCS),
OSD-480,038cm6,Arabidopsis thaliana,flight,Col-0,Wild Type,root,European Modular Cultivation System (EMCS),continuous_light,5.0,False,,Plant Gravity Perception (PGP) Flight Study,RNA Sequencing (RNA-Seq),European Modular Cultivation System (EMCS),
OSD-480,038cm7,Arabidopsis thaliana,flight,Col-0,Wild Type,root,European Modular Cultivation System (EMCS),continuous_light,6.0,False,,Plant Gravity Perception (PGP) Flight Study,RNA Sequencing (RNA-Seq),European Modular Cultivation System (EMCS),
OSD-480,038cm8,Arabidopsis thaliana,flight,Col-0,Wild Type,root,European Modular Cultivation System (EMCS),continuous_light,6.0,False,,Plant Gravity Perception (PGP) Flight Study,RNA Sequencing (RNA-Seq),European Modular Cultivation System (EMCS),
OSD-480,038cr1,Arabidopsis thaliana,flight,Col-0,Wild Type,root,European Modular Cultivation System (EMCS),continuous_light,5.0,False,,Plant Gravity Perception (PGP) Flight Study,RNA Sequencing (RNA-Seq),European Modular Cultivation System (EMCS),
OSD-480,038cr2,Arabidopsis thaliana,flight,Col-0,Wild Type,root,European Modular Cultivation System (EMCS),continuous_light,5.0,False,,Plant Gravity Perception (PGP) Flight Study,RNA Sequencing (RNA-Seq),European Modular Cultivation System (EMCS),
OSD-480,038cr3,Arabidopsis thaliana,flight,Col-0,Wild Type,root,European Modular Cultivation System (EMCS),continuous_light,6.0,False,,Plant Gravity Perception (PGP) Flight Study,RNA Sequencing (RNA-Seq),European Modular Cultivation System (EMCS),
OSD-480,038cr4,Arabidopsis thaliana,flight,Col-0,Wild Type,root,European Modular Cultivation System (EMCS),continuous_light,6.0,False,,Plant Gravity Perception (PGP) Flight Study,RNA Sequencing (RNA-Seq),European Modular Cultivation System (EMCS),
OSD-480,038cr5,Arabidopsis thaliana,flight,Col-0,Wild Type,root,European Modular Cultivation System (EMCS),continuous_light,5.0,False,,Plant Gravity Perception (PGP) Flight Study,RNA Sequencing (RNA-Seq),European Modular Cultivation System (EMCS),
OSD-480,038cr6,Arabidopsis thaliana,flight,Col-0,Wild Type,root,European Modular Cultivation System (EMCS),continuous_light,5.0,False,,Plant Gravity Perception (PGP) Flight Study,RNA Sequencing (RNA-Seq),European Modular Cultivation System (EMCS),
OSD-480,038cr7,Arabidopsis thaliana,flight,Col-0,Wild Type,root,European Modular Cultivation System (EMCS),continuous_light,6.0,False,,Plant Gravity Perception (PGP) Flight Study,RNA Sequencing (RNA-Seq),European Modular Cultivation System (EMCS),
OSD-480,038cr8,Arabidopsis thaliana,flight,Col-0,Wild Type,cotyledon,European Modular Cultivation System (EMCS),continuous_light,6.0,False,,Plant Gravity Perception (PGP) Flight Study,RNA Sequencing (RNA-Seq),European Modular Cultivation System (EMCS),
OSD-480,038pc1,Arabidopsis thaliana,flight,Col-0,pgm-1,cotyledon,European Modular Cultivation System (EMCS),continuous_light,6.0,False,,Plant Gravity Perception (PGP) Flight Study,RNA Sequencing (RNA-Seq),European Modular Cultivation System (EMCS),
OSD-480,038pc2,Arabidopsis thaliana,flight,Col-0,pgm-1,cotyledon,European Modular Cultivation System (EMCS),continuous_light,6.0,False,,Plant Gravity Perception (PGP) Flight Study,RNA Sequencing (RNA-Seq),European Modular Cultivation System (EMCS),
OSD-480,038pc3,Arabidopsis thaliana,flight,Col-0,pgm-1,cotyledon,European Modular Cultivation System (EMCS),continuous_light,5.0,False,,Plant Gravity Perception (PGP) Flight Study,RNA Sequencing (RNA-Seq),European Modular Cultivation System (EMCS),
OSD-480,038pc4,Arabidopsis thaliana,flight,Col-0,pgm-1,hypocotyl,European Modular Cultivation System (EMCS),continuous_light,5.0,False,,Plant Gravity Perception (PGP) Flight Study,RNA Sequencing (RNA-Seq),European Modular Cultivation System (EMCS),
OSD-480,038ph1,Arabidopsis thaliana,flight,Col-0,pgm-1,hypocotyl,European Modular Cultivation System (EMCS),continuous_light,6.0,False,,Plant Gravity Perception (PGP) Flight Study,RNA Sequencing (RNA-Seq),European Modular Cultivation System (EMCS),
OSD-480,038ph2,Arabidopsis thaliana,flight,Col-0,pgm-1,hypocotyl,European Modular Cultivation System (EMCS),continuous_light,6.0,False,,Plant Gravity Perception (PGP) Flight Study,RNA Sequencing (RNA-Seq),European Modular Cultivation System (EMCS),
OSD-480,038ph3,Arabidopsis thaliana,flight,Col-0,pgm-1,hypocotyl,European Modular Cultivation System (EMCS),continuous_light,5.0,False,,Plant Gravity Perception (PGP) Flight Study,RNA Sequencing (RNA-Seq),European Modular Cultivation System (EMCS),
OSD-480,038ph4,Arabidopsis thaliana,flight,Col-0,pgm-1,root,European Modular Cultivation System (EMCS),continuous_light,5.0,False,,Plant Gravity Perception (PGP) Flight Study,RNA Sequencing (RNA-Seq),European Modular Cultivation System (EMCS),
OSD-480,038pm1,Arabidopsis thaliana,flight,Col-0,pgm-1,root,European Modular Cultivation System (EMCS),continuous_light,6.0,False,,Plant Gravity Perception (PGP) Flight Study,RNA Sequencing (RNA-Seq),European Modular Cultivation System (EMCS),
OSD-480,038pm2,Arabidopsis thaliana,flight,Col-0,pgm-1,root,European Modular Cultivation System (EMCS),continuous_light,6.0,False,,Plant Gravity Perception (PGP) Flight Study,RNA Sequencing (RNA-Seq),European Modular Cultivation System (EMCS),
OSD-480,038pm3,Arabidopsis thaliana,flight,Col-0,pgm-1,root,European Modular Cultivation System (EMCS),continuous_light,5.0,False,,Plant Gravity Perception (PGP) Flight Study,RNA Sequencing (RNA-Seq),European Modular Cultivation System (EMCS),
OSD-480,038pm4,Arabidopsis thaliana,flight,Col-0,pgm-1,root,European Modular Cultivation System (EMCS),continuous_light,5.0,False,,Plant Gravity Perception (PGP) Flight Study,RNA Sequencing (RNA-Seq),European Modular Cultivation System (EMCS),
OSD-480,038pr1,Arabidopsis thaliana,flight,Col-0,pgm-1,root,European Modular Cultivation System (EMCS),continuous_light,6.0,False,,Plant Gravity Perception (PGP) Flight Study,RNA Sequencing (RNA-Seq),European Modular Cultivation System (EMCS),
OSD-480,038pr2,Arabidopsis thaliana,flight,Col-0,pgm-1,root,European Modular Cultivation System (EMCS),continuous_light,6.0,False,,Plant Gravity Perception (PGP) Flight Study,RNA Sequencing (RNA-Seq),European Modular Cultivation System (EMCS),
OSD-480,038pr3,Arabidopsis thaliana,flight,Col-0,pgm-1,root,European Modular Cultivation System (EMCS),continuous_light,5.0,False,,Plant Gravity Perception (PGP) Flight Study,RNA Sequencing (RNA-Seq),European Modular Cultivation System (EMCS),
OSD-480,038pr4,Arabidopsis thaliana,flight,Col-0,pgm-1,cotyledon,European Modular Cultivation System (EMCS),continuous_light,5.0,False,,Plant Gravity Perception (PGP) Flight Study,RNA Sequencing (RNA-Seq),European Modular Cultivation System (EMCS),
OSD-480,107cc1,Arabidopsis thaliana,flight,Col-0,Wild Type,cotyledon,European Modular Cultivation System (EMCS),LD_12:12,6.0,False,,Plant Gravity Perception (PGP) Flight Study,RNA Sequencing (RNA-Seq),European Modular Cultivation System (EMCS),
OSD-480,107cc2,Arabidopsis thaliana,flight,Col-0,Wild Type,cotyledon,European Modular Cultivation System (EMCS),LD_12:12,6.0,False,,Plant Gravity Perception (PGP) Flight Study,RNA Sequencing (RNA-Seq),European Modular Cultivation System (EMCS),
OSD-480,107cc3,Arabidopsis thaliana,flight,Col-0,Wild Type,cotyledon,European Modular Cultivation System (EMCS),LD_12:12,6.0,False,,Plant Gravity Perception (PGP) Flight Study,RNA Sequencing (RNA-Seq),European Modular Cultivation System (EMCS),
OSD-480,107cc4,Arabidopsis thaliana,flight,Col-0,Wild Type,hypocotyl,European Modular Cultivation System (EMCS),LD_12:12,6.0,False,,Plant Gravity Perception (PGP) Flight Study,RNA Sequencing (RNA-Seq),European Modular Cultivation System (EMCS),
OSD-480,107ch1,Arabidopsis thaliana,flight,Col-0,Wild Type,hypocotyl,European Modular Cultivation System (EMCS),LD_12:12,6.0,False,,Plant Gravity Perception (PGP) Flight Study,RNA Sequencing (RNA-Seq),European Modular Cultivation System (EMCS),
OSD-480,107ch2,Arabidopsis thaliana,flight,Col-0,Wild Type,hypocotyl,European Modular Cultivation System (EMCS),LD_12:12,6.0,False,,Plant Gravity Perception (PGP) Flight Study,RNA Sequencing (RNA-Seq),European Modular Cultivation System (EMCS),
OSD-480,107ch3,Arabidopsis thaliana,flight,Col-0,Wild Type,hypocotyl,European Modular Cultivation System (EMCS),LD_12:12,6.0,False,,Plant Gravity Perception (PGP) Flight Study,RNA Sequencing (RNA-Seq),European Modular Cultivation System (EMCS),
OSD-480,107ch4,Arabidopsis thaliana,flight,Col-0,Wild Type,root,European Modular Cultivation System (EMCS),LD_12:12,6.0,False,,Plant Gravity Perception (PGP) Flight Study,RNA Sequencing (RNA-Seq),European Modular Cultivation System (EMCS),
OSD-480,107cm1,Arabidopsis thaliana,flight,Col-0,Wild Type,root,European Modular Cultivation System (EMCS),LD_12:12,6.0,False,,Plant Gravity Perception (PGP) Flight Study,RNA Sequencing (RNA-Seq),European Modular Cultivation System (EMCS),
OSD-480,107cm2,Arabidopsis thaliana,flight,Col-0,Wild Type,root,European Modular Cultivation System (EMCS),LD_12:12,6.0,False,,Plant Gravity Perception (PGP) Flight Study,RNA Sequencing (RNA-Seq),European Modular Cultivation System (EMCS),
OSD-480,107cm3,Arabidopsis thaliana,flight,Col-0,Wild Type,root,European Modular Cultivation System (EMCS),LD_12:12,6.0,False,,Plant Gravity Perception (PGP) Flight Study,RNA Sequencing (RNA-Seq),European Modular Cultivation System (EMCS),
OSD-480,107cm4,Arabidopsis thaliana,flight,Col-0,Wild Type,root,European Modular Cultivation System (EMCS),LD_12:12,6.0,False,,Plant Gravity Perception (PGP) Flight Study,RNA Sequencing (RNA-Seq),European Modular Cultivation System (EMCS),
OSD-480,107cr1,Arabidopsis thaliana,flight,Col-0,Wild Type,root,European Modular Cultivation System (EMCS),LD_12:12,6.0,False,,Plant Gravity Perception (PGP) Flight Study,RNA Sequencing (RNA-Seq),European Modular Cultivation System (EMCS),
OSD-480,107cr2,Arabidopsis thaliana,flight,Col-0,Wild Type,root,European Modular Cultivation System (EMCS),LD_12:12,6.0,False,,Plant Gravity Perception (PGP) Flight Study,RNA Sequencing (RNA-Seq),European Modular Cultivation System (EMCS),
OSD-480,107cr3,Arabidopsis thaliana,flight,Col-0,Wild Type,root,European Modular Cultivation System (EMCS),LD_12:12,6.0,False,,Plant Gravity Perception (PGP) Flight Study,RNA Sequencing (RNA-Seq),European Modular Cultivation System (EMCS),
OSD-480,107cr4,Arabidopsis thaliana,flight,Col-0,Wild Type,cotyledon,European Modular Cultivation System (EMCS),LD_12:12,6.0,False,,Plant Gravity Perception (PGP) Flight Study,RNA Sequencing (RNA-Seq),European Modular Cultivation System (EMCS),
OSD-480,107pc1,Arabidopsis thaliana,flight,Col-0,pgm-1,cotyledon,European Modular Cultivation System (EMCS),LD_12:12,6.0,False,,Plant Gravity Perception (PGP) Flight Study,RNA Sequencing (RNA-Seq),European Modular Cultivation System (EMCS),
OSD-480,107pc2,Arabidopsis thaliana,flight,Col-0,pgm-1,hypocotyl,European Modular Cultivation System (EMCS),LD_12:12,6.0,False,,Plant Gravity Perception (PGP) Flight Study,RNA Sequencing (RNA-Seq),European Modular Cultivation System (EMCS),
OSD-480,107ph1,Arabidopsis thaliana,flight,Col-0,pgm-1,hypocotyl,European Modular Cultivation System (EMCS),LD_12:12,6.0,False,,Plant Gravity Perception (PGP) Flight Study,RNA Sequencing (RNA-Seq),European Modular Cultivation System (EMCS),
OSD-480,107ph2,Arabidopsis thaliana,flight,Col-0,pgm-1,root,European Modular Cultivation System (EMCS),LD_12:12,6.0,False,,Plant Gravity Perception (PGP) Flight Study,RNA Sequencing (RNA-Seq),European Modular Cultivation System (EMCS),
OSD-480,107pm1,Arabidopsis thaliana,flight,Col-0,pgm-1,root,European Modular Cultivation System (EMCS),LD_12:12,6.0,False,,Plant Gravity Perception (PGP) Flight Study,RNA Sequencing (RNA-Seq),European Modular Cultivation System (EMCS),
OSD-480,107pm2,Arabidopsis thaliana,flight,Col-0,pgm-1,root,European Modular Cultivation System (EMCS),LD_12:12,6.0,False,,Plant Gravity Perception (PGP) Flight Study,RNA Sequencing (RNA-Seq),European Modular Cultivation System (EMCS),
OSD-480,107pr1,Arabidopsis thaliana,flight,Col-0,pgm-1,root,European Modular Cultivation System (EMCS),LD_12:12,6.0,False,,Plant Gravity Perception (PGP) Flight Study,RNA Sequencing (RNA-Seq),European Modular Cultivation System (EMCS),
OSD-480,107pr2,Arabidopsis thaliana,flight,Col-0,pgm-1,cotyledon,European Modular Cultivation System (EMCS),LD_12:12,6.0,False,,Plant Gravity Perception (PGP) Flight Study,RNA Sequencing (RNA-Seq),European Modular Cultivation System (EMCS),
OSD-480,127cc1,Arabidopsis thaliana,flight,Col-0,Wild Type,cotyledon,European Modular Cultivation System (EMCS),LD_12:12,6.0,False,,Plant Gravity Perception (PGP) Flight Study,RNA Sequencing (RNA-Seq),European Modular Cultivation System (EMCS),
OSD-480,127cc2,Arabidopsis thaliana,flight,Col-0,Wild Type,cotyledon,European Modular Cultivation System (EMCS),LD_12:12,6.0,False,,Plant Gravity Perception (PGP) Flight Study,RNA Sequencing (RNA-Seq),European Modular Cultivation System (EMCS),
OSD-480,127cc3,Arabidopsis thaliana,flight,Col-0,Wild Type,cotyledon,European Modular Cultivation System (EMCS),LD_12:12,6.0,False,,Plant Gravity Perception (PGP) Flight Study,RNA Sequencing (RNA-Seq),European Modular Cultivation System (EMCS),
OSD-480,127cc4,Arabidopsis thaliana,flight,Col-0,Wild Type,hypocotyl,European Modular Cultivation System (EMCS),LD_12:12,6.0,False,,Plant Gravity Perception (PGP) Flight Study,RNA Sequencing (RNA-Seq),European Modular Cultivation System (EMCS),
OSD-480,127ch1,Arabidopsis thaliana,flight,Col-0,Wild Type,hypocotyl,European Modular Cultivation System (EMCS),LD_12:12,6.0,False,,Plant Gravity Perception (PGP) Flight Study,RNA Sequencing (RNA-Seq),European Modular Cultivation System (EMCS),
OSD-480,127ch2,Arabidopsis thaliana,flight,Col-0,Wild Type,hypocotyl,European Modular Cultivation System (EMCS),LD_12:12,6.0,False,,Plant Gravity Perception (PGP) Flight Study,RNA Sequencing (RNA-Seq),European Modular Cultivation System (EMCS),
OSD-480,127ch3,Arabidopsis thaliana,flight,Col-0,Wild Type,hypocotyl,European Modular Cultivation System (EMCS),LD_12:12,6.0,False,,Plant Gravity Perception (PGP) Flight Study,RNA Sequencing (RNA-Seq),European Modular Cultivation System (EMCS),
OSD-480,127ch4,Arabidopsis thaliana,flight,Col-0,Wild Type,root,European Modular Cultivation System (EMCS),LD_12:12,6.0,False,,Plant Gravity Perception (PGP) Flight Study,RNA Sequencing (RNA-Seq),European Modular Cultivation System (EMCS),
OSD-480,127cm1,Arabidopsis thaliana,flight,Col-0,Wild Type,root,European Modular Cultivation System (EMCS),LD_12:12,6.0,False,,Plant Gravity Perception (PGP) Flight Study,RNA Sequencing (RNA-Seq),European Modular Cultivation System (EMCS),
OSD-480,127cm2,Arabidopsis thaliana,flight,Col-0,Wild Type,root,European Modular Cultivation System (EMCS),LD_12:12,6.0,False,,Plant Gravity Perception (PGP) Flight Study,RNA Sequencing (RNA-Seq),European Modular Cultivation System (EMCS),
OSD-480,127cm3,Arabidopsis thaliana,flight,Col-0,Wild Type,root,European Modular Cultivation System (EMCS),LD_12:12,6.0,False,,Plant Gravity Perception (PGP) Flight Study,RNA Sequencing (RNA-Seq),European Modular Cultivation System (EMCS),
OSD-480,127cm4,Arabidopsis thaliana,flight,Col-0,Wild Type,root,European Modular Cultivation System (EMCS),LD_12:12,6.0,False,,Plant Gravity Perception (PGP) Flight Study,RNA Sequencing (RNA-Seq),European Modular Cultivation System (EMCS),
OSD-480,127cr1,Arabidopsis thaliana,flight,Col-0,Wild Type,root,European Modular Cultivation System (EMCS),LD_12:12,6.0,False,,Plant Gravity Perception (PGP) Flight Study,RNA Sequencing (RNA-Seq),European Modular Cultivation System (EMCS),
OSD-480,127cr2,Arabidopsis thaliana,flight,Col-0,Wild Type,root,European Modular Cultivation System (EMCS),LD_12:12,6.0,False,,Plant Gravity Perception (PGP) Flight Study,RNA Sequencing (RNA-Seq),European Modular Cultivation System (EMCS),
OSD-480,127cr3,Arabidopsis thaliana,flight,Col-0,Wild Type,root,European Modular Cultivation System (EMCS),LD_12:12,6.0,False,,Plant Gravity Perception (PGP) Flight Study,RNA Sequencing (RNA-Seq),European Modular Cultivation System (EMCS),
OSD-480,127cr4,Arabidopsis thaliana,flight,Col-0,Wild Type,cotyledon,European Modular Cultivation System (EMCS),LD_12:12,6.0,False,,Plant Gravity Perception (PGP) Flight Study,RNA Sequencing (RNA-Seq),European Modular Cultivation System (EMCS),
OSD-480,127pc1,Arabidopsis thaliana,flight,Col-0,pgm-1,cotyledon,European Modular Cultivation System (EMCS),LD_12:12,6.0,False,,Plant Gravity Perception (PGP) Flight Study,RNA Sequencing (RNA-Seq),European Modular Cultivation System (EMCS),
OSD-480,127pc2,Arabidopsis thaliana,flight,Col-0,pgm-1,cotyledon,European Modular Cultivation System (EMCS),LD_12:12,6.0,False,,Plant Gravity Perception (PGP) Flight Study,RNA Sequencing (RNA-Seq),European Modular Cultivation System (EMCS),
OSD-480,127pc3,Arabidopsis thaliana,flight,Col-0,pgm-1,cotyledon,European Modular Cultivation System (EMCS),LD_12:12,6.0,False,,Plant Gravity Perception (PGP) Flight Study,RNA Sequencing (RNA-Seq),European Modular Cultivation System (EMCS),
OSD-480,127pc4,Arabidopsis thaliana,flight,Col-0,pgm-1,hypocotyl,European Modular Cultivation System (EMCS),LD_12:12,6.0,False,,Plant Gravity Perception (PGP) Flight Study,RNA Sequencing (RNA-Seq),European Modular Cultivation System (EMCS),
OSD-480,127ph1,Arabidopsis thaliana,flight,Col-0,pgm-1,hypocotyl,European Modular Cultivation System (EMCS),LD_12:12,6.0,False,,Plant Gravity Perception (PGP) Flight Study,RNA Sequencing (RNA-Seq),European Modular Cultivation System (EMCS),
OSD-480,127ph2,Arabidopsis thaliana,flight,Col-0,pgm-1,hypocotyl,European Modular Cultivation System (EMCS),LD_12:12,6.0,False,,Plant Gravity Perception (PGP) Flight Study,RNA Sequencing (RNA-Seq),European Modular Cultivation System (EMCS),
OSD-480,127ph3,Arabidopsis thaliana,flight,Col-0,pgm-1,hypocotyl,European Modular Cultivation System (EMCS),LD_12:12,6.0,False,,Plant Gravity Perception (PGP) Flight Study,RNA Sequencing (RNA-Seq),European Modular Cultivation System (EMCS),
OSD-480,127ph4,Arabidopsis thaliana,flight,Col-0,pgm-1,root,European Modular Cultivation System (EMCS),LD_12:12,6.0,False,,Plant Gravity Perception (PGP) Flight Study,RNA Sequencing (RNA-Seq),European Modular Cultivation System (EMCS),
OSD-480,127pm1,Arabidopsis thaliana,flight,Col-0,pgm-1,root,European Modular Cultivation System (EMCS),LD_12:12,6.0,False,,Plant Gravity Perception (PGP) Flight Study,RNA Sequencing (RNA-Seq),European Modular Cultivation System (EMCS),
OSD-480,127pm2,Arabidopsis thaliana,flight,Col-0,pgm-1,root,European Modular Cultivation System (EMCS),LD_12:12,6.0,False,,Plant Gravity Perception (PGP) Flight Study,RNA Sequencing (RNA-Seq),European Modular Cultivation System (EMCS),
OSD-480,127pm3,Arabidopsis thaliana,flight,Col-0,pgm-1,root,European Modular Cultivation System (EMCS),LD_12:12,6.0,False,,Plant Gravity Perception (PGP) Flight Study,RNA Sequencing (RNA-Seq),European Modular Cultivation System (EMCS),
OSD-480,127pm4,Arabidopsis thaliana,flight,Col-0,pgm-1,root,European Modular Cultivation System (EMCS),LD_12:12,6.0,False,,Plant Gravity Perception (PGP) Flight Study,RNA Sequencing (RNA-Seq),European Modular Cultivation System (EMCS),
OSD-480,127pr1,Arabidopsis thaliana,flight,Col-0,pgm-1,root,European Modular Cultivation System (EMCS),LD_12:12,6.0,False,,Plant Gravity Perception (PGP) Flight Study,RNA Sequencing (RNA-Seq),European Modular Cultivation System (EMCS),
OSD-480,127pr2,Arabidopsis thaliana,flight,Col-0,pgm-1,root,European Modular Cultivation System (EMCS),LD_12:12,6.0,False,,Plant Gravity Perception (PGP) Flight Study,RNA Sequencing (RNA-Seq),European Modular Cultivation System (EMCS),
OSD-480,127pr3,Arabidopsis thaliana,flight,Col-0,pgm-1,root,European Modular Cultivation System (EMCS),LD_12:12,6.0,False,,Plant Gravity Perception (PGP) Flight Study,RNA Sequencing (RNA-Seq),European Modular Cultivation System (EMCS),
OSD-480,127pr4,Arabidopsis thaliana,flight,Col-0,pgm-1,cotyledon,European Modular Cultivation System (EMCS),LD_12:12,6.0,False,,Plant Gravity Perception (PGP) Flight Study,RNA Sequencing (RNA-Seq),European Modular Cultivation System (EMCS),
OSD-480,166cc1,Arabidopsis thaliana,flight,Col-0,Wild Type,cotyledon,European Modular Cultivation System (EMCS),LD_12:12,6.0,False,,Plant Gravity Perception (PGP) Flight Study,RNA Sequencing (RNA-Seq),European Modular Cultivation System (EMCS),
OSD-480,166cc2,Arabidopsis thaliana,flight,Col-0,Wild Type,cotyledon,European Modular Cultivation System (EMCS),LD_12:12,6.0,False,,Plant Gravity Perception (PGP) Flight Study,RNA Sequencing (RNA-Seq),European Modular Cultivation System (EMCS),
OSD-480,166cc3,Arabidopsis thaliana,flight,Col-0,Wild Type,cotyledon,European Modular Cultivation System (EMCS),LD_12:12,6.0,False,,Plant Gravity Perception (PGP) Flight Study,RNA Sequencing (RNA-Seq),European Modular Cultivation System (EMCS),
OSD-480,166cc4,Arabidopsis thaliana,flight,Col-0,Wild Type,hypocotyl,European Modular Cultivation System (EMCS),LD_12:12,6.0,False,,Plant Gravity Perception (PGP) Flight Study,RNA Sequencing (RNA-Seq),European Modular Cultivation System (EMCS),
OSD-480,166ch1,Arabidopsis thaliana,flight,Col-0,Wild Type,hypocotyl,European Modular Cultivation System (EMCS),LD_12:12,6.0,False,,Plant Gravity Perception (PGP) Flight Study,RNA Sequencing (RNA-Seq),European Modular Cultivation System (EMCS),
OSD-480,166ch2,Arabidopsis thaliana,flight,Col-0,Wild Type,hypocotyl,European Modular Cultivation System (EMCS),LD_12:12,6.0,False,,Plant Gravity Perception (PGP) Flight Study,RNA Sequencing (RNA-Seq),European Modular Cultivation System (EMCS),
OSD-480,166ch3,Arabidopsis thaliana,flight,Col-0,Wild Type,hypocotyl,European Modular Cultivation System (EMCS),LD_12:12,6.0,False,,Plant Gravity Perception (PGP) Flight Study,RNA Sequencing (RNA-Seq),European Modular Cultivation System (EMCS),
OSD-480,166ch4,Arabidopsis thaliana,flight,Col-0,Wild Type,root,European Modular Cultivation System (EMCS),LD_12:12,6.0,False,,Plant Gravity Perception (PGP) Flight Study,RNA Sequencing (RNA-Seq),European Modular Cultivation System (EMCS),
OSD-480,166cm1,Arabidopsis thaliana,flight,Col-0,Wild Type,root,European Modular Cultivation System (EMCS),LD_12:12,6.0,False,,Plant Gravity Perception (PGP) Flight Study,RNA Sequencing (RNA-Seq),European Modular Cultivation System (EMCS),
OSD-480,166cm2,Arabidopsis thaliana,flight,Col-0,Wild Type,root,European Modular Cultivation System (EMCS),LD_12:12,6.0,False,,Plant Gravity Perception (PGP) Flight Study,RNA Sequencing (RNA-Seq),European Modular Cultivation System (EMCS),
OSD-480,166cm3,Arabidopsis thaliana,flight,Col-0,Wild Type,root,European Modular Cultivation System (EMCS),LD_12:12,6.0,False,,Plant Gravity Perception (PGP) Flight Study,RNA Sequencing (RNA-Seq),European Modular Cultivation System (EMCS),
OSD-480,166cm4,Arabidopsis thaliana,flight,Col-0,Wild Type,root,European Modular Cultivation System (EMCS),LD_12:12,6.0,False,,Plant Gravity Perception (PGP) Flight Study,RNA Sequencing (RNA-Seq),European Modular Cultivation System (EMCS),
OSD-480,166cr1,Arabidopsis thaliana,flight,Col-0,Wild Type,root,European Modular Cultivation System (EMCS),LD_12:12,6.0,False,,Plant Gravity Perception (PGP) Flight Study,RNA Sequencing (RNA-Seq),European Modular Cultivation System (EMCS),
OSD-480,166cr2,Arabidopsis thaliana,flight,Col-0,Wild Type,root,European Modular Cultivation System (EMCS),LD_12:12,6.0,False,,Plant Gravity Perception (PGP) Flight Study,RNA Sequencing (RNA-Seq),European Modular Cultivation System (EMCS),
OSD-480,166cr3,Arabidopsis thaliana,flight,Col-0,Wild Type,root,European Modular Cultivation System (EMCS),LD_12:12,6.0,False,,Plant Gravity Perception (PGP) Flight Study,RNA Sequencing (RNA-Seq),European Modular Cultivation System (EMCS),
OSD-480,166cr4,Arabidopsis thaliana,flight,Col-0,Wild Type,cotyledon,European Modular Cultivation System (EMCS),LD_12:12,6.0,False,,Plant Gravity Perception (PGP) Flight Study,RNA Sequencing (RNA-Seq),European Modular Cultivation System (EMCS),
OSD-480,166pc1,Arabidopsis thaliana,flight,Col-0,pgm-1,cotyledon,European Modular Cultivation System (EMCS),LD_12:12,6.0,False,,Plant Gravity Perception (PGP) Flight Study,RNA Sequencing (RNA-Seq),European Modular Cultivation System (EMCS),
OSD-480,166pc2,Arabidopsis thaliana,flight,Col-0,pgm-1,cotyledon,European Modular Cultivation System (EMCS),LD_12:12,6.0,False,,Plant Gravity Perception (PGP) Flight Study,RNA Sequencing (RNA-Seq),European Modular Cultivation System (EMCS),
OSD-480,166pc3,Arabidopsis thaliana,flight,Col-0,pgm-1,cotyledon,European Modular Cultivation System (EMCS),LD_12:12,6.0,False,,Plant Gravity Perception (PGP) Flight Study,RNA Sequencing (RNA-Seq),European Modular Cultivation System (EMCS),
OSD-480,166pc4,Arabidopsis thaliana,flight,Col-0,pgm-1,hypocotyl,European Modular Cultivation System (EMCS),LD_12:12,6.0,False,,Plant Gravity Perception (PGP) Flight Study,RNA Sequencing (RNA-Seq),European Modular Cultivation System (EMCS),
OSD-480,166ph1,Arabidopsis thaliana,flight,Col-0,pgm-1,hypocotyl,European Modular Cultivation System (EMCS),LD_12:12,6.0,False,,Plant Gravity Perception (PGP) Flight Study,RNA Sequencing (RNA-Seq),European Modular Cultivation System (EMCS),
OSD-480,166ph2,Arabidopsis thaliana,flight,Col-0,pgm-1,hypocotyl,European Modular Cultivation System (EMCS),LD_12:12,6.0,False,,Plant Gravity Perception (PGP) Flight Study,RNA Sequencing (RNA-Seq),European Modular Cultivation System (EMCS),
OSD-480,166ph3,Arabidopsis thaliana,flight,Col-0,pgm-1,hypocotyl,European Modular Cultivation System (EMCS),LD_12:12,6.0,False,,Plant Gravity Perception (PGP) Flight Study,RNA Sequencing (RNA-Seq),European Modular Cultivation System (EMCS),
OSD-480,166ph4,Arabidopsis thaliana,flight,Col-0,pgm-1,root,European Modular Cultivation System (EMCS),LD_12:12,6.0,False,,Plant Gravity Perception (PGP) Flight Study,RNA Sequencing (RNA-Seq),European Modular Cultivation System (EMCS),
OSD-480,166pm1,Arabidopsis thaliana,flight,Col-0,pgm-1,root,European Modular Cultivation System (EMCS),LD_12:12,6.0,False,,Plant Gravity Perception (PGP) Flight Study,RNA Sequencing (RNA-Seq),European Modular Cultivation System (EMCS),
OSD-480,166pm2,Arabidopsis thaliana,flight,Col-0,pgm-1,root,European Modular Cultivation System (EMCS),LD_12:12,6.0,False,,Plant Gravity Perception (PGP) Flight Study,RNA Sequencing (RNA-Seq),European Modular Cultivation System (EMCS),
OSD-480,166pm3,Arabidopsis thaliana,flight,Col-0,pgm-1,root,European Modular Cultivation System (EMCS),LD_12:12,6.0,False,,Plant Gravity Perception (PGP) Flight Study,RNA Sequencing (RNA-Seq),European Modular Cultivation System (EMCS),
OSD-480,166pm4,Arabidopsis thaliana,flight,Col-0,pgm-1,root,European Modular Cultivation System (EMCS),LD_12:12,6.0,False,,Plant Gravity Perception (PGP) Flight Study,RNA Sequencing (RNA-Seq),European Modular Cultivation System (EMCS),
OSD-480,166pr1,Arabidopsis thaliana,flight,Col-0,pgm-1,root,European Modular Cultivation System (EMCS),LD_12:12,6.0,False,,Plant Gravity Perception (PGP) Flight Study,RNA Sequencing (RNA-Seq),European Modular Cultivation System (EMCS),
OSD-480,166pr2,Arabidopsis thaliana,flight,Col-0,pgm-1,root,European Modular Cultivation System (EMCS),LD_12:12,6.0,False,,Plant Gravity Perception (PGP) Flight Study,RNA Sequencing (RNA-Seq),European Modular Cultivation System (EMCS),
OSD-480,166pr3,Arabidopsis thaliana,flight,Col-0,pgm-1,root,European Modular Cultivation System (EMCS),LD_12:12,6.0,False,,Plant Gravity Perception (PGP) Flight Study,RNA Sequencing (RNA-Seq),European Modular Cultivation System (EMCS),
OSD-480,166pr4,Arabidopsis thaliana,flight,Col-0,pgm-1,cotyledon,European Modular Cultivation System (EMCS),LD_12:12,6.0,False,,Plant Gravity Perception (PGP) Flight Study,RNA Sequencing (RNA-Seq),European Modular Cultivation System (EMCS),
OSD-480,1cc1,Arabidopsis thaliana,flight,Col-0,Wild Type,cotyledon,European Modular Cultivation System (EMCS),continuous_light,5.0,False,,Plant Gravity Perception (PGP) Flight Study,RNA Sequencing (RNA-Seq),European Modular Cultivation System (EMCS),
OSD-480,1cc2,Arabidopsis thaliana,flight,Col-0,Wild Type,cotyledon,European Modular Cultivation System (EMCS),continuous_light,5.0,False,,Plant Gravity Perception (PGP) Flight Study,RNA Sequencing (RNA-Seq),European Modular Cultivation System (EMCS),
OSD-480,1cc3,Arabidopsis thaliana,flight,Col-0,Wild Type,cotyledon,European Modular Cultivation System (EMCS),continuous_light,5.0,False,,Plant Gravity Perception (PGP) Flight Study,RNA Sequencing (RNA-Seq),European Modular Cultivation System (EMCS),
OSD-480,1cc4,Arabidopsis thaliana,flight,Col-0,Wild Type,hypocotyl,European Modular Cultivation System (EMCS),continuous_light,5.0,False,,Plant Gravity Perception (PGP) Flight Study,RNA Sequencing (RNA-Seq),European Modular Cultivation System (EMCS),
OSD-480,1ch1,Arabidopsis thaliana,flight,Col-0,Wild Type,hypocotyl,European Modular Cultivation System (EMCS),continuous_light,5.0,False,,Plant Gravity Perception (PGP) Flight Study,RNA Sequencing (RNA-Seq),European Modular Cultivation System (EMCS),
OSD-480,1ch2,Arabidopsis thaliana,flight,Col-0,Wild Type,hypocotyl,European Modular Cultivation System (EMCS),continuous_light,5.0,False,,Plant Gravity Perception (PGP) Flight Study,RNA Sequencing (RNA-Seq),European Modular Cultivation System (EMCS),
OSD-480,1ch3,Arabidopsis thaliana,flight,Col-0,Wild Type,hypocotyl,European Modular Cultivation System (EMCS),continuous_light,5.0,False,,Plant Gravity Perception (PGP) Flight Study,RNA Sequencing (RNA-Seq),European Modular Cultivation System (EMCS),
OSD-480,1ch4,Arabidopsis thaliana,flight,Col-0,Wild Type,root,European Modular Cultivation System (EMCS),continuous_light,5.0,False,,Plant Gravity Perception (PGP) Flight Study,RNA Sequencing (RNA-Seq),European Modular Cultivation System (EMCS),
OSD-480,1cm1,Arabidopsis thaliana,flight,Col-0,Wild Type,root,European Modular Cultivation System (EMCS),continuous_light,5.0,False,,Plant Gravity Perception (PGP) Flight Study,RNA Sequencing (RNA-Seq),European Modular Cultivation System (EMCS),
OSD-480,1cm2,Arabidopsis thaliana,flight,Col-0,Wild Type,root,European Modular Cultivation System (EMCS),continuous_light,5.0,False,,Plant Gravity Perception (PGP) Flight Study,RNA Sequencing (RNA-Seq),European Modular Cultivation System (EMCS),
OSD-480,1cm3,Arabidopsis thaliana,flight,Col-0,Wild Type,root,European Modular Cultivation System (EMCS),continuous_light,5.0,False,,Plant Gravity Perception (PGP) Flight Study,RNA Sequencing (RNA-Seq),European Modular Cultivation System (EMCS),
OSD-480,1cm4,Arabidopsis thaliana,flight,Col-0,Wild Type,root,European Modular Cultivation System (EMCS),continuous_light,5.0,False,,Plant Gravity Perception (PGP) Flight Study,RNA Sequencing (RNA-Seq),European Modular Cultivation System (EMCS),
OSD-480,1cr1,Arabidopsis thaliana,flight,Col-0,Wild Type,root,European Modular Cultivation System (EMCS),continuous_light,5.0,False,,Plant Gravity Perception (PGP) Flight Study,RNA Sequencing (RNA-Seq),European Modular Cultivation System (EMCS),
OSD-480,1cr2,Arabidopsis thaliana,flight,Col-0,Wild Type,root,European Modular Cultivation System (EMCS),continuous_light,5.0,False,,Plant Gravity Perception (PGP) Flight Study,RNA Sequencing (RNA-Seq),European Modular Cultivation System (EMCS),
OSD-480,1cr3,Arabidopsis thaliana,flight,Col-0,Wild Type,root,European Modular Cultivation System (EMCS),continuous_light,5.0,False,,Plant Gravity Perception (PGP) Flight Study,RNA Sequencing (RNA-Seq),European Modular Cultivation System (EMCS),
OSD-480,1cr4,Arabidopsis thaliana,flight,Col-0,Wild Type,cotyledon,European Modular Cultivation System (EMCS),continuous_light,5.0,False,,Plant Gravity Perception (PGP) Flight Study,RNA Sequencing (RNA-Seq),European Modular Cultivation System (EMCS),
OSD-480,1pc1,Arabidopsis thaliana,flight,Col-0,pgm-1,cotyledon,European Modular Cultivation System (EMCS),continuous_light,5.0,False,,Plant Gravity Perception (PGP) Flight Study,RNA Sequencing (RNA-Seq),European Modular Cultivation System (EMCS),
OSD-480,1pc2,Arabidopsis thaliana,flight,Col-0,pgm-1,cotyledon,European Modular Cultivation System (EMCS),continuous_light,5.0,False,,Plant Gravity Perception (PGP) Flight Study,RNA Sequencing (RNA-Seq),European Modular Cultivation System (EMCS),
OSD-480,1pc3,Arabidopsis thaliana,flight,Col-0,pgm-1,cotyledon,European Modular Cultivation System (EMCS),continuous_light,5.0,False,,Plant Gravity Perception (PGP) Flight Study,RNA Sequencing (RNA-Seq),European Modular Cultivation System (EMCS),
OSD-480,1pc4,Arabidopsis thaliana,flight,Col-0,pgm-1,hypocotyl,European Modular Cultivation System (EMCS),continuous_light,5.0,False,,Plant Gravity Perception (PGP) Flight Study,RNA Sequencing (RNA-Seq),European Modular Cultivation System (EMCS),
OSD-480,1ph1,Arabidopsis thaliana,flight,Col-0,pgm-1,hypocotyl,European Modular Cultivation System (EMCS),continuous_light,5.0,False,,Plant Gravity Perception (PGP) Flight Study,RNA Sequencing (RNA-Seq),European Modular Cultivation System (EMCS),
OSD-480,1ph2,Arabidopsis thaliana,flight,Col-0,pgm-1,hypocotyl,European Modular Cultivation System (EMCS),continuous_light,5.0,False,,Plant Gravity Perception (PGP) Flight Study,RNA Sequencing (RNA-Seq),European Modular Cultivation System (EMCS),
OSD-480,1ph3,Arabidopsis thaliana,flight,Col-0,pgm-1,hypocotyl,European Modular Cultivation System (EMCS),continuous_light,5.0,False,,Plant Gravity Perception (PGP) Flight Study,RNA Sequencing (RNA-Seq),European Modular Cultivation System (EMCS),
OSD-480,1ph4,Arabidopsis thaliana,flight,Col-0,pgm-1,root,European Modular Cultivation System (EMCS),continuous_light,5.0,False,,Plant Gravity Perception (PGP) Flight Study,RNA Sequencing (RNA-Seq),European Modular Cultivation System (EMCS),
OSD-480,1pm1,Arabidopsis thaliana,flight,Col-0,pgm-1,root,European Modular Cultivation System (EMCS),continuous_light,5.0,False,,Plant Gravity Perception (PGP) Flight Study,RNA Sequencing (RNA-Seq),European Modular Cultivation System (EMCS),
OSD-480,1pm2,Arabidopsis thaliana,flight,Col-0,pgm-1,root,European Modular Cultivation System (EMCS),continuous_light,5.0,False,,Plant Gravity Perception (PGP) Flight Study,RNA Sequencing (RNA-Seq),European Modular Cultivation System (EMCS),
OSD-480,1pm3,Arabidopsis thaliana,flight,Col-0,pgm-1,root,European Modular Cultivation System (EMCS),continuous_light,5.0,False,,Plant Gravity Perception (PGP) Flight Study,RNA Sequencing (RNA-Seq),European Modular Cultivation System (EMCS),
OSD-480,1pm4,Arabidopsis thaliana,flight,Col-0,pgm-1,root,European Modular Cultivation System (EMCS),continuous_light,5.0,False,,Plant Gravity Perception (PGP) Flight Study,RNA Sequencing (RNA-Seq),European Modular Cultivation System (EMCS),
OSD-480,1pr1,Arabidopsis thaliana,flight,Col-0,pgm-1,root,European Modular Cultivation System (EMCS),continuous_light,5.0,False,,Plant Gravity Perception (PGP) Flight Study,RNA Sequencing (RNA-Seq),European Modular Cultivation System (EMCS),
OSD-480,1pr2,Arabidopsis thaliana,flight,Col-0,pgm-1,root,European Modular Cultivation System (EMCS),continuous_light,5.0,False,,Plant Gravity Perception (PGP) Flight Study,RNA Sequencing (RNA-Seq),European Modular Cultivation System (EMCS),
OSD-480,1pr3,Arabidopsis thaliana,flight,Col-0,pgm-1,root,European Modular Cultivation System (EMCS),continuous_light,5.0,False,,Plant Gravity Perception (PGP) Flight Study,RNA Sequencing (RNA-Seq),European Modular Cultivation System (EMCS),
OSD-480,1pr4,Arabidopsis thaliana,flight,Col-0,pgm-1,cotyledon,European Modular Cultivation System (EMCS),continuous_light,5.0,False,,Plant Gravity Perception (PGP) Flight Study,RNA Sequencing (RNA-Seq),European Modular Cultivation System (EMCS),
OSD-480,526cc1,Arabidopsis thaliana,flight,Col-0,Wild Type,cotyledon,European Modular Cultivation System (EMCS),continuous_light,5.0,False,,Plant Gravity Perception (PGP) Flight Study,RNA Sequencing (RNA-Seq),European Modular Cultivation System (EMCS),
OSD-480,526cc2,Arabidopsis thaliana,flight,Col-0,Wild Type,cotyledon,European Modular Cultivation System (EMCS),continuous_light,5.0,False,,Plant Gravity Perception (PGP) Flight Study,RNA Sequencing (RNA-Seq),European Modular Cultivation System (EMCS),
OSD-480,526cc3,Arabidopsis thaliana,flight,Col-0,Wild Type,cotyledon,European Modular Cultivation System (EMCS),continuous_light,5.0,False,,Plant Gravity Perception (PGP) Flight Study,RNA Sequencing (RNA-Seq),European Modular Cultivation System (EMCS),
OSD-480,526cc4,Arabidopsis thaliana,flight,Col-0,Wild Type,hypocotyl,European Modular Cultivation System (EMCS),continuous_light,5.0,False,,Plant Gravity Perception (PGP) Flight Study,RNA Sequencing (RNA-Seq),European Modular Cultivation System (EMCS),
OSD-480,526ch1,Arabidopsis thaliana,flight,Col-0,Wild Type,hypocotyl,European Modular Cultivation System (EMCS),continuous_light,5.0,False,,Plant Gravity Perception (PGP) Flight Study,RNA Sequencing (RNA-Seq),European Modular Cultivation System (EMCS),
OSD-480,526ch2,Arabidopsis thaliana,flight,Col-0,Wild Type,hypocotyl,European Modular Cultivation System (EMCS),continuous_light,5.0,False,,Plant Gravity Perception (PGP) Flight Study,RNA Sequencing (RNA-Seq),European Modular Cultivation System (EMCS),
OSD-480,526ch3,Arabidopsis thaliana,flight,Col-0,Wild Type,hypocotyl,European Modular Cultivation System (EMCS),continuous_light,5.0,False,,Plant Gravity Perception (PGP) Flight Study,RNA Sequencing (RNA-Seq),European Modular Cultivation System (EMCS),
OSD-480,526ch4,Arabidopsis thaliana,flight,Col-0,Wild Type,root,European Modular Cultivation System (EMCS),continuous_light,5.0,False,,Plant Gravity Perception (PGP) Flight Study,RNA Sequencing (RNA-Seq),European Modular Cultivation System (EMCS),
OSD-480,526cm1,Arabidopsis thaliana,flight,Col-0,Wild Type,root,European Modular Cultivation System (EMCS),continuous_light,5.0,False,,Plant Gravity Perception (PGP) Flight Study,RNA Sequencing (RNA-Seq),European Modular Cultivation System (EMCS),
OSD-480,526cm2,Arabidopsis thaliana,flight,Col-0,Wild Type,root,European Modular Cultivation System (EMCS),continuous_light,5.0,False,,Plant Gravity Perception (PGP) Flight Study,RNA Sequencing (RNA-Seq),European Modular Cultivation System (EMCS),
OSD-480,526cm3,Arabidopsis thaliana,flight,Col-0,Wild Type,root,European Modular Cultivation System (EMCS),continuous_light,5.0,False,,Plant Gravity Perception (PGP) Flight Study,RNA Sequencing (RNA-Seq),European Modular Cultivation System (EMCS),
OSD-480,526cm4,Arabidopsis thaliana,flight,Col-0,Wild Type,root,European Modular Cultivation System (EMCS),continuous_light,5.0,False,,Plant Gravity Perception (PGP) Flight Study,RNA Sequencing (RNA-Seq),European Modular Cultivation System (EMCS),
OSD-480,526cr1,Arabidopsis thaliana,flight,Col-0,Wild Type,root,European Modular Cultivation System (EMCS),continuous_light,5.0,False,,Plant Gravity Perception (PGP) Flight Study,RNA Sequencing (RNA-Seq),European Modular Cultivation System (EMCS),
OSD-480,526cr2,Arabidopsis thaliana,flight,Col-0,Wild Type,root,European Modular Cultivation System (EMCS),continuous_light,5.0,False,,Plant Gravity Perception (PGP) Flight Study,RNA Sequencing (RNA-Seq),European Modular Cultivation System (EMCS),
OSD-480,526cr3,Arabidopsis thaliana,flight,Col-0,Wild Type,root,European Modular Cultivation System (EMCS),continuous_light,5.0,False,,Plant Gravity Perception (PGP) Flight Study,RNA Sequencing (RNA-Seq),European Modular Cultivation System (EMCS),
OSD-480,526cr4,Arabidopsis thaliana,flight,Col-0,Wild Type,cotyledon,European Modular Cultivation System (EMCS),continuous_light,5.0,False,,Plant Gravity Perception (PGP) Flight Study,RNA Sequencing (RNA-Seq),European Modular Cultivation System (EMCS),
OSD-480,526pc1,Arabidopsis thaliana,flight,Col-0,pgm-1,cotyledon,European Modular Cultivation System (EMCS),continuous_light,5.0,False,,Plant Gravity Perception (PGP) Flight Study,RNA Sequencing (RNA-Seq),European Modular Cultivation System (EMCS),
OSD-480,526pc2,Arabidopsis thaliana,flight,Col-0,pgm-1,cotyledon,European Modular Cultivation System (EMCS),continuous_light,5.0,False,,Plant Gravity Perception (PGP) Flight Study,RNA Sequencing (RNA-Seq),European Modular Cultivation System (EMCS),
OSD-480,526pc3,Arabidopsis thaliana,flight,Col-0,pgm-1,cotyledon,European Modular Cultivation System (EMCS),continuous_light,5.0,False,,Plant Gravity Perception (PGP) Flight Study,RNA Sequencing (RNA-Seq),European Modular Cultivation System (EMCS),
OSD-480,526pc4,Arabidopsis thaliana,flight,Col-0,pgm-1,hypocotyl,European Modular Cultivation System (EMCS),continuous_light,5.0,False,,Plant Gravity Perception (PGP) Flight Study,RNA Sequencing (RNA-Seq),European Modular Cultivation System (EMCS),
OSD-480,526ph1,Arabidopsis thaliana,flight,Col-0,pgm-1,hypocotyl,European Modular Cultivation System (EMCS),continuous_light,5.0,False,,Plant Gravity Perception (PGP) Flight Study,RNA Sequencing (RNA-Seq),European Modular Cultivation System (EMCS),
OSD-480,526ph2,Arabidopsis thaliana,flight,Col-0,pgm-1,hypocotyl,European Modular Cultivation System (EMCS),continuous_light,5.0,False,,Plant Gravity Perception (PGP) Flight Study,RNA Sequencing (RNA-Seq),European Modular Cultivation System (EMCS),
OSD-480,526ph3,Arabidopsis thaliana,flight,Col-0,pgm-1,hypocotyl,European Modular Cultivation System (EMCS),continuous_light,5.0,False,,Plant Gravity Perception (PGP) Flight Study,RNA Sequencing (RNA-Seq),European Modular Cultivation System (EMCS),
OSD-480,526ph4,Arabidopsis thaliana,flight,Col-0,pgm-1,root,European Modular Cultivation System (EMCS),continuous_light,5.0,False,,Plant Gravity Perception (PGP) Flight Study,RNA Sequencing (RNA-Seq),European Modular Cultivation System (EMCS),
OSD-480,526pm1,Arabidopsis thaliana,flight,Col-0,pgm-1,root,European Modular Cultivation System (EMCS),continuous_light,5.0,False,,Plant Gravity Perception (PGP) Flight Study,RNA Sequencing (RNA-Seq),European Modular Cultivation System (EMCS),
OSD-480,526pm2,Arabidopsis thaliana,flight,Col-0,pgm-1,root,European Modular Cultivation System (EMCS),continuous_light,5.0,False,,Plant Gravity Perception (PGP) Flight Study,RNA Sequencing (RNA-Seq),European Modular Cultivation System (EMCS),
OSD-480,526pm3,Arabidopsis thaliana,flight,Col-0,pgm-1,root,European Modular Cultivation System (EMCS),continuous_light,5.0,False,,Plant Gravity Perception (PGP) Flight Study,RNA Sequencing (RNA-Seq),European Modular Cultivation System (EMCS),
OSD-480,526pm4,Arabidopsis thaliana,flight,Col-0,pgm-1,root,European Modular Cultivation System (EMCS),continuous_light,5.0,False,,Plant Gravity Perception (PGP) Flight Study,RNA Sequencing (RNA-Seq),European Modular Cultivation System (EMCS),
OSD-480,526pr1,Arabidopsis thaliana,flight,Col-0,pgm-1,root,European Modular Cultivation System (EMCS),continuous_light,5.0,False,,Plant Gravity Perception (PGP) Flight Study,RNA Sequencing (RNA-Seq),European Modular Cultivation System (EMCS),
OSD-480,526pr2,Arabidopsis thaliana,flight,Col-0,pgm-1,root,European Modular Cultivation System (EMCS),continuous_light,5.0,False,,Plant Gravity Perception (PGP) Flight Study,RNA Sequencing (RNA-Seq),European Modular Cultivation System (EMCS),
OSD-480,526pr3,Arabidopsis thaliana,flight,Col-0,pgm-1,root,European Modular Cultivation System (EMCS),continuous_light,5.0,False,,Plant Gravity Perception (PGP) Flight Study,RNA Sequencing (RNA-Seq),European Modular Cultivation System (EMCS),
OSD-480,526pr4,Arabidopsis thaliana,flight,Col-0,pgm-1,cotyledon,European Modular Cultivation System (EMCS),continuous_light,5.0,False,,Plant Gravity Perception (PGP) Flight Study,RNA Sequencing (RNA-Seq),European Modular Cultivation System (EMCS),
OSD-480,645cc1,Arabidopsis thaliana,flight,Col-0,Wild Type,cotyledon,European Modular Cultivation System (EMCS),continuous_light,5.0,False,,Plant Gravity Perception (PGP) Flight Study,RNA Sequencing (RNA-Seq),European Modular Cultivation System (EMCS),
OSD-480,645cc2,Arabidopsis thaliana,flight,Col-0,Wild Type,cotyledon,European Modular Cultivation System (EMCS),continuous_light,5.0,False,,Plant Gravity Perception (PGP) Flight Study,RNA Sequencing (RNA-Seq),European Modular Cultivation System (EMCS),
OSD-480,645cc3,Arabidopsis thaliana,flight,Col-0,Wild Type,cotyledon,European Modular Cultivation System (EMCS),continuous_light,5.0,False,,Plant Gravity Perception (PGP) Flight Study,RNA Sequencing (RNA-Seq),European Modular Cultivation System (EMCS),
OSD-480,645cc4,Arabidopsis thaliana,flight,Col-0,Wild Type,hypocotyl,European Modular Cultivation System (EMCS),continuous_light,5.0,False,,Plant Gravity Perception (PGP) Flight Study,RNA Sequencing (RNA-Seq),European Modular Cultivation System (EMCS),
OSD-480,645ch1,Arabidopsis thaliana,flight,Col-0,Wild Type,hypocotyl,European Modular Cultivation System (EMCS),continuous_light,5.0,False,,Plant Gravity Perception (PGP) Flight Study,RNA Sequencing (RNA-Seq),European Modular Cultivation System (EMCS),
OSD-480,645ch2,Arabidopsis thaliana,flight,Col-0,Wild Type,hypocotyl,European Modular Cultivation System (EMCS),continuous_light,5.0,False,,Plant Gravity Perception (PGP) Flight Study,RNA Sequencing (RNA-Seq),European Modular Cultivation System (EMCS),
OSD-480,645ch3,Arabidopsis thaliana,flight,Col-0,Wild Type,hypocotyl,European Modular Cultivation System (EMCS),continuous_light,5.0,False,,Plant Gravity Perception (PGP) Flight Study,RNA Sequencing (RNA-Seq),European Modular Cultivation System (EMCS),
OSD-480,645ch4,Arabidopsis thaliana,flight,Col-0,Wild Type,root,European Modular Cultivation System (EMCS),continuous_light,5.0,False,,Plant Gravity Perception (PGP) Flight Study,RNA Sequencing (RNA-Seq),European Modular Cultivation System (EMCS),
OSD-480,645cm1,Arabidopsis thaliana,flight,Col-0,Wild Type,root,European Modular Cultivation System (EMCS),continuous_light,5.0,False,,Plant Gravity Perception (PGP) Flight Study,RNA Sequencing (RNA-Seq),European Modular Cultivation System (EMCS),
OSD-480,645cm2,Arabidopsis thaliana,flight,Col-0,Wild Type,root,European Modular Cultivation System (EMCS),continuous_light,5.0,False,,Plant Gravity Perception (PGP) Flight Study,RNA Sequencing (RNA-Seq),European Modular Cultivation System (EMCS),
OSD-480,645cm3,Arabidopsis thaliana,flight,Col-0,Wild Type,root,European Modular Cultivation System (EMCS),continuous_light,5.0,False,,Plant Gravity Perception (PGP) Flight Study,RNA Sequencing (RNA-Seq),European Modular Cultivation System (EMCS),
OSD-480,645cm4,Arabidopsis thaliana,flight,Col-0,Wild Type,root,European Modular Cultivation System (EMCS),continuous_light,5.0,False,,Plant Gravity Perception (PGP) Flight Study,RNA Sequencing (RNA-Seq),European Modular Cultivation System (EMCS),
OSD-480,645cr1,Arabidopsis thaliana,flight,Col-0,Wild Type,root,European Modular Cultivation System (EMCS),continuous_light,5.0,False,,Plant Gravity Perception (PGP) Flight Study,RNA Sequencing (RNA-Seq),European Modular Cultivation System (EMCS),
OSD-480,645cr2,Arabidopsis thaliana,flight,Col-0,Wild Type,root,European Modular Cultivation System (EMCS),continuous_light,5.0,False,,Plant Gravity Perception (PGP) Flight Study,RNA Sequencing (RNA-Seq),European Modular Cultivation System (EMCS),
OSD-480,645cr3,Arabidopsis thaliana,flight,Col-0,Wild Type,root,European Modular Cultivation System (EMCS),continuous_light,5.0,False,,Plant Gravity Perception (PGP) Flight Study,RNA Sequencing (RNA-Seq),European Modular Cultivation System (EMCS),
OSD-480,645cr4,Arabidopsis thaliana,flight,Col-0,Wild Type,cotyledon,European Modular Cultivation System (EMCS),continuous_light,5.0,False,,Plant Gravity Perception (PGP) Flight Study,RNA Sequencing (RNA-Seq),European Modular Cultivation System (EMCS),
OSD-480,645pc1,Arabidopsis thaliana,flight,Col-0,pgm-1,cotyledon,European Modular Cultivation System (EMCS),continuous_light,5.0,False,,Plant Gravity Perception (PGP) Flight Study,RNA Sequencing (RNA-Seq),European Modular Cultivation System (EMCS),
OSD-480,645pc2,Arabidopsis thaliana,flight,Col-0,pgm-1,cotyledon,European Modular Cultivation System (EMCS),continuous_light,5.0,False,,Plant Gravity Perception (PGP) Flight Study,RNA Sequencing (RNA-Seq),European Modular Cultivation System (EMCS),
OSD-480,645pc3,Arabidopsis thaliana,flight,Col-0,pgm-1,cotyledon,European Modular Cultivation System (EMCS),continuous_light,5.0,False,,Plant Gravity Perception (PGP) Flight Study,RNA Sequencing (RNA-Seq),European Modular Cultivation System (EMCS),
OSD-480,645pc4,Arabidopsis thaliana,flight,Col-0,pgm-1,hypocotyl,European Modular Cultivation System (EMCS),continuous_light,5.0,False,,Plant Gravity Perception (PGP) Flight Study,RNA Sequencing (RNA-Seq),European Modular Cultivation System (EMCS),
OSD-480,645ph1,Arabidopsis thaliana,flight,Col-0,pgm-1,hypocotyl,European Modular Cultivation System (EMCS),continuous_light,5.0,False,,Plant Gravity Perception (PGP) Flight Study,RNA Sequencing (RNA-Seq),European Modular Cultivation System (EMCS),
OSD-480,645ph2,Arabidopsis thaliana,flight,Col-0,pgm-1,hypocotyl,European Modular Cultivation System (EMCS),continuous_light,5.0,False,,Plant Gravity Perception (PGP) Flight Study,RNA Sequencing (RNA-Seq),European Modular Cultivation System (EMCS),
OSD-480,645ph3,Arabidopsis thaliana,flight,Col-0,pgm-1,hypocotyl,European Modular Cultivation System (EMCS),continuous_light,5.0,False,,Plant Gravity Perception (PGP) Flight Study,RNA Sequencing (RNA-Seq),European Modular Cultivation System (EMCS),
OSD-480,645ph4,Arabidopsis thaliana,flight,Col-0,pgm-1,root,European Modular Cultivation System (EMCS),continuous_light,5.0,False,,Plant Gravity Perception (PGP) Flight Study,RNA Sequencing (RNA-Seq),European Modular Cultivation System (EMCS),
OSD-480,645pm1,Arabidopsis thaliana,flight,Col-0,pgm-1,root,European Modular Cultivation System (EMCS),continuous_light,5.0,False,,Plant Gravity Perception (PGP) Flight Study,RNA Sequencing (RNA-Seq),European Modular Cultivation System (EMCS),
OSD-480,645pm2,Arabidopsis thaliana,flight,Col-0,pgm-1,root,European Modular Cultivation System (EMCS),continuous_light,5.0,False,,Plant Gravity Perception (PGP) Flight Study,RNA Sequencing (RNA-Seq),European Modular Cultivation System (EMCS),
OSD-480,645pm3,Arabidopsis thaliana,flight,Col-0,pgm-1,root,European Modular Cultivation System (EMCS),continuous_light,5.0,False,,Plant Gravity Perception (PGP) Flight Study,RNA Sequencing (RNA-Seq),European Modular Cultivation System (EMCS),
OSD-480,645pm4,Arabidopsis thaliana,flight,Col-0,pgm-1,root,European Modular Cultivation System (EMCS),continuous_light,5.0,False,,Plant Gravity Perception (PGP) Flight Study,RNA Sequencing (RNA-Seq),European Modular Cultivation System (EMCS),
OSD-480,645pr1,Arabidopsis thaliana,flight,Col-0,pgm-1,root,European Modular Cultivation System (EMCS),continuous_light,5.0,False,,Plant Gravity Perception (PGP) Flight Study,RNA Sequencing (RNA-Seq),European Modular Cultivation System (EMCS),
OSD-480,645pr2,Arabidopsis thaliana,flight,Col-0,pgm-1,root,European Modular Cultivation System (EMCS),continuous_light,5.0,False,,Plant Gravity Perception (PGP) Flight Study,RNA Sequencing (RNA-Seq),European Modular Cultivation System (EMCS),
OSD-480,645pr3,Arabidopsis thaliana,flight,Col-0,pgm-1,root,European Modular Cultivation System (EMCS),continuous_light,5.0,False,,Plant Gravity Perception (PGP) Flight Study,RNA Sequencing (RNA-Seq),European Modular Cultivation System (EMCS),
OSD-480,645pr4,Arabidopsis thaliana,flight,Col-0,pgm-1,cotyledon,European Modular Cultivation System (EMCS),continuous_light,5.0,False,,Plant Gravity Perception (PGP) Flight Study,RNA Sequencing (RNA-Seq),European Modular Cultivation System (EMCS),
OSD-480,763cc1,Arabidopsis thaliana,flight,Col-0,Wild Type,cotyledon,European Modular Cultivation System (EMCS),continuous_light,5.0,False,,Plant Gravity Perception (PGP) Flight Study,RNA Sequencing (RNA-Seq),European Modular Cultivation System (EMCS),
OSD-480,763cc2,Arabidopsis thaliana,flight,Col-0,Wild Type,cotyledon,European Modular Cultivation System (EMCS),continuous_light,5.0,False,,Plant Gravity Perception (PGP) Flight Study,RNA Sequencing (RNA-Seq),European Modular Cultivation System (EMCS),
OSD-480,763cc3,Arabidopsis thaliana,flight,Col-0,Wild Type,cotyledon,European Modular Cultivation System (EMCS),continuous_light,5.0,False,,Plant Gravity Perception (PGP) Flight Study,RNA Sequencing (RNA-Seq),European Modular Cultivation System (EMCS),
OSD-480,763cc4,Arabidopsis thaliana,flight,Col-0,Wild Type,hypocotyl,European Modular Cultivation System (EMCS),continuous_light,5.0,False,,Plant Gravity Perception (PGP) Flight Study,RNA Sequencing (RNA-Seq),European Modular Cultivation System (EMCS),
OSD-480,763ch1,Arabidopsis thaliana,flight,Col-0,Wild Type,hypocotyl,European Modular Cultivation System (EMCS),continuous_light,5.0,False,,Plant Gravity Perception (PGP) Flight Study,RNA Sequencing (RNA-Seq),European Modular Cultivation System (EMCS),
OSD-480,763ch2,Arabidopsis thaliana,flight,Col-0,Wild Type,hypocotyl,European Modular Cultivation System (EMCS),continuous_light,5.0,False,,Plant Gravity Perception (PGP) Flight Study,RNA Sequencing (RNA-Seq),European Modular Cultivation System (EMCS),
OSD-480,763ch3,Arabidopsis thaliana,flight,Col-0,Wild Type,hypocotyl,European Modular Cultivation System (EMCS),continuous_light,5.0,False,,Plant Gravity Perception (PGP) Flight Study,RNA Sequencing (RNA-Seq),European Modular Cultivation System (EMCS),
OSD-480,763ch4,Arabidopsis thaliana,flight,Col-0,Wild Type,root,European Modular Cultivation System (EMCS),continuous_light,5.0,False,,Plant Gravity Perception (PGP) Flight Study,RNA Sequencing (RNA-Seq),European Modular Cultivation System (EMCS),
OSD-480,763cm1,Arabidopsis thaliana,flight,Col-0,Wild Type,root,European Modular Cultivation System (EMCS),continuous_light,5.0,False,,Plant Gravity Perception (PGP) Flight Study,RNA Sequencing (RNA-Seq),European Modular Cultivation System (EMCS),
OSD-480,763cm2,Arabidopsis thaliana,flight,Col-0,Wild Type,root,European Modular Cultivation System (EMCS),continuous_light,5.0,False,,Plant Gravity Perception (PGP) Flight Study,RNA Sequencing (RNA-Seq),European Modular Cultivation System (EMCS),
OSD-480,763cm3,Arabidopsis thaliana,flight,Col-0,Wild Type,root,European Modular Cultivation System (EMCS),continuous_light,5.0,False,,Plant Gravity Perception (PGP) Flight Study,RNA Sequencing (RNA-Seq),European Modular Cultivation System (EMCS),
OSD-480,763cm4,Arabidopsis thaliana,flight,Col-0,Wild Type,root,European Modular Cultivation System (EMCS),continuous_light,5.0,False,,Plant Gravity Perception (PGP) Flight Study,RNA Sequencing (RNA-Seq),European Modular Cultivation System (EMCS),
OSD-480,763cr1,Arabidopsis thaliana,flight,Col-0,Wild Type,root,European Modular Cultivation System (EMCS),continuous_light,5.0,False,,Plant Gravity Perception (PGP) Flight Study,RNA Sequencing (RNA-Seq),European Modular Cultivation System (EMCS),
OSD-480,763cr2,Arabidopsis thaliana,flight,Col-0,Wild Type,root,European Modular Cultivation System (EMCS),continuous_light,5.0,False,,Plant Gravity Perception (PGP) Flight Study,RNA Sequencing (RNA-Seq),European Modular Cultivation System (EMCS),
OSD-480,763cr3,Arabidopsis thaliana,flight,Col-0,Wild Type,root,European Modular Cultivation System (EMCS),continuous_light,5.0,False,,Plant Gravity Perception (PGP) Flight Study,RNA Sequencing (RNA-Seq),European Modular Cultivation System (EMCS),
OSD-480,763cr4,Arabidopsis thaliana,flight,Col-0,Wild Type,cotyledon,European Modular Cultivation System (EMCS),continuous_light,5.0,False,,Plant Gravity Perception (PGP) Flight Study,RNA Sequencing (RNA-Seq),European Modular Cultivation System (EMCS),
OSD-480,763pc1,Arabidopsis thaliana,flight,Col-0,pgm-1,cotyledon,European Modular Cultivation System (EMCS),continuous_light,5.0,False,,Plant Gravity Perception (PGP) Flight Study,RNA Sequencing (RNA-Seq),European Modular Cultivation System (EMCS),
OSD-480,763pc2,Arabidopsis thaliana,flight,Col-0,pgm-1,cotyledon,European Modular Cultivation System (EMCS),continuous_light,5.0,False,,Plant Gravity Perception (PGP) Flight Study,RNA Sequencing (RNA-Seq),European Modular Cultivation System (EMCS),
OSD-480,763pc3,Arabidopsis thaliana,flight,Col-0,pgm-1,cotyledon,European Modular Cultivation System (EMCS),continuous_light,5.0,False,,Plant Gravity Perception (PGP) Flight Study,RNA Sequencing (RNA-Seq),European Modular Cultivation System (EMCS),
OSD-480,763pc4,Arabidopsis thaliana,flight,Col-0,pgm-1,hypocotyl,European Modular Cultivation System (EMCS),continuous_light,5.0,False,,Plant Gravity Perception (PGP) Flight Study,RNA Sequencing (RNA-Seq),European Modular Cultivation System (EMCS),
OSD-480,763ph1,Arabidopsis thaliana,flight,Col-0,pgm-1,hypocotyl,European Modular Cultivation System (EMCS),continuous_light,5.0,False,,Plant Gravity Perception (PGP) Flight Study,RNA Sequencing (RNA-Seq),European Modular Cultivation System (EMCS),
OSD-480,763ph2,Arabidopsis thaliana,flight,Col-0,pgm-1,hypocotyl,European Modular Cultivation System (EMCS),continuous_light,5.0,False,,Plant Gravity Perception (PGP) Flight Study,RNA Sequencing (RNA-Seq),European Modular Cultivation System (EMCS),
OSD-480,763ph3,Arabidopsis thaliana,flight,Col-0,pgm-1,hypocotyl,European Modular Cultivation System (EMCS),continuous_light,5.0,False,,Plant Gravity Perception (PGP) Flight Study,RNA Sequencing (RNA-Seq),European Modular Cultivation System (EMCS),
OSD-480,763ph4,Arabidopsis thaliana,flight,Col-0,pgm-1,root,European Modular Cultivation System (EMCS),continuous_light,5.0,False,,Plant Gravity Perception (PGP) Flight Study,RNA Sequencing (RNA-Seq),European Modular Cultivation System (EMCS),
OSD-480,763pm1,Arabidopsis thaliana,flight,Col-0,pgm-1,root,European Modular Cultivation System (EMCS),continuous_light,5.0,False,,Plant Gravity Perception (PGP) Flight Study,RNA Sequencing (RNA-Seq),European Modular Cultivation System (EMCS),
OSD-480,763pm2,Arabidopsis thaliana,flight,Col-0,pgm-1,root,European Modular Cultivation System (EMCS),continuous_light,5.0,False,,Plant Gravity Perception (PGP) Flight Study,RNA Sequencing (RNA-Seq),European Modular Cultivation System (EMCS),
OSD-480,763pm3,Arabidopsis thaliana,flight,Col-0,pgm-1,root,European Modular Cultivation System (EMCS),continuous_light,5.0,False,,Plant Gravity Perception (PGP) Flight Study,RNA Sequencing (RNA-Seq),European Modular Cultivation System (EMCS),
OSD-480,763pm4,Arabidopsis thaliana,flight,Col-0,pgm-1,root,European Modular Cultivation System (EMCS),continuous_light,5.0,False,,Plant Gravity Perception (PGP) Flight Study,RNA Sequencing (RNA-Seq),European Modular Cultivation System (EMCS),
OSD-480,763pr1,Arabidopsis thaliana,flight,Col-0,pgm-1,root,European Modular Cultivation System (EMCS),continuous_light,5.0,False,,Plant Gravity Perception (PGP) Flight Study,RNA Sequencing (RNA-Seq),European Modular Cultivation System (EMCS),
OSD-480,763pr2,Arabidopsis thaliana,flight,Col-0,pgm-1,root,European Modular Cultivation System (EMCS),continuous_light,5.0,False,,Plant Gravity Perception (PGP) Flight Study,RNA Sequencing (RNA-Seq),European Modular Cultivation System (EMCS),
OSD-480,763pr3,Arabidopsis thaliana,flight,Col-0,pgm-1,root,European Modular Cultivation System (EMCS),continuous_light,5.0,False,,Plant Gravity Perception (PGP) Flight Study,RNA Sequencing (RNA-Seq),European Modular Cultivation System (EMCS),
OSD-480,763pr4,Arabidopsis thaliana,flight,Col-0,pgm-1,cotyledon,European Modular Cultivation System (EMCS),continuous_light,5.0,False,,Plant Gravity Perception (PGP) Flight Study,RNA Sequencing (RNA-Seq),European Modular Cultivation System (EMCS),
OSD-522,20220218_SOL-MIX2_Frac1,Arabidopsis thaliana,flight,Col-0,,shoot,,LD_4:2,13.0,False,,Integrative Transcriptomics and Proteomics Profiling of Arabidopsis thaliana Elucidates Novel Mechanisms Underlying Spaceflight Adaptation,"['mass spectrometry', 'RNA Sequencing (RNA-Seq)']",BRIC-LED,
OSD-522,20220218_SOL-MIX2_Frac2,Arabidopsis thaliana,flight,Col-0,,shoot,,LD_4:2,13.0,False,,Integrative Transcriptomics and Proteomics Profiling of Arabidopsis thaliana Elucidates Novel Mechanisms Underlying Spaceflight Adaptation,"['mass spectrometry', 'RNA Sequencing (RNA-Seq)']",BRIC-LED,
OSD-522,20220218_SOL-MIX2_Frac3,Arabidopsis thaliana,flight,Col-0,,shoot,,LD_4:2,13.0,False,,Integrative Transcriptomics and Proteomics Profiling of Arabidopsis thaliana Elucidates Novel Mechanisms Underlying Spaceflight Adaptation,"['mass spectrometry', 'RNA Sequencing (RNA-Seq)']",BRIC-LED,
OSD-522,20220218_SOL-MIX2_Frac4,Arabidopsis thaliana,ground_control,Col-0,,shoot,,LD_4:2,13.0,False,,Integrative Transcriptomics and Proteomics Profiling of Arabidopsis thaliana Elucidates Novel Mechanisms Underlying Spaceflight Adaptation,"['mass spectrometry', 'RNA Sequencing (RNA-Seq)']",BRIC-LED,
OSD-522,20220218_SOL-MIX2_Frac5,Arabidopsis thaliana,ground_control,Col-0,,shoot,,LD_4:2,13.0,False,,Integrative Transcriptomics and Proteomics Profiling of Arabidopsis thaliana Elucidates Novel Mechanisms Underlying Spaceflight Adaptation,"['mass spectrometry', 'RNA Sequencing (RNA-Seq)']",BRIC-LED,
OSD-522,20220218_SOL-MIX2_Frac6,Arabidopsis thaliana,ground_control,Col-0,,shoot,,LD_4:2,13.0,False,,Integrative Transcriptomics and Proteomics Profiling of Arabidopsis thaliana Elucidates Novel Mechanisms Underlying Spaceflight Adaptation,"['mass spectrometry', 'RNA Sequencing (RNA-Seq)']",BRIC-LED,
OSD-522,20220218_SOL-MIX1_Frac1,Arabidopsis thaliana,flight,Col-0,,root,,LD_4:2,13.0,False,,Integrative Transcriptomics and Proteomics Profiling of Arabidopsis thaliana Elucidates Novel Mechanisms Underlying Spaceflight Adaptation,"['mass spectrometry', 'RNA Sequencing (RNA-Seq)']",BRIC-LED,
OSD-522,20220218_SOL-MIX1_Frac2,Arabidopsis thaliana,flight,Col-0,,root,,LD_4:2,13.0,False,,Integrative Transcriptomics and Proteomics Profiling of Arabidopsis thaliana Elucidates Novel Mechanisms Underlying Spaceflight Adaptation,"['mass spectrometry', 'RNA Sequencing (RNA-Seq)']",BRIC-LED,
OSD-522,20220218_SOL-MIX1_Frac3,Arabidopsis thaliana,flight,Col-0,,root,,LD_4:2,13.0,False,,Integrative Transcriptomics and Proteomics Profiling of Arabidopsis thaliana Elucidates Novel Mechanisms Underlying Spaceflight Adaptation,"['mass spectrometry', 'RNA Sequencing (RNA-Seq)']",BRIC-LED,
OSD-522,20220218_SOL-MIX1_Frac4,Arabidopsis thaliana,ground_control,Col-0,,root,,LD_4:2,13.0,False,,Integrative Transcriptomics and Proteomics Profiling of Arabidopsis thaliana Elucidates Novel Mechanisms Underlying Spaceflight Adaptation,"['mass spectrometry', 'RNA Sequencing (RNA-Seq)']",BRIC-LED,
OSD-522,20220218_SOL-MIX1_Frac5,Arabidopsis thaliana,ground_control,Col-0,,root,,LD_4:2,13.0,False,,Integrative Transcriptomics and Proteomics Profiling of Arabidopsis thaliana Elucidates Novel Mechanisms Underlying Spaceflight Adaptation,"['mass spectrometry', 'RNA Sequencing (RNA-Seq)']",BRIC-LED,
OSD-522,20220218_SOL-MIX1_Frac6,Arabidopsis thaliana,ground_control,Col-0,,root,,LD_4:2,13.0,False,,Integrative Transcriptomics and Proteomics Profiling of Arabidopsis thaliana Elucidates Novel Mechanisms Underlying Spaceflight Adaptation,"['mass spectrometry', 'RNA Sequencing (RNA-Seq)']",BRIC-LED,
OSD-522,20220218_MEM-MIX3_Frac1,Arabidopsis thaliana,flight,Col-0,,root,,LD_4:2,13.0,False,,Integrative Transcriptomics and Proteomics Profiling of Arabidopsis thaliana Elucidates Novel Mechanisms Underlying Spaceflight Adaptation,"['mass spectrometry', 'RNA Sequencing (RNA-Seq)']",BRIC-LED,
OSD-522,20220218_MEM-MIX3_Frac2,Arabidopsis thaliana,flight,Col-0,,root,,LD_4:2,13.0,False,,Integrative Transcriptomics and Proteomics Profiling of Arabidopsis thaliana Elucidates Novel Mechanisms Underlying Spaceflight Adaptation,"['mass spectrometry', 'RNA Sequencing (RNA-Seq)']",BRIC-LED,
OSD-522,20220218_MEM-MIX3_Frac3,Arabidopsis thaliana,flight,Col-0,,root,,LD_4:2,13.0,False,,Integrative Transcriptomics and Proteomics Profiling of Arabidopsis thaliana Elucidates Novel Mechanisms Underlying Spaceflight Adaptation,"['mass spectrometry', 'RNA Sequencing (RNA-Seq)']",BRIC-LED,
OSD-522,20220218_MEM-MIX3_Frac4,Arabidopsis thaliana,ground_control,Col-0,,root,,LD_4:2,13.0,False,,Integrative Transcriptomics and Proteomics Profiling of Arabidopsis thaliana Elucidates Novel Mechanisms Underlying Spaceflight Adaptation,"['mass spectrometry', 'RNA Sequencing (RNA-Seq)']",BRIC-LED,
OSD-522,20220218_MEM-MIX3_Frac5.raw,Arabidopsis thaliana,ground_control,Col-0,,root,,LD_4:2,13.0,False,,Integrative Transcriptomics and Proteomics Profiling of Arabidopsis thaliana Elucidates Novel Mechanisms Underlying Spaceflight Adaptation,"['mass spectrometry', 'RNA Sequencing (RNA-Seq)']",BRIC-LED,
OSD-522,20220218_MEM-MIX3_Frac6,Arabidopsis thaliana,ground_control,Col-0,,root,,LD_4:2,13.0,False,,Integrative Transcriptomics and Proteomics Profiling of Arabidopsis thaliana Elucidates Novel Mechanisms Underlying Spaceflight Adaptation,"['mass spectrometry', 'RNA Sequencing (RNA-Seq)']",BRIC-LED,
OSD-522,20220218_MEM-MIX4_Frac1,Arabidopsis thaliana,flight,Col-0,,shoot,,LD_4:2,13.0,False,,Integrative Transcriptomics and Proteomics Profiling of Arabidopsis thaliana Elucidates Novel Mechanisms Underlying Spaceflight Adaptation,"['mass spectrometry', 'RNA Sequencing (RNA-Seq)']",BRIC-LED,
OSD-522,20220218_MEM-MIX4_Frac2,Arabidopsis thaliana,flight,Col-0,,shoot,,LD_4:2,13.0,False,,Integrative Transcriptomics and Proteomics Profiling of Arabidopsis thaliana Elucidates Novel Mechanisms Underlying Spaceflight Adaptation,"['mass spectrometry', 'RNA Sequencing (RNA-Seq)']",BRIC-LED,
OSD-522,20220218_MEM-MIX4_Frac3,Arabidopsis thaliana,flight,Col-0,,shoot,,LD_4:2,13.0,False,,Integrative Transcriptomics and Proteomics Profiling of Arabidopsis thaliana Elucidates Novel Mechanisms Underlying Spaceflight Adaptation,"['mass spectrometry', 'RNA Sequencing (RNA-Seq)']",BRIC-LED,
OSD-522,20220218_MEM-MIX4_Frac4,Arabidopsis thaliana,ground_control,Col-0,,shoot,,LD_4:2,13.0,False,,Integrative Transcriptomics and Proteomics Profiling of Arabidopsis thaliana Elucidates Novel Mechanisms Underlying Spaceflight Adaptation,"['mass spectrometry', 'RNA Sequencing (RNA-Seq)']",BRIC-LED,
OSD-522,20220218_MEM-MIX4_Frac5,Arabidopsis thaliana,ground_control,Col-0,,shoot,,LD_4:2,13.0,False,,Integrative Transcriptomics and Proteomics Profiling of Arabidopsis thaliana Elucidates Novel Mechanisms Underlying Spaceflight Adaptation,"['mass spectrometry', 'RNA Sequencing (RNA-Seq)']",BRIC-LED,
OSD-522,20220218_MEM-MIX4_Frac6,Arabidopsis thaliana,ground_control,Col-0,,shoot,,LD_4:2,13.0,False,,Integrative Transcriptomics and Proteomics Profiling of Arabidopsis thaliana Elucidates Novel Mechanisms Underlying Spaceflight Adaptation,"['mass spectrometry', 'RNA Sequencing (RNA-Seq)']",BRIC-LED,
OSD-522,GC-A2_S1_L001,Arabidopsis thaliana,ground_control,Col-0,,shoot,,LD_4:2,13.0,False,,Integrative Transcriptomics and Proteomics Profiling of Arabidopsis thaliana Elucidates Novel Mechanisms Underlying Spaceflight Adaptation,"['mass spectrometry', 'RNA Sequencing (RNA-Seq)']",BRIC-LED,
OSD-522,GC-B2_S2_L001,Arabidopsis thaliana,ground_control,Col-0,,shoot,,LD_4:2,13.0,False,,Integrative Transcriptomics and Proteomics Profiling of Arabidopsis thaliana Elucidates Novel Mechanisms Underlying Spaceflight Adaptation,"['mass spectrometry', 'RNA Sequencing (RNA-Seq)']",BRIC-LED,
OSD-522,GC-C2_S3_L001,Arabidopsis thaliana,ground_control,Col-0,,shoot,,LD_4:2,13.0,False,,Integrative Transcriptomics and Proteomics Profiling of Arabidopsis thaliana Elucidates Novel Mechanisms Underlying Spaceflight Adaptation,"['mass spectrometry', 'RNA Sequencing (RNA-Seq)']",BRIC-LED,
OSD-522,GC-D2_S4_L001,Arabidopsis thaliana,ground_control,Col-0,,shoot,,LD_4:2,13.0,False,,Integrative Transcriptomics and Proteomics Profiling of Arabidopsis thaliana Elucidates Novel Mechanisms Underlying Spaceflight Adaptation,"['mass spectrometry', 'RNA Sequencing (RNA-Seq)']",BRIC-LED,
OSD-522,GC-E2_S5_L001,Arabidopsis thaliana,ground_control,Col-0,,shoot,,LD_4:2,13.0,False,,Integrative Transcriptomics and Proteomics Profiling of Arabidopsis thaliana Elucidates Novel Mechanisms Underlying Spaceflight Adaptation,"['mass spectrometry', 'RNA Sequencing (RNA-Seq)']",BRIC-LED,
OSD-522,GC-F2_S6_L001,Arabidopsis thaliana,ground_control,Col-0,,shoot,,LD_4:2,13.0,False,,Integrative Transcriptomics and Proteomics Profiling of Arabidopsis thaliana Elucidates Novel Mechanisms Underlying Spaceflight Adaptation,"['mass spectrometry', 'RNA Sequencing (RNA-Seq)']",BRIC-LED,
OSD-522,FT-A2_S7_L001,Arabidopsis thaliana,flight,Col-0,,shoot,,LD_4:2,13.0,False,,Integrative Transcriptomics and Proteomics Profiling of Arabidopsis thaliana Elucidates Novel Mechanisms Underlying Spaceflight Adaptation,"['mass spectrometry', 'RNA Sequencing (RNA-Seq)']",BRIC-LED,
OSD-522,FT-B2_S8_L001,Arabidopsis thaliana,flight,Col-0,,shoot,,LD_4:2,13.0,False,,Integrative Transcriptomics and Proteomics Profiling of Arabidopsis thaliana Elucidates Novel Mechanisms Underlying Spaceflight Adaptation,"['mass spectrometry', 'RNA Sequencing (RNA-Seq)']",BRIC-LED,
OSD-522,FT-C2_S9_L001,Arabidopsis thaliana,flight,Col-0,,shoot,,LD_4:2,13.0,False,,Integrative Transcriptomics and Proteomics Profiling of Arabidopsis thaliana Elucidates Novel Mechanisms Underlying Spaceflight Adaptation,"['mass spectrometry', 'RNA Sequencing (RNA-Seq)']",BRIC-LED,
OSD-522,FT-D2_S10_L001,Arabidopsis thaliana,flight,Col-0,,shoot,,LD_4:2,13.0,False,,Integrative Transcriptomics and Proteomics Profiling of Arabidopsis thaliana Elucidates Novel Mechanisms Underlying Spaceflight Adaptation,"['mass spectrometry', 'RNA Sequencing (RNA-Seq)']",BRIC-LED,
OSD-522,FT-E2_S11_L001,Arabidopsis thaliana,flight,Col-0,,shoot,,LD_4:2,13.0,False,,Integrative Transcriptomics and Proteomics Profiling of Arabidopsis thaliana Elucidates Novel Mechanisms Underlying Spaceflight Adaptation,"['mass spectrometry', 'RNA Sequencing (RNA-Seq)']",BRIC-LED,
OSD-522,FT-F2_S12_L001,Arabidopsis thaliana,flight,Col-0,,shoot,,LD_4:2,13.0,False,,Integrative Transcriptomics and Proteomics Profiling of Arabidopsis thaliana Elucidates Novel Mechanisms Underlying Spaceflight Adaptation,"['mass spectrometry', 'RNA Sequencing (RNA-Seq)']",BRIC-LED,
OSD-678,Ground_control_Col-0_Dark_bio_rep1,Arabidopsis thaliana,ground_control,Col-0,Wild Type,leaf,Petri Dish,dark,11.0,False,,Light has a principal role in the Arabidopsis transcriptomic response to the spaceflight environment,RNA Sequencing (RNA-Seq),,
OSD-678,Ground_control_Ws_Light_bio_rep3,Arabidopsis thaliana,ground_control,Ws,Wild Type,leaf,Petri Dish,continuous_light,11.0,False,,Light has a principal role in the Arabidopsis transcriptomic response to the spaceflight environment,RNA Sequencing (RNA-Seq),,
OSD-678,Ground_control_Ws_Light_bio_rep2,Arabidopsis thaliana,ground_control,Ws,Wild Type,leaf,Petri Dish,continuous_light,11.0,False,,Light has a principal role in the Arabidopsis transcriptomic response to the spaceflight environment,RNA Sequencing (RNA-Seq),,
OSD-678,Ground_control_Ws_Light_bio_rep1,Arabidopsis thaliana,ground_control,Ws,Wild Type,leaf,Petri Dish,continuous_light,11.0,False,,Light has a principal role in the Arabidopsis transcriptomic response to the spaceflight environment,RNA Sequencing (RNA-Seq),,
OSD-678,Ground_control_phyD_Light_bio_rep3,Arabidopsis thaliana,ground_control,Col-0,phyD mutant,leaf,Petri Dish,continuous_light,11.0,False,,Light has a principal role in the Arabidopsis transcriptomic response to the spaceflight environment,RNA Sequencing (RNA-Seq),,
OSD-678,Ground_control_phyD_Light_bio_rep2,Arabidopsis thaliana,ground_control,Col-0,phyD mutant,leaf,Petri Dish,continuous_light,11.0,False,,Light has a principal role in the Arabidopsis transcriptomic response to the spaceflight environment,RNA Sequencing (RNA-Seq),,
OSD-678,Flight_Ws_Dark_bio_rep3,Arabidopsis thaliana,flight,Ws,Wild Type,leaf,Petri Dish,dark,11.0,False,,Light has a principal role in the Arabidopsis transcriptomic response to the spaceflight environment,RNA Sequencing (RNA-Seq),,
OSD-678,Flight_Ws_Dark_bio_rep2,Arabidopsis thaliana,flight,Ws,Wild Type,leaf,Petri Dish,dark,11.0,False,,Light has a principal role in the Arabidopsis transcriptomic response to the spaceflight environment,RNA Sequencing (RNA-Seq),,
OSD-678,Flight_Ws_Dark_bio_rep1,Arabidopsis thaliana,flight,Ws,Wild Type,leaf,Petri Dish,dark,11.0,False,,Light has a principal role in the Arabidopsis transcriptomic response to the spaceflight environment,RNA Sequencing (RNA-Seq),,
OSD-678,Flight_phyD_Dark_bio_rep3,Arabidopsis thaliana,flight,Col-0,phyD mutant,leaf,Petri Dish,dark,11.0,False,,Light has a principal role in the Arabidopsis transcriptomic response to the spaceflight environment,RNA Sequencing (RNA-Seq),,
OSD-678,Flight_phyD_Dark_bio_rep2,Arabidopsis thaliana,flight,Col-0,phyD mutant,leaf,Petri Dish,dark,11.0,False,,Light has a principal role in the Arabidopsis transcriptomic response to the spaceflight environment,RNA Sequencing (RNA-Seq),,
OSD-678,Flight_phyD_Dark_bio_rep1,Arabidopsis thaliana,flight,Col-0,phyD mutant,leaf,Petri Dish,dark,11.0,False,,Light has a principal role in the Arabidopsis transcriptomic response to the spaceflight environment,RNA Sequencing (RNA-Seq),,
OSD-678,Ground_control_phyD_Light_bio_rep1,Arabidopsis thaliana,ground_control,Col-0,phyD mutant,leaf,Petri Dish,continuous_light,11.0,False,,Light has a principal role in the Arabidopsis transcriptomic response to the spaceflight environment,RNA Sequencing (RNA-Seq),,
OSD-678,Flight_Col-0_Dark_bio_rep3,Arabidopsis thaliana,flight,Col-0,Wild Type,leaf,Petri Dish,dark,11.0,False,,Light has a principal role in the Arabidopsis transcriptomic response to the spaceflight environment,RNA Sequencing (RNA-Seq),,
OSD-678,Flight_Col-0_Dark_bio_rep2,Arabidopsis thaliana,flight,Col-0,Wild Type,leaf,Petri Dish,dark,11.0,False,,Light has a principal role in the Arabidopsis transcriptomic response to the spaceflight environment,RNA Sequencing (RNA-Seq),,
OSD-678,Flight_Col-0_Dark_bio_rep1,Arabidopsis thaliana,flight,Col-0,Wild Type,leaf,Petri Dish,dark,11.0,False,,Light has a principal role in the Arabidopsis transcriptomic response to the spaceflight environment,RNA Sequencing (RNA-Seq),,
OSD-678,Flight_Ws_Light_bio_rep3,Arabidopsis thaliana,flight,Ws,Wild Type,leaf,Petri Dish,continuous_light,11.0,False,,Light has a principal role in the Arabidopsis transcriptomic response to the spaceflight environment,RNA Sequencing (RNA-Seq),,
OSD-678,Flight_Ws_Light_bio_rep2,Arabidopsis thaliana,flight,Ws,Wild Type,leaf,Petri Dish,continuous_light,11.0,False,,Light has a principal role in the Arabidopsis transcriptomic response to the spaceflight environment,RNA Sequencing (RNA-Seq),,
OSD-678,Flight_Ws_Light_bio_rep1,Arabidopsis thaliana,flight,Ws,Wild Type,leaf,Petri Dish,continuous_light,11.0,False,,Light has a principal role in the Arabidopsis transcriptomic response to the spaceflight environment,RNA Sequencing (RNA-Seq),,
OSD-678,Flight_phyD_Light_bio_rep3,Arabidopsis thaliana,flight,Col-0,phyD mutant,leaf,Petri Dish,continuous_light,11.0,False,,Light has a principal role in the Arabidopsis transcriptomic response to the spaceflight environment,RNA Sequencing (RNA-Seq),,
OSD-678,Flight_phyD_Light_bio_rep2,Arabidopsis thaliana,flight,Col-0,phyD mutant,leaf,Petri Dish,continuous_light,11.0,False,,Light has a principal role in the Arabidopsis transcriptomic response to the spaceflight environment,RNA Sequencing (RNA-Seq),,
OSD-678,Flight_phyD_Light_bio_rep1,Arabidopsis thaliana,flight,Col-0,phyD mutant,leaf,Petri Dish,continuous_light,11.0,False,,Light has a principal role in the Arabidopsis transcriptomic response to the spaceflight environment,RNA Sequencing (RNA-Seq),,
OSD-678,Flight_Col-0_Light_bio_rep3,Arabidopsis thaliana,flight,Col-0,Wild Type,leaf,Petri Dish,continuous_light,11.0,False,,Light has a principal role in the Arabidopsis transcriptomic response to the spaceflight environment,RNA Sequencing (RNA-Seq),,
OSD-678,Ground_control_Col-0_Light_bio_rep3,Arabidopsis thaliana,ground_control,Col-0,Wild Type,leaf,Petri Dish,continuous_light,11.0,False,,Light has a principal role in the Arabidopsis transcriptomic response to the spaceflight environment,RNA Sequencing (RNA-Seq),,
OSD-678,Flight_Col-0_Light_bio_rep2,Arabidopsis thaliana,flight,Col-0,Wild Type,leaf,Petri Dish,continuous_light,11.0,False,,Light has a principal role in the Arabidopsis transcriptomic response to the spaceflight environment,RNA Sequencing (RNA-Seq),,
OSD-678,Flight_Col-0_Light_bio_rep1,Arabidopsis thaliana,flight,Col-0,Wild Type,leaf,Petri Dish,continuous_light,11.0,False,,Light has a principal role in the Arabidopsis transcriptomic response to the spaceflight environment,RNA Sequencing (RNA-Seq),,
OSD-678,Ground_control_Ws_Dark_bio_rep3,Arabidopsis thaliana,ground_control,Ws,Wild Type,leaf,Petri Dish,dark,11.0,False,,Light has a principal role in the Arabidopsis transcriptomic response to the spaceflight environment,RNA Sequencing (RNA-Seq),,
OSD-678,Ground_control_Ws_Dark_bio_rep2,Arabidopsis thaliana,ground_control,Ws,Wild Type,leaf,Petri Dish,dark,11.0,False,,Light has a principal role in the Arabidopsis transcriptomic response to the spaceflight environment,RNA Sequencing (RNA-Seq),,
OSD-678,Ground_control_Ws_Dark_bio_rep1,Arabidopsis thaliana,ground_control,Ws,Wild Type,leaf,Petri Dish,dark,11.0,False,,Light has a principal role in the Arabidopsis transcriptomic response to the spaceflight environment,RNA Sequencing (RNA-Seq),,
OSD-678,Ground_control_phyD_Dark_bio_rep3,Arabidopsis thaliana,ground_control,Col-0,phyD mutant,leaf,Petri Dish,dark,11.0,False,,Light has a principal role in the Arabidopsis transcriptomic response to the spaceflight environment,RNA Sequencing (RNA-Seq),,
OSD-678,Ground_control_phyD_Dark_bio_rep2,Arabidopsis thaliana,ground_control,Col-0,phyD mutant,leaf,Petri Dish,dark,11.0,False,,Light has a principal role in the Arabidopsis transcriptomic response to the spaceflight environment,RNA Sequencing (RNA-Seq),,
OSD-678,Ground_control_phyD_Dark_bio_rep1,Arabidopsis thaliana,ground_control,Col-0,phyD mutant,leaf,Petri Dish,dark,11.0,False,,Light has a principal role in the Arabidopsis transcriptomic response to the spaceflight environment,RNA Sequencing (RNA-Seq),,
OSD-678,Ground_control_Col-0_Dark_bio_rep3,Arabidopsis thaliana,ground_control,Col-0,Wild Type,leaf,Petri Dish,dark,11.0,False,,Light has a principal role in the Arabidopsis transcriptomic response to the spaceflight environment,RNA Sequencing (RNA-Seq),,
OSD-678,Ground_control_Col-0_Dark_bio_rep2,Arabidopsis thaliana,ground_control,Col-0,Wild Type,leaf,Petri Dish,dark,11.0,False,,Light has a principal role in the Arabidopsis transcriptomic response to the spaceflight environment,RNA Sequencing (RNA-Seq),,
OSD-678,Ground_control_Col-0_Light_bio_rep2,Arabidopsis thaliana,ground_control,Col-0,Wild Type,leaf,Petri Dish,continuous_light,11.0,False,,Light has a principal role in the Arabidopsis transcriptomic response to the spaceflight environment,RNA Sequencing (RNA-Seq),,
OSD-678,Ground_control_Col-0_Light_bio_rep1,Arabidopsis thaliana,ground_control,Col-0,Wild Type,leaf,Petri Dish,continuous_light,11.0,False,,Light has a principal role in the Arabidopsis transcriptomic response to the spaceflight environment,RNA Sequencing (RNA-Seq),,
